经度,纬度,绿视度,天空开阔度,复杂度,围合感,人行通畅度,车辆通畅度,通畅度,avg_more beautiful,avg_more boring,avg_more depressing,avg_livelier,avg_safer,avg_wealthier
113.7602407,22.70400934,0.023474935,0.484949544,1.762755486,0.140462227,1,0.929729786,0.929729786,4.288317382,5.52279079,6.353072643,5.193262815,4.789502621,5.986463666
113.7611749,22.70426843,0.011865234,0.487666016,1.94977388,0.194510701,0.735091361,0.864995518,0.657413361,4.13876605,4.698325038,6.537696719,5.123704195,5.288419604,6.417220116
113.7612151,22.70402309,0.005177409,0.482301432,1.772111557,0.115598289,0.993878906,0.960171093,0.956721828,4.479356945,5.042329907,6.325358629,4.570365369,4.995527625,5.998184323
113.7621492,22.7042859,0.006370443,0.444042969,1.975278272,0.194480817,0.611960866,0.847654625,0.563803022,3.345433205,5.847999454,6.28896451,4.101372123,4.854817033,4.419196963
113.7621895,22.70403658,0.021671549,0.446328125,1.923894055,0.196318813,0.741045162,0.928258489,0.678989231,4.870584011,5.318866134,6.395638704,5.077797353,4.89776814,5.710630536
113.7630987,22.71208097,0.042856445,0.420587565,1.980971254,0.036508971,0.738738545,0.720620811,0.585439986,3.58784616,6.250133514,6.503604054,3.736519694,3.746195674,3.62607336
113.7631231,22.70431463,0.014990234,0.113657227,2.064636944,0.423732608,0.873267371,0.818012446,0.780787882,4.538009524,5.403418899,6.170115232,4.745265901,5.203963518,4.024495184
113.7631633,22.70406947,0.027203776,0.11078125,1.97277335,0.470731711,0.999744434,0.896365053,0.896109487,3.901593447,5.086335897,6.351070642,3.517445385,5.096351564,4.452773452
113.7635046,22.71258359,0.042864583,0.420603841,1.981031796,0.036519527,0.739913357,0.720628374,0.585447549,3.580495,6.248057127,6.485411167,3.754729331,3.740492821,3.620260656
113.7641251,22.7042186,0.060437826,0.411289063,2.243665446,0.168249623,0.990771447,0.776715185,0.776715185,4.135326266,4.687160611,6.383489728,3.739340186,4.951525152,6.338876843
113.7642333,22.71257015,0.063728841,0.379947917,2.212760094,0.075325541,0.735237653,0.453210595,0.424170786,2.834965676,5.07989347,6.564782381,4.50515914,4.760105431,4.674181461
113.7643142,22.70722015,0.059996745,0.412652995,2.120634237,0.075982559,0.903393451,0.632749063,0.622926173,4.579921544,5.120005965,5.206038415,4.509857059,5.010661602,4.788479209
113.7644679,22.7127197,0.212620443,0.261259766,2.360827337,0.056829639,0.966319882,0.424505229,0.424505229,3.089097887,5.475593328,6.834651113,3.96019119,4.732550263,5.20414722
113.7646332,22.70877544,0.058308919,0.183282878,2.213833518,0.372720464,0.909157606,0.882536908,0.804540902,4.484015584,4.737551153,4.753682613,3.849232852,4.024996936,5.283526182
113.7646367,22.70630249,0.104804688,0.265613607,2.425039225,0.404777261,0.985558176,0.844063238,0.844063238,4.51832974,4.70444268,5.264037132,4.174251616,4.786052704,5.468578339
113.764684,22.70456137,0.056819661,0.442138672,2.079462226,0.270901214,0.627030219,0.896360941,0.626066316,2.298067957,6.313773751,5.934346557,3.618389785,6.285988092,4.903833389
113.7646871,22.70685856,0.142639974,0.28781901,2.679625994,0.275530728,0.982235759,0.771111102,0.771111102,4.12352097,5.552691579,5.430839419,5.008704662,5.685138345,5.972018957
113.7647064,22.70356413,0.22879069,0.142218424,2.487237357,0.236627985,0.996573753,0.81456283,0.81456283,4.791586339,5.584479928,4.76680553,4.381200731,5.968845367,5.779134393
113.7647245,22.70491525,0.072145182,0.451459961,2.050067443,0.238405155,0.847558451,0.903252023,0.785589548,2.673001021,6.449794292,6.257837772,3.569131196,6.013151407,4.803527892
113.7647324,22.70782058,0.084695638,0.36034668,2.25007107,0.163866163,0.991717807,0.896376923,0.896376923,4.389488578,4.102167368,4.800997257,4.663604021,5.427719116,5.364553452
113.7647488,22.70579357,0.072879232,0.406329753,2.14899068,0.155120389,0.731068811,0.876826665,0.627549801,2.475609183,6.498650551,5.825955629,3.700588763,5.393174291,5.808708787
113.7647754,22.70394211,0.062836914,0.428894857,2.084980499,0.23078733,0.761168093,0.934255095,0.734075532,3.271877229,6.518736601,6.730389595,3.583759069,5.835445642,5.296007395
113.764781,22.70259287,0.281315104,0.197389323,2.281630166,0.22117049,0.99892061,0.864634028,0.864634028,3.214336067,5.882948637,5.500415802,3.775511086,4.706959963,4.545834482
113.7648012,22.7048205,0.058349609,0.421967773,2.118080109,0.253649594,0.977475919,0.70328203,0.70328203,2.881835818,6.798193574,6.486837149,3.587344289,5.844072819,4.99132216
113.7648273,22.70296902,0.196585286,0.195623372,2.404643472,0.262441509,0.99829175,0.886216207,0.886216207,3.334796399,5.708699226,5.835377395,3.369371593,4.313341677,5.432726502
113.7648536,22.70384744,0.067405599,0.449601237,2.087405634,0.225821539,0.777963923,0.902089119,0.715876355,3.581099212,6.358220339,6.225660682,3.755761743,5.796341538,5.321160316
113.7649052,22.70287435,0.147076823,0.378027344,2.133761403,0.155986343,1,0.915705714,0.915705714,2.052109122,5.762652397,5.430380702,3.858182907,5.621199727,5.500685453
113.7649564,22.70351511,0.150211589,0.180703125,2.544180064,0.337594216,0.974327962,0.837870828,0.817818895,4.471961081,4.816759348,5.177682817,4.710761964,5.626916409,4.524549484
113.7650212,22.7020184,0.204171549,0.302613932,2.351792175,0.07204599,0.987844898,0.87514015,0.87514015,3.806557834,5.465117395,5.630184889,4.41852951,4.724126518,5.90424335
113.7650346,22.70254453,0.070424805,0.344036458,2.334783495,0.408037238,0.996442365,0.848671075,0.848671075,2.265402436,5.885191083,6.275812149,3.435841143,3.628891706,3.745643556
113.7650929,22.70442338,0.043479818,0.344672852,2.242301755,0.209336589,0.948089409,0.877272752,0.834617031,4.606100976,4.590768099,6.186765552,4.040743411,5.802671075,6.064217687
113.7651234,22.70169421,0.108046875,0.275532227,2.156948556,0.217135435,0.999498998,0.903746083,0.903746083,4.860705793,3.857464314,5.106499076,4.382353783,5.251328588,6.177445531
113.7652014,22.71268142,0.211214193,0.234208984,2.181962498,0.117123211,0.999736008,0.210678786,0.210678786,4.067449987,5.32369101,6.026452899,3.59694308,4.728918791,4.623886764
113.765229,22.70432196,0.083522135,0.343867188,2.251919844,0.170428937,0.855573605,0.897368705,0.827866114,5.161370397,5.11113143,4.986180067,4.715093672,6.106152773,6.324759364
113.765436,22.71283092,0.223792318,0.206070964,2.308627389,0.052888573,0.921713794,0.210865392,0.210865392,3.744861722,5.218644023,6.472640395,3.791043937,5.030217052,4.579961121
113.7655393,22.70476743,0.08565918,0.343948568,2.323497197,0.180121846,0.976125736,0.943830503,0.931304975,4.01456809,5.636856377,5.862950921,4.708977461,4.94502914,5.120080352
113.7656027,22.70067319,0.025037435,0.372848307,2.286266971,0.470840778,0.924598783,0.848881944,0.774625002,2.31425947,5.297188163,5.316345096,4.042402208,5.229738712,5.20444715
113.765642,22.70076485,0.031136068,0.399946289,2.245907441,0.275317617,0.889420252,0.863604037,0.843498474,1.477624118,5.828533888,5.44397068,4.111095488,5.458200336,6.145990849
113.765655,22.70463098,0.065794271,0.363334961,2.245535926,0.162499625,0.988539987,0.952175439,0.952175439,4.122329473,5.495599151,5.324652195,4.14517504,5.425295472,5.847903013
113.7657519,22.7044049,0.068051758,0.316676432,2.341487227,0.260157484,0.752952337,0.957618257,0.743981481,4.681996465,5.096191883,5.16150558,4.804198921,6.048781037,6.33658731
113.7660513,22.70459543,0.064458008,0.334238281,2.441415727,0.227139793,0.905411023,0.929540304,0.858637901,3.142999619,5.728405595,5.670987606,3.930706143,5.119975686,5.165716648
113.7661607,22.69991567,0.103585612,0.299417318,2.536912758,0.171353773,0.810714185,0.807336177,0.723133064,4.973568201,4.71945858,5.743106127,5.433716178,5.360003591,6.467454433
113.7661695,22.7127927,0.276183268,0.206476237,2.470533757,0.050112267,0.859171319,0.632241462,0.632241462,2.944605827,5.323564708,6.230045676,4.333299756,5.536315322,4.97415781
113.7661786,22.6999895,0.181106771,0.308282878,2.336461441,0.152335859,0.939634146,0.672534115,0.672534115,3.371620506,5.342753291,6.470291018,5.10344553,5.652073741,5.469569445
113.7662108,22.6977752,0.087978516,0.33410319,2.428813926,0.123113861,0.985878198,0.87953345,0.872357467,5.120992959,4.671420515,5.41821897,4.600608945,5.398899317,6.471005201
113.7662642,22.69680974,0.158173828,0.339902344,2.329484142,0.074689861,0.904792534,0.909545996,0.830347778,4.647079289,4.318667948,4.918443382,5.884902716,5.686837554,6.097707629
113.7662829,22.69583918,0.098387044,0.418530273,2.204135848,0.142674888,0.985505942,0.919266436,0.919266436,3.220426321,6.876037836,5.548268914,4.040730953,5.288981438,5.186368704
113.7663245,22.69787357,0.119731445,0.323909505,2.445706363,0.242997011,0.963194,0.762074085,0.756183681,3.967216313,5.157857776,6.084176779,4.31764853,5.474669456,6.262238979
113.7663383,22.69691243,0.119547526,0.350794271,2.496341176,0.11222054,0.819973411,0.561496647,0.561496647,3.536396831,4.951059043,5.858300865,4.884425163,5.192975044,5.641237378
113.7663661,22.6959413,0.081274414,0.407688802,2.250177276,0.132806906,0.994052727,0.94616394,0.943419019,4.153346419,5.7179178,6.082334042,3.971249521,4.326902092,5.306149125
113.7664034,22.71294835,0.246860352,0.218873698,2.336671095,0.037165959,1,0.567715674,0.567715674,3.242681682,5.355939507,6.096991062,4.010105431,5.632489681,4.932051778
113.7665045,22.70489745,0.022527669,0.202454427,1.545181207,0.613716064,0.942085738,0.906708518,0.891099355,3.54469502,5.991515398,6.395177722,3.80099535,5.204348207,5.047114015
113.7665475,22.69490291,0.132120768,0.372008464,2.237704701,0.143843837,0.798852709,0.903375657,0.719554011,3.887883663,6.353938222,5.835748315,3.616668284,5.296915054,5.04918921
113.7666236,22.69500577,0.07988444,0.403955078,2.101375588,0.182407762,0.687899839,0.886656334,0.619569621,3.171662509,6.11329484,6.52633512,3.923250794,4.51967591,5.54009819
113.7667184,22.70452882,0.076248372,0.199951172,2.176846259,0.50859173,0.972879237,0.707884254,0.689529519,4.294415176,5.527109504,5.091029882,4.313323379,5.366690993,5.74034059
113.766831,22.69849549,0.132631836,0.168167318,2.245951366,0.236390975,0.88191545,0.874792504,0.767903327,4.624879539,4.6368801,4.499333739,4.728027701,5.36722827,5.778984547
113.7668938,22.69399206,0.062902018,0.359348958,2.354611239,0.243882402,1,0.893334612,0.893334612,3.161515594,5.675143242,5.447134256,4.056281149,5.035462976,5.445807576
113.7669256,22.69944358,0.134060872,0.065646159,2.357533695,0.366347326,0.999823297,0.905091668,0.905091668,4.365341842,5.442893624,4.915779114,4.827028334,5.793787956,5.776991487
113.7669699,22.69409493,0.076033529,0.402910156,2.259674495,0.152234667,1,0.875997658,0.875997658,4.575787663,5.68810904,5.301980853,4.266827762,5.182767987,6.216297746
113.7669757,22.69857881,0.166907552,0.197721354,2.47091362,0.227016393,0.872406412,0.853969773,0.780287437,4.937295437,4.205835223,5.808179379,5.199657917,5.361112356,6.341438055
113.7669851,22.69954487,0.21358724,0.199256185,2.445654974,0.262925509,0.924769874,0.85936025,0.80621136,4.026812255,4.403811872,6.057769656,5.036383986,5.534729004,5.36110723
113.7671376,22.71290397,0.077159831,0.404090169,2.116833206,0.140948735,0.905116757,0.876849033,0.857400005,4.399892449,4.977241874,5.937163234,4.381121159,3.888472199,6.235774159
113.7672308,22.69307784,0.051285807,0.427197266,2.248583877,0.176494078,0.971513449,0.877855517,0.877218622,4.407677352,4.313153327,5.062772036,3.888005793,4.454810977,5.932494998
113.7673214,22.69318604,0.046762695,0.426995443,2.219738017,0.185202331,0.946567195,0.872987213,0.845674279,4.749776363,4.663109958,5.84313333,3.785978258,5.079824924,5.711379766
113.7673708,22.71306579,0.044464518,0.452011719,2.017691181,0.119253799,0.974853195,0.938380772,0.929896492,4.013783753,5.271942616,6.281608462,4.774095058,4.646399379,5.075611889
113.7675906,22.69217278,0.073125,0.360068359,2.440493585,0.200055183,1,0.753019365,0.753019365,3.840583086,5.520413756,4.868449211,4.274298728,5.272682786,4.73746258
113.7676591,22.69227342,0.099908854,0.388142904,2.236996007,0.125758104,0.902257269,0.89850957,0.84413652,3.419695258,4.813905835,5.930513382,3.435797334,4.492840171,5.277236581
113.7676849,22.70465352,0.123183594,0.077955729,1.966442119,0.598786762,0.872050385,0.768443445,0.715192878,3.682401836,5.304800868,5.237483501,5.085034728,5.012651324,5.086088419
113.7680218,22.6912989,0.06511556,0.322314453,2.407922387,0.265479555,0.655961174,0.659321127,0.418783706,4.051488221,5.111085355,5.920068741,4.240759254,4.265033484,5.065224409
113.7681042,22.71302731,0.045203451,0.438401693,1.989071228,0.084534151,0.944479627,0.869556195,0.857375122,4.103530824,4.917844236,5.630728483,4.113919318,3.89058727,5.793250203
113.7683348,22.71320712,0.052018229,0.422361654,2.015642653,0.157529885,0.917146232,0.904861839,0.864169374,3.60933423,5.332209826,6.281741023,4.046981514,4.340922534,4.715621352
113.7685105,22.69134279,0.081503906,0.164998372,2.341195179,0.474496027,0.941271102,0.794270094,0.794270094,3.672067404,4.49199003,6.205518484,4.244461,4.321037531,5.102924228
113.7686513,22.70477922,0.041417643,0.00254069,1.930204575,0.654404253,0.99918296,0.725014997,0.725014997,3.359679699,4.427704692,6.954963803,4.208808064,5.812628508,5.44419992
113.7689137,22.69112992,0.096790365,0.09343099,2.316169149,0.553433531,0.998181582,0.84427863,0.84427863,4.448721886,4.410669804,5.459199965,4.452902198,4.878226042,5.264587402
113.7690704,22.71315408,0.190703125,0.251219076,2.450396018,0.15052679,1,0.839033239,0.839033239,4.564316511,4.694005489,4.886142373,4.04503423,5.051804066,5.878881812
113.7692976,22.71335716,0.184759115,0.307293294,2.314750091,0.103672674,0.851422006,0.850396664,0.740871578,3.837650239,6.321444988,5.830021977,3.894891441,5.094418406,4.468240499
113.7694509,22.69159834,0.044339193,0.216652018,2.15763209,0.402180754,0.992791394,0.871210226,0.871210226,4.28863126,3.937472463,5.658014297,4.02396208,4.265010417,5.897828817
113.7696167,22.70491161,0.090172526,0.107825521,1.838039789,0.638587408,0.978333333,0.560494436,0.560494436,3.860750556,5.936514854,5.376692891,4.153371096,4.924804628,5.183901191
113.7698388,22.69143232,0.031110026,0.296818034,1.942732499,0.327531355,0.982650856,0.702669951,0.699030706,4.325799286,4.863390923,5.97740221,3.942799151,4.221888721,5.308066547
113.7700431,22.7131871,0.187530924,0.305413411,2.349720234,0.10338335,0.941615596,0.868983828,0.833100131,4.43089658,4.52634728,6.34841764,4.217532873,5.270060897,6.406841993
113.7702701,22.71337874,0.170664063,0.307856445,2.534145313,0.12981893,0.991636698,0.790466881,0.790466881,4.307571113,5.108964503,5.81562686,4.257438242,4.556990623,4.584773064
113.7703982,22.69181238,0.02188151,0.426744792,2.032911224,0.131009131,0.953744919,0.841940247,0.841940247,3.984251797,4.704540074,4.948466837,4.23209852,5.035130262,5.526053786
113.7705821,22.70504398,0.114342448,0.057592773,1.596366507,0.646847051,0.997757185,0.458453321,0.458453321,4.204885125,5.380578756,5.479553819,4.159687281,4.686860919,5.08521831
113.7706818,22.7353275,0.369438477,0.228194987,2.300365583,0.07328035,0.987247185,0.686769698,0.686769698,5.447343946,5.052877307,4.948281407,5.339531422,5.380084038,4.854762197
113.770748,22.69178241,0.024777018,0.278059896,1.966105668,0.152483581,0.899023708,0.600361209,0.59356169,5.257000923,4.842764139,4.879716635,4.951970577,5.247043371,6.204081178
113.7707554,22.73435581,0.37184082,0.176813151,2.336649092,0.087395633,0.975801536,0.904796197,0.904796197,5.757187009,4.678443432,4.278826892,4.631485343,5.420195222,5.443053126
113.7707838,22.71264374,0.075581055,0.399305013,2.19916435,0.080004207,0.979036949,0.766973208,0.766973208,4.801320195,5.017991662,5.726966023,5.432276368,4.83352983,5.992806792
113.770798,22.73525673,0.320621745,0.270538737,2.320404126,0.129039563,0.971949509,0.862782132,0.862782132,5.514611602,5.463991225,4.482828259,4.679788709,5.115493059,5.440183282
113.770865,22.73340167,0.209746094,0.30152181,2.244970621,0.050629485,0.976319819,0.846541928,0.846541928,4.631006002,5.350132585,4.402078629,4.864415109,5.444556236,5.824207425
113.7708784,22.73428558,0.337888997,0.185913086,2.408730505,0.132221295,0.790329022,0.83645692,0.660622201,5.163036227,4.522209764,4.630203128,4.566495776,5.071921349,5.559607267
113.7708927,22.73632849,0.313533529,0.201738281,2.421103378,0.069490288,0.973386044,0.809190644,0.809190644,5.781131625,4.248912096,4.313122809,5.199785531,4.944431782,5.954123735
113.7709265,22.69040618,0.000677083,0.105613607,1.798950487,0.323504821,0.723904098,0.648358616,0.544107278,3.629182816,6.835067749,6.853754759,4.419470072,5.502252698,5.237441897
113.7710118,22.7130953,0.117195638,0.352986654,2.307507644,0.088119886,0.979193474,0.776903089,0.776903089,4.656731009,4.212039769,5.074446201,4.734699845,5.952667832,5.74759531
113.7710306,22.69086194,0.000340169,0.232657878,1.831083354,0.285295156,0.84625707,0.760366264,0.693216254,3.560685873,5.847197175,7.077611089,4.343586445,5.221574664,6.091046095
113.7710905,22.68519305,0.306123047,0.177280273,2.492464551,0.275297912,0.999745755,0.32477338,0.32477338,5.2784639,5.536061049,4.53284204,5.085348845,4.377522111,4.615504682
113.7711568,22.68891715,0.128714193,0.157916667,2.655717844,0.325853465,0.900539966,0.766680555,0.735372129,4.470634997,4.188466489,5.681372762,4.895047128,6.65651238,6.353524208
113.7711818,22.70951758,0.078055013,0.245644531,2.243371984,0.300876898,0.858017817,0.743771494,0.717566052,3.622958839,4.821602225,6.282160997,3.902433932,4.411826134,5.474210024
113.7712351,22.71325328,0.125125326,0.326328125,2.361175262,0.113488816,0.795199677,0.729809969,0.572407682,4.89862752,4.839864373,6.196558237,4.64589709,5.134758592,4.971130371
113.7712362,22.70975552,0.036689453,0.291495768,2.42943947,0.306457853,0.682489152,0.755975697,0.581951047,3.920177162,4.988759637,6.246706843,4.008880436,4.407721877,5.002756715
113.7712547,22.68940158,0.178098958,0.156726888,2.522073787,0.269628785,0.880898951,0.85906562,0.770544039,5.622360706,4.661501586,4.484689593,5.113252044,5.746574759,6.789384365
113.771287,22.69220727,0.059674479,0.385128581,2.299216716,0.141284624,0.991351421,0.780672934,0.780672934,4.667797148,4.158133984,5.123047948,5.719383359,5.249925494,5.878927231
113.7713094,22.68795469,0.248388672,0.152452799,2.537239368,0.203440409,0.91092294,0.840615245,0.824078317,4.996191263,4.315062523,5.147315562,5.237041593,6.018646002,6.507687092
113.7713324,22.70855482,0.035345052,0.20933431,2.191234759,0.371098194,0.971551268,0.833397603,0.833397603,4.032483757,4.385856688,5.427158952,4.102581739,5.108856082,5.186949134
113.771387,22.70879278,0.088566081,0.113992513,2.245315034,0.420759734,0.99375,0.756298177,0.756298177,4.085041285,4.899078608,5.373222828,3.975799441,5.014515162,5.324353218
113.7714018,22.68843827,0.17629069,0.116230469,2.517767216,0.309813235,0.994813677,0.773902109,0.773902109,5.238632202,4.646380067,5.212754726,5.096827745,5.62632513,6.220286727
113.771462,22.68699223,0.158185221,0.267263997,2.455849416,0.161992066,0.978676284,0.811654276,0.811654276,4.600223184,4.351281226,5.16189152,4.261104167,5.104610324,5.613588572
113.7714831,22.70759206,0.025078125,0.195478516,2.320980973,0.366974998,0.986402728,0.663652579,0.663652579,3.677455425,4.74381119,5.862940073,3.801929057,4.828598976,4.340416908
113.7715378,22.70783004,0.008061523,0.165874023,2.010985641,0.409235,1,0.33921593,0.33921593,4.008659065,4.580714464,5.880607486,3.300233841,4.653791904,4.443668246
113.7715489,22.68747496,0.085047201,0.173136393,2.437376652,0.294093807,0.871439003,0.82064915,0.762972989,4.542705715,4.306172073,4.973928452,5.246343017,5.690588355,6.094103932
113.7715978,22.70662528,0.03351888,0.278590495,2.254088697,0.347146167,0.953880722,0.943360833,0.932600076,3.581460416,4.508738935,5.143748522,4.188598216,5.533502817,5.704909444
113.7716175,22.69221963,0.162111003,0.234186198,2.585780296,0.187194117,0.980213568,0.786219266,0.786219266,5.365021229,4.514091432,4.471944094,4.59452194,5.598472238,6.309089541
113.7716886,22.7068673,0.040685221,0.237332357,2.434059781,0.37606506,0.925346158,0.708979965,0.677060746,3.305489659,4.18894732,5.584395766,3.917241573,5.360536575,4.637776375
113.7716945,22.73633089,0.208071289,0.31133138,2.357929913,0.086198554,0.99011913,0.638111582,0.638111582,5.480759621,4.155318081,4.216391861,4.88039732,5.817643762,6.468600392
113.7717049,22.68651322,0.043385417,0.333183594,2.247687714,0.164352433,0.780339868,0.825205495,0.697943866,4.514993072,4.815631509,4.784590125,5.677337527,5.444207788,5.442965984
113.7717285,22.70548267,0.011845703,0.350851237,2.325185572,0.211808556,0.691094939,0.679082789,0.62003172,3.969883442,4.412323415,5.677441597,5.07494688,5.342401743,6.284927368
113.7717396,22.70566128,0.012107747,0.296315104,2.19305859,0.299833227,0.939895678,0.867679474,0.866982995,3.593770087,4.767259598,5.40060544,4.787957788,5.682483554,6.291422129
113.7718394,22.70590457,0.004174805,0.333432617,2.539698646,0.304221267,0.802323071,0.576535855,0.574357288,3.667051613,4.94930625,6.534206271,4.071451008,5.079127669,5.34432292
113.7718624,22.70469467,0.043395182,0.331165365,2.279196285,0.286950575,0.93407318,0.918835077,0.872312563,4.23531884,4.417655289,4.912125349,4.384770453,5.246181905,5.817629218
113.77186,22.7364466,0.2278125,0.256254883,2.508204977,0.123725969,0.982157462,0.674018427,0.674018427,4.956899762,5.027732849,4.456988931,5.618093729,6.100976229,6.314760089
113.7718811,22.70532506,0.020058594,0.342770182,2.118157767,0.22298724,0.675653366,0.81214032,0.664070782,3.964372635,4.906863451,6.038574338,4.997041762,4.850226104,5.516663671
113.7719319,22.68542837,0.231977539,0.200415039,2.527267142,0.164264299,0.971471626,0.835524308,0.835524308,5.46035552,4.622273445,4.748628378,5.663038254,5.765075445,5.925554752
113.7719499,22.71285338,0.193792318,0.295812174,2.345740722,0.04733342,0.972087379,0.755080087,0.755080087,4.448812842,5.765452862,5.606322169,4.375004709,4.440389931,5.51442802
113.7719619,22.68344976,0.479124349,0.032708333,2.164819472,0.100472958,1,0.591926339,0.591926339,4.875688314,5.560026526,5.082052708,3.791081786,3.680800617,4.673412681
113.7719808,22.70494045,0.02019694,0.312602539,2.136495124,0.295673452,0.957323261,0.941097184,0.937314237,4.365554929,4.56331259,5.950592756,4.484387279,5.098259091,5.796108484
113.7720224,22.68560208,0.19862793,0.216702474,2.50945979,0.133551714,0.880434545,0.766968816,0.723660719,5.067692518,3.853172421,4.105277836,6.009171844,5.481641054,6.358478665
113.7720695,22.70374409,0.171689453,0.165203451,2.388940902,0.333681079,0.99358557,0.92024063,0.92024063,4.635258615,4.943538249,4.940257311,4.544310033,6.202559114,5.460127831
113.7721152,22.69272037,0.12988444,0.254073893,2.338709886,0.187485471,0.997136967,0.901844551,0.901844551,5.008966804,4.553670466,4.366114795,5.285943031,4.576263666,5.515662074
113.7721394,22.70397912,0.078776042,0.29386556,2.538073995,0.333399428,0.955962808,0.844932908,0.835361679,4.41988343,5.325411558,6.218636155,4.475415826,5.069763303,5.915516496
113.772163,22.71295932,0.185589193,0.314134115,2.372023707,0.081353978,0.821615271,0.836350209,0.695985817,4.577236891,5.375957489,5.733856678,5.227271438,5.010034323,5.836907744
113.7722139,22.70278037,0.003810221,0.35961263,2.266013822,0.396789592,0.984319679,0.903523979,0.900630873,4.600286603,3.700193286,5.153375268,4.100620568,5.514086127,5.278414845
113.7722882,22.68452138,0.289916992,0.187902018,2.513364435,0.129767023,0.994860552,0.793599428,0.793599428,6.104897499,4.009891689,4.177248895,5.69754982,5.966547132,6.031679273
113.7722897,22.70301631,0.012680664,0.328365885,2.240778332,0.454686409,0.969019396,0.929145484,0.906993855,3.942050219,5.61450851,6.252168536,3.502513975,3.563258946,5.199159026
113.7723583,22.70181665,0.157828776,0.175812174,2.287887584,0.339076642,0.904944256,0.969490625,0.87666488,4.174323678,5.03845787,4.967120409,4.798477054,6.173925996,5.66449213
113.7723948,22.68470158,0.207014974,0.226051432,2.581586788,0.15613866,0.993298388,0.780227186,0.780227186,5.469884574,4.488612473,4.620572686,6.273942709,5.536422729,6.395669699
113.7724351,22.69274931,0.09655599,0.333772786,2.448879886,0.142231037,0.984549653,0.727479715,0.727479715,4.961928964,4.551246166,4.915207148,3.860839427,4.901827812,5.701134205
113.77244,22.70205349,0.052552083,0.297239583,2.442480221,0.359085386,0.988883745,0.826543602,0.826543602,4.391408682,5.084252179,6.576348662,4.058773279,4.631899893,5.390714765
113.772453,22.70084845,0.010384115,0.258487956,2.106473144,0.383850109,0.978973133,0.87479531,0.87479531,3.753439069,4.910722017,6.090154052,4.133847177,5.687790036,5.181306958
113.7724904,22.70990275,0.138811849,0.079570313,2.229850956,0.351325008,0.953008273,0.718610319,0.711725072,3.696152806,4.724301636,5.549298048,4.925219536,5.144107163,5.70966208
113.7725463,22.68658855,0.178077799,0.253076172,2.508020205,0.077870179,0.855458889,0.685127538,0.685127538,5.526789665,3.822986364,4.913043439,5.103502274,5.148040652,5.607547402
113.772575,22.70108912,0.019230143,0.300691732,2.399703596,0.392779173,0.944753574,0.875934323,0.875934323,3.734906077,5.642676353,6.382194281,4.40858531,3.509258807,4.893901348
113.7725995,22.69988506,0.021875,0.327464193,2.180462004,0.367941464,0.89000856,0.937956625,0.877929322,3.877250969,5.116461396,5.393711686,4.228677809,6.078702092,5.942836881
113.7726445,22.68361439,0.222900391,0.22581543,2.557587705,0.136701409,0.968791434,0.825348632,0.825348632,6.026835084,4.366670132,4.27102226,5.541818261,5.917218804,6.511384726
113.772647,22.68675796,0.245629883,0.144404297,2.33539904,0.211418462,0.655754823,0.849640276,0.567045472,5.66868031,3.890007257,4.149945319,4.746369779,6.049213529,6.484629989
113.772662,22.73644788,0.215379232,0.302517904,2.433489012,0.064766102,0.834096613,0.858263413,0.715189654,5.581538081,4.062889755,3.863811553,4.659171164,5.842337012,6.238579631
113.7726991,22.70555753,0.036285807,0.182906901,2.447537507,0.407697073,0.951604992,0.867824415,0.861437189,4.108195364,5.134254932,6.362691283,4.249650121,5.338502645,6.024743319
113.7727029,22.70012371,0.009602865,0.237314453,2.289272573,0.415078932,0.980516941,0.890881316,0.879956331,5.004676402,3.798476517,5.000503659,4.483375669,5.841916323,5.624267101
113.7727402,22.70038034,0.029796549,0.30112793,2.32345669,0.276817369,0.866746744,0.856223579,0.771713771,5.018067956,4.316294134,5.218723655,5.31014514,6.558569312,6.091840148
113.7727615,22.68379874,0.231201172,0.275011393,2.38801399,0.096752217,0.771658819,0.84711444,0.66763301,5.268600941,4.383896232,4.502569795,5.760332584,5.398795962,6.412279367
113.7727632,22.70023233,0.021875,0.301578776,2.358952965,0.338309571,0.934155258,0.83885029,0.83885029,4.568704545,4.507683337,5.063522816,4.889002562,6.223053813,5.910412669
113.7727982,22.69893279,0.071609701,0.30917806,2.441229849,0.328758363,0.976480811,0.952144998,0.939483012,4.084152758,4.737252533,4.781014204,4.352022946,5.671618342,6.492684841
113.7728273,22.73656471,0.282491862,0.244036458,2.369032281,0.226623177,0.975624259,0.810427122,0.808373212,4.717538118,4.467643976,5.457454443,4.402898729,4.677730441,6.264529943
113.7728514,22.70537115,0.020507813,0.319308268,2.178425997,0.336937484,0.854125038,0.865975128,0.788322137,3.811982095,5.427995324,6.279352188,4.603742063,5.274663448,6.590815902
113.7728523,22.69916111,0.022151693,0.188172201,2.302469756,0.434986548,0.934196229,0.854785167,0.854785167,4.357037544,4.166666448,5.075986743,4.540597022,6.035919428,5.591133237
113.7728582,22.71250037,0.079711914,0.376513672,2.304917216,0.116298303,0.98268741,0.78383835,0.78383835,4.42247963,4.760282278,5.21372962,4.945162892,4.15649569,5.681800485
113.7728655,22.6933391,0.130515951,0.318836263,2.415273157,0.119003854,0.97197691,0.770832905,0.770832905,4.328668356,4.674080491,4.050062954,5.424120724,5.38056159,6.009468079
113.7729545,22.69797151,0.044773763,0.234072266,2.294052958,0.399708232,0.998052526,0.908541829,0.908541829,4.000715435,3.733720124,5.264774263,3.822040677,5.425946474,4.779686272
113.7730275,22.69820368,0.034278971,0.270968424,2.388462755,0.390152459,0.902654239,0.879297762,0.80662111,5.435227156,4.295782447,5.35835743,4.859327376,5.734293938,5.908653736
113.7730741,22.71261357,0.084226888,0.406123047,2.152323855,0.076309067,0.940701519,0.806276499,0.776200726,4.613229752,5.576836348,5.986408472,4.921645939,3.794584453,5.102316141
113.7730772,22.69700568,0.078089193,0.341609701,2.439159826,0.2477384,0.977924173,0.824932272,0.824932272,5.18986249,5.047852278,4.886034787,5.205498695,5.683568835,5.973521471
113.7731421,22.69341801,0.179469401,0.288691406,2.255849158,0.113723249,0.885978228,0.75751676,0.704919223,5.135887146,4.451075912,4.36560595,4.778895617,4.904227853,6.456696749
113.7731703,22.69723987,0.077589518,0.33027832,2.550769005,0.269755186,0.733790873,0.712927389,0.649246199,4.302646756,4.862906873,5.34836185,5.350318909,4.94044745,6.213952899
113.7731705,22.68150161,0.22492513,0.306137695,2.388642159,0.072111035,0.984810322,0.844623197,0.844623197,4.345656753,5.540735722,5.717430353,3.876938999,4.578854561,4.75847882
113.7731981,22.69603973,0.062960612,0.276083984,2.179445382,0.311068159,0.945491881,0.902783489,0.902783489,4.551192462,4.843465209,5.09599334,4.476327837,5.8402915,6.059242964
113.7732928,22.69627394,0.051505534,0.282457682,2.232622845,0.293951424,0.981528343,0.907996717,0.904363335,4.208828747,5.126534104,5.796760678,4.627185047,5.440686822,5.678213835
113.7733875,22.69508512,0.075065104,0.335553385,2.280418989,0.207164064,0.972730879,0.902425505,0.902425505,4.460501254,5.768562436,4.957213044,3.803265393,5.605589151,5.666038513
113.7734464,22.68090092,0.320984701,0.108004557,2.498346373,0.165861752,0.948952398,0.632843979,0.632843979,4.561440825,4.815780759,4.525695264,4.898477316,4.490515709,5.513848543
113.7734563,22.71003159,0.113925781,0.176461589,2.275546271,0.278951799,1,0.705260862,0.705260862,4.272109628,4.596120119,5.967801332,5.140773535,5.826995611,6.084856987
113.7734732,22.69531714,0.029931641,0.303442383,2.399850408,0.352417967,0.861963325,0.909511954,0.810602784,4.361345053,5.140867591,5.798640728,5.098912418,5.149186015,5.497756124
113.7735152,22.68668175,0.15578125,0.274684245,2.423922716,0.126392174,0.959100753,0.516729677,0.516729677,5.272748947,4.123600006,4.095837116,5.810467482,6.537565827,6.509817481
113.7735156,22.69406365,0.062312826,0.40281901,2.003314469,0.076843495,0.942296859,0.841156554,0.841156554,4.101381779,6.029571772,5.014515996,5.4004004,4.746555269,5.450830221
113.7735223,22.69412011,0.036048177,0.416017253,1.866603125,0.102733674,0.911819491,0.922908968,0.844294215,4.007920146,5.26071763,5.057381034,4.313174009,4.220031857,5.732365251
113.7736072,22.68165015,0.103011068,0.352242839,2.41418829,0.120652759,0.95196818,0.796817722,0.796817722,4.801425934,4.734638095,5.444220185,5.171870947,5.547708631,5.594371557
113.7736176,22.68681969,0.208769531,0.243388672,2.567640591,0.152549788,0.972457606,0.779862791,0.779862791,4.960305095,4.134620547,5.423059821,6.034687638,5.996848702,5.911035299
113.7736197,22.69435443,0.140712891,0.30418457,2.590544595,0.127080233,0.982485867,0.685046506,0.685046506,5.439488649,4.095707476,4.392770171,5.450623155,5.502187133,6.424461246
113.7736294,22.73656487,0.243597005,0.261212565,2.484813839,0.064702986,0.983250645,0.847115165,0.844640417,5.836959124,4.494273901,4.681850016,5.481791377,5.700147986,6.219064951
113.7736377,22.68175728,0.106552734,0.313510742,2.2802192,0.131988829,0.845457144,0.869359686,0.734596139,4.46026963,4.855430365,4.758743227,5.102086544,5.228919268,5.658659101
113.7736596,22.70540304,0.083416341,0.298317057,2.250660481,0.204103031,0.977754798,0.684919286,0.684919286,2.930217892,5.249108791,6.352718949,4.898103595,5.394162655,5.821231604
113.7737661,22.71214636,0.003326823,0.439038086,2.05865306,0.14406556,0.966883671,0.802537195,0.802537195,3.093178749,6.035079837,6.038716912,4.898333192,3.630668938,4.18304944
113.7737946,22.73668282,0.223217773,0.302154948,2.364410204,0.273370612,0.948426242,0.871629176,0.871629176,4.805310547,4.993196845,5.339371204,4.256661952,5.454366088,5.68877697
113.7738001,22.69413621,0.066499023,0.38816569,2.082383401,0.093049918,0.858809168,0.812919074,0.756646621,4.56567049,5.33226347,4.576528728,5.563517213,5.548720717,6.324370265
113.7738069,22.70518076,0.015491536,0.356552734,2.571813694,0.298591351,0.852139064,0.678038037,0.652653312,3.888011813,4.725864887,6.292424917,5.390752077,5.036476016,6.12573874
113.7738832,22.70873528,0.205419922,0.028839518,2.275251077,0.331425132,0.99403183,0.822724894,0.822724894,4.99624908,4.372785091,4.546728849,5.064819098,6.675507307,6.281379461
113.7739095,22.70776116,0.179394531,0.06913737,2.3673809,0.344938836,0.89117255,0.782445161,0.765772163,5.374674916,4.584232211,4.370584965,6.321522236,6.055559754,6.301349998
113.7739359,22.70678704,0.103198242,0.229930013,2.817627699,0.271168592,0.940466781,0.65510819,0.65510819,4.807376027,4.070089459,5.780004263,5.631309032,5.527074218,6.191294789
113.7739663,22.70581303,0.12610026,0.250361328,2.327900921,0.256655219,0.903059699,0.930493003,0.878274491,4.437880278,4.206546366,5.400933266,4.799196362,5.478667498,5.601224542
113.7739777,22.68008397,0.30375651,0.109025065,2.473834803,0.18366329,0.999038851,0.626142252,0.626142252,5.289322734,5.083452761,3.887310266,4.291190147,4.906227589,4.296461225
113.7739844,22.71226597,0.000895182,0.434726563,2.042614481,0.137434182,0.904966896,0.793075946,0.752674887,2.566892833,5.553230047,6.609179854,4.331589282,3.442522764,4.701018274
113.7740015,22.68181838,0.223613281,0.231894531,2.457997318,0.176576897,0.824600553,0.561458036,0.415123831,5.145550251,4.319775283,4.671374977,5.432720184,5.163912177,6.514866233
113.7740361,22.70920182,0.090266927,0.21667806,2.3000059,0.292879104,1,0.95274684,0.95274684,4.933262467,4.943623662,5.571479917,5.061121702,4.938548028,5.915330768
113.7740445,22.68193227,0.224816081,0.22327474,2.434561978,0.137002198,0.81783754,0.588135112,0.528579129,5.026762366,4.733800292,5.383790612,5.857064366,5.265858769,6.113198996
113.7740583,22.7082276,0.134098307,0.214783529,2.453844596,0.243102088,0.987366438,0.847019203,0.847019203,5.3800174,4.017027259,5.725836158,4.852846563,6.022532344,6.294081688
113.7740805,22.70725337,0.131419271,0.148168945,2.554792584,0.291762688,0.696317803,0.739347133,0.582020061,4.613373876,3.990116835,4.842360497,5.372701645,6.191892624,6.427529335
113.7740816,22.69485472,0.104983724,0.272949219,2.40229488,0.186305456,0.950029001,0.860811348,0.820727514,4.836644053,5.618107677,4.79806906,5.111236572,5.60883975,6.26841867
113.7740885,22.70437376,0.005882161,0.210887044,2.199471536,0.364424934,0.850042014,0.7872455,0.785733347,3.639730871,5.56102252,5.400949836,4.960043192,5.048327684,5.788237214
113.7740919,22.6808048,0.138338216,0.243263346,2.588290344,0.153414257,0.891907115,0.684126031,0.582580539,4.959056854,5.014829516,4.119898438,4.751900196,5.859911084,5.141680241
113.7741077,22.70627929,0.085904948,0.126388346,2.372821663,0.30231052,0.95109913,0.73522315,0.73522315,3.998060644,4.492363095,6.461241722,4.751882434,5.994280338,5.323118567
113.7741203,22.68091067,0.138338216,0.243263346,2.588290344,0.153414257,0.891907115,0.684126031,0.582580539,4.959056854,5.014829516,4.119898438,4.751900196,5.859911084,5.141680241
113.7741455,22.69623974,0.039816081,0.365296224,2.370283022,0.166752354,0.996877732,0.767355275,0.767355275,3.660036743,5.627656341,4.952406168,4.217652559,5.905998468,5.749632955
113.7741686,22.69322616,0.013308919,0.434500326,2.029609135,0.138672676,0.954240416,0.847839227,0.815403183,4.563766003,4.840239048,5.2486974,4.500872195,4.581434369,6.316974998
113.7742388,22.70341094,0.220216471,0.14436849,2.726912834,0.251619152,0.594563952,0.480482563,0.32234068,4.753347039,4.404209316,5.935132384,5.851418734,5.698773265,6.127850533
113.7742416,22.70448516,0.01610026,0.252430013,2.372452718,0.569129945,0.906356832,0.73845743,0.73845743,3.471695602,4.819142938,5.714912295,5.41030705,5.745520473,6.768395305
113.7743532,22.69493697,0.145218099,0.244617513,2.581780827,0.169572462,0.942563313,0.795602426,0.763323796,5.348458171,4.155861795,4.314459383,4.83243227,4.838474989,6.249887228
113.7743872,22.70352164,0.171526693,0.115410156,2.719131481,0.303489241,0.87102233,0.844182846,0.795506818,4.350667298,4.389002502,4.545445263,4.686594039,5.362449527,5.70682466
113.7743891,22.70244813,0.197651367,0.102335612,2.524850566,0.277506713,0.767711803,0.62739236,0.575358909,4.30699569,4.489822686,5.163851023,4.825237691,5.549492836,6.203580856
113.7744386,22.69254875,0.01199707,0.435118815,2.136106976,0.185308179,0.538464941,0.809756342,0.489578629,4.123171329,6.094483256,5.231958985,4.654016912,4.619263232,5.978162527
113.7744887,22.68663773,0.226775716,0.25191569,2.45606686,0.076782397,0.955378486,0.567088441,0.567088441,5.24177134,4.739747167,4.561472356,5.495746851,5.802849174,6.294327617
113.7745089,22.67926701,0.386302083,0.178222656,2.128,0.021073087,0.842427208,0.605191637,0.458365858,5.331164956,4.408679545,3.826774597,4.171112359,5.169371128,4.352327585
113.7745156,22.69572597,0.054217122,0.34019043,2.364359505,0.19876883,0.995364734,0.864193364,0.864053158,3.948277056,5.506585896,4.716973305,4.306068838,5.259473205,5.598392248
113.774531,22.70255784,0.163846029,0.110524089,2.678591575,0.307980573,0.995540602,0.757175032,0.757175032,5.334130049,4.432705283,4.311656058,5.747515559,6.075649142,6.519955158
113.7745394,22.70148531,0.038372396,0.189191081,2.40600126,0.400541466,0.958401317,0.676933437,0.676933437,3.890691876,5.359070182,5.865808964,4.423850358,5.256939292,5.669479489
113.7745909,22.68677128,0.220013021,0.266031901,2.427498148,0.151585877,0.973674518,0.870573342,0.870573342,5.12323606,4.38906163,4.539597809,5.617830396,5.687580705,5.446950555
113.7745968,22.73668186,0.194956055,0.304824219,2.504002931,0.134402843,0.986934391,0.888647623,0.888647623,4.955078363,4.228008807,4.514373481,4.774911046,5.031534076,5.583481789
113.7746749,22.70159403,0.046635742,0.219752604,2.401721788,0.328587736,0.968833,0.800566584,0.800566584,4.391887546,4.351102769,5.999026418,5.00004673,5.082234859,6.252753735
113.7746782,22.7118034,0.001604818,0.450755208,2.09815757,0.199852397,0.884874553,0.847634434,0.773351338,4.744396865,5.081065059,5.68188417,4.325491011,4.113734663,6.233463168
113.7746871,22.68003954,0.090377604,0.292985026,2.460336214,0.148470429,0.996783943,0.756468822,0.754897475,5.839034081,5.109807968,5.264579654,4.763861954,5.794752598,5.925282836
113.7746897,22.7005225,0.002486979,0.271420898,1.99077171,0.325886684,0.783166681,0.872544941,0.719483372,4.520044088,4.838644505,5.10126555,5.102663159,5.301590323,6.315545797
113.7746973,22.68013155,0.111870117,0.251606445,2.632997143,0.177876773,1,0.663351607,0.663351607,5.746217966,5.231139541,4.761843383,4.892512441,5.001978517,5.60689497
113.7747512,22.69582541,0.12624349,0.263785807,2.466529294,0.29403671,0.975,0.615236974,0.615236974,4.062417388,5.668233871,5.121963859,3.937596679,4.481206477,4.733649015
113.7747619,22.73680093,0.203484701,0.279088542,2.481069688,0.098267333,0.980701248,0.941729052,0.941729052,5.247088194,4.94949007,5.37590766,4.758809209,5.732981563,5.881712794
113.7748018,22.696656,0.072197266,0.262267253,2.340394707,0.237146498,0.949605448,0.830594623,0.811405708,4.28145802,4.69917345,5.365047097,4.426814556,5.714484096,6.027482033
113.7748187,22.70063023,0.006975911,0.218108724,2.152755377,0.362721707,0.958659331,0.831284851,0.824936596,4.366655529,3.849935353,5.085113645,5.617676616,5.250910997,6.452748418
113.7748248,22.69955743,0.049555664,0.228196615,2.438958665,0.317537811,0.982040013,0.849460594,0.849460594,4.007080019,5.134936869,4.875578284,5.518558919,5.571773887,6.056289077
113.7748378,22.70516765,0.002867839,0.240966797,2.331561811,0.368623506,0.984466161,0.79078415,0.788479816,3.455444932,4.7363289,6.532817841,3.930682242,5.779633999,6.174684763
113.774868,22.68226418,0.151536458,0.191927083,2.433390406,0.21402969,0.757873843,0.702693143,0.653148759,4.993151546,4.694218159,5.023638606,5.250291765,5.027708054,6.24562788
113.774897,22.7119248,0.004309896,0.443689779,2.205601912,0.214321051,0.922664193,0.837178985,0.791300276,4.918126345,4.9043293,5.26729846,4.081800699,4.056184053,6.324190974
113.7749095,22.68238095,0.151536458,0.191927083,2.433390406,0.21402969,0.757873843,0.702693143,0.653148759,4.993151546,4.694218159,5.023638606,5.250291765,5.027708054,6.24562788
113.7749341,22.692206,0.077070313,0.386928711,2.303883425,0.126519008,0.999267476,0.829312221,0.829312221,4.878657341,5.03927052,5.128459573,3.981382906,4.90838635,6.07259953
113.7749521,22.69761795,0.101577148,0.210909831,2.463954746,0.278372129,0.902302454,0.743500819,0.66577773,4.748485506,4.877397299,5.188904405,5.396033168,5.868556261,6.307252645
113.7749587,22.69966586,0.034513346,0.220292969,2.301839473,0.366790393,0.778832086,0.900250548,0.702459091,5.075500906,4.307287157,4.815896213,5.241118431,5.552673221,6.56219089
113.77495,22.69859128,0.226876628,0.167226563,2.513528868,0.197875956,0.882221707,0.862626673,0.798725234,4.465740234,4.605041742,4.881112397,4.258924544,6.308163047,6.234356999
113.775015,22.69676245,0.103499349,0.217794596,2.604434623,0.280455171,0.838322211,0.850423204,0.724765043,4.889855623,4.980099142,4.737605929,4.947412491,5.208004236,6.318590641
113.7750454,22.67845402,0.300872396,0.181510417,2.400016922,0.070840759,1,0.649993467,0.649993467,4.922895312,4.804273605,4.436662853,4.664818823,4.556731939,5.889724851
113.7750957,22.69870107,0.159051107,0.130327148,2.491892875,0.379647942,0.976752119,0.856847167,0.856847167,5.352322102,4.246378124,5.125345111,5.173070669,5.481078625,5.991866708
113.7751345,22.69772817,0.146346029,0.193123372,2.555050652,0.216255358,0.892689811,0.824248155,0.793435097,5.0739007,5.018986464,5.30384481,5.364913821,4.944715261,5.880301714
113.7751561,22.72191054,0.075035807,0.368474935,2.293164994,0.164450301,0.70968128,0.794963317,0.627015886,4.404344022,4.665356219,6.493929267,5.107856035,4.493435144,5.201332867
113.7753114,22.73774479,0.273598633,0.20660319,2.578840949,0.126230215,0.986473979,0.860424607,0.860424607,4.635765672,4.106635392,4.254689097,4.975331306,5.722845554,5.969282866
113.7753273,22.73871914,0.092078451,0.280403646,2.465517487,0.201108135,0.913396747,0.79286863,0.778540375,4.975107253,4.865085721,4.821976244,4.42571938,5.330370188,5.780032992
113.775342,22.73969351,0.225527344,0.195932617,2.544714573,0.173729346,0.821539235,0.674855121,0.667963809,5.51422143,4.912750661,4.64097172,5.018416762,5.419336319,6.203035712
113.7753586,22.74066784,0.326435547,0.123331706,2.235977811,0.110019866,0.721273322,0.584830749,0.374510693,4.639608383,5.575558186,4.91807425,3.73006165,3.936377466,3.687764049
113.7753726,22.67934732,0.101853841,0.31980306,2.420342512,0.103997992,0.998507523,0.78916484,0.78916484,5.770437121,4.430263877,4.733506918,4.508414507,4.930893779,4.838529706
113.7753804,22.74164207,0.084529622,0.288710938,2.439720844,0.292253699,0.992961712,0.811006543,0.811006543,3.257227331,6.230731606,6.34241426,3.361080766,3.84260422,4.584649861
113.7753927,22.67944883,0.087141927,0.303123372,2.524415076,0.122634614,0.930520241,0.781405892,0.715782111,5.449051619,4.78926146,4.728132725,4.666790009,5.571192861,4.886772871
113.7754022,22.7426163,0.140668945,0.269746094,2.459144434,0.18720083,0.747069567,0.833034682,0.669646065,3.716010273,5.997008085,6.293883085,3.530755162,4.048247993,3.836804986
113.775424,22.74359054,0.194282227,0.203979492,2.588428987,0.183921712,0.76855068,0.746855215,0.608526845,3.365269899,5.667802572,6.605245948,3.651721716,3.7489115,4.156618714
113.7754508,22.69180478,0.11136556,0.324723307,2.366109432,0.170242393,0.98309852,0.864567076,0.858758277,4.143712759,5.805679798,5.117387772,3.975428939,5.020980477,5.819431782
113.7754597,22.68655838,0.159500326,0.263904622,2.480808556,0.187128841,0.975300545,0.817299154,0.817299154,5.122888923,4.574544311,4.451691091,5.328189492,5.015481591,5.850143075
113.7755518,22.67841773,0.133266602,0.311503906,2.39942432,0.052606115,0.996931689,0.741392573,0.741392573,4.321187288,6.035379291,4.870684981,4.10006088,5.583874822,4.125002205
113.7755617,22.68668821,0.185292969,0.274860026,2.425440382,0.109004078,0.907152567,0.785908879,0.776843847,4.670542955,4.158182681,3.874051511,5.132573009,5.269273639,5.20691061
113.7755641,22.73679966,0.053989258,0.423771159,2.131915784,0.112854751,0.886825225,0.888913388,0.800643065,4.509798646,4.712714434,5.657815218,4.930176854,5.172277212,5.52857852
113.7755817,22.70049691,0.007740885,0.345914714,2.159739851,0.270492576,0.977686379,0.879288733,0.858214763,4.099338412,5.15515554,4.652917027,4.545700788,4.948614836,6.156659722
113.775589,22.71145694,0.036471354,0.404583333,2.235964495,0.168206239,1,0.793753644,0.793753644,5.163424969,4.375573516,5.601689935,4.37828809,5.0536654,5.911209941
113.7755988,22.70481873,0.008929036,0.234847005,2.197196945,0.402153835,0.764957265,0.890260319,0.722323191,4.264673412,5.514331698,5.673569441,4.640482187,5.740388274,6.06039083
113.7756197,22.69622964,0.028126628,0.394858398,2.178598385,0.26354022,0.987114133,0.903511086,0.898134733,3.912381291,5.172810078,5.810749769,4.321850836,4.666086137,5.86365664
113.7757114,22.67857072,0.098958333,0.338129883,2.454967449,0.194761737,0.90878824,0.901126065,0.843940759,5.730404854,4.711583972,4.724858642,5.241531014,5.574871063,5.429612041
113.7757292,22.73691899,0.076352539,0.38495931,2.466595083,0.140132826,0.980296241,0.860343924,0.860343924,4.126076281,5.143330216,5.613999844,4.618056774,5.193214655,5.130554557
113.7757358,22.6827075,0.101751302,0.245501302,2.440924439,0.217031483,0.778681851,0.744206059,0.623608467,4.155864954,4.266847074,4.724128485,6.247322559,4.793369889,5.846342802
113.7757775,22.6828225,0.067791341,0.347639974,2.508305768,0.190573774,0.985817073,0.818802068,0.818802068,4.280965447,5.347846985,4.59793961,5.335436344,5.14124155,5.29341495
113.7757823,22.7278898,0.424811198,0.032205404,2.340331589,0.092175387,0.878249782,0.594247868,0.594247868,5.719792247,4.077200234,5.056515217,5.377384543,5.384695768,6.121856213
113.7757911,22.71153722,0.181158854,0.287879232,2.452311534,0.088074661,0.996539533,0.793056638,0.793056638,5.026136279,4.219354451,5.607237935,4.489284039,5.041591883,5.745478868
113.7758334,22.69187554,0.070366211,0.368172201,2.302600469,0.148596789,0.892518092,0.779285677,0.779285677,4.984986424,4.888044894,4.561495185,4.449875951,5.775220394,5.557608962
113.7758341,22.70496601,0.025017904,0.210097656,2.43654535,0.389118238,0.991713083,0.802672264,0.802672264,4.705803514,4.92963171,5.42120409,3.875636101,5.681180596,6.237017274
113.7759402,22.67776714,0.131901042,0.342412109,2.260147653,0.063732362,0.527569374,0.798277861,0.512455106,4.617004871,4.744457424,4.582696497,4.584952295,4.532173812,4.770901084
113.7759445,22.72176022,0.013854167,0.396222331,2.199982685,0.255237855,0.948167442,0.664525901,0.664525901,3.54567647,4.342034459,6.081319809,3.623151839,4.017277181,5.467705369
113.7759634,22.68358318,0.216972656,0.203476563,2.478034795,0.102852179,1,0.777470828,0.777470828,5.162064314,5.411854386,4.765866637,4.732396007,5.02303195,5.135565221
113.7760444,22.68455429,0.283893229,0.154467773,2.544880416,0.150716237,1,0.793561206,0.793561206,5.603420734,4.638913155,4.246221542,4.860553861,5.132585526,5.726008177
113.7761046,22.68371123,0.266665039,0.11859375,2.47325164,0.186853002,0.98125884,0.79538288,0.79538288,4.929852843,4.761884332,4.357682049,5.511011839,5.445845485,5.904002786
113.7761254,22.68552539,0.206067708,0.215209961,2.498030775,0.146673299,0.878071911,0.834811104,0.775998435,4.323038042,4.528879523,6.058696985,4.383724809,4.953160644,5.007715225
113.7761299,22.7218745,0.121671549,0.151302083,2.472105935,0.372695158,0.762891886,0.729760052,0.565492527,4.909247994,4.941191077,4.994324803,4.166197658,4.276323617,5.956593037
113.776176,22.70022754,0.011736654,0.347755534,2.219129267,0.277846353,0.796296296,0.86890425,0.678046224,3.949855924,5.651060462,6.227724314,4.69193399,4.469208121,5.732782841
113.7761902,22.68468195,0.294365234,0.110515951,2.368934041,0.185599133,0.87682121,0.82410354,0.721852528,6.139065504,4.098210514,3.976810396,4.876331091,5.607722044,6.039131761
113.7762122,22.6960837,0.026070964,0.424080404,2.165777941,0.275703924,0.97514174,0.864272888,0.864272888,4.168341756,4.823489964,5.489068508,4.741824508,4.185090542,5.31416297
113.7762197,22.68663226,0.053839518,0.347597656,2.252005814,0.203659238,0.955703137,0.890053191,0.873070143,4.232208192,5.08674711,5.116781235,4.291026711,4.2651999,5.066732049
113.7762757,22.68565267,0.207229818,0.121577148,2.35605895,0.211615645,0.984767025,0.735280038,0.735280038,5.437277913,3.800880969,4.198230863,5.77408874,5.599396825,5.809127331
113.7762923,22.68760403,0.172941081,0.187421875,2.421360366,0.196131098,0.991573002,0.846198523,0.846198523,3.94102025,4.681050956,5.015698791,4.656948805,5.716070294,5.551788807
113.7763648,22.68857581,0.087749023,0.240431315,2.588813647,0.243560593,0.742769928,0.739607189,0.623629304,4.685554087,4.541425824,5.195137024,4.562708199,5.28572464,5.733637094
113.7763882,22.67714608,0.329329427,0.288868815,2.317175462,0.10563983,0.924316406,0.741056945,0.727129449,3.785776973,4.868651271,4.561373651,3.95173198,4.169703007,4.345316648
113.7764162,22.69168145,0.039208984,0.36741862,2.213179028,0.196193842,0.941073404,0.897792005,0.87624396,4.203959286,4.722123623,4.725958586,4.024502516,5.242076039,5.727252483
113.7764416,22.68954723,0.120965169,0.233986003,2.404756955,0.248451545,0.975431578,0.860094017,0.855735108,4.762123525,4.783989787,5.285715222,4.770335674,5.117623568,5.72875309
113.7764425,22.68745564,0.179910482,0.097945964,2.426443942,0.303974458,0.835167079,0.878768174,0.729027429,5.243577957,4.111829221,5.218583524,4.555127203,5.418280602,5.746108174
113.776484,22.67761219,0.189599609,0.275524089,2.485178228,0.113248853,0.993647219,0.832469477,0.832469477,6.46045959,4.268710196,4.270028591,5.378541708,5.575403214,5.718974113
113.7764998,22.71111048,0.096861979,0.363510742,2.533039381,0.240268149,0.983243555,0.69402068,0.69402068,4.826375186,5.438625813,5.48717618,5.255681634,4.970093131,5.838527083
113.7765285,22.68842632,0.174150391,0.114150391,2.435110527,0.269354545,0.875153772,0.858372389,0.757452233,5.11478281,3.966411889,4.359239221,5.253056765,5.732223511,5.95975697
113.7765301,22.69051768,0.031472982,0.304589844,2.443812644,0.310658663,0.895556355,0.898023665,0.832836835,3.632193744,5.194259644,6.563714743,3.620295703,4.859074295,5.596438289
113.7765311,22.73692078,0.183688151,0.267602539,2.572970487,0.153291501,0.824291946,0.779350996,0.714230483,5.189996779,4.511190355,5.304773211,4.27184248,6.168452501,5.991117358
113.7765333,22.68661296,0.09820638,0.321202799,2.47093984,0.208357739,0.989741695,0.825377386,0.825377386,4.425537944,4.488281548,4.720165074,5.035912275,4.731991529,5.772114277
113.7766144,22.689397,0.192480469,0.123601888,2.464197214,0.238603951,0.844378685,0.782462398,0.656109232,5.473504782,4.307824135,4.600768805,5.329177678,5.930722713,5.428390026
113.7766155,22.69148838,0.063597005,0.338336589,2.352291327,0.192044723,0.989521505,0.863872956,0.863872956,4.692728817,4.485228896,4.794520915,4.060231686,4.870084405,5.392150164
113.7766625,22.72774612,0.339095052,0.058227539,2.400974278,0.128038206,0.647921965,0.673866788,0.603044137,4.108163774,4.283341408,5.804053545,5.223553658,4.478504956,5.073281884
113.7766965,22.737037,0.265384115,0.211559245,2.504216619,0.131984116,0.756307682,0.734281826,0.643946396,5.364264011,4.282447457,4.421338618,4.311513662,5.829030752,6.215778708
113.7767003,22.69036769,0.152416992,0.118505859,2.435703101,0.251210444,0.713312191,0.752563787,0.548224921,5.286729753,3.967539668,4.372006655,4.881806731,5.412559748,5.453350663
113.7767023,22.69245894,0.226578776,0.236567383,2.380336957,0.11017254,0.99578168,0.856256569,0.856256569,5.33521831,3.974121213,4.339802027,4.695133984,5.500196576,5.323174
113.7767033,22.68270133,0.117576497,0.306054688,2.563118255,0.253545332,0.992519603,0.717691351,0.717691351,5.196902156,5.125423014,4.581243634,4.994149566,5.366102219,5.144115806
113.7767068,22.71120492,0.09824707,0.360694987,2.535569505,0.280173411,0.977690315,0.698406748,0.698406748,4.441684484,5.644093633,5.599296927,4.978383541,5.117278457,5.246824741
113.7767497,22.68278412,0.090745443,0.329902344,2.456612996,0.273784658,0.921973496,0.879731731,0.832851823,4.667635679,5.60597837,5.106190205,4.949963093,5.076375127,5.539888859
113.7767541,22.72781747,0.320187174,0.050589193,2.186884587,0.171328769,0.845466626,0.803087245,0.77920995,3.730240703,4.214560211,6.650407672,5.202650189,4.611865699,4.683916748
113.7767606,22.69133957,0.114235026,0.259972331,2.385352326,0.28061076,0.989110935,0.798060392,0.798060392,3.918106198,4.117112041,4.788331389,4.530473709,4.739293873,6.146218061
113.7767719,22.70456649,0.094029948,0.135496419,2.37170821,0.354550158,0.993653373,0.849460057,0.849460057,4.396449566,4.485338509,5.57380569,5.825987697,5.952905178,6.547844291
113.7767828,22.70474356,0.124897461,0.140195313,2.563794788,0.339367457,0.951870001,0.79596947,0.777167792,4.140596032,4.688444734,5.940385222,5.01053524,5.590670109,6.222061753
113.7767839,22.69343,0.214091797,0.217032878,2.563189745,0.13870365,0.893568274,0.82225382,0.751472791,5.312047243,4.632798791,3.870397508,5.796307087,5.984080434,6.08744669
113.7768193,22.6917827,0.016655273,0.384401042,2.235001529,0.16824109,0.838310468,0.768299063,0.716597514,4.100174427,5.195068359,6.203194737,4.14159137,5.863218784,5.234102249
113.7768527,22.69230968,0.12616862,0.160651042,2.561269657,0.308003585,0.67257377,0.594755083,0.455031579,4.310540318,5.031344533,6.170850158,4.314121664,4.613231242,5.401961327
113.7768654,22.69440106,0.210078125,0.219474284,2.68621796,0.162493541,0.840355291,0.736699272,0.679714836,5.534574866,4.364419401,4.448953152,5.431635499,5.762779474,5.947437763
113.7769145,22.6777836,0.18495931,0.276210938,2.529811816,0.12287935,0.719103334,0.654575387,0.589153884,4.929344535,4.938526511,4.541989625,4.531695962,5.402613401,5.245827794
113.7769183,22.72172417,0.016538086,0.394269206,2.046242528,0.501370837,0.973351943,0.499639483,0.499639483,4.167393804,4.354618192,6.194250703,3.944922566,3.682974935,5.53483057
113.7769343,22.69328073,0.173245443,0.244186198,2.456726702,0.208619755,0.998320782,0.924169089,0.922850668,4.780406713,4.573040605,5.606013536,4.634283662,4.626519442,4.889827251
113.7769414,22.67564672,0.214366862,0.203364258,2.147694842,0.314952776,0.549192995,0.370522806,0.313507353,3.682993412,5.751257658,6.762244821,4.048245728,3.99332118,4.833534479
113.7769469,22.69537213,0.179202474,0.217379557,2.46745166,0.172255028,0.921887798,0.853256171,0.792797038,4.84520328,4.879430175,4.324131906,4.707093596,5.54830122,5.866100788
113.7770159,22.69425178,0.155452474,0.253689779,2.570711117,0.18275539,0.999745996,0.79912319,0.79912319,3.862798512,5.448248982,5.8752321,4.747645497,5.0679847,4.722067475
113.7770321,22.69634287,0.061082357,0.366910807,2.349434431,0.162789701,0.83973731,0.817615826,0.766934185,3.816424429,4.982144117,5.221042514,4.70169431,5.275223851,5.423143506
113.777084,22.69609248,0.024493815,0.376564128,2.141378676,0.191262652,0.787902947,0.885555708,0.746620011,4.433271527,5.021840572,5.137203574,5.214671731,4.730571508,5.713394403
113.7770976,22.69522283,0.155252279,0.163502604,2.477501532,0.253552089,0.989843082,0.849120615,0.849120615,4.977749407,4.011374235,4.721594393,5.433199286,5.59716022,5.369273782
113.7771037,22.72183836,0.016590169,0.391171875,2.280736065,0.303406563,0.999824099,0.425401385,0.425401385,3.994983792,4.060599625,6.054148436,3.898123205,3.970455766,6.059076548
113.7771188,22.69731349,0.189339193,0.241292318,2.532808792,0.147257328,0.9741572,0.834905263,0.834905263,4.83675909,4.706687093,4.804828525,4.750200868,4.983090043,5.086267054
113.7771784,22.68642757,0.013468424,0.29519694,2.315702431,0.237745399,0.742473825,0.609643477,0.594188178,3.231788516,6.062803984,6.503461599,4.75015831,5.754878759,5.913018823
113.7771822,22.69619362,0.02186849,0.373736979,2.210224194,0.185337203,0.947861488,0.813898365,0.808865424,4.005865037,5.511311054,5.216121554,4.823936224,5.415499568,5.35828197
113.7772055,22.69828409,0.221559245,0.195961914,2.441557386,0.153289694,0.89960117,0.925622083,0.850256604,5.369865894,4.77889967,5.075833321,5.070608854,5.175599694,6.125398636
113.7772717,22.69716398,0.093323568,0.244881185,2.25503514,0.250865695,0.985446254,0.986342731,0.973211478,3.703935325,4.944047809,5.441981316,4.755290926,5.498971581,5.357340455
113.7772922,22.6992547,0.242358398,0.186398112,2.447244524,0.135983907,0.866666046,0.829353338,0.792556447,4.689601541,4.523413718,4.436932325,4.114528894,5.406328321,6.0147686
113.7773612,22.69813434,0.169541016,0.169851888,2.368235809,0.222465739,0.664285961,0.784274397,0.557406737,5.251979947,4.964815736,5.261907041,5.017095804,5.358458638,5.0283494
113.777384,22.70022484,0.02773112,0.306917318,2.387840441,0.267163645,0.983672785,0.787711263,0.787711263,4.578975916,5.166608095,5.226328254,5.334914684,4.807966113,6.659862757
113.7774202,22.71079175,0.174781901,0.290667318,2.468966419,0.086850743,0.97106158,0.74591307,0.72247259,5.220857859,4.257238567,5.590544105,4.745298803,5.262711883,6.110158205
113.7774285,22.69910627,0.177954102,0.142242839,2.34028511,0.254728287,0.858592974,0.907694152,0.773406448,4.924238801,4.508057773,4.68765521,5.487479329,5.146187544,5.134877145
113.7774533,22.70119658,0.223914388,0.13913737,2.416850382,0.225865967,0.946659421,0.909561042,0.867806053,5.255835295,4.14424479,4.374588728,5.550567269,5.813787937,6.197443247
113.7774584,22.67762789,0.161761068,0.305756836,2.245001356,0.100684543,0.969628772,0.872983037,0.872983037,4.933671355,4.59950304,4.534218907,5.082659841,5.115254045,6.137847424
113.777498,22.7370419,0.227119141,0.17788737,2.532149458,0.17895354,0.93692153,0.899465976,0.874628725,5.253782749,4.48990351,5.15880096,4.552966356,5.078626871,5.827468038
113.7775051,22.68654119,0.119150391,0.241121419,2.745502409,0.253474841,0.933718508,0.532326495,0.532326495,4.594154239,4.912083507,4.314071715,4.452436447,5.083814979,6.167180896
113.7775138,22.70007685,0.01858724,0.320488281,2.244921177,0.299898096,0.927660143,0.846528537,0.845076769,5.202794433,4.678547204,4.608283997,4.505444288,5.303240418,6.040730596
113.7775352,22.70216761,0.265226237,0.136232096,2.391945717,0.159201499,0.980643988,0.864705988,0.864705988,5.441274285,4.386896014,4.016475379,5.912919044,6.432868123,6.391388893
113.7775466,22.67488293,0.339064128,0.188004557,2.063597355,0.310187108,0.72769409,0.519327278,0.39254555,3.6886971,5.409480572,6.426365376,4.343006909,3.72661525,4.678405344
113.7776011,22.69160096,0.159405924,0.178828125,2.420103257,0.216610438,0.948683321,0.832923385,0.828460667,4.592615128,4.019643486,4.442072153,5.343043804,6.009809375,5.453710556
113.7776043,22.70104712,0.209155273,0.146710612,2.402299498,0.212428526,0.931047056,0.883282484,0.832394424,4.805846095,4.20864594,4.665361404,5.969485164,5.210454106,6.631216049
113.7776172,22.70313863,0.058652344,0.195838216,2.358224402,0.347881007,0.918809799,0.892339724,0.848309798,4.203714907,5.65816772,6.6103971,4.347536027,5.762582183,5.31603384
113.777626,22.71088133,0.146027018,0.28636556,2.524499068,0.173088059,0.83652315,0.791318982,0.707949675,4.927764356,4.127606273,5.037307262,4.850347161,5.376761556,6.265911222
113.7776345,22.72767617,0.365449219,0.051743164,2.234196981,0.066655658,0.582896496,0.562435966,0.432183424,4.885888934,3.641119301,4.865528286,5.191817164,5.492893815,5.57493782
113.777654,22.73457435,0.028115234,0.342845052,2.446264528,0.307506369,0.957492213,0.917560932,0.89001899,3.748833477,5.645947099,6.404269934,2.993958145,3.849130452,4.27764225
113.7776636,22.73715713,0.183971354,0.251695964,2.665665461,0.120101177,0.976532237,0.832017808,0.832017808,5.056623697,5.146462917,5.041603088,5.379527092,5.110860348,5.283868194
113.7776752,22.6826327,0.232594401,0.235374349,2.541220135,0.257826845,0.896780157,0.673530905,0.660123055,5.457670808,4.746775627,3.971746325,5.198571324,5.3021878,6.702810049
113.7776947,22.70201739,0.240926107,0.155922852,2.453136632,0.17535245,0.936651736,0.894410575,0.839284686,5.717600107,3.511659086,4.181985855,5.875248194,5.552946568,6.238518357
113.7776995,22.70410963,0.128299154,0.202062174,2.527368061,0.230389684,0.973382508,0.827039333,0.827039333,4.777085185,5.007542849,4.49140954,5.322232723,6.263595462,6.143733025
113.7777205,22.68270069,0.154438477,0.284440104,2.632241475,0.33234307,0.888478252,0.788701793,0.73804008,4.298775315,5.578517199,5.522411227,4.125344634,5.244832754,4.313170254
113.7777259,22.72774514,0.292330729,0.08430013,2.350644178,0.130017845,0.436660413,0.726810401,0.436660413,4.283256888,3.806524336,5.643761158,5.841202617,6.012230158,5.573773861
113.7777319,22.73554571,0.035970052,0.271095378,2.207741118,0.331256309,0.985370603,0.926765468,0.926765468,3.816408873,5.219237328,5.573064923,3.318462521,4.508084059,5.065055132
113.7777785,22.70508087,0.062263997,0.210945638,2.36960305,0.309935551,0.875814861,0.885124678,0.78929774,4.304290116,5.104707479,5.841830254,5.064383864,5.022584438,5.932334423
113.7777852,22.70298766,0.180445964,0.106702474,2.43773827,0.162597483,0.882029983,0.593133843,0.568865665,4.839826226,4.554564118,4.652052402,4.756511092,5.132009745,6.161873698
113.7777904,22.6917019,0.074609375,0.251661784,2.433293392,0.263663009,0.739420008,0.84222713,0.678923756,4.644018769,5.174528956,4.785376549,5.402218342,5.926318884,6.299032569
113.7778099,22.73651706,0.079912109,0.223693034,2.318078558,0.307470443,0.993649216,0.928779611,0.928779611,4.102477252,5.28608501,5.627624035,3.053604841,4.444917321,5.105804682
113.7778564,22.70605222,0.136419271,0.159249674,2.501388462,0.259983699,0.918175011,0.856745839,0.856745839,4.457493961,3.844803989,6.167855382,5.013358116,5.382928491,5.378075004
113.7778756,22.70395793,0.130735677,0.14711263,2.675711067,0.252242531,0.980732395,0.660995229,0.660995229,5.22832787,4.797890663,4.280803561,5.147946358,5.758522987,6.412296176
113.7778889,22.67780005,0.10453776,0.314347331,2.482160122,0.23299093,0.661051189,0.866936149,0.608110726,5.868119836,3.902599871,6.035657644,5.593887091,5.453703642,5.761472821
113.7778921,22.72168812,0.035439453,0.361748047,2.234672009,0.345188148,0.982582499,0.343960839,0.343960839,3.935877621,4.765293419,5.785035014,3.878404856,4.264437795,5.206176043
113.7779344,22.70702358,0.086583659,0.240984701,2.383902613,0.293040701,0.926400844,0.919564804,0.855259016,4.96930325,5.480324388,4.930488825,4.757420897,5.148480773,4.998858929
113.7779592,22.7049288,0.088173828,0.217169596,2.703118121,0.258080195,0.821258346,0.726604566,0.721971555,3.980891466,4.661519647,5.518906116,5.683939576,5.482842743,6.436885238
113.777976,22.69596387,0.051354167,0.271778971,2.391717473,0.309753119,0.890734744,0.913949264,0.832853843,4.401220262,5.850031018,5.743971944,4.501594245,5.101056874,5.768480301
113.7780122,22.70799494,0.019088542,0.218841146,2.333531875,0.296888436,0.837671534,0.659973131,0.659973131,4.566555023,4.761438429,5.220947027,5.325483084,5.737748861,6.60801208
113.7780318,22.70590057,0.128699544,0.180260417,2.705081963,0.271373807,0.858692037,0.821890995,0.747783357,4.644466281,5.043700337,5.593887091,5.270711541,5.631323457,5.861656904
113.7780562,22.69602638,0.074433594,0.287659505,2.520000567,0.282015843,0.94675553,0.849377463,0.842769127,4.122734547,5.358422637,5.648811102,4.813498676,5.564221501,5.909860969
113.7780776,22.72180604,0.025641276,0.34300293,2.143208638,0.547755314,0.971417512,0.620350969,0.620350969,4.022032976,5.274135351,5.559529185,3.765226722,4.429448843,5.124625683
113.7781043,22.70687235,0.194391276,0.207875977,2.488521479,0.202836014,0.720204384,0.903455734,0.69360209,3.819366097,5.494034886,6.836104751,3.717117906,5.592327952,4.932199121
113.7781065,22.70896484,0.123092448,0.174462891,2.408290512,0.27778117,0.877707905,0.907271027,0.82101883,4.279781342,4.665965438,5.387174249,4.316493392,5.582380295,5.377169311
113.7781497,22.68634912,0.013819987,0.255908203,2.485411098,0.31190549,0.80708391,0.682392149,0.637596146,3.442070484,5.891158342,6.2167629,3.665841043,4.431391478,4.582004666
113.778168,22.67413241,0.361233724,0.129881185,2.345566182,0.271422109,0.500125818,0.334766288,0.185770992,4.367791235,4.523141384,5.466516852,3.7865839,3.977234304,5.441638947
113.7781769,22.70784412,0.015966797,0.242220052,2.320274248,0.337027842,0.935997634,0.844564835,0.844564835,4.361583471,5.23781997,5.001663685,4.048917711,4.509262204,5.479352713
113.7782713,22.70881399,0.260222982,0.123255208,2.534060399,0.232867276,0.99127977,0.896427525,0.896427525,4.79136622,4.238101006,5.326566458,5.059274435,5.295860529,6.153326273
113.778339,22.69998498,0.00305013,0.238795573,2.292905991,0.342622595,0.931632966,0.569238192,0.565698996,3.38988328,5.757597566,5.691978455,3.079384655,4.208174229,4.264102697
113.778395,22.70977975,0.026754557,0.293483073,2.337139124,0.372967986,0.913714924,0.831033774,0.822618839,3.71276629,5.759508848,6.598439693,4.939092159,4.729727983,6.048396111
113.7784227,22.71101252,0.028567708,0.358408203,2.421819992,0.224791609,0.866232333,0.702210034,0.633853702,3.988608539,4.967722774,6.235571265,5.153888762,4.80582875,5.497502923
113.7784521,22.70795044,0.111267904,0.182010091,2.41026264,0.298293379,0.958279072,0.885610043,0.885610043,5.047863364,3.952158034,4.958521068,5.534839272,5.909477711,6.445347905
113.7784649,22.73716303,0.233435872,0.123852539,2.556131222,0.235084684,0.740330612,0.918107984,0.684877073,4.750659585,4.216442823,4.643009067,5.212489367,4.709116459,6.094965458
113.7784763,22.68646144,0.100170898,0.230714518,2.741428074,0.36225915,0.802891048,0.662116974,0.584948768,4.513609767,4.99377656,4.182356834,4.356132805,5.035760999,6.250482559
113.7784981,22.71198408,0.184057617,0.215857747,2.699692179,0.173432752,0.906175337,0.9209254,0.892733361,5.024217725,3.940205812,5.664330363,3.877362013,4.937190771,5.856344104
113.7785737,22.69154029,0.049202474,0.240820313,2.34855245,0.300991234,0.950816961,0.847747252,0.839574798,4.741770983,4.866070926,4.872088552,4.668163419,5.47544229,6.123323083
113.7785773,22.71295532,0.136204427,0.259303385,2.678892798,0.194859812,0.561643488,0.525161537,0.357979928,4.83107841,4.297777593,5.174118161,5.380869031,5.889039874,6.575725913
113.7786064,22.72760622,0.357373047,0.028806966,2.235786551,0.162006118,0.393276954,0.652308953,0.393276954,4.627136111,3.400537491,4.692779183,6.554071188,5.913398027,5.488799095
113.7786297,22.71152797,0.015087891,0.259394531,2.437115693,0.418015452,0.778201219,0.8269952,0.645924671,4.012405455,4.630770802,6.07067275,4.520257652,5.301242828,5.900777221
113.7786305,22.73727778,0.072403971,0.215161133,2.52380055,0.435483204,0.904761112,0.775529829,0.770231768,3.965889215,3.632157803,5.717367053,4.631485879,5.164346576,6.169433594
113.7786473,22.68256564,0.155553385,0.268626302,2.581332926,0.268291903,0.948965479,0.780322003,0.780322003,4.624658048,5.023497462,5.03055042,5.122912824,4.463211775,5.732078433
113.7786653,22.71392582,0.052988281,0.177890625,2.388802572,0.301066952,0.791441365,0.85998785,0.7465275,4.752713442,3.745768011,5.00304234,6.121808529,5.901912928,5.621835828
113.7786811,22.70442363,0.094702148,0.192127279,2.542639273,0.27235432,0.711067399,0.684852028,0.4903992,3.817331165,4.520958126,5.183287144,4.88285768,6.020489573,6.276596665
113.7786892,22.71250063,0.19210612,0.242937826,2.640774243,0.127551969,0.807914693,0.829113759,0.776132549,5.091393113,4.058760226,4.631071091,4.190180898,4.352908909,5.836028934
113.7786922,22.70427025,0.164711914,0.175532227,2.584626876,0.228140798,0.62213394,0.759080711,0.621822514,5.240389705,4.208202064,4.155271113,5.927569389,6.331689119,6.967918992
113.778692,22.68262733,0.197854818,0.281183268,2.468950525,0.261379904,0.795542813,0.863430287,0.662789564,4.192438364,4.688201427,5.320421457,5.119040132,5.08633554,4.882571399
113.7786977,22.72767279,0.394667969,0.048346354,2.291925664,0.081745966,0.827202644,0.695254249,0.687897684,4.327789783,3.272690594,5.598350763,6.198844194,5.265094399,5.15764606
113.7787121,22.6776498,0.206731771,0.279357096,2.220951263,0.044358218,0.960919564,0.814787684,0.814787684,5.964750051,4.10281539,3.548651755,5.499719024,5.422131896,6.68307519
113.7787532,22.71489632,0.04965332,0.30375,2.553445018,0.386276081,0.995917014,0.764789953,0.764789953,4.479914784,4.791502416,4.886232376,4.324256539,4.92634201,5.19196552
113.7787619,22.69162591,0.028019206,0.271635742,2.419359551,0.222362347,0.914280361,0.714403872,0.697155773,4.527833939,4.811005712,5.305020213,4.983663738,5.583340406,6.322827458
113.7787737,22.71347133,0.164085286,0.165291341,2.817849307,0.25298424,0.877335013,0.809533827,0.78938736,4.486230731,3.908316076,4.805502892,5.00188148,5.716964722,5.976585627
113.7788412,22.71586682,0.155615234,0.238461914,2.500493915,0.170236767,0.983118972,0.60395543,0.60395543,4.821140528,4.28122592,5.161223531,4.189915121,3.987739444,4.996875763
113.7788632,22.67781651,0.151549479,0.324905599,2.487525475,0.198285127,0.8552051,0.680145103,0.597912978,4.406147361,4.851636648,5.215153933,5.177439809,5.265206218,5.641237617
113.7788666,22.72168351,0.046326497,0.343170573,2.631285748,0.287556019,0.959247364,0.505728333,0.505728333,4.312763453,4.307074547,5.14573139,4.848198175,4.05191493,5.541604638
113.7788735,22.71444068,0.02137207,0.195351563,2.28896979,0.373250223,0.461456382,0.595949245,0.270260566,4.861669421,3.701433539,5.382034421,5.177313447,5.098643899,6.361539841
113.7789271,22.7168375,0.063816732,0.286124674,2.275003934,0.428458547,0.985824649,0.576715146,0.576715146,4.749567628,5.068659425,5.156476974,4.638177395,5.307769418,5.645175457
113.7789478,22.69589255,0.231650391,0.174223633,2.299696365,0.122749193,0.768203012,0.575300973,0.520901241,3.935846448,5.013785243,5.906777501,4.482264102,5.764394283,5.723514318
113.7789733,22.71541004,0.153116862,0.239943034,2.539886981,0.381192463,0.970572837,0.752687905,0.743799494,4.375201881,5.283658862,5.108467817,4.271063328,4.674355567,4.669181049
113.7789774,22.70783888,0.318561198,0.105927734,2.430990717,0.191520042,0.771768906,0.677703201,0.528928483,5.536952853,3.644137144,4.083826542,5.962556243,6.279387712,6.947864175
113.7790093,22.7178085,0.240455729,0.14511556,2.428828027,0.167752373,0.989886235,0.559111592,0.559111592,4.96699059,4.096511364,4.50852561,4.117114127,4.81043756,5.443449736
113.7790284,22.69595924,0.20527181,0.199145508,2.307458989,0.143739443,0.595377898,0.737097474,0.541459597,4.027354598,5.266107082,6.078595281,4.099076986,4.882867813,5.289881587
113.7790408,22.67769129,0.094529622,0.356062826,2.192982484,0.082083451,0.96490052,0.752492513,0.752492513,4.7098912,4.662238002,5.356595397,5.109625697,5.147722483,6.136399746
113.779052,22.72179656,0.071118164,0.338826497,2.188796645,0.362565339,0.969743111,0.478887279,0.478887279,4.339103281,4.599090815,5.106682539,4.441662788,5.041885376,6.09242487
113.779068,22.71053475,0.249995117,0.132247721,2.616298173,0.203380794,0.94581819,0.869883985,0.869883985,5.1574862,4.332668245,4.425139308,5.462701678,5.322217941,6.231309175
113.779073,22.7163794,0.163632813,0.200657552,2.534579455,0.41292239,0.979335962,0.809711181,0.809711181,4.181540072,4.444375992,4.929689288,4.159811914,5.17135644,5.472029924
113.7791071,22.71877791,0.216350911,0.18324707,2.454429841,0.159247564,0.958573922,0.582270305,0.582270305,4.358494997,4.436601102,4.621928453,4.25030607,4.395405769,5.11732614
113.7791184,22.67866251,0.240032552,0.086971029,2.388941153,0.24722453,0.811942779,0.82929424,0.733416853,4.844066918,3.526895642,4.568916738,5.998503208,5.99058497,6.22438395
113.779121,22.68626963,0.001297201,0.202921549,2.296473247,0.449626146,0.609020114,0.453133494,0.364949842,4.301633716,4.039029598,4.736295819,4.976602793,5.408485413,6.57920146
113.7791715,22.71734864,0.024148763,0.19694987,2.267987982,0.360610706,0.995493872,0.565083432,0.565083432,4.363858402,4.873559356,5.244328499,4.062921464,4.911917925,5.983239412
113.7792063,22.67963301,0.179122721,0.131088867,2.421240484,0.201976773,0.696950211,0.619398408,0.542829214,4.064486027,4.871992767,5.995919704,5.69776082,5.616991282,6.346620202
113.779224,22.71974534,0.038219401,0.191660156,2.660609339,0.43940299,0.952677422,0.668341663,0.668341663,3.980019808,5.806282997,5.090991378,4.116139293,5.017922521,5.002107203
113.7792538,22.71831963,0.23156901,0.177840169,2.584579416,0.296040674,0.99235049,0.613769093,0.613769093,4.460312545,4.493843555,4.521615207,4.217456222,4.112723827,5.600802779
113.7792664,22.67862987,0.353263346,0.073846029,2.391117311,0.121133966,0.677907988,0.736147295,0.573184855,5.897552729,4.021634161,4.221737802,5.069797873,5.260031581,5.216700017
113.7792893,22.68060394,0.212141927,0.156437174,2.530166009,0.157799294,0.667268842,0.754337059,0.607136382,4.603724539,4.378593266,4.270955741,5.695804715,5.76786983,6.079737186
113.7793105,22.69990875,0.00148763,0.185828451,2.539810233,0.4828124,0.497099112,0.525833809,0.3694056,3.255302817,6.271316767,5.482832193,4.519322932,5.94615972,5.321570992
113.7793409,22.72071278,0.016720378,0.232700195,2.411838735,0.375266945,0.772104447,0.783911703,0.616834761,4.142135382,4.067094684,5.874528646,5.032042742,4.727285206,6.040917993
113.7793429,22.71929003,0.272347005,0.19730306,2.615474796,0.172888174,0.444187162,0.754188295,0.43967379,4.853304505,3.754004478,4.249125183,5.419779181,5.601849079,6.501732707
113.7793543,22.67960037,0.289332682,0.043702799,2.449526815,0.235470437,0.92005712,0.678221153,0.678221153,4.977273107,3.82269609,4.316824317,5.483590245,5.885987759,6.057275772
113.7793718,22.68157492,0.313583984,0.194599609,2.483912913,0.111221064,0.943082734,0.818259741,0.81540508,4.954306126,5.589833617,3.981571347,5.232589841,5.773163438,6.259080052
113.7794238,22.70787693,0.431708984,0.040939128,2.336791445,0.215059371,0.940504874,0.753376307,0.718135048,4.407384992,4.097446144,5.367609978,4.28011483,4.692799449,5.832652211
113.7794318,22.73728415,0.30077474,0.120675456,2.524980361,0.175028198,0.729465953,0.908676181,0.665066768,4.950166345,4.080209494,4.814729095,4.980538249,5.015254498,6.001444936
113.779439,22.68057116,0.216329753,0.137508138,2.455274646,0.223143434,0.505018521,0.856007213,0.505018521,5.518829346,4.429684699,4.596449494,5.283428669,5.619794846,5.496714592
113.7794406,22.7226413,0.134054362,0.326855469,2.510362877,0.181194278,0.972299433,0.8083048,0.8083048,4.878378868,5.127251148,5.680107951,5.092391372,4.335037291,5.718948841
113.7794478,22.686385,0.095616862,0.254969076,2.799771599,0.322748948,0.694457872,0.457033343,0.355544895,4.273135424,3.755761504,3.774537563,4.684046566,5.147470593,5.783797145
113.7794538,22.68254594,0.096217448,0.312415365,2.367730061,0.135533357,0.90777538,0.764761636,0.732119474,4.192974389,5.276516557,4.810147285,5.321238637,5.155200422,5.161222398
113.7794832,22.72025108,0.114580078,0.180955404,2.52034554,0.330162195,0.813294793,0.837557496,0.73725533,4.607443094,4.327330768,4.752683878,6.22149229,5.791808724,6.19284153
113.7795021,22.72361353,0.249142253,0.224417318,2.305545142,0.104079086,0.984857029,0.840088981,0.840088981,4.07675761,4.211431682,5.296414256,5.511706471,4.846953154,5.350950599
113.7795226,22.68154204,0.250846354,0.202666016,2.476742935,0.195872788,0.761254958,0.856351935,0.726378188,5.381675363,5.015315115,3.507673353,6.172821283,5.649753928,5.067770123
113.7795317,22.72122408,0.031564128,0.301650391,2.297250516,0.520552214,0.730186904,0.57431251,0.447472694,4.737908125,4.360397935,5.343034625,5.384555101,4.543487549,6.10941124
113.7795406,22.68351653,0.287986654,0.152779948,2.501181192,0.156468711,0.880222925,0.811990182,0.707198222,3.585096389,5.683301806,5.548884153,4.508464098,5.554727674,5.640083075
113.7795459,22.6914744,0.174778646,0.175322266,2.667434509,0.331063175,0.733986739,0.758211318,0.629762892,4.320801377,4.665300548,4.458225131,5.262006521,5.763856292,5.636325359
113.7795775,22.72265475,0.05659668,0.402752279,2.280400079,0.196745912,0.927902503,0.837411749,0.831759586,4.576896548,5.284253478,5.609036326,4.96243912,3.824050009,4.084394932
113.7795783,22.72753528,0.404348958,0.062682292,2.116683028,0.081906715,0.727198519,0.801588257,0.685566902,5.130028903,4.151384711,4.161960244,6.239127874,5.610246897,5.604013443
113.7795852,22.72458446,0.163681641,0.267216797,2.412238627,0.184791996,0.836641131,0.824915347,0.745111784,5.004539132,4.158817351,4.265602589,5.006223023,5.525134683,6.058428049
113.7795975,22.73739842,0.296196289,0.153486328,2.524516447,0.20497447,0.945848695,0.842570271,0.832127915,4.54420805,4.526630878,4.065699756,4.877912223,5.231109381,5.769667983
113.779606,22.68251294,0.127150065,0.303387044,2.33808659,0.123394311,0.888603596,0.794477809,0.788154775,5.109045744,4.498213649,4.714481652,5.808672071,5.253119111,6.049801588
113.7796188,22.68249024,0.127150065,0.303387044,2.33808659,0.123394311,0.888603596,0.794477809,0.788154775,5.109045744,4.498213649,4.714481652,5.808672071,5.253119111,6.049801588
113.7796244,22.6844874,0.271873372,0.148242188,2.553007012,0.132872334,0.490141657,0.69230456,0.490141657,5.41423893,4.670540571,4.653943539,5.688052177,5.846308947,5.917142987
113.7796494,22.72362648,0.18648763,0.265673828,2.638144873,0.149744532,0.927624349,0.779492139,0.765691981,4.243046105,4.319829583,5.247704029,4.445593596,5.393870354,6.056356311
113.7796526,22.70434808,0.22625651,0.185472005,2.528468201,0.278456057,0.719752986,0.904100823,0.647007487,4.441203952,4.993916631,4.591107249,3.858030736,4.865479112,6.085002661
113.7796642,22.70420053,0.248038737,0.158012695,2.642177109,0.091570888,0.859109385,0.5409244,0.5409244,5.288567543,4.188280165,3.99988246,4.798430085,5.323222876,4.733740151
113.7796649,22.68257113,0.092579753,0.314641927,2.182445588,0.158529634,0.953758571,0.892290143,0.865951523,4.641166568,4.268745124,4.58530581,5.966253757,5.805851698,5.76637733
113.7796693,22.72759858,0.354106445,0.114788411,2.212217725,0.08509022,0.822785093,0.809488145,0.722817358,4.870009661,3.545586765,5.432905555,5.953183413,5.333013177,4.999092698
113.7796702,22.72555522,0.105174154,0.30194987,2.478162857,0.186496169,0.98560239,0.846174892,0.846174892,4.648062706,5.390146136,5.28014946,4.713896871,4.66781354,5.756357193
113.7796864,22.67766729,0.261559245,0.145769857,2.390455784,0.132674797,0.930013751,0.830744245,0.830744245,5.897660136,3.940522194,4.21758455,5.56646812,5.483058214,5.516697884
113.7796892,22.68348385,0.255170898,0.19855957,2.633630654,0.136822661,0.936267741,0.678151416,0.678151416,4.938328624,5.361126423,3.981951833,5.500821114,6.174046397,5.98489666
113.7797076,22.68545832,0.191258138,0.181588542,2.482025026,0.248639711,0.930643408,0.886670021,0.8854028,4.983663917,3.663090587,4.503119051,5.298259497,6.428076982,6.658706784
113.7797327,22.72459739,0.033025716,0.366414388,2.305007385,0.268586619,0.909178541,0.847298864,0.783314683,4.420153499,4.865392089,5.817800045,4.303812802,4.633973002,5.432702065
113.7797329,22.69154389,0.007242839,0.237501628,2.341670522,0.359007137,0.651714705,0.788146891,0.630086662,4.553366244,4.450857997,5.371929646,5.294600487,5.875952721,6.514804959
113.7797553,22.72652598,0.090323893,0.294601237,2.454824048,0.208413933,0.889403796,0.805839995,0.78311834,4.282996953,5.132284045,6.034731507,4.700820386,4.297840953,4.657916009
113.7797717,22.68445484,0.28996582,0.112605794,2.415862195,0.192332366,0.453619615,0.857912915,0.388925735,4.961942792,4.109142423,3.816720724,5.363948226,5.913654208,6.024134398
113.7797907,22.68642924,0.050914714,0.314477539,2.667406112,0.392582678,0.943841853,0.581491836,0.581491836,3.849925518,4.539382815,5.451757312,5.374763429,5.01007843,6.055996537
113.7798178,22.72556815,0.317473958,0.242382813,2.189993266,0.053028948,0.988791767,0.873936686,0.873936686,5.156374693,4.25033015,4.921874285,4.850636661,5.011630714,6.289382219
113.7798375,22.67783291,0.232993164,0.073898112,2.109263158,0.1589241,0.8660484,0.315012768,0.315012768,5.000501752,5.530234337,5.339482784,4.831637919,5.561294913,5.181353211
113.7798379,22.72749694,0.373554688,0.035022786,2.320580492,0.145732626,0.912488723,0.66861912,0.66861912,4.170821428,3.663879871,5.921987057,5.963740826,4.686730206,5.572485805
113.7798402,22.72165918,0.056513672,0.33358724,2.326593746,0.175281459,0.883845803,0.843619388,0.785400881,4.145850658,4.447504044,6.428766131,4.270582557,4.727715373,5.920948148
113.7798538,22.68542585,0.233753255,0.128473307,2.506404012,0.272635422,0.716900998,0.845577507,0.614547791,5.307530761,4.631196976,4.521536589,5.395890236,5.65015924,5.827122211
113.7798739,22.68740016,0.183460286,0.224876302,2.511304823,0.16837127,0.973645686,0.844435317,0.844435317,4.295062006,5.878214836,5.018359303,4.72554183,6.079700112,5.944040895
113.7799028,22.72653891,0.374977214,0.155600586,2.14738939,0.111105063,0.724629564,0.907338432,0.655590431,4.869273543,4.675110102,5.262931168,4.806578636,5.805884957,5.96906352
113.7799197,22.69582085,0.222524414,0.189860026,2.406854248,0.173382491,0.71285346,0.63565364,0.594983896,4.167116106,5.034879446,4.52531302,4.503292203,5.546868086,4.948452294
113.7799256,22.72846744,0.128224284,0.145437826,2.189997914,0.347312628,0.562624641,0.912598286,0.532361111,4.118252635,5.504289865,5.630197465,5.314412832,5.475919366,6.228228331
113.7799388,22.68639659,0.089853516,0.288291016,2.501290581,0.222552388,0.917361481,0.649068858,0.637574895,4.517405987,4.443850517,5.073292732,4.649872005,5.724811077,6.531866074
113.7799491,22.7077654,0.348608398,0.097762044,2.495210695,0.181978626,0.989124524,0.7513156,0.7513156,4.792595983,4.239287853,5.431081772,4.625772595,5.486998796,6.484597564
113.7799626,22.68837059,0.264077148,0.181515299,2.406870273,0.135799201,0.832939081,0.85867597,0.773313647,4.922871947,4.661011338,4.26285553,4.743393302,6.16481185,5.829654098
113.779988,22.72750965,0.112415365,0.327906901,2.315656618,0.130340671,0.959635481,0.863759956,0.860406485,4.708616853,4.64811337,5.687431335,4.449419916,5.553127527,5.087643445
113.7800004,22.69588933,0.274051107,0.166007487,2.632051643,0.234177786,0.846866521,0.633442415,0.633442415,5.401801705,4.099436641,4.265794694,5.691761851,5.412090898,6.356505156
113.7800115,22.72943812,0.303307292,0.170419922,2.335897945,0.151808504,0.95294194,0.808439326,0.806377647,4.89571321,4.626263976,4.722210109,5.539472461,5.504661918,6.093852878
113.7800219,22.68736751,0.243387044,0.162449544,2.525658939,0.181822261,0.581712416,0.800734344,0.514880562,5.68038404,4.32121253,4.163518786,5.869092703,5.695512176,6.283870697
113.7800254,22.72175679,0.190292969,0.248162435,2.469681711,0.12011626,0.870793052,0.882827617,0.795182365,5.182698727,3.603536487,4.493507087,5.533447027,5.885839343,6.085857391
113.7800417,22.71049571,0.246272786,0.139342448,2.763981036,0.209215092,0.984693382,0.795424512,0.795424512,4.70538342,4.30071497,3.946325123,5.490802169,5.567476749,6.017519236
113.7800518,22.68934098,0.190104167,0.193810221,2.478475806,0.170363649,0.811833227,0.725832632,0.725832632,4.582176924,5.359488487,5.423466563,6.180591226,5.557866216,5.476923108
113.7800745,22.72848027,0.010904948,0.243375651,2.476435595,0.250907114,0.891306302,0.374244614,0.374244614,4.115375072,4.606837869,5.49388361,4.650176346,5.152103066,6.206486464
113.7800921,22.68618949,0.062939453,0.317441406,2.445222592,0.317832578,0.834108181,0.8506267,0.769779372,4.292241633,4.71328932,5.831736565,4.604865313,5.88474524,6.335781097
113.7800946,22.73040904,0.046922201,0.247591146,2.308334872,0.337307213,0.763424295,0.483219844,0.359405828,4.263585091,4.760911226,5.529001236,4.920565546,5.202445269,5.532239676
113.7801105,22.68833795,0.226158854,0.196878255,2.391723944,0.136018472,0.478115731,0.857708317,0.478115731,5.447124839,3.875313222,4.524921238,5.26982379,5.744856358,5.830544949
113.780141,22.69031137,0.189853516,0.126570638,2.611044263,0.263300553,0.931270856,0.564356027,0.564356027,4.786602855,5.223016143,4.976613045,5.451604009,5.912171125,6.173829079
113.7801594,22.72945104,0.321980794,0.153183594,2.395952849,0.172929689,0.681180095,0.836103145,0.591904093,4.72550559,4.072124898,5.545077562,5.415424943,6.023966908,6.33318305
113.780176,22.73138012,0.032000326,0.299910482,2.367444508,0.212517268,0.841858232,0.442076072,0.379736409,4.511687875,4.963730693,5.189448118,4.669136047,4.407948911,5.247497618
113.7801997,22.68930834,0.255948893,0.137556966,2.561248264,0.160876154,0.256033345,0.75198731,0.21967565,5.863361239,4.115356922,4.171138048,6.089297771,6.259232879,5.829719663
113.7802187,22.67146088,0.057693685,0.403497721,2.033866453,0.404933371,0.748266469,0.637548639,0.477690101,3.592110217,6.431699157,6.67351079,3.084095299,4.401246369,4.153707206
113.780228,22.69128195,0.137688802,0.214521484,2.380976767,0.237422642,0.700127709,0.848937112,0.665069695,4.649803162,4.766498029,5.342604995,5.870850682,6.107667804,6.223844528
113.7802421,22.730422,0.012911784,0.194807943,2.465408624,0.447431075,0.935180149,0.683813155,0.665829188,4.111155033,5.244855821,5.544335604,4.760423064,5.16691184,6.010815024
113.7802574,22.73235119,0.125309245,0.262021484,2.452535208,0.222712989,0.918926454,0.529981869,0.513059548,4.30125159,4.519990683,5.92074728,3.789730072,4.464674294,5.162120342
113.7802821,22.69983487,0.002514648,0.16569987,2.395035769,0.440204467,0.720762614,0.383310369,0.365419426,4.211666882,5.905365705,5.118329644,4.490873694,5.362508178,5.781156301
113.7802889,22.69027873,0.185216471,0.100159505,2.535370034,0.317169073,0.375204581,0.681537243,0.276384776,4.749851406,4.995430589,4.420637071,5.400052905,5.520331979,6.425043941
113.7803109,22.69225288,0.113351237,0.230161133,2.608451351,0.264655302,0.964206339,0.857776574,0.834670877,5.305253506,4.313592672,5.007975101,5.627691388,5.873452067,6.275470614
113.7803235,22.73139307,0.083282878,0.225802409,2.350577993,0.235642372,0.747310236,0.401813335,0.327291067,4.536250234,5.272590518,5.234397054,5.224698305,5.626307964,5.809331179
113.7803388,22.73332226,0.225118815,0.222749023,2.479203908,0.257248003,0.822273097,0.871785485,0.822273097,3.511423767,5.426173329,6.305471539,4.065636218,4.750101924,6.115334392
113.7803738,22.69124948,0.139772135,0.215935872,2.406517914,0.21684808,0.830266521,0.840771094,0.751888049,5.066910028,3.75186789,4.606388807,6.467966557,5.362024069,6.605725765
113.7803924,22.69322395,0.281186523,0.130135091,2.547966242,0.1707569,0.986044188,0.808703049,0.808703049,5.582373142,4.707217276,4.331520677,5.626209497,5.589920282,5.858064532
113.7803955,22.70780341,0.241336263,0.180491536,2.653575269,0.312686869,0.957235188,0.862014993,0.848968273,4.509066761,3.952751458,5.529647231,5.20078218,5.551714301,6.627165437
113.7803988,22.73740528,0.13476888,0.258655599,2.554399868,0.185599805,0.973671814,0.871215379,0.871215379,5.296596289,4.094917059,5.923079371,4.934946895,5.232087731,6.336319327
113.7804197,22.68631406,0.180844727,0.222254232,2.663572196,0.257392367,0.794688316,0.403639784,0.381609986,4.466027915,5.89946413,4.979191005,3.658460379,5.894499302,6.203019977
113.7804202,22.73429333,0.124625651,0.314116211,2.464024818,0.271382474,0.990280633,0.903677184,0.903677184,3.920083702,4.357633233,5.67179811,4.778125226,4.828214407,6.315533161
113.7804231,22.73236243,0.029910482,0.24452474,2.350191644,0.246010614,0.924161846,0.386083891,0.386083891,4.802075922,4.544479012,5.166205645,3.919871271,5.323266983,4.736767352
113.7804554,22.69222053,0.175206706,0.179428711,2.501497345,0.222382032,0.795103456,0.848258782,0.715503621,5.287940741,4.519278288,4.83822161,5.603169799,6.019119859,6.426462412
113.7804739,22.69419501,0.288419596,0.180489909,2.459350702,0.108428123,0.797831925,0.806557384,0.722128202,5.687681556,4.575511277,3.968314826,5.302189469,6.230933785,4.996340036
113.780502,22.73526437,0.163497721,0.195289714,2.594166065,0.311124762,0.992291669,0.925417718,0.920250577,4.069198132,4.810966671,5.826008558,4.27752167,5.020131946,5.643622518
113.780517,22.69139325,0.129910482,0.195496419,2.365367332,0.230508478,0.57055429,0.881046121,0.57055429,4.857953668,4.171454906,5.667538881,6.219230056,6.083671927,6.241995931
113.7805242,22.73333165,0.03180013,0.295442708,2.376128934,0.319356585,0.795617301,0.727105507,0.680398069,4.118615687,5.190854549,5.935902596,4.2508623,4.54838717,5.692402959
113.7805378,22.69319152,0.269879557,0.130030924,2.431250025,0.166678743,0.939450033,0.849667179,0.800839421,5.569667459,4.318855882,3.901113927,5.443976998,5.639717698,5.864054561
113.7805491,22.72745085,0.245607096,0.149399414,2.691204225,0.328838742,0.991834006,0.669490815,0.669490815,4.599282384,3.700421154,5.708279252,4.72306174,4.129230022,5.399073899
113.7805631,22.6951654,0.178990885,0.23305013,2.432402563,0.193552126,0.895286283,0.885055505,0.859617454,3.956803739,5.529576898,5.210750699,4.978272974,5.058300614,5.327165723
113.780565,22.73751427,0.064996745,0.29313151,2.673328831,0.240754969,0.81901273,0.694374622,0.596896619,4.638690114,4.237482905,5.957641125,5.340358257,4.792126119,5.358428597
113.7805846,22.73623534,0.123671875,0.281315104,2.53422716,0.286390218,0.861566199,0.930208032,0.796514325,4.374486744,4.207829535,5.849193811,4.234954894,4.851248503,5.152826428
113.7805901,22.68241215,0.142407227,0.207838542,2.62277152,0.324502235,0.805629877,0.841983516,0.765288607,4.273503602,3.545660794,4.351032555,5.615323305,5.775231004,6.202666521
113.7805977,22.73429868,0.14265625,0.272360026,2.448589109,0.38613876,0.929560428,0.710716605,0.710716605,4.237931132,4.477231383,5.583698153,3.338348091,4.863256216,5.420532346
113.7806219,22.69416236,0.260864258,0.139355469,2.520260339,0.184462392,0.973694749,0.774707511,0.771877399,5.353146315,4.284943938,3.915902376,5.343535304,5.67850256,5.870540738
113.7806242,22.70427253,0.114811198,0.254928385,2.450929647,0.304378964,0.750663669,0.869911491,0.667836306,3.213871151,5.674996972,5.570458174,4.718355179,5.270965219,5.539799809
113.7806357,22.68248753,0.254228516,0.148235677,2.592995634,0.307356141,0.570067249,0.789665677,0.52938602,4.661906362,4.104463637,4.567801595,4.900609851,5.908122182,6.596687913
113.7806362,22.70413085,0.231666667,0.168972982,2.530239804,0.240845729,0.941986861,0.769832659,0.756015526,3.673157632,4.499106646,5.351625562,3.706053436,4.987762332,5.709180117
113.7806403,22.72751619,0.247464193,0.146420898,2.533528451,0.330632612,0.97068404,0.437912043,0.437912043,4.510812998,3.669015646,5.883092642,4.24944514,4.412345171,5.981916904
113.7806497,22.69613601,0.111702474,0.276739909,2.386391756,0.275122093,0.850409441,0.918586278,0.820948726,4.546439111,4.905369759,5.047454298,5.237943172,4.960723758,5.421004057
113.7806559,22.73527081,0.086842448,0.251103516,2.504931923,0.474139221,0.638842472,0.772496268,0.566646611,4.674489915,4.045254767,5.508507013,4.305358469,4.776314378,6.349717379
113.7806608,22.67768472,0.282799479,0.07379069,2.423049709,0.230070856,0.989215203,0.844305274,0.844305274,5.227165043,4.882771015,4.494330585,5.051193297,5.515399098,5.163161993
113.7806671,22.73720632,0.070813802,0.301070964,2.629231893,0.263916598,0.676126847,0.684322156,0.516025116,4.134554148,4.300610781,6.367509007,5.556674719,4.507160068,6.342266917
113.7807033,22.69145459,0.02648763,0.247434896,2.467307524,0.373971915,0.930342319,0.844573219,0.830388564,4.493630648,4.733526587,5.46919167,5.210303903,5.271687984,5.529636264
113.7807114,22.69513272,0.138618164,0.222172852,2.443905912,0.244371574,0.5997125,0.879246909,0.531230369,4.999262631,4.184888959,5.051965356,6.205919266,5.843168139,6.119666934
113.7807333,22.69710689,0.289075521,0.148507487,2.431875546,0.116732463,0.578024309,0.813389307,0.523761905,4.831917048,4.762459517,4.028799951,5.943834186,6.294956565,5.440557122
113.7807554,22.7362402,0.095732422,0.162154948,2.301603164,0.263905361,0.88950026,0.427778277,0.427778277,3.91274178,3.718799353,5.617348194,4.711201072,5.659128547,5.610650063
113.7807742,22.73817281,0.009900716,0.28637207,2.388729782,0.384219167,0.86262373,0.246414195,0.246414195,4.209375501,5.218563795,5.812774301,4.320713341,5.72471261,5.624623895
113.7807978,22.69610334,0.178530273,0.243219401,2.440918834,0.169896653,0.813960569,0.826146819,0.76082139,4.459419012,4.364722729,4.240230083,5.646713734,6.087115169,6.484527946
113.7808119,22.6778494,0.375636393,0.099731445,2.43613312,0.08144489,0.940179811,0.477672986,0.477672986,5.486764312,4.037739873,3.88582778,5.395991921,6.864067197,6.679067731
113.7808127,22.72159938,0.277483724,0.165782878,2.443964021,0.138645761,0.857995008,0.74022305,0.734389091,5.482831478,3.803883255,4.452662945,4.666309595,5.154804707,5.182406425
113.7808168,22.69807779,0.28742513,0.173017578,2.448186748,0.099025586,0.844472787,0.722698623,0.66318529,4.225049108,4.767445624,4.17074275,5.511914492,5.885286212,5.263541341
113.7808341,22.73914545,0.070061849,0.267776693,2.440652422,0.237162524,0.963390799,0.465330809,0.465330809,4.248326361,4.764063716,5.856501102,4.052519798,5.468825102,6.275968194
113.780846,22.73720984,0.086394857,0.290592448,2.587709933,0.228481208,0.860311142,0.779804393,0.761680883,4.541244984,4.330656469,6.271752119,5.555489659,4.932261109,5.433038354
113.7808814,22.69707423,0.207005208,0.112451172,2.627655005,0.243082636,0.425782838,0.747933795,0.367933799,5.489092946,4.750359416,4.366451502,5.857079864,6.137783527,5.833336473
113.7808915,22.69574956,0.037076823,0.27543457,2.361542005,0.297991809,0.933277757,0.842762932,0.807402637,5.025197744,4.425851166,5.196276426,5.780205846,5.393031716,6.331974745
113.7808977,22.73375636,0.064101563,0.287845052,2.321039643,0.257419466,0.877084128,0.901895841,0.858861638,4.466308355,4.773792207,5.623219132,4.70900166,5.670847416,5.697133183
113.7809003,22.69904868,0.170504557,0.192099609,2.434494874,0.179162028,0.860454718,0.784922046,0.736852794,3.170204401,6.491547108,4.362684906,4.108273387,5.629908323,4.526894093
113.7809174,22.74011633,0.033229167,0.318097331,2.382883093,0.177609373,0.966834819,0.300148021,0.300148021,3.812872291,4.687299788,5.767377257,4.08609879,5.297814608,6.029008746
113.7809208,22.70769192,0.337226563,0.100310872,2.671833095,0.167858032,0.909279373,0.645417536,0.645417536,4.610040903,3.806681573,4.826315165,5.009364486,5.477968812,5.866443872
113.7809301,22.73817638,0.045623372,0.304407552,2.543263136,0.281485813,0.997188119,0.623209085,0.623209085,4.391375959,3.601690233,5.060400844,4.398265421,5.205998182,6.401825547
113.7809616,22.6980454,0.268343099,0.106816406,2.381201561,0.305919844,0.676648673,0.721062642,0.512628602,5.901980519,3.909200788,3.997555435,5.77162993,6.071058512,5.979617
113.7809721,22.69581605,0.036181641,0.292394206,2.228195858,0.308682076,0.901344637,0.930841984,0.879298039,4.387536943,4.709760785,5.39500165,5.061940193,5.634809017,6.341301084
113.7809813,22.73914951,0.077705078,0.202880859,2.494168321,0.310907197,0.906658065,0.589978058,0.52759958,3.903888702,4.489387035,5.669152498,4.034648836,5.480798602,5.487362862
113.7809825,22.70001968,0.080450846,0.288979492,2.428447798,0.245891719,0.976482438,0.589368635,0.589368635,4.067655087,4.882967472,5.285870731,4.920565844,5.311805367,6.321409345
113.7809988,22.72171383,0.273051758,0.183834635,2.482917922,0.140765373,0.662393819,0.941989126,0.624404776,4.857680202,4.145481586,4.351250112,4.416783929,5.36991632,5.486688614
113.7810031,22.74108703,0.036225586,0.348411458,2.109815328,0.342395472,0.628081731,0.498417526,0.389737805,3.346805632,5.77804625,5.647176623,3.983336687,4.633104086,5.307324052
113.7810154,22.71045667,0.25559082,0.100138346,2.749441975,0.225428963,0.98111898,0.757857947,0.757857947,4.972111583,4.673638701,4.17246294,5.643473744,5.430228233,6.445882201
113.7810414,22.6990166,0.095568034,0.216253255,2.308150309,0.247675865,0.798860327,0.812387041,0.724527962,4.89071393,5.218547702,4.49012351,5.429196358,6.04055047,6.06592536
113.7810601,22.70099106,0.236674805,0.163330078,2.548851036,0.187818923,0.959662865,0.890512284,0.884950695,5.40581429,5.508561134,4.0398525,4.986104369,6.237818837,5.718582034
113.7810639,22.68611741,0.04581543,0.151352539,1.984427195,0.363180578,0.631065198,0.304589033,0.090663325,3.791202009,5.323397934,6.149080753,3.855728686,5.305553913,5.441451073
113.7810642,22.7401204,0.100867513,0.199500326,2.142159081,0.186884852,0.994149857,0.438752567,0.438752567,3.80655551,4.95173794,6.107235312,3.96463567,5.11962837,5.514454603
113.7810889,22.74205772,0.015517578,0.359238281,2.209306181,0.125170411,0.911822068,0.491310754,0.491310754,3.652014792,4.606458604,5.673415065,4.18708092,5.277148247,5.474731326
113.7811257,22.69998736,0.126700846,0.216866862,2.488007174,0.242204687,0.808150146,0.760907053,0.700474004,5.098475337,4.532419264,4.356558323,5.973255038,5.389589906,6.342173815
113.7811371,22.7019625,0.215345052,0.259187826,2.459592419,0.093178039,0.985888306,0.863992433,0.863992433,4.588836193,5.396541357,4.101353705,4.357527375,5.261252522,5.721810699
113.78115,22.74109111,0.09418457,0.320506185,2.207399946,0.089058707,0.999952777,0.530787215,0.530787215,4.697323322,4.068418324,5.060178876,4.344616354,5.445097089,5.695421934
113.7811746,22.74302842,0.008990885,0.321274414,2.23150909,0.159915757,0.911688877,0.364988314,0.364988314,3.67140013,5.251288652,6.435434937,4.652774811,5.114609361,5.134730339
113.7811927,22.69981065,0.067705078,0.281031901,2.295187005,0.237390544,0.942280586,0.850150101,0.850150101,4.775578916,4.631404877,4.684225917,5.001280606,5.964446783,6.20916152
113.7812099,22.70095819,0.313191732,0.107275391,2.381295625,0.171780401,0.87978138,0.886494835,0.804783932,5.565971494,4.103057683,3.660935104,5.658121467,5.905145764,6.314639688
113.7812182,22.70293358,0.238216146,0.177718099,2.555412019,0.139471894,0.917937819,0.794163196,0.792279158,4.651153803,4.833306909,4.119519174,5.142129183,5.314223051,6.139077783
113.7812356,22.74206181,0.037296549,0.341700846,2.20337649,0.182693972,0.961627772,0.532828484,0.52694415,3.950749218,5.227172017,5.748798847,3.801189899,5.047157764,5.577951908
113.7812541,22.74399964,0.028256836,0.33265625,2.583068717,0.458968548,0.901978633,0.557870861,0.557870861,3.489961624,4.619852185,5.87477529,4.247099757,4.957335949,5.474197626
113.781291,22.70192929,0.247967122,0.210491536,2.483573866,0.160065912,0.79785954,0.882225879,0.737866978,6.291534185,3.7577824,2.749197662,6.025260925,5.746195793,6.81107533
113.7813045,22.70390423,0.10656901,0.294666341,2.675233577,0.328198532,0.933892989,0.809412165,0.804599234,5.129925132,4.710949838,4.021155179,5.214015722,5.748165131,6.341315031
113.7813214,22.74303251,0.218181966,0.285483398,2.481201789,0.165777821,0.997323601,0.733933238,0.733933238,4.846952677,4.110443532,5.889981031,4.787094653,5.895210147,6.508589387
113.7813235,22.7337268,0.188536784,0.181536458,2.575557791,0.213391449,0.641076376,0.728217204,0.580959187,4.983980417,4.443387866,4.805029035,5.501196861,5.929264307,6.066057682
113.7813326,22.74497096,0.021757813,0.303170573,2.258114527,0.195073029,0.990363349,0.480254254,0.480254254,3.823103964,4.931788445,5.283201218,3.676257253,4.870552659,6.214698672
113.7813659,22.73752415,0.269410807,0.178613281,2.290214965,0.166118513,0.811230021,0.895240092,0.764501906,5.40080595,4.74424994,4.162813425,5.501104951,5.288113356,6.597908378
113.7813672,22.70772989,0.341118164,0.118911133,2.57533071,0.226341211,0.974394919,0.798193317,0.798193317,4.339735985,4.104432285,5.704654932,4.650869906,4.919894099,6.272634029
113.7813721,22.70290039,0.322203776,0.084153646,2.49554604,0.170340658,0.806186284,0.792048324,0.65555042,5.766044855,4.008915663,3.717976928,6.086276174,6.305907249,6.003140211
113.7813903,22.70487492,0.269944661,0.159025065,2.429385805,0.179145411,0.907037419,0.779538452,0.705956509,5.010772824,4.488648176,5.322995782,4.926607013,6.034528255,6.398916006
113.7813915,22.68624224,0.108920898,0.137247721,2.311047354,0.488268984,0.999693431,0.801423847,0.801423847,3.91839844,5.332537889,5.960249603,3.535867721,4.694454908,5.338243842
113.781411,22.74594228,0.017298177,0.342394206,2.230025469,0.280813565,0.994994249,0.38347544,0.38347544,3.885629237,5.496744037,5.97863555,3.193002284,4.879156947,5.036799669
113.7814332,22.74399658,0.015226237,0.33902181,2.170573553,0.542680744,0.786907456,0.634381028,0.582193962,3.943630338,4.477066159,5.819055438,4.516794622,5.090880871,6.265306115
113.7814532,22.70387148,0.133904622,0.218035482,2.488544891,0.256656284,0.960804336,0.667449026,0.660951314,4.924224734,4.045839608,4.608401179,5.000396967,5.403305173,6.275496125
113.7814695,22.70584617,0.316624349,0.110501302,2.415585182,0.130911988,0.552833917,0.865415359,0.495488299,4.678822398,3.945792437,4.17244643,5.728836894,5.546750069,6.128726721
113.7814886,22.69131851,0.001878255,0.183650716,2.030138885,0.404832989,0.775779651,0.826895154,0.700519509,4.818162858,4.156315684,4.731896281,6.068535209,6.074435949,6.480407119
113.7814971,22.74691293,0.007430013,0.36660319,2.000999393,0.140396381,0.91033807,0.268274226,0.268274226,3.576556444,4.497749209,6.018674374,3.893719494,4.380157232,6.177417159
113.7815038,22.74496765,0.168312174,0.291342773,2.386467546,0.163573575,0.954444371,0.644457147,0.636241009,3.536259323,3.954109848,5.593788266,3.874664843,5.111702085,5.442281842
113.781521,22.72737967,0.293172201,0.062747396,2.271288153,0.201814647,0.831369476,0.636858375,0.596352195,5.057140827,4.613568783,5.066486895,5.068855643,5.628327489,5.461289406
113.7815323,22.73763136,0.20503418,0.239155273,2.610687597,0.167718311,0.964439016,0.911145542,0.903089683,4.80916965,4.115922332,4.280994117,4.715421617,5.047197461,5.958521366
113.7815384,22.70484223,0.177950846,0.193806966,2.454320963,0.165272074,0.955728756,0.804402211,0.791052878,4.015658379,4.752156615,5.026266575,5.11126703,5.185886025,5.685266733
113.7815485,22.70681744,0.288894857,0.138556315,2.429125438,0.158328916,0.700461305,0.893064809,0.633124635,4.544505835,4.162298322,5.002526283,5.264541864,5.243261874,5.402433991
113.7815616,22.68233544,0.098181966,0.223531901,2.399676071,0.219771845,0.731315655,0.695703618,0.651320544,4.377151966,3.565341532,4.167348146,5.794616818,5.295663357,6.537810922
113.7815628,22.74594034,0.04511556,0.359949544,2.225357892,0.15984751,0.890079609,0.51481142,0.510795695,4.059693038,4.712843955,6.146638513,4.391324759,5.348665118,5.953467607
113.7815865,22.7478833,0.232277018,0.271624349,2.369173828,0.120759032,0.727532153,0.876660727,0.644842466,5.024363339,4.517372012,5.337488174,4.912975192,4.966316104,5.114038825
113.7815957,22.70419697,0.045242513,0.327299805,2.225794715,0.164189352,0.707016368,0.804201215,0.658032058,4.054247618,5.310466766,5.9144876,5.213893175,4.38257432,5.48611033
113.7816068,22.6824065,0.175030924,0.208429362,2.474525586,0.211320218,0.788247568,0.833481946,0.756760444,4.625759006,4.325490296,4.327304482,5.140456319,5.750534654,6.460438132
113.7816082,22.70406215,0.056435547,0.33055013,2.652763009,0.212919411,0.912621685,0.701677256,0.701677256,5.18211627,5.202364922,4.741047382,5.666631937,5.431686461,6.019607067
113.7816123,22.72744685,0.29843099,0.100480143,2.328042027,0.151891467,0.551629723,0.589148517,0.439992927,4.939596057,3.587257445,4.556474149,5.834970355,5.590181708,5.75388813
113.781617,22.70581352,0.129357096,0.152472331,2.513996958,0.311055324,0.139316858,0.699892396,0.139316858,4.109285474,4.247077286,5.009549201,6.502270579,6.461065173,6.204742432
113.7816262,22.7077888,0.170445964,0.249754232,2.380555507,0.142664905,0.925776401,0.859402455,0.828243572,3.684494019,4.0966115,4.288931429,5.795460105,5.424700737,6.127154827
113.7816351,22.67770216,0.403782552,0.097651367,2.201990759,0.100950317,0.996337308,0.86360627,0.86360627,5.606061697,5.148319483,4.270624697,5.621913671,4.721840322,5.893226266
113.7816434,22.74691138,0.130833333,0.383144531,2.367218192,0.154137885,0.99620864,0.804769191,0.804769191,4.048256874,4.759709477,5.978112698,3.476179004,5.023151994,5.350195169
113.7816677,22.74885436,0.059306641,0.292467448,2.535273462,0.263176847,0.941961205,0.875869536,0.860032148,3.962250769,5.247518539,6.425416946,4.166309476,3.878546238,5.054420233
113.7816699,22.74872183,0.023816732,0.296728516,2.460135193,0.270260152,0.959636278,0.694135936,0.694135936,3.910874665,5.363018274,6.574198604,5.49373877,4.543237507,6.491387844
113.7816741,22.69137074,0.00117513,0.165535482,2.124983063,0.413582156,0.632461957,0.520796079,0.434000007,4.164206803,4.148764312,6.346323013,6.153127193,6.494686723,6.695661187
113.7816953,22.70678485,0.282376302,0.158282878,2.441952371,0.162133683,0.733678669,0.822478456,0.623298176,4.884049177,4.258775473,4.219106674,5.720298886,5.852662683,6.453675508
113.7817109,22.70875956,0.280909831,0.161388346,2.439332595,0.111850089,0.858538546,0.633194602,0.599759895,5.40659982,4.0353145,5.42237699,5.740116835,5.66790545,5.76953578
113.7817328,22.74788175,0.1778125,0.341077474,2.375607029,0.154109358,0.996725366,0.837490847,0.837490847,4.412501097,4.941629171,5.779826641,3.648533225,4.521924555,5.052224159
113.7817446,22.7498258,0.121040039,0.213038737,2.421369236,0.232786968,0.929874387,0.897954781,0.852807087,4.191680491,4.559728444,4.70910418,4.575968862,6.094095111,5.558596611
113.7817759,22.70775595,0.182955729,0.229995117,2.4853552,0.155771823,0.870315682,0.83248709,0.807868342,4.447199345,4.682296991,5.412350178,5.565011859,5.7561059,5.840890884
113.7817862,22.67786588,0.426170247,0.077620443,2.3323579,0.089708489,0.841830931,0.675642607,0.654816467,6.754739404,4.098849237,3.492719531,5.000249147,5.982835531,6.447639346
113.7817867,22.72156707,0.207685547,0.270530599,2.474410328,0.130662609,0.967193385,0.783790122,0.783790122,4.61810714,4.475214481,4.462374687,4.398008943,5.106180668,4.931464076
113.7818159,22.74885266,0.085242513,0.279601237,2.731588064,0.259866674,0.874796082,0.655013152,0.655013152,3.792107105,4.668567955,6.161353946,3.957438946,4.239323914,5.514660954
113.7818261,22.75079685,0.125250651,0.323883464,2.40926482,0.117499278,0.994152507,0.863066775,0.863066775,4.733375132,5.201674223,5.233794332,4.680373669,5.469208121,4.830549479
113.781859,22.70872685,0.25706543,0.205877279,2.406369746,0.090511357,0.281253808,0.554204982,0.281253808,5.282929778,4.262065947,4.224093318,6.576309919,5.967288733,6.166145563
113.7818635,22.69567929,0.113621419,0.172390951,2.388669949,0.301386789,0.510783232,0.817017735,0.423307277,4.186218917,5.513263702,5.438756585,4.358441591,6.047433615,5.900701284
113.7818638,22.73388406,0.221876628,0.135651042,2.38853687,0.221814865,0.820937088,0.850978772,0.781395461,5.266640782,4.246413767,4.451943219,5.3146106,5.580323815,5.701761246
113.7818916,22.7498242,0.138390299,0.24254069,2.465074074,0.18494249,0.894080473,0.868030003,0.805116896,4.814294815,4.591210842,4.326600194,5.183342099,6.235546112,6.02568543
113.7818925,22.70761843,0.161819661,0.222504883,2.644783293,0.242595967,0.815040444,0.822670283,0.731295854,4.198014915,3.76128161,4.350020826,5.466639757,5.368635178,7.100658178
113.7819279,22.69967556,0.325182292,0.089633789,2.625751957,0.191373804,0.672927121,0.473647597,0.417076452,5.362875819,4.010534883,4.822762549,5.998834014,5.316010714,6.424394488
