poiid,title,lon,lat,address,describe,lon_wgs84,lat_wgs84,geometry
B2094253D269ABF5489D,宝安西湾红树林公园-2号观海台,113.8371856,22.5863497,西湾红树林公园,,113.8321942,22.58932548,POINT (113.83219422318327 22.589325483759527)
B209425DD66DABF4459D,贵州人家,113.838568,22.590339,规划一路与文昌路交叉口东北20米,,113.8335801,22.59331685,POINT (113.83358005269628 22.59331684587142)
B2094250D268ABFB419E,西湾红树林公园-观海平台,113.832126,22.594978,金湾大道旁西湾红树林公园内,,113.8271205,22.59794317,POINT (113.82712048557254 22.59794316809577)
B209425CD16BA3FC4193,我侬桥,113.830912,22.597843,金湾大道旁西湾红树林公园内,,113.825903,22.60080548,POINT (113.82590302783944 22.60080548129492)
B209425CD76CA4F5429C,蓝姐螺蛳粉(深圳固戍店),113.8420325,22.598818,西乡街道南昌社区南昌旧村A区2号101-102,,113.8370532,22.60180107,POINT (113.83705317212012 22.601801065404505)
B2094751D36DABFF4192,公鸡和龙(南海玫瑰花园一期店),113.9209613,22.4844519,望海路91号南海玫瑰园1期108号铺,,113.9161046,22.48749882,POINT (113.91610456156619 22.48749882284587)
B2094357D36BA2FA4898,LA MAISON公鸡和龙(蛇口店),113.9210285,22.4844945,望海路1903-10号（南海玫瑰花园1楼）,,113.9161717,22.48754137,POINT (113.91617174478694 22.48754136565793)
B2094252D56FA5F8419B,欢欢贝果HHBAGELS(南海玫瑰花园二期店),113.9244973,22.485159,望海路1103-33南海玫瑰园二期,,113.9196395,22.48820262,POINT (113.91963948221637 22.488202623696136)
B2094257D769A6F54193,胖子牛蹄店,113.9305519,22.48525,湾厦路42-3号(东角头地铁站A口步行120米),,113.9256909,22.48828668,POINT (113.92569093073934 22.488286677079078)
B2094757D16BA6FD4893,牛家庄牛肉面(蛇口老街),113.9279018,22.4857287,蛇口老街88号(东角头地铁站A口步行360米),,113.9230424,22.48876862,POINT (113.92304238909622 22.488768620233085)
B2094354D56AABF8419C,嘉华小吃(蛇口市场店),113.9279723,22.4858272,蛇口街道渔村路1号之二(东角头地铁站A口步行320米),,113.9231128,22.48886704,POINT (113.92311284487421 22.48886703883176)
B2094251DB69A2FE489D,ZMAX HOTELS(深圳南山海上世界蛇口店),113.92676,22.486061,蛇口街道蛇口老街统建一号楼116-2号,,113.9219012,22.48910222,POINT (113.92190115134713 22.489102223618527)
B209425DDB69A2FE4598,ZMAX酒店(深圳南山海上世界蛇口店),113.9267722,22.4861213,蛇口老街116-3号,,113.9219133,22.48916251,POINT (113.92191334164028 22.489162510483723)
B2094652DB6AAAFA469B,益康堂鱼仔码头港式风味餐厅,113.931455,22.486275,蛇口街道蛇口新街58号(东角头地铁站B口步行200米),,113.9265934,22.48931051,POINT (113.92659335033619 22.489310511790283)
B2094757D16EA5F84693,东角头(地铁站),113.931149,22.486325,(在建)13号线二期南延;2号线(8号线),,113.9262876,22.48936091,POINT (113.92628756005246 22.48936091374572)
B2094750D26CAAF8469D,春满园山海轩店,113.91207,22.48602,沿山路1-4,,113.9072131,22.48907276,POINT (113.9072131126254 22.48907276333167)
B2094750D46CA6F4499B,2046湘味厨房,113.91415,22.48626,南海大道1019-9,,113.9092935,22.48931172,POINT (113.90929345039241 22.489311721875463)
B2094352D46CA2FA499F,兴启料理店,113.9152453,22.4870962,深圳市南山区招商街道水湾社区太子路71号振兴大厦A101,,113.9103888,22.4901473,POINT (113.91038879978174 22.490147299693515)
B2094253D565A6FE4399,啫苑.头牌啫啫煲(蛇口店),113.9160792,22.4872666,太子路83号(海上世界地铁c出口直走20米),,113.9112227,22.49031719,POINT (113.91122272798593 22.490317186347866)
B2094356D06AA3F9439F,胜华记传统干蒸-鸡煲(蛇口店),113.9160555,22.4872896,太子路与工业三路交叉口北20米,,113.911199,22.4903402,POINT (113.9111990258933 22.490340201540334)
B209425CD56EA2FA479A,Ruby瑰宝酒店(深圳蛇口海上世界水湾地铁口店),113.919007,22.487373,蛇口康乐路1-1号(水湾地铁站D口步行240米),,113.9141504,22.49042153,POINT (113.9141503927512 22.490421532321623)
B2094750D164A0FE419D,汉庭快捷深圳南山海上世界店(原深圳蛇口店),113.9163324,22.48739,南山区蛇口太子路59号,,113.9114759,22.49044042,POINT (113.91147594909174 22.49044042012507)
B2094253D368ABF8409F,头牌小厨.蛇口大排档,113.91564,22.487399,招商街道水湾社区太子路83号发胜大楼107-6,,113.9107835,22.49044986,POINT (113.9107835033162 22.490449861979766)
B2094252D269A3F5459F,无尽夏花园餐厅,113.91848,22.487585,蛇口南海意库6栋,,113.9136234,22.49063393,POINT (113.91362343298155 22.490633931922382)
B2094253D26FA3F8489D,南山顶,113.904658,22.487785,南山公园,,113.8997981,22.49083991,POINT (113.89979805696059 22.49083991031942)
B2094257D165A7FB429F,平安银行深圳东角头支行,113.93117,22.48652,蛇口新街62,,113.9263085,22.48955589,POINT (113.92630853329004 22.489555887715962)
B2094257D06BA2FB4292,佳俊八宝牛杂(公园南路南水步行街店),113.9295558,22.4865238,南水步行街南水路38号,,113.9246954,22.48956174,POINT (113.92469538589393 22.48956174056126)
B209445DDB6BA1FE409C,哥达斯酒店(深圳蛇口海上世界店),113.9259,22.4866,石云路3号(龙宫VIP会所4-5楼),,113.9210415,22.48964217,POINT (113.92104151611785 22.48964216932878)
B209425CD068AAFE4992,不止面包,113.9214424,22.4867918,蛇口街道海昌街92号不止面包,,113.9165854,22.48983833,POINT (113.91658540848783 22.48983832530181)
B2094252D169A5F5459C,老字号蛇口德记烧腊饭店,113.9283523,22.4868823,南水路55号(原南水步行街),,113.9234926,22.4899217,POINT (113.92349256947027 22.489921699722675)
B2094251D26CA6FB4498,待续茶人,113.9262438,22.4869857,石云路3-4号兴业银行旁,,113.9213851,22.4900275,POINT (113.92138513660083 22.49002749934357)
B209445CD06DA3F5429A,回味轩光明乳鸽,113.9302,22.48701,蛇口新街86,,113.9253391,22.49004714,POINT (113.92533914955142 22.490047138141687)
B2094354D468A4F94698,幸福甜铺(蛇口德隆广场店),113.927693,22.487257,蛇口街道南水路100号(东角头地铁站A口步行310米),,113.9228336,22.49029717,POINT (113.92283360401059 22.490297173228086)
B2094356D569A6F4419C,茶百道(东角头店),113.9298624,22.48733197,后海大道东角头D出口102商铺,,113.9250017,22.49036953,POINT (113.92500172254614 22.49036953072808)
B2094354D76BA4FE499A,汉庭优佳酒店(深圳蛇口东角头地铁站店),113.926023,22.487474,蛇口街道蛇口荣村工业园H栋3-5层,,113.9211644,22.49051604,POINT (113.92116440615818 22.49051604220227)
B2094256DB6DA3FE439A,蛇口海洋科普馆,113.926967,22.487666,蛇口大厦副楼(东角头地铁站A口步行460米),,113.9221079,22.490707,POINT (113.92210794903049 22.490707002650296)
B2094254D56AABFD459E,百草堂祖传凉茶铺,113.928505,22.487764,蛇口新街207号(蛇口影剧院对面),,113.9236451,22.49080322,POINT (113.9236451280498 22.490803223676185)
B209425CD56DA5FD459F,林鲜记鸡煲店,113.928351,22.4877917,蛇口新街199号翠苑小区底层商铺4至5号,,113.9234912,22.49083111,POINT (113.92349121288488 22.49083110668527)
B2094757D16CA4FC4799,蛇口康乐快餐鱼仔档(翠苑小区店),113.9282689,22.4879099,蛇口新街219号,,113.9234092,22.4909494,POINT (113.92340915114002 22.490949404370216)
B209445CD06CA1F4489A,家焙幸福(东角头店),113.92949,22.48801,蛇口新街北渔村路82号,,113.9246295,22.49104803,POINT (113.92462953257653 22.491048030840854)
B2094554D469A7FF489F,包师傅(东角头店),113.92921,22.48807,蛇口街道蛇口石云小区大门口左侧2号,,113.9243497,22.49110837,POINT (113.92434969826085 22.491108374897628)
B2094252D46CA0F5499C,优私健身工作室(东角头店),113.935135,22.488131,渔村路蛇口东角头合欢大厦A1栋4层403房,,113.9302703,22.49116138,POINT (113.93027033796048 22.49116137959108)
B209425CD165A6F9479D,新螺说螺蛳粉,113.9196769,22.4882559,招商街道水湾社区兴龙大厦一层76-2号铺,,113.9148201,22.49130391,POINT (113.9148201497503 22.491303912570555)
B209445DD26BA4FB4099,光明乳鸽(蛇口水湾店),113.920415,22.488279,广东省深圳市南山区招商街道太子路92-7号长青购物广场,,113.9155581,22.49132641,POINT (113.9155581270567 22.491326411440802)
B2094354D668A1FA4793,四季甜糖水屋,113.9280895,22.4882882,蛇口新街124号(东角头地铁站D口步行300米),,113.9232298,22.49132792,POINT (113.92322982607152 22.491327917304922)
B2094251DA6EA3F94498,冬阴功(蛇口店),113.9197368,22.48828,太子路兴龙大厦1栋1层(水湾地铁站),,113.91488,22.49132796,POINT (113.9148800393683 22.491327964805134)
B2094357D46FABF9409E,四季甜糖水屋·牛奶冰(蛇口店),113.9281067,22.488297,蛇口街道新街124-2号,,113.923247,22.4913367,POINT (113.92324701611236 22.491336697171512)
B209425DD565ABFB4498,蛇口吴记·脆皮鸡·生蚝鸡煲(蛇口店),113.928464,22.488544,蛇口新街112号,,113.9236041,22.49158328,POINT (113.92360410205023 22.491583276260357)
B2094251D76DA5FD499A,红树湾公园,113.9263959,22.4887868,广东省深圳市南山区福田红树湾公园,,113.9215371,22.49182844,POINT (113.92153705165912 22.49182844127079)
B2094255D46FA0FA469F,蘩楼(蛇口大厦店),113.926824,22.488808,蛇口新街152号白云路与蛇口新街交汇处(蛇口大厦对面),,113.9219649,22.49184917,POINT (113.92196494717946 22.49184916825455)
B2094554D568A0FC489D,广州肠粉(湾厦村店),113.9347416,22.4899645,蛇口街道后海大道东角头厂房D21/F/03-A2,,113.9298772,22.49299546,POINT (113.9298771611899 22.492995463651777)
B2094253DB68A6F94093,食颐水牛奶糖水铺,113.9251357,22.489997,蛇口街道大铲社区公园路52号,,113.9202773,22.49303999,POINT (113.9202773271091 22.49303999472271)
B2094356D06DA6F8439F,老顾客煲仔饭(蛇口店),113.9242624,22.49039998,"招商路140-1号（水煮鱼乡旁,中国银行对面）",,113.9194043,22.49344387,POINT (113.91940430396306 22.493443869551978)
B2094253D66BA4FA4593,老顾客煲仔饭,113.9242098,22.4904673,招商街道招商路140-1,,113.9193518,22.49351124,POINT (113.91935175416106 22.49351124162183)
B2094253D76BA6FE419A,YKaring云今酒店(深圳蛇口海上世界店),113.9276916,22.490793,蛇口街道雷岭社区花果路36号米兰公寓1期,,113.922832,22.49383319,POINT (113.92283198190303 22.493833187950813)
B2094257D76BAAFC479C,南山公园-齐天亭,113.904544,22.487903,南山街道荔湾社区别墅路8号南山公园内(南侧),,113.899684,22.49095792,POINT (113.8996839838093 22.490957924621494)
B209425CD664A1FE459A,四海之家(蛇口店),113.917398,22.490107,招商街道蛇口荔园路5号水湾公交站旁,,113.9125413,22.49315672,POINT (113.91254134225332 22.49315672055794)
B2094356D764A2FA439E,福顺小馆,113.9184813,22.491504,招商街道水湾社区荔园路9号102-3,,113.9136245,22.49455294,POINT (113.91362448599234 22.494552942785518)
B2094355D26EA5F8439A,Fuego手工意面·木火碳烤餐酒吧(GnG创意社区店),113.9184511,22.4918247,荔园路9号G&G创意社区南区一樓（正門拐左黑色雨棚）,,113.9135943,22.49487367,POINT (113.91359426845666 22.49487366529614)
B2094252DA64ABF44198,gaga(蛇口GG创意园GARDEN店),113.9189213,22.4925559,招商街道水湾社区荔园路9号201,,113.9140644,22.49560451,POINT (113.91406437587365 22.49560451069024)
B2094351D76EA7FB4798,大南山,113.9054676,22.4940949,蛇口招商街道别墅路8号,,113.9006077,22.4971497,POINT (113.90060770841866 22.497149703935992)
B2094356D368A7FC429E,南山公园-南山观景台,113.9065976,22.4951177,蛇口招商街道别墅路8号南山公园,,113.9017382,22.49817229,POINT (113.90173821873249 22.49817229260028)
B2094256D168A6FB419E,南山观景台,113.906591,22.495158,南山街道荔湾社区别墅路8号南山公园,,113.9017316,22.49821259,POINT (113.90173161301225 22.498212593798264)
B2094351D069A1FC4693,大南山日落观景台,113.9021473,22.4952465,沿山路28号,,113.8972853,22.49830158,POINT (113.8972852976538 22.498301581420424)
B2094253D36DA2FC499C,大南山紫园,113.8979823,22.4958715,前海荔湾沿山路28号(荔湾地铁站B口步行490米),,113.893117,22.49892625,POINT (113.89311697329425 22.498926248242473)
B209445CD365A4F5419B,洞庭湖湖南农家菜,113.927396,22.4908989,招商路与花果路交汇处米兰公寓一楼9号铺,,113.9225365,22.49393943,POINT (113.9225365291761 22.49393942761173)
B2094652DB6BA3F84992,广州肠粉,113.9269217,22.4917842,花果路雷公岭54号,,113.9220624,22.49482526,POINT (113.92206241181536 22.494825264895887)
B2094253D46DABFB429F,广州肠粉(花果路店),113.927073,22.4917889,花果路54号,,113.9222136,22.49482979,POINT (113.92221363660796 22.49482979475243)
B2094557D469A4FE459F,兰兹酒店（深圳蛇口店）（原蛇口海上世界店）,113.92588,22.493471,蛇口花果路72号,,113.9210211,22.49651321,POINT (113.92102109198892 22.496513207031757)
B2094653D26FA7FB4993,东角头社区健康服务中心,113.935262,22.494615,工业七路3-14号,,113.9303968,22.4976452,POINT (113.93039681811388 22.497645195456794)
B2094554D06CABFC4792,蔡记汕头鲜牛肉火锅(近海店),113.932282,22.498519,招商街道近海路69号,,113.927419,22.5015534,POINT (113.92741898143703 22.50155339640846)
B2094255D06FABF54598,深圳市大城小舍酒店式短租公寓(南油店)(南山公园-海关登山口分店),113.92108,22.4995,深圳南山区深圳南山新一代国际酒店公寓,,113.9162223,22.50254682,POINT (113.91622228841341 22.502546817436947)
B2094354D56FABF4409B,B家宠物友好咖啡店,113.9225413,22.4998667,招商·花园城三期西区东门西北50米,,113.9176832,22.50291221,POINT (113.91768320165801 22.502912207429354)
B2094354D36BA0FD4192,马记永·兰州牛肉面(花园城购物中心南区店),113.923081,22.5008864,南海大道1090号City花园城G层G001,,113.9182227,22.50393139,POINT (113.91822267727554 22.503931389166127)
B2094352D56CA5F8479D,庄周过水鱼(美年广场店),113.9213221,22.5019931,南海大道1115-4号美年国际广场1栋105室（近12号线四海地铁站E口）,,113.9164642,22.50503968,POINT (113.91646417809807 22.505039677849947)
B2094252D064A2F8409D,深圳前海湾保税港区(妈湾大道),113.875336,22.486418,妈湾大道27号附近,,113.8704402,22.48945852,POINT (113.87044019685426 22.489458520000902)
B2094251DB69ABFE439C,小南山公园-南山妈祖庙,113.884746,22.49022,小南山公园内(北侧),,113.8798654,22.49326886,POINT (113.87986543564443 22.493268864043767)
B2094652DB6AAAFE439E,前海湾物流园,113.884892,22.496637,月亮湾大道1075号,,113.8800112,22.49968595,POINT (113.88001124326696 22.49968595366496)
B2094652DB69A2FB449B,招商局前海湾保税物流中心,113.8783416,22.4997869,临海大道59号,,113.8734503,22.5028304,POINT (113.87345026249623 22.502830402534244)
B2094652DB69A2FB4498,赤湾集装箱码头有限公司CCT前海1号堆场,113.87268,22.50055,广东省深圳市南山区南山街道妈湾大道96中国海油松湖加油站(妈湾大道),,113.8677783,22.50358758,POINT (113.8677783402221 22.503587578605536)
B2094753DA6CA2FE419F,前海湾花园一二期,113.889,22.5016,深圳市南山区前海湾汽车物流园区,,113.8841246,22.50465147,POINT (113.8841245553696 22.50465147306514)
B2094250D36FA7F9449E,前海湾保税港区,113.87661,22.503056,前海湾临海大道53号,,113.8717154,22.50609777,POINT (113.87171543624169 22.506097767363247)
B2094757DB69AAF9469D,前海湾花园,113.8865393,22.5095448,港城路62号(妈湾地铁站A口步行150米),,113.8816601,22.51259467,POINT (113.88166006849573 22.512594668639537)
B2094252D76DAAFB459E,前海湾花园一期,113.8858262,22.5096989,港城路(妈湾地铁站A口步行120米),,113.880946,22.5127483,POINT (113.88094595931285 22.51274829772115)
B2094554D064A7F4479B,前海湾,113.869869,22.515177,广东省深圳市南山区,,113.8649609,22.51821094,POINT (113.86496089886597 22.518210937515022)
B2094652DB6AA1F9469A,南山公园海关登山口,113.9178412,22.4971683,深圳市南山区沿山路8号南山公园,,113.9129841,22.50021769,POINT (113.9129840762751 22.500217690664766)
B2094252D469A0FC4092,集寿亭,113.9090312,22.4981014,别墅路8号南山公园内(东北角),,113.9041727,22.50115533,POINT (113.90417266198725 22.501155332743515)
B2094252DB64A6F84799,京鼎香铜锅涮羊肉,113.9193012,22.4992771,沿山路71-6号(四海地铁站F口步行390米),,113.9144438,22.50232538,POINT (113.91444380701886 22.502325380239135)
B2094652DB6AA1FE499A,深圳南山青青世界,113.900515,22.499324,月亮湾青青路1号,,113.8956515,22.50237901,POINT (113.89565154901796 22.50237901220918)
B2094257D46FABFA4892,祝寿亭,113.911271,22.4994369,南山公园内(东北角),,113.9064131,22.50249,POINT (113.90641307646739 22.502489995652283)
B2094253D468AAFB4593,tpd甜品店,113.915527,22.501799,招商街道工业八路303号壹栈人才公寓门口商铺-tpd甜品店,,113.9106696,22.50484988,POINT (113.9106695903712 22.50484987748118)
B2094554D365A2F84598,十二道海味,113.896138,22.5019522,南山街道港城路中海阳光玫瑰园3栋102铺,,113.8912706,22.50500651,POINT (113.89127058043792 22.505006505158146)
B2094253D46AA1FF489F,十二道海味(中海·阳光玫瑰园店),113.8961321,22.501953,南山街道港城路中海阳光玫瑰园3栋102铺,,113.8912647,22.5050073,POINT (113.89126467467099 22.50500730368148)
B2094252D56DA0FC4898,南山公园-八号登山口,113.9126045,22.5031069,别墅路8号南山公园内(东北角),,113.9077466,22.50615935,POINT (113.9077466466756 22.506159350909506)
B2094354D56DA7FF4792,大南山公园荔林登山口,113.9056296,22.5066186,东滨路357号-359号荔林公园内(西侧),,113.900769,22.50967323,POINT (113.90076900520246 22.509673234638104)
B2094357D264A7FF4792,渔悦荟·中山脆鲩鱼火锅(南山店),113.9236724,22.5020755,南海大道1090号招商花园城L4层,,113.9188138,22.5051199,POINT (113.91881381092126 22.50511990373735)
B209445CD06CA4FA4492,光明乳鸽,113.921196,22.502443,广东省深圳市南山区招商街道兴工路8号龙电花园B区,,113.9163381,22.50548968,POINT (113.91633807779328 22.50548968117936)
B2094554D468A5FB489E,老刘家椰子鸡南山信和店,113.924575,22.5057575,粤海街道南海大道2088信和购物广场二层L2-12号商铺,,113.9197159,22.50880094,POINT (113.91971585458278 22.508800944052215)
B209425DD26AAAFC499C,米煮鲜毋米粥(永新汇店),113.9193469,22.5093545,东滨路永新汇1号楼3层301(南油西站C出口),,113.9144889,22.51240258,POINT (113.91448886591023 22.51240257600544)
B2094757D66DA6FD4598,天长地久南山白金婚礼宫殿,113.9323807,22.51037025,深圳后海大道后海办公楼(近蔚蓝海岸)??,,113.9275168,22.51340432,POINT (113.9275168304883 22.513404316243914)
B209425CD465ABFE489D,记忆串城烧烤(南油店),113.9286933,22.5110881,粤海街道南油生活B区73南商路71-73栋108号,,113.9238319,22.51412686,POINT (113.92383185004998 22.514126860913578)
B2094652DB6AABFD4193,北京师大南山附属学校小学部,113.9347998,22.511127,广东省深圳市南山区粤琴二路19号,,113.929934,22.51415763,POINT (113.92993397631489 22.514157631163112)
B2094356D768A0F8409A,脆鲜生-脆鲩鱼火锅-来福士广场店,113.9255057,22.5116549,广东省深圳市南山区南山街道登良社区南海大道2163号深圳来福士广场F4,,113.9206458,22.51469724,POINT (113.92064580787736 22.514697244844125)
B209425DD36DABF9499C,HULU面屋(汉京国际店),113.9239424,22.5118638,登良路23号汉京国际正门右手第二间铺,,113.9190831,22.51490774,POINT (113.9190831008532 22.514907739944928)
B2094354D465A0FB4899,客家本色·新山野(来福士店),113.9246419,22.5120769,公园道大厦B座,,113.9197823,22.51512013,POINT (113.91978233053077 22.51512013141578)
B2094253D66AA6FB4193,朱光玉火锅馆(深圳南山店),113.923519,22.521044,南山街道南光社区海德二道411号,,113.9186593,22.52408805,POINT (113.91865926603508 22.524088052718778)
B209445CD36BA2F8449E,广州肠粉,113.92363,22.52106,海德二道409号,,113.9187702,22.52410394,POINT (113.91877022804843 22.524103944121418)
B209425DD06AA5FA469B,Sopoong笑风韩国料理(山东大厦店),113.9287526,22.5216157,南山街道南光社区南海大道2309号山东大厦假日酒店主楼2层,,113.9238905,22.52465404,POINT (113.92389045167324 22.52465404476915)
B2094354D36BA0F94892,哥二广西米粉店,113.9233242,22.5218854,南油第四工业区7栋1楼(南山地铁站C口步行160米),,113.9184645,22.52492961,POINT (113.91846447643255 22.52492960758976)
B2094253D665A3F44693,鸟鹏烧鸟居酒屋(南光路1号店),113.9276071,22.5219815,南山街道南光路122-7号,,113.9227456,22.52502118,POINT (113.92274555948426 22.52502117786481)
B2094250D368ABF94199,鸟鹏烧鸟居酒屋(南光路1号店),113.9276076,22.521988,南山街道南光路122-7号,,113.9227461,22.52502768,POINT (113.92274605881214 22.525027677027435)
B209445DD268A2FE499C,麦当劳(滨海大道得来速餐厅),113.923691,22.523972,南山区滨海大道东南区地景坡地南面,,113.918831,22.52701577,POINT (113.91883102377237 22.527015765279046)
B2094256D26AA1F9419F,江味龙虾馆(南山店),113.9227217,22.524722,南山大道2009号亿利达综合楼一层,,113.917862,22.52776666,POINT (113.917861982358 22.527766659674597)
B2094250D368ABFB489E,靓靓蒸虾(南山店),113.9225293,22.5247677,桂庙路46号(南山地铁站H出口),,113.9176696,22.52781254,POINT (113.91766963486297 22.52781253666477)
B2094350D164ABF8449F,湛记佬海鲜(南山店),113.922627,22.5247812,桂庙路40号(停车场请导航亿利达村停车场),,113.9177673,22.52782595,POINT (113.91776730610636 22.52782594538422)
B209475CD16EA2FE469D,前海湾健康水会,113.914388,22.52189449,前海路88号北头商厦东方山水酒店1-5楼(近南园小学),,113.9095293,22.5249455,POINT (113.90952925162632 22.52494549619367)
B2094253D26CA5F5449B,郑氏宗祠(桂庙路),113.917345,22.523796,广东省深圳市南山区向南西街66号,,113.9124862,22.52684508,POINT (113.91248622059604 22.526845076092155)
B209425CD46FA1F8499C,深圳图书馆前海湾分馆,113.9007096,22.5268084,南山区梦海大道5073号前海国际人才港2-3层,,113.8958446,22.52986264,POINT (113.89584456399338 22.52986264355133)
B2094354DA6AAAFC4593,长安亭院重庆火锅(深圳总店),113.918623,22.5271288,南新路2081号（锐斯特酒店旁边）,,113.9137639,22.5301768,POINT (113.91376392705344 22.53017680422111)
B209425CDA6FA6FE419B,长安亭院火锅(深圳店),113.918652,22.52718,南新路2081号,,113.9137929,22.53022798,POINT (113.9137929210208 22.530227980024815)
B2094351DB6DA4FB459C,肉贼黑金热卤面馆,113.9185168,22.5277911,广东省深圳市南山区南山街道南新路2085号,,113.9136577,22.53083915,POINT (113.91365769519113 22.530839152205616)
B209425DD669A6FA4698,深圳康莱德酒店·胤呈中餐厅,113.897126,22.5278526,听海大道5001号(桂湾地铁站E口步行460米),,113.8922579,22.53090633,POINT (113.89225788116954 22.530906331906333)
B2094253D66AA0F44692,汕佬头黄牛坊,113.9163812,22.5280459,学府路153-3号,,113.9115222,22.53109543,POINT (113.91152216331895 22.531095429676828)
B2094454D368A3FB469C,百年意式咖啡,113.91568,22.52844,学府路220-13,,113.9108209,22.53148995,POINT (113.9108209181853 22.53148995477699)
B209445CD06DA1FB4499,顺德佬(学府店),113.9121037,22.528454,学府路西312号天朗风清家园A栋裙楼二楼,,113.9072441,22.53150587,POINT (113.90724414526495 22.531505874291263)
B2094252D464ABFB469F,对面川菜馆,113.926285,22.525013,南山街道桂庙路22号向南瑞峰花园一楼104(瑞峰幼儿园旁菜鸟驿站隔壁),,113.9214239,22.52805403,POINT (113.92142391976702 22.52805403352679)
B2094250D368AAFF449B,合气屋居酒屋,113.92292,22.525204,南山大道2009号亿利达村3栋112,,113.9180602,22.52824845,POINT (113.91806019301318 22.528248452148944)
B2094256D46DA7FA469D,合气屋·居酒屋,113.9228985,22.5252387,南山大道亿利达村3栋(南山地铁站H口步行170米),,113.9180387,22.52828317,POINT (113.91803869730464 22.52828317087819)
B2094252D068AAF9419F,家里头·潮汕味道(亿利达村店),113.922894,22.5255176,南山大道2009号亿利达村3栋107铺,,113.9180342,22.52856206,POINT (113.91803418106251 22.528562062636635)
B2094652DB6AA2FC499F,南山钟表翡翠博物馆,113.92108,22.52573,南山区常兴路,,113.9162206,22.52877609,POINT (113.91622063449918 22.5287760888191)
B209445CD06CAAFB439E,顺德佬酒楼(学府东店),113.9282011,22.5257388,学府路与南光路交叉口东南角100米阳光华艺大厦A座102铺,,113.923339,22.52877763,POINT (113.92333900288848 22.528777625568924)
B209445CD365A3FF419F,姊妹豆花,113.927436,22.526063,南山街道南光路南海明珠1栋104D,,113.9225743,22.5291027,POINT (113.92257429087849 22.529102698882692)
B2094356D365A1FF449B,姐妹豆花(南海明珠店),113.9274377,22.5260681,南山街道南光路南海明珠1栋104D,,113.922576,22.5291078,POINT (113.92257598967953 22.529107796705095)
B2094350D365A1F9429C,姊妹豆花(南海明珠店),113.9274276,22.52608353,南光路75-11,,113.9225659,22.52912323,POINT (113.92256591242547 22.52912323343895)
B209425DDA68AAFE4193,Thaimix泰面·南山,113.9276763,22.5261296,南光路75-7号,,113.9228145,22.52916902,POINT (113.92281446134855 22.529169019692546)
B2094255D56CABF4429D,木屋烧烤(学府路),113.9299274,22.5263222,学府路与南海大道交汇处东北角厚德品园ABC裙楼108号房,,113.9250642,22.5293589,POINT (113.92506424393405 22.529358901095875)
B2094253D46CA5FD4792,荔芳传统糖水铺,113.923388,22.526345,荔芳一街与南山大道交叉口西40米,,113.918528,22.52938895,POINT (113.9185279744935 22.529388954027667)
B209425DD46CABFE4493,正宗重庆天福麻辣烫(南航店),113.923826,22.5267191,南山大道2017-10号(南山地铁站F口步行380米),,113.9189658,22.52976261,POINT (113.91896580429342 22.529762610019088)
B2094357DA6AABF5439A,冯校长老火锅(南山大道店),113.9237963,22.526746,南山大道2017号中兴之家1栋东座104号(开车可停亿利达村停车场),,113.9189361,22.52978954,POINT (113.91893611282532 22.529789537970508)
B2094352DB6BA4FD479D,水牛奶皇后糖水铺,113.923876,22.527113,广东省深圳市南山区南山街道南山大道2019-1号,,113.9190158,22.53015644,POINT (113.91901576212395 22.530156442332753)
B2094251D16DA0FE479A,丰豪烧烤大排档·生蚝(学府店),113.92336,22.52746,学府路66-11(近南山11号线地铁H口),,113.9184999,22.53050393,POINT (113.91849991320323 22.530503928856408)
B2094350D06BABFD4592,秦土土肉夹馍,113.9228882,22.5275619,广东省深圳市南山区南山街道荔芳村B栋,,113.9180283,22.53060627,POINT (113.9180282538256 22.530606273457416)
B2094355D465A6F9449C,潮八珍橄榄鸡煲(学府店),113.9209194,22.5276344,广东省深圳市南山区常兴路39号,,113.9160599,22.53068054,POINT (113.91605994809665 22.530680538005264)
B2094355D46BA0F8489D,靓阿珍·南宁老友粉(学府店),113.923518,22.527726,广东省深圳市南山区学府路66-4号,,113.9186578,22.53076976,POINT (113.91865784480153 22.5307697634331)
B2094253D56CA1FC469E,阿叔秘制牛杂王(学府路店),113.9200847,22.5277363,南新路2028号仓前锦福苑南苑,,113.9152254,22.53078313,POINT (113.91522539711615 22.530783130203837)
B2094250D66AA5FE4299,刁嘴巴儿重庆粉面(南山学府路店),113.9232363,22.5278147,学府路荔馨村A1栋112铺66-12号,,113.9183762,22.53085873,POINT (113.91837623040479 22.53085873072062)
B2094255D56EA0F84493,宏敏冬阴功泰国菜(南山店),113.92401,22.527817,南山大道2039号桃苑单身公寓南座101-103号,,113.9191497,22.53086028,POINT (113.91914967070974 22.53086027632762)
B209425CDA68ABF84692,子午路张记(学府路店),113.919949,22.527845,荔芳街道学府路135号锦福苑6-7栋裙楼1-19,,113.9150897,22.53089194,POINT (113.91508971237039 22.530891935356358)
B2094356D06CA6F84099,邢老三肉丸糊辣汤,113.9233724,22.527849,学府路66-10号,,113.9185123,22.5308929,POINT (113.91851228465057 22.530892898325472)
B2094551DA69A1FA4698,冬阴功泰国菜(南山店),113.9238213,22.5279558,南山大道2039号桃苑单身公寓南座101-103号,,113.918961,22.53099926,POINT (113.91896102788222 22.530999256079642)
B2094252D768A1F8469B,丹东特色烤肉(学府路一部店),113.92365,22.528057,学府路荔馨村综合楼南面7号铺,,113.9187898,22.53110062,POINT (113.91878977988024 22.531100619058623)
B2094253D76FA6F94892,好袍火南昌水煮店,113.9240523,22.5281135,南山大道2039号桃苑公寓11号铺,,113.9191919,22.53115672,POINT (113.91919193698882 22.531156720032328)
B2094251D668A1FE439E,PATPONG帕蓬泰国餐厅(南山店),113.9232092,22.5282323,桃厦二街26号(鱼掌勺直入30米),,113.9183491,22.53127634,POINT (113.91834911262956 22.531276336501534)
B2094356D76AA3FD4693,山禾田·日料小屋(南山店),113.924159,22.5282812,南山大道桃苑公寓1层15号铺,,113.9192986,22.53132431,POINT (113.91929858816196 22.53132430558246)
B2094252DB6BA0F5419D,山禾田日料(南山店),113.9242,22.528283,桃苑单身公寓15-18号,,113.9193396,22.53132606,POINT (113.9193395732086 22.531326064507137)
B2094250D06EA6FB489D,山禾田日料(南山店),113.9242,22.528283,桃苑单身公寓15-18号(桃园地铁站F口步行320米),,113.9193396,22.53132606,POINT (113.9193395732086 22.531326064507137)
B2094253D468A0FB4193,听山餐厅,113.9336852,22.5286764,南海大道3688号深圳大学(粤海校区),,113.9288192,22.53170798,POINT (113.92881919364225 22.53170797622583)
B2094350D069A5FE459B,乜记饭店,113.9205423,22.5291432,深圳市南山区常兴路南新路统建楼,,113.9156828,22.53218958,POINT (113.91568282727307 22.532189583258432)
B209425DD76DA3FF409D,村西头猪脚饭店,113.920603,22.5303646,南山区常兴路115-4胖明粉馆旁,,113.9157434,22.53341087,POINT (113.91574343869983 22.533410870628835)
B2094253D06EA4FC439F,胖明粉馆,113.9206636,22.5304478,南头街道田厦社区常兴路115-5,,113.915804,22.53349402,POINT (113.91580402178249 22.53349401538529)
B2094757D06BA0FC499A,南山医院,113.9228791,22.5306064,桃园路89号,,113.918019,22.53365063,POINT (113.91801896445375 22.53365063081525)
B2094253D469A2F5479E,下文山湖,113.9330916,22.5308938,南海大道3688号深圳大学学术交流中心,,113.9282259,22.5339261,POINT (113.92822592342947 22.533926096172053)
8008644030500000000,南山区,113.92943,22.531221,南山区，隶属于广东省深圳市，位于深圳市西南部、深圳经济特区西部。全区总面积510.948平方公里，其中陆地面积181.948平方公里，海洋面积329平方公里。2012年，南山区常住人口为110.85万人。2013年，南山区实现地区生产总值3206.57亿元。南山区是深圳市旅游基地，拥有世界之窗、欢乐谷、锦绣中华，海上世界、新安古城、青青世界、野生动物园、南头古城等主题公园和著名景点。,,113.9245668,22.53425808,POINT (113.92456684344641 22.534258077582212)
B209445DD268A3F8419A,肯德基(深圳欢乐谷餐厅),113.929428,22.531221,南山区华侨城欢乐谷一楼,,113.9245648,22.53425808,POINT (113.9245648446647 22.534258080044562)
B209445DD66FABFD4999,四叶寿司(华侨城一号店),113.929548,22.53132,西海明珠大厦西侧200米,,113.9246848,22.53435693,POINT (113.92468476498767 22.534356926790885)
B209425DD66CA2FD4393,WESTWOOD(前海壹方汇店),113.896035,22.528864,壹方汇L3层006(3楼户外),,113.8911658,22.53191743,POINT (113.89116578211807 22.531917432340638)
B2094252D16EABFC4993,前海卓悦INTOWN购物中心,113.8989955,22.5292785,梦海大道5109号(桂湾地铁站E口步行380米),,113.8941289,22.53233247,POINT (113.89412893881041 22.532332472494875)
B209425CD76FA3F94198,捞王锅物料理(前海卓悦INTOWN购物中心店),113.8991698,22.5296228,南山街道梦海大道5033号前海卓悦INTOWN购物中心T3号楼二层L201-L202号,,113.8943034,22.53267678,POINT (113.89430336251759 22.532676776495517)
B209445CD36BA7F54292,香港维景茶餐厅,113.9148073,22.530411,前海路港湾丽都商铺138-139号（大新地铁站c2南150米）,,113.909948,22.53346138,POINT (113.90994803550868 22.53346137786324)
B2094252D56FA7F84898,陶陶居.悦海(万象前海店),113.898234,22.530837,南山街道桂湾四路169号万象前海购物中心二层,,113.8933667,22.53389078,POINT (113.89336668861762 22.533890784830113)
B2094253D66DA2FA459E,香港维景茶餐厅(前海路),113.9148644,22.5308542,南头街道前海路西桃园路南港湾丽都花园商铺138-139号,,113.9100051,22.53390452,POINT (113.91000511248718 22.533904521851863)
B2094252D564A6FF479D,水岸十里·江海时鲜(万象前海店),113.898346,22.530937,桂湾四路169号万象前海购物中心L327号店铺,,113.8934788,22.5339908,POINT (113.89347877984282 22.533990797121213)
B2094356D36CAAF54999,校村炸鸡(万象前海店),113.8995058,22.5309617,桂湾四路169号万象前海购物中心B176,,113.8946396,22.53401565,POINT (113.89463955441614 22.53401564515398)
B2094355D16FA4F9419A,CHAGEE霸王茶姬超级茶仓·万象前海店,113.9003943,22.53098735,广东省深圳市南山区南山街道万象前海,,113.8955288,22.53404137,POINT (113.89552878594415 22.534041368414528)
B2094252D564A1F4429D,牛排家(深圳万象前海店),113.8991498,22.5310638,桂湾四路169号万象前海购物中心二层L251,,113.8942833,22.5341177,POINT (113.89428325493779 22.53411770017826)
B2094253D16FA1F5459A,Pairedd配德深圳,113.892103,22.525453,前海嘉里中心T8栋3层03室,,113.8872298,22.52850527,POINT (113.88722982317653 22.528505274118977)
B2094253D16CA2FD4193,鸟金·炭火烧鸟(南山前海店),113.892538,22.525833,前海嘉里商务中心T1-101,,113.8876653,22.52888543,POINT (113.88766529475383 22.52888543463184)
B2094350D76CA3F4499E,豌豆福市场,113.8913579,22.5258979,前海嘉里中心T2栋102号铺,,113.8864838,22.52894983,POINT (113.88648382693889 22.528949831639604)
B2094253D36CA5FA4493,尚莲越泰料理,113.8921215,22.526065,前海嘉里中心T1栋,,113.8872483,22.52911725,POINT (113.88724830577003 22.529117254149472)
B2094252DB6FA2FC459A,前海石公园,113.890151,22.52691,南头街道前湾一路西150米,,113.8852754,22.52996131,POINT (113.88527540550392 22.529961314536884)
B2094254D56BA2FA449B,前海石广场,113.890178,22.526982,南头街道前湾一路西150米,,113.8853024,22.53003332,POINT (113.88530243425157 22.530033324577325)
B2094255DB6BA4FB4493,海堤公园,113.890178,22.526982,南头街道前湾一路西150米,,113.8853024,22.53003332,POINT (113.88530243425157 22.530033324577325)
B2094252DA65A6F84092,前海石公园-东1门,113.89136,22.527374,金岸中街与石竹巷交叉口正北方向32米,,113.8864858,22.53042586,POINT (113.8864858361825 22.53042586409431)
B2094355DB65A3FA4693,前海石公园桂湾段,113.8921526,22.5335679,广东省深圳市南山区桂湾四路,,113.887279,22.53661979,POINT (113.88727896752113 22.53661978736842)
B209425DD06DAAFB4093,企鹅岛,113.8666652,22.536631,纬四路与经一路交叉口北300米,,113.8617491,22.53965988,POINT (113.86174914079571 22.53965987616995)
B2094357D46EA5FE409F,鮨大虎寿司·手握赤醋饭(万象前海店),113.8985745,22.5310758,桂湾四路169号万象前海购物中心B2层B204号,,113.8937075,22.53412962,POINT (113.89370746829047 22.534129623892195)
B209425DDA69A7FC4999,潮发潮汕牛肉店(万象前海店),113.8995359,22.5311267,桂湾四路169号万象前海F3层,,113.8946697,22.53418064,POINT (113.89466966850851 22.534180639634204)
B2094351D16DAAFF4098,小十Omakase(前海周大福金融大厦店),113.8969765,22.5311391,前海深港合作区南山街道枢纽大街66号前海周大福金融大厦,,113.892108,22.53419264,POINT (113.89210803502267 22.534192635654975)
B2094356DB68A6F94499,脆鲜生-脆鲩鱼火锅-万象前海店,113.899328,22.5311717,南头街道桂湾四路169号万象前海L3层（桂湾地铁站A出口）,,113.8944616,22.53422562,POINT (113.8944615955389 22.534225615062443)
B2094354D368A3F4499D,ikal.墨西哥特色餐厅,113.8967861,22.5312076,听海大道与桂湾四路交叉口西100米(桂湾地铁站E口旁),,113.8919175,22.53426109,POINT (113.891917452632 22.534261090819715)
B2094356D06DA1FF4992,林鲜记鸡煲(万象前海店),113.8993041,22.5312224,桂湾四路万象前海购物中心3楼308号铺,,113.8944377,22.53427631,POINT (113.89443767265267 22.53427630972968)
B2094252D56EA4F4459F,炳胜私厨(万象前海店),113.899185,22.531413,前海深港合作区南山街道桂湾四路169号万象前海购物中心L324,,113.8943185,22.53446689,POINT (113.89431846212858 22.534466886010158)
B209425CD465A2F5469F,堂本家二代目蛋包饭专门店(万象前海店),113.9005217,22.5315567,桂湾四路169号(地铁5号线桂湾站A出口直达)万象前海B1层,,113.8956562,22.5346107,POINT (113.89565622084717 22.534610696780405)
B2094652DB6AA2F9429B,君富豪大酒楼,113.91867,22.53198,南山区桃园路193号金桃园大厦1-3楼(近南山医院),,113.9138106,22.53502772,POINT (113.91381061643034 22.535027724945643)
B2094653D26BA2F4479C,前海湾公交站,113.90683,22.53234,广东省深圳市南山区南头街道桂湾四路,,113.9019684,22.53539345,POINT (113.90196838231407 22.535393454557557)
B2094252D465A5FC499D,汶和记粥底火锅(南山一店),113.930836,22.5313838,南头街道桃园路1号西海明珠花园B座裙楼119商铺,,113.9259719,22.53441909,POINT (113.92597193073951 22.534419094945584)
B2094757D165A7FD429A,芙蓉楼,113.9212179,22.5315263,常兴路98,,113.9163581,22.53457199,POINT (113.91635813883593 22.534571985272244)
B2094252D76FA4FA4893,芙蓉楼(南山常兴店),113.92119,22.531548,常兴路如意家园综合楼98号,,113.9163302,22.53459371,POINT (113.91633024360179 22.534593708303447)
B2094353D36FA0F9459D,老三样·旧食新味(常兴广场天虹商场常兴店),113.921858,22.532701,深圳市南山区常兴路126号常兴广场首层103、102-2号,,113.916998,22.53574606,POINT (113.9169980137141 22.53574605788783)
B2094356D369A4FC429D,马子禄牛肉面(常兴广场店),113.9214542,22.53288002,常兴路126号常兴广场西侧一楼21号铺,,113.9165943,22.53592543,POINT (113.91659431725239 22.535925427733368)
B209445CD06DA0F9429D,回味轩光明乳鸽,113.92081,22.53289,桃园路92,,113.9159502,22.53593596,POINT (113.91595023876778 22.535935961930146)
B2094653D26EA3F54599,好好味面家,113.920845,22.532922,桃园路南贸市场2栋A座5号,,113.9159852,22.53596793,POINT (113.91598522968351 22.53596793043794)
B2094653D26AAAF5429E,南山中心区,113.9247797,22.53363826,广东省深圳市南山区南头街道南山大道桃花园(南山大道),,113.9199187,22.53668046,POINT (113.91991873555475 22.536680458878337)
B209445CD36BA0FC409E,同仁四季音乐主题餐厅(南山LOFT店),113.92274,22.53371,金鸡路1号田厦翡翠明珠1楼C5室(近圣淘沙酒店翡翠店),,113.9178797,22.53675419,POINT (113.91787970986833 22.536754194596824)
B2094750D76BABFC4498,金翠皇宫(翡翠店),113.922373,22.533996,广东省深圳市南山区金鸡路3号圣淘沙酒店翡翠店3楼,,113.9175128,22.53704052,POINT (113.91751279627154 22.537040518891512)
B2094551D16EAAFA4192,麦当劳(深圳湾科技生态园5栋D座),113.95245,22.52925,高新南环路26-07,,113.9475613,22.5322479,POINT (113.94756126253188 22.53224790142289)
B2094251D06EABFC489D,深圳湾万丽酒店,113.950612,22.531729,粤海街道高新区社区科技南路18号深圳湾科技生态园12栋B1-2层、1-4层、45-58层,,113.945726,22.53473066,POINT (113.94572596116787 22.5347306612904)
B2094354DB6AA0FD4793,潮香四海·家传潮汕菜(高新花园店),113.9517056,22.5344567,高新南七道安居高新花园北区1楼（高新南站C出口）,,113.9468177,22.53745591,POINT (113.94681770465584 22.537455912506786)
B2094351DB6AA0F94793,恒胜七海里客家·海鲜(科技园店),113.9532347,22.5358545,高新南六道朗科大厦2楼,,113.9483443,22.53885035,POINT (113.94834428649456 22.538850347174705)
B2094252D165A3F94998,肖三胖老湖南土菜(科技园店),113.94464,22.536543,科苑南路综合服务楼1楼,,113.939762,22.53955617,POINT (113.93976202690341 22.53955617180597)
B2094253D16EA7FE419D,徐记海鲜(科技园店),113.9517758,22.5378136,高新南一道13号赋安科技大厦B座,,113.9468876,22.54081247,POINT (113.94688758239144 22.540812465405715)
B2094551DA69A3FC4399,冬阴功泰国餐厅蛇口店,113.937022,22.538487,广东省深圳市南山区蛇口,,113.9321524,22.54151308,POINT (113.93215243677102 22.541513075646623)
B209425DD16FA0FD4899,璞肴·中餐厅(深铁皇冠假日酒店),113.94489,22.538933,深南大道与科苑路交汇处金融科技大厦深大地铁口D出口(皇冠假日酒店47楼),,113.9400116,22.54194556,POINT (113.94001155406148 22.541945559441682)
B2094653D269AAF54993,TT'sCoffee深南大道店,113.94913,22.54006,深南大道2028号中国凤凰大厦3号楼101铺,,113.9442456,22.54306422,POINT (113.94424564239125 22.543064219169068)
B2094253D26EA1FC4299,Fumée拂鳴,113.9360568,22.540357,粤海街道麻岭社区深南大道9968号汉京金融中心303-1,,113.931188,22.54338444,POINT (113.93118801951665 22.543384438473343)
B2094750D764A7FA489C,太清甜品凉茶前海店,113.9177739,22.5327074,桃园西路122号前海金岸大厦11号商铺,,113.9129145,22.53575574,POINT (113.91291453922638 22.535755742032386)
B2094350DB6FA1F44999,前海石,113.8967799,22.5338068,广东省深圳市南山区前湾一路西150米,,113.8919111,22.53686015,POINT (113.89191108268601 22.536860148639093)
B2094357D06AABF8409E,花悦庭CHEF(前海壹方汇店),113.9035977,22.5349529,听海大道5059号前海鸿荣源中心B座L4-001号（平台花园）,,113.8987341,22.53800669,POINT (113.8987341476297 22.538006685119772)
B2094355D26EA4FA4598,牛百鲜·牛腩煲火锅(南头街店),113.9172272,22.5361035,南头街道丽乐美居A栋103-104,,113.9123676,22.53915203,POINT (113.91236764785477 22.539152032107843)
B2094652DB6AA4FF469E,电白鸭粥店,113.917678,22.536393,南头街100-6号旺海怡苑一楼(近大新小学),,113.9128184,22.5394412,POINT (113.91281841172635 22.53944120044384)
B2094354D46EA1FC419B,祥和清远鸡煲(南头店),113.917609,22.536425,南头街100-7甲,,113.9127494,22.53947325,POINT (113.91274941307512 22.539473247283702)
B209425CD065A4FA469B,汕头鱼粥(吉祥花园南),113.9171514,22.5365827,关口下街74-1号(吉祥花园南),,113.9122918,22.53963126,POINT (113.91229181965713 22.539631255698666)
B2094757D168ABFC459A,前海湾(地铁站),113.897933,22.537335,11号线/机场线;1号线/罗宝线;5号线/环中线,,113.893065,22.54038837,POINT (113.89306501335226 22.540388369548538)
B2094354D368A7FD489E,城南香饭店,113.9152432,22.538255,3228号,,113.9103835,22.54130468,POINT (113.91038347429982 22.541304677509622)
B2094356D56AA3F8499A,平兴·面包蛋糕·糕点下午茶(前海店),113.9152931,22.5383158,前海路3234号,,113.9104334,22.54136544,POINT (113.91043337373928 22.541365443855913)
B2094354DB6EA2F84893,荆九爷桥头三嫩(南山田厦店),113.9227882,22.5340223,金鸡路1-18号（地铁桃园站B出口80米）,,113.9179279,22.53706643,POINT (113.91792787596304 22.537066431968533)
B2094757D065A7F5459F,南山图书馆,113.922459,22.534915,常兴路176号(桃园地铁站B口步行480米),,113.9175987,22.53795939,POINT (113.9175987143739 22.537959387514285)
B2094254DB64A5F5459A,南山博物馆,113.923887,22.535024,南山大道2093号(桃园地铁站B口步行360米),,113.9190263,22.53806702,POINT (113.91902625906145 22.53806701778551)
B2094354D06EA4F94293,萨莉亚意式餐厅(250南山欢乐颂店),113.9200216,22.5352554,南新路南山欢乐颂负1楼,,113.9151618,22.53830188,POINT (113.91516183307664 22.538301884194382)
B2094253DB6AA1FF4299,深圳市南山博物馆(北门),113.923839,22.535308,南头街与南山大道交叉口西南60米,,113.9189783,22.53835105,POINT (113.91897825778827 22.538351048704538)
B2094253D56AABF5469F,悦得闲广式点心茶楼(欢乐颂购物中心店),113.9198457,22.5353411,南新路3030号欢乐颂购物中心F4层F4-30,,113.914986,22.53838772,POINT (113.91498595563088 22.538387721636084)
B2094452D06EA2FA489B,深圳市南山文体中心,113.922891,22.536544,南头街62号,,113.9180305,22.53958789,POINT (113.91803048616207 22.539587889425317)
B2094253D36DA1FE439F,南头古城(地铁站),113.924129,22.539163,(在建)12号线(南宝线),,113.9192679,22.54220553,POINT (113.91926791217713 22.542205528306514)
B2094251D569A7FF449E,南山大道与深南大道交叉口,113.925009,22.540132,广东省深圳市南山区,,113.9201475,22.54317357,POINT (113.9201475161721 22.543173571658546)
B2094252D765A2FF499E,南头古城-关帝庙,113.9208654,22.5406768,深南大道12022号,,113.9160051,22.54372225,POINT (113.91600513612208 22.543722248845214)
B2094350D468A3FA4992,腾讯总部园区,113.8666666,22.5366382,纬四路与经一路交叉口北300米,,113.8617505,22.53966708,POINT (113.86175054329144 22.53966707759277)
B2094356D669A5F54399,双界河公园,113.8922194,22.53763869,广东省深圳市南山区南山街道双界河人行景观桥,,113.8873455,22.54069036,POINT (113.88734554035827 22.54069036381664)
B2094252D364A5FC4993,湾区之光,113.88782,22.541077,海府路与新安西路交叉口西南方向218米,,113.8829405,22.54412625,POINT (113.88294051770413 22.54412625090555)
B2094354D368A0FC489A,欢乐港湾·湾区之光摩天轮,113.8879295,22.5411325,新安街道滨海文化公园(临海地铁站出入口步行240米),,113.8830502,22.54418181,POINT (113.88305015994528 22.544181811722037)
B2094251D56EA5FB4693,湾区之光摩天轮,113.887927,22.541133,新安街道滨海文化公园(临海地铁站B2口步行370米),,113.8830477,22.54418231,POINT (113.8830476565917 22.544182310223057)
B2094252D76AA3FD499B,湾区之光摩天轮-入口,113.88795,22.541225,海府路与新安西路交叉口附近,,113.8830707,22.54427432,POINT (113.88307068132714 22.54427431766674)
B209425DD46FAAF9499E,山海连城前海湾段,113.8788087,22.5412368,宝兴路8号,,113.8739155,22.54427916,POINT (113.87391553540975 22.54427915690027)
B2094252D068A2FB499A,黑牛的店(欢乐港湾店),113.88788,22.542349,欢乐港湾2号东L2-020,,113.8830005,22.5453982,POINT (113.883000517203 22.54539820193246)
B2094252D46CAAFE459A,M Stand(欢乐港湾店),113.8876173,22.5423987,新安街道海滨社区欢乐港湾2号东岸东区L1-46,,113.8827375,22.54544774,POINT (113.88273746299278 22.545447742652676)
B2094252DA6CABFF4398,meland(前海欢乐港湾店),113.8887193,22.5425623,新安街道海滨社区欢乐港湾2号东L1-027-032,,113.8838409,22.54561197,POINT (113.8838409057829 22.54561196739467)
B2094250D36BA5FE4599,南头古城博物馆,113.919952,22.540836,南头较场2号,,113.9150919,22.5438822,POINT (113.91509189211388 22.543882197455133)
B2094253D668A6FD489B,南头古城(南门),113.920545,22.541791,深南大道南头古城(西南角),,113.9156847,22.54483665,POINT (113.91568472859406 22.544836646130847)
B2094252D56BA2FE429C,南头古城垣,113.9206289,22.5418067,中山东街与中山南街交叉口东150,,113.9157686,22.54485227,POINT (113.91576861163342 22.544852274700077)
B2094251DA6AA4F94092,彬妈糖水(深圳南头古城店),113.9204247,22.5422794,南头街道南头城社区中山南街41号101,,113.9155644,22.54532511,POINT (113.91556442007355 22.545325113895995)
B2094253D36DA1FE449E,小春日和·日式料理(南头古城店),113.9201358,22.5427119,南头街道南头城社区春景街一坊3号,,113.9152755,22.54575782,POINT (113.9152755435105 22.54575782314659)
B2094253DA6BA0FF429C,SipUp西皮葡萄餐酒馆(南头古城店),113.919503,22.542752,南头古城西集小绿洲Sip Up西皮葡萄餐酒馆,,113.9146428,22.54579843,POINT (113.91464283811061 22.545798429474715)
B2094355D26DA7FA479E,知物·潮厝饮咖(南头古城店),113.9207373,22.54289054,南头古城中山南街72号A101,,113.9158769,22.54593596,POINT (113.91587694679862 22.5459359552835)
B209425DD568A3F8469B,幻樂園(南头古城店),113.92033,22.542903,中山南街69号101,,113.9154697,22.54594875,POINT (113.91546969778241 22.54594875036134)
B2094757D069A1F8459C,南头古城,113.920935,22.542955,深南大道(中山公园地铁站D口步行330米),,113.9160746,22.54600024,POINT (113.91607457802083 22.546000238028917)
B2094653D26FA4F94299,深圳新安古城,113.921429,22.543019,深南大道(中山公园地铁站D口步行330米),,113.9165685,22.54606381,POINT (113.91656846585711 22.54606380603539)
B2094251DB69A0FA4699,MetPetal遇见花瓣,113.8875,22.542572,新安街道海旺社区欢乐港湾2号东L2-022A,,113.88262,22.54562096,POINT (113.8826199943379 22.545620960471357)
B2094252D76AAAFD4892,廊桥港湾,113.8881465,22.542609,新安西路华侨城欢乐港湾东区三楼,,113.8832674,22.54565834,POINT (113.88326735393264 22.545658339825426)
B2094252D56FA5F8459C,NAYA·亚洲泰菜(欢乐港湾店),113.887032,22.542641,欢乐港湾东区L2-024,,113.8821514,22.54568967,POINT (113.8821513550489 22.545689669070356)
B2094252D064A2FB4098,喜茶(欢乐港湾店),113.886835,22.542717,欢乐港湾东区东L1-043号铺,,113.8819541,22.54576554,POINT (113.8819540802332 22.545765540650383)
B2094253D265A6FF469A,阿嬷手作(华侨城欢乐港湾东岸店),113.88736,22.542846,华侨城欢乐港湾东岸(临海地铁站出入口步行320米),,113.8824798,22.54589486,POINT (113.8824797880398 22.545894857071257)
B2094251DB68A3FD489B,欢乐港湾东岸商业街区,113.887685,22.542852,新安街道海旺社区海府路1号,,113.8828052,22.54590105,POINT (113.88280522508074 22.545901052498508)
B2094355D76DABFB419A,藏巷炉端烧·庭院,113.886255,22.5429624,新安街道欢乐港湾2号东L2-027（近宝华路与海天路交叉口、近商场5号客梯）,,113.8813733,22.54601055,POINT (113.88137326036369 22.54601055220421)
B2094251DB68A0F5469B,SHARK鲨鱼餐吧(欢乐港湾店),113.88628,22.542978,宝华路华侨城欢乐港湾商业街东岸L1-053,,113.8813983,22.54602617,POINT (113.88139829433585 22.54602616744178)
B2094253D06BA4FE489A,NuBond LiveHouse(深圳欢乐港湾店),113.888921,22.542988,临海B2出口B1层,,113.8840428,22.54603775,POINT (113.88404283925735 22.54603774968433)
B2094352D669A6FA419B,西贝(深圳欢乐港湾店),113.8861534,22.5430227,广东省深圳市宝安区新安街道欢乐港湾2号东L2-028号,,113.8812715,22.54607078,POINT (113.88127151421044 22.546070781618777)
B2094354D16FA6FD429C,疆山好·新疆抓饭羊肉串(深圳首店),113.9186497,22.5416239,南头社区中山南街一坊49-2号,,113.9137897,22.54467106,POINT (113.91378970981788 22.544671062887208)
B2094253D26BABFE4599,梦海双界河桥,113.898778,22.543476,广东省深圳市南山区,,113.8939104,22.5465291,POINT (113.89391035891931 22.54652910243692)
B209445CD36BA7FC4893,爱琴海(荷兰花卉小镇店),113.910223,22.543807,南头街道荷兰花卉小镇G区4号,,113.905362,22.54685875,POINT (113.90536198116769 22.546858747179886)
B2094354DB6EABFF4492,梦太奇咖啡酒馆(荷兰花卉小镇店),113.9123484,22.5441031,前海路荷兰花卉小镇A8-07b,,113.9074879,22.54715394,POINT (113.90748790970972 22.547153935440228)
B2094556DB6AA1F84098,DF冰雪精灵(荷兰花卉小镇店),113.91383,22.54424,荷兰花卉小镇B区7号,,113.9089698,22.54729008,POINT (113.90896975394011 22.547290084106603)
B2094252D369ABFB439A,荷兰花卉小镇-正门,113.91299,22.544329,前海路辅路与郁金香街交叉口西北方向30米,,113.9081296,22.54737951,POINT (113.90812961793641 22.547379510640837)
B209445CD365A3F8449A,花穆兰咖啡馆(荷兰花卉小镇),113.91226,22.544333,月亮湾大道3008号荷兰花卉小镇,,113.9073995,22.54738386,POINT (113.90739947676843 22.547383860560288)
B2094252D46AA3FB439A,双界河,113.9001346,22.5444943,广东省深圳市南山区,,113.895268,22.54754748,POINT (113.89526800327687 22.54754747534145)
B209425DD06FABFC429A,前海公园荷兰花卉小镇,113.911871,22.544816,南头街道前海路前海公园南区,,113.9070104,22.547867,POINT (113.9070103607117 22.54786700349471)
B2094750D56FA7F44498,荷兰花卉小镇,113.9118784,22.5448199,广东省深圳市南山区南头街道月亮湾大道3008号,,113.9070178,22.5478709,POINT (113.90701776216125 22.54787089992065)
B2094251DB69A2FC469D,UNCLE猪·海派江浙菜(华侨城欢乐港湾店),113.886185,22.54305,海天路华侨城欢乐港湾东岸L2-028,,113.8813032,22.5460981,POINT (113.88130315680061 22.546098100482688)
B2094252D464A7FC479F,钟书阁(欢乐港湾店),113.887756,22.54314,华侨城欢乐港湾东岸L1-021,,113.8828763,22.54618908,POINT (113.88287630183743 22.546189075140106)
B209425CD76AABFB4098,王品牛排(欢乐港湾海景店),113.8866494,22.5431436,新安街道欢乐港湾东岸L3-003,,113.8817682,22.54619199,POINT (113.88176819738653 22.546191994134297)
B2094354D26CA3FB409B,客家本色.欢乐港湾.店,113.88613,22.5432,新安街道滨海社区欢乐港湾东岸2号东L2-028,,113.8812481,22.54624805,POINT (113.88124807015308 22.54624805416617)
B2094252D46BA5FE409D,锺书阁(欢乐港湾店),113.8875777,22.54321835,广东省深圳市宝安区新安宝安滨海文化公园,,113.8826977,22.54626731,POINT (113.88269773195523 22.54626731235939)
B209425CD064ABFD4299,王捌院子·深圳首店(欢乐港湾),113.8859934,22.54341,欢乐港湾东岸L3-001,,113.8811113,22.54645795,POINT (113.88111126468999 22.5464579496532)
B2094253D364AAFA4499,马记永兰州牛肉面(欢乐港湾),113.888558,22.543409,欢乐港湾B1(临海地铁站B2口步行260米),,113.8836793,22.54645852,POINT (113.88367934276987 22.54645851979988)
B2094257D56BA0F94792,华侨城欢乐港湾,113.88392,22.543524,宝华路与海府路交汇处,,113.8790348,22.54657048,POINT (113.87903484630485 22.54657048490342)
B2094252D56FA0FF489D,滴咖城市营地(欢乐港湾西岸天幕广场店),113.87966,22.543606,新安欢乐港湾商业西岸天幕广场,,113.8747681,22.54664898,POINT (113.87476811415858 22.54664897708892)
B2094252D268A3F5469C,蔚来空间(深圳华侨城欢乐港湾),113.8863339,22.5436973,宝华路欢乐港湾东区L1层009号蔚来空间,,113.8814522,22.54674545,POINT (113.8814522241257 22.546745453262503)
B2094252D46FABF9499E,好好味面家(南头古城店),113.920555,22.543098,中山南街南头古城垣西71号,,113.9156946,22.54614355,POINT (113.9156946442051 22.546143549792625)
B2094252D56AAAFA4692,深圳南头古城有熊酒店,113.9208566,22.5433994,南头街道南头古城乐坪街一坊22号,,113.9159962,22.54644467,POINT (113.9159961660516 22.54644467455202)
B2094253D168A1F94698,集福咖啡(南头古城店),113.920278,22.543485,中山南街与中山西街交叉口西南20米,,113.9154177,22.54653075,POINT (113.9154176702353 22.546530753580974)
B2094252D46EA6FD4093,VINYLHOUSE 黑胶房子(南头古城旗舰店),113.923143,22.543493,中山东街4号(东门里第二栋),,113.918282,22.54653621,POINT (113.91828197023854 22.54653620506535)
B2094252DB65ABF5419D,半仙小馆(南头古城垣店),113.92259,22.54354999,广东省深圳市南山区南山大道南头古城东门东街181号(东门直走100米右手边),,113.9177291,22.54659371,POINT (113.91772912028573 22.546593709652328)
B209425DD76BA4F4419A,DECAMERON COFFEE十日谈(南头古城店),113.922008,22.543584,南头街道南头城社区中山东街36号,,113.9171473,22.54662825,POINT (113.91714728858425 22.546628252215207)
B2094252D764A5F84092,喜茶(南头古城店),113.921715,22.543709,南头天桥北南头古城中山西街N-1号1-3层,,113.9168544,22.54675351,POINT (113.91685435435713 22.54675350617527)
B2094251D06DABFB4499,广州府新安县衙,113.9204786,22.5438033,中山东街96号,,113.9156182,22.54684887,POINT (113.91561821396722 22.54684886524487)
B2094251DB68A1F54498,OOKI TABLE餐酒馆(南头古城店),113.9202892,22.5440636,南头古城春景北街一坊1号楼,,113.9154288,22.5471093,POINT (113.91542883174135 22.54710930438403)
B209425CD16EA1FE469B,图南冰室(南头古城店),113.9231425,22.544079,南头城社区南山大道3061号,,113.9182814,22.54712217,POINT (113.91828143339801 22.547122165067293)
B2094252D26DA5FB439C,欢乐港湾-庆典广场,113.88363,22.543884,宝华路(宝安中心区青少年宫南侧约250米),,113.8787444,22.54693024,POINT (113.87874438841746 22.546930243184296)
B2094252D76CA6FC449E,摩天轮画廊,113.8858234,22.544443,海府一号A栋603(临海地铁站出入口步行480米),,113.880941,22.54749076,POINT (113.88094095910085 22.547490764942737)
B2094352D269A4F44698,滨海文化公园,113.8837534,22.5444921,广东省深圳市宝安区宝兴路与海天路交叉路口往南约100米,,113.8788679,22.54753839,POINT (113.87886793550283 22.547538393570555)
B2094256DB6CABFB4299,欢乐港湾,113.883757,22.54458,海天路与宝华路交汇处,,113.8788715,22.54762629,POINT (113.87887153534534 22.547626290111104)
B2094252D265A6F8489B,欢乐港湾西岸商业街区,113.883268,22.544874,宝华路与海府路交叉口西220米,,113.8783818,22.5479199,POINT (113.8783817778836 22.54791989883703)
B2094251D36AA7FC459B,欢乐港湾-滨海文化公园,113.881679,22.54547,欢乐港湾(西北角),,113.8767903,22.54851459,POINT (113.87679027335108 22.548514590236884)
B2094352D464A4FA439F,深圳恐龙博物馆,113.88117,22.545733,广东省深圳市宝安区新安街道宝兴路,,113.8762804,22.54877715,POINT (113.87628044543396 22.548777145941912)
B2094252D168A2F54992,春满园(前海大酒楼),113.8810765,22.5463277,宝兴路8号前海华侨城JW万豪国际酒店3层,,113.8761868,22.54937172,POINT (113.87618675766021 22.54937172393343)
B2094253D064A4FC469F,膳富贵黄油蟹体验馆(欢乐港湾店),113.8926685,22.5463528,熙龙湾花园二期五栋A座115,,113.8877946,22.54940408,POINT (113.8877946454111 22.549404077843203)
B2094352D569AAFE4392,文伟旗绘本美术馆,113.884214,22.547202,广东省深圳市宝安区新安街道海天路,,113.8793291,22.55024844,POINT (113.87932905123517 22.55024844000342)
B2094357D269A4FE439D,龙发鸡煲(宝安大仟里店),113.8719228,22.5689964,西乡街道麻布社区海城路3号宝安大仟里L460,,113.8670153,22.5720292,POINT (113.86701534216081 22.572029203833573)
B2094354D568A6FE4792,CoCo都可(前城滨海花园店),113.871837,22.569133,海城路3号大仟里购物中心宝安店3层358号,,113.8669294,22.57216569,POINT (113.8669293668088 22.572165689956478)
B2094357D06BA0F4439B,很久以前羊肉串(宝安大仟里店),113.8719683,22.5692224,海城路3号大仟里购物中心1号门4楼金逸影城隔壁,,113.8670609,22.57225523,POINT (113.86706091610843 22.57225523367799)
B2094253D165A6F5489B,肉祭烧肉一番(宝安大仟里店),113.8718917,22.5693014,海城路3号大仟里购物中心宝安店L4层,,113.8669842,22.57233414,POINT (113.86698416241406 22.572334136494245)
B2094253DB6FA4FB4898,华丰·前海湾二期,113.8519985,22.5694027,兴业路87号东南方向90米,,113.8470465,22.57240678,POINT (113.84704654352963 22.572406782440492)
B2094252D664A6F5449C,先启半步颠小酒馆(宝安坪洲店),113.8708044,22.5694162,海城路110号2层(坪洲地铁站B口步行90米),,113.8658947,22.57244764,POINT (113.86589472349475 22.57244763988602)
B2094257D765AAFE419D,华丰·前海湾,113.8513172,22.5695175,商会大厦旁,,113.8463635,22.57252043,POINT (113.84636354559258 22.572520427922967)
B2094357D169AAF5419A,好利来(大仟里店),113.8719919,22.56970741,广东省深圳市宝安区西乡街道前城中心,,113.8670846,22.57274022,POINT (113.86708457228303 22.572740219938257)
B2094252D56BA7FA4293,大千里,113.874344,22.569747,广东省深圳市宝安区西乡,,113.8694411,22.57278245,POINT (113.86944109437164 22.57278244927871)
B209445CD36AA0FF459A,化州肥仔大排档开屏店,113.8831538,22.570014,五十区开屏花园38栋1层,,113.8782658,22.57305763,POINT (113.878265812323 22.573057626534624)
B209475CD764A6F54392,金果园驰名烧鸡,113.8604221,22.570099,西乡镇劳动村西乡大道旁298-4号,,113.8554902,22.57311636,POINT (113.85549018424712 22.57311635645275)
B2094352D064A3F44698,回味黑鸭煲·始于2006(宝安大仟里甄选店),113.8726577,22.5701678,广东省深圳市宝安区大仟里,,113.8677516,22.57320133,POINT (113.86775158529257 22.573201329996536)
B209425CDA69A2F84992,卡朋西餐(宝安大仟里购物中心店),113.872407,22.5703571,宝安大仟里3楼(坪洲地铁站A口步行300米),,113.8675004,22.57339032,POINT (113.86750039178855 22.57339032360543)
B2094250DA6DA6F84492,圣丰城酒家·宴会厅(宝安大仟里店),113.87263,22.570395,新湖路与海城路交汇处宝安大仟里L440-441(地铁1号线坪洲地铁站A出口),,113.8677238,22.57342847,POINT (113.8677238177792 22.5734284748798)
B2094252D768A7F4439C,圣丰城(宝安大仟里店),113.87257,22.5705072,西乡街道海城路3号宝安大仟里4楼L440-441,,113.8676637,22.57354059,POINT (113.86766369556186 22.573540594728847)
B209425CD265A2FF429E,华丰·前海湾营销中心,113.8527714,22.5705412,华丰前海湾二期西北门东北110米,,113.8478213,22.57354645,POINT (113.84782127799933 22.5735464509752)
B2094252D465A4FE409D,克茗冰室(宝安大仟里店),113.8730762,22.5705256,海城路大仟里购物中心负一层142号商铺(坪洲站A出口),,113.8681709,22.57355957,POINT (113.86817086156141 22.573559567135824)
B2094354D16EA2FB4492,燚财神糖水铺,113.868228,22.570564,金谷大楼A座新湾路193号(坪洲站C出口100米),,113.863313,22.57359213,POINT (113.86331304536787 22.573592131032918)
B2094357D564A2FE499A,林鲜记鸡煲(宝安大仟里店),113.8726176,22.5710511,深圳市宝安区西乡街道麻布社区码头路1号,,113.8677114,22.57408449,POINT (113.86771135236431 22.574084492412545)
B2094257D565A6FA489C,野妹经典火锅(宝安大仟里店),113.873656,22.571204,西乡街道海城路大仟里购物中心二楼L237-238室(上河坊楼下),,113.8687517,22.57423854,POINT (113.86875171546173 22.57423854394528)
B2094253D369A1F5479D,三两三民谣酒馆,113.8592381,22.5713347,宝源路星巴克一直往里走100米,,113.8543034,22.57435015,POINT (113.85430338264399 22.574350147642566)
B2094257DA69A6FC4798,农耕记(宝安大仟里),113.873208,22.571392,西乡街道海航城路3号前城滨海花园2栋L431-433,,113.8683029,22.57442602,POINT (113.86830285696104 22.57442602482601)
B2094250DA6FA2FE419C,八合里潮汕牛肉火锅(宝安大仟里),113.8732781,22.5714871,新湖路与海城路交汇处宝安大仟里B152-153,,113.8683731,22.57452119,POINT (113.86837308385068 22.574521193411922)
B2094250D369AAFB489C,芭依珊(宝安大仟里),113.87307,22.571495,新湖路与海城路交叉口宝安大仟里B143-145(地铁1号线坪洲地铁站A出口),,113.8681646,22.57452886,POINT (113.86816458825221 22.574528858849998)
B2094350DB6CABFB449F,笑财重庆原味火锅,113.8684724,22.5715045,永丰社区六区2号101室,,113.8635579,22.57453284,POINT (113.86355788850472 22.574532843987836)
B209425CD069A1FF4292,宝安区西乡西园饮食店,113.877449,22.57175,宝安大道西乡市场综合楼17号,,113.8725516,22.57478845,POINT (113.87255156315436 22.57478844548629)
B2094253D265A5FC449C,芙蓉楼·尚熹(海湾旗舰店),113.8606549,22.5719975,西乡大道和宝源路交汇处海虹工业场区(东南1门)进入中央大道B座2楼层,,113.8557234,22.575015,POINT (113.85572339461159 22.57501500399749)
B2094252D065A5F4479B,一个锅韩式小馆(西乡店),113.8643633,22.5729435,西乡大道天琴阁14号一个锅韩式小馆,,113.85944,22.57596623,POINT (113.85943999996152 22.575966228690685)
B2094357D46EA4F54193,神洲扒房(西乡商业步行街店),113.877585,22.5729629,巡抚街12号,,113.8726877,22.57600135,POINT (113.87268772331507 22.576001349420523)
B2094251D464A3FD4493,大随求素食(德信商务中心店),113.8730599,22.5731836,宝安大道3061号德信商务中心F2层,,113.8681544,22.57621727,POINT (113.86815436187726 22.576217268118825)
B2094357D76BA5F4459A,土里土气土鸡煲(宝安大仟里店),113.8741612,22.573432,西乡街道南沙新村东一巷2号,,113.8692577,22.57646686,POINT (113.86925772038074 22.576466862612964)
B2094253D265A4FA4899,四禧潮鸡煲(宝安店),113.8738757,22.5740922,乐群社区南沙新村中二巷一号蜀风路5101号,,113.8689716,22.57712668,POINT (113.86897164481121 22.57712667853108)
B2094351DB6EA3FE459B,欢乐牧场主题自助料理(西乡天虹店),113.864498,22.574555,广东省深圳市宝安区西乡街道新湾路301-3,,113.8595749,22.57757774,POINT (113.85957489053133 22.577577741211954)
B209425CD76CA3FB4999,西塔老太太烤肉西乡天虹店,113.8643688,22.5746433,西乡大道与新湖路交汇处天虹商场(合正汇一城店)L2层,,113.8594454,22.57766585,POINT (113.8594454038553 22.577665852610806)
B2094253D16CA5FD4599,克茗冰室(宝安天虹购物中心),113.8647013,22.5748034,西乡大道与新湖路交汇处天虹商场(合正汇一城店)L1层,,113.8597786,22.57782639,POINT (113.85977861602358 22.577826394768717)
B2094251D76EA4FD469E,大快乐面包店(西乡分店),113.8793048,22.5750573,西乡镇真理街54-56号(近北帝古庙),,113.8744103,22.57809715,POINT (113.8744103287433 22.57809714540945)
B2094354D76DA7FF489A,大哥乐(西乡店),113.881115,22.575363,西乡街道河东路124号(佳华百货旁),,113.8762235,22.57840441,POINT (113.87622348043158 22.578404405428667)
B2094251D565A2FC499B,湾区新技术新产品展示中心,113.85354,22.575432,碧海君庭1号,,113.8485915,22.578438,POINT (113.84859145086372 22.578437995011562)
B2094354D768A5FE499F,菓子屋Sumi,113.873884,22.575539,西乡街道共乐路86号A107,,113.8689799,22.57857333,POINT (113.86897986855675 22.57857332937878)
B2094652DB69A2F44098,北帝古庙,113.879294,22.575582,西乡镇真理街24号,,113.8743995,22.57862178,POINT (113.87439947737707 22.57862177779983)
B2094354D76AA7FD4098,黄老土湖南乡里菜(腾耀大厦店),113.843684,22.598949,西乡街道南昌社区固戍二路268号101,,113.838709,22.60193503,POINT (113.83870898682886 22.601935034669353)
B2094252D56AA0F9429E,郭老三传统大碗麻辣烫(固戍地铁站店),113.8484996,22.5989596,西乡街道固戍社区宝安大道4734号,,113.843537,22.60195414,POINT (113.84353698389712 22.601954141370943)
B2094256D46AA1FA489F,深中通道东人工岛,113.8179,22.599274,广深沿江高速,,113.812856,22.60221177,POINT (113.81285600688427 22.602211768842274)
B2094556D26EA0FB499A,电白鸭粥店(运昌路),113.84003,22.60087,南昌二队西十巷10号附近,,113.8350453,22.60384911,POINT (113.83504525858338 22.603849113367414)
B2094253D06DA5FE409D,女朋友爱吃烤肉,113.84637,22.604086,航城大道,,113.8414016,22.60707608,POINT (113.84140161507408 22.607076084788186)
B2094252D665AAF9459C,孔境茶室(泰华梧桐岛店),113.83785,22.60599,泰华梧桐岛16A练实野,,113.8328591,22.60896434,POINT (113.8328591374011 22.60896433797506)
B2094251DB65A7F54498,中国书画院(深圳分院),113.84705,22.609154,三围航空路9号,,113.842083,22.61214452,POINT (113.84208303605199 22.612144522232175)
B209425CD164A1FC499E,狮子山公园足球场,113.8495526,22.6171554,机场南路辅路,,113.8445915,22.620149,POINT (113.84459148433385 22.620149000223464)
B2094251DB69AAF44093,狮子山公园,113.849976,22.617244,机场南路与机场南路出口交叉口,,113.8450159,22.62023831,POINT (113.84501594430935 22.620238310066785)
B2094255DB6AA0FF4592,陈鹏鹏鹅肉饭店(宝安国际机场T3航站楼店),113.80945,22.629496,福永镇宝安国际机场T3航站楼F3-3W-05-04,,113.8043821,22.63241365,POINT (113.80438210201815 22.63241365138202)
B2094357D76DA4FC4593,赵记传承(深圳宝安后瑞店),113.83561,22.6298529,后瑞壹航城T4-110A,,113.8306116,22.63281916,POINT (113.83061161601522 22.63281915604182)
B2094251DA68A5F4419F,翠华餐厅(深圳机场店),113.81097,22.630032,航城街道后瑞社区T3航站楼3C-02-09,,113.8059059,22.63295225,POINT (113.80590594562402 22.632952247345493)
B2094253D068ABF4469B,串掌门砂锅串串香(后瑞店),113.8356826,22.6304124,瑞盛百货(后瑞地铁站B口步行140米),,113.8306844,22.63337869,POINT (113.83068437475275 22.63337869211528)
B2094355D16DA1FE419B,翠华express(宝安机场),113.8103495,22.63047517,机场南路宝安国际机场T3航站楼3楼候机厅中庭3C-03-10（39-50登机口旁）,,113.8052838,22.63339424,POINT (113.80528380010786 22.63339423632358)
B2094257D565A2F44298,百味石磨肠粉,113.8366167,22.6315245,航城街道后瑞社区七巷八号102,,113.8316209,22.63449234,POINT (113.83162090518223 22.63449233861208)
B2094354DA69AAF94998,深圳航空尊鹏阁三号厅,113.8188478,22.632391,深圳市宝安区深圳宝安国际机场-T3航站楼,,113.8138042,22.6353252,POINT (113.81380418425785 22.63532519902927)
B209445CD36AA3F54998,潮汕人家番薯粥(凯成一路店),113.83399,22.63326,广东省深圳市宝安区航城街道新瑞路恒金大厦,,113.828987,22.6362226,POINT (113.82898704631562 22.63622260118277)
B209425DD36AA5FF459D,陈鹏鹏潮汕菜(机场卫星厅店),113.8059124,22.640712,福围社区宝安机场卫星厅3D011,,113.8008349,22.64362145,POINT (113.80083489839377 22.64362145019309)
B2094757D764AAFE419C,三郎碳鱼田鸡,113.8270592,22.6482497,东福围东街52号(近机场信息大楼),,113.8220366,22.65119633,POINT (113.82203658583167 22.651196329711784)
B2094252D56BA6FE459C,怀德酒楼(福永怀德店),113.819145,22.660526,立新南路86号怀德新安中学对面,,113.8141004,22.66345518,POINT (113.81410035778396 22.663455184935287)
B209445DD46FA3F4429B,深圳都市精品酒店,113.86311,22.636261,深圳市宝安区西乡洲石路九围富源工业城(工业城大门口),,113.8581799,22.63927267,POINT (113.85817991684883 22.639272666753097)
B2094354D56DA5F5429D,九围湿地公园(北门),113.866854,22.641091,洲石路659号,,113.8619317,22.64410688,POINT (113.86193169633769 22.644106883131357)
B2094356D26BA4FF429B,九围湿地公园,113.8669749,22.6414698,彩绘路与洲石路交叉口东220米,,113.8620528,22.64448577,POINT (113.86205282645489 22.644485769497393)
B2094253D664A4FD449E,求雨坛(不对外开放),113.8508494,22.6429666,广东省深圳市宝安区,,113.8458899,22.6459578,POINT (113.84588988782293 22.645957804800126)
B2094554D36AA1FB4493,先歌山水山庄,113.859162,22.646461,九围路109号先歌科技园内（进入先歌科技园靠左边直走上坡后右拐进入山庄）,,113.8542223,22.6494649,POINT (113.85422231718482 22.64946490161467)
B2094257D76EAAFB4199,簕杜鹃谷公园,113.855956,22.64974,洲石路(九围愉盛工业园南侧约50米),,113.8510086,22.65273826,POINT (113.85100855312307 22.65273825676549)
B2094653D269A0FD4893,凤凰山森林公园,113.85074,22.672855,福永街道凤凰社区,,113.8457783,22.6758397,POINT (113.84577830138332 22.675839704974408)
B2094653D26EA7F54592,凤凰山,113.85074,22.672855,福永街道凤凰社区,,113.8457783,22.6758397,POINT (113.84577830138332 22.675839704974408)
B2094252D46AA4FD4292,凤凰山森林公园-飞云顶,113.85679,22.6757,福永街道凤凰村凤凰山森林公园内,,113.8518429,22.67869395,POINT (113.85184288229043 22.678693947861714)
B2094652DB68A5F9499F,凤岩古庙,113.853848,22.676102,福永街道凤凰村凤凰山森林公园内(东北角),,113.8488938,22.67909113,POINT (113.84889377231916 22.67909113268017)
B2094653D26AABFF479B,福永海鲜市场公交站,113.81083,22.66251,广东省深圳市宝安区深圳市宝安国际机场机场九道,,113.8057635,22.66542358,POINT (113.80576348549184 22.665423579358414)
B2094556D46FA7FB4392,福永海鲜市场,113.809894,22.662959,宝安大道,,113.8048251,22.66587082,POINT (113.8048250654334 22.66587082272887)
B2094354D068A7FC489E,粤味天湘(福永店),113.8184982,22.6631588,福永街道怀德峰景北园48号铺,,113.8134517,22.66608621,POINT (113.81345166955184 22.666086213066734)
B2094251D36AA7F8499C,大东海海鲜烧烤广场,113.8085777,22.6633696,广东省深圳市宝安区福海海鲜市场C栋101,,113.8035054,22.66627902,POINT (113.80350539992438 22.666279020757447)
B209425DD06CA1F84392,凤凰山绿道,113.8426793,22.6654791,福凤路(凤凰山西南侧约90米),,113.8376974,22.6684513,POINT (113.83769739699974 22.66845129990207)
B2094554D369A5FB499B,裕华海鲜酒楼,113.819266,22.6687195,福永大道128号,,113.8142212,22.67164712,POINT (113.81422115032254 22.671647115906765)
B209425CD665A6F54993,顶峰香港茶餐厅(福永怀德城市花园店),113.8206258,22.6696353,福永街道怀德社区福永大道126号城市花园113,,113.8155845,22.67256525,POINT (113.81558451590041 22.67256525131861)
B2094252D66DA4FB429C,寒野柴火鸡90分店,113.810899,22.6704794,福二路110号101鹏飞大厦一楼,,113.8058321,22.67339134,POINT (113.80583214624318 22.673391339766866)
B2094750D564AAFB489E,深圳杰豪皇庭酒店(深圳国际会展中心店),113.8134728,22.673363,福永街道福永社区立新路16号,,113.8084124,22.67627891,POINT (113.80841240321733 22.676278906917577)
B2094355DB6FA1F4469A,先记烧鹅王·本地粤菜酒楼(立新湖分店),113.8131481,22.67553704,福州大道三星工业区二区1栋1、2楼106号,,113.8080867,22.67845186,POINT (113.80808671297012 22.678451856424743)
B2094351D568A3F8419F,深圳书城湾区之眼,113.8842923,22.5476896,深圳市宝安区海天路深圳前海华侨城JW万豪酒店东侧约210米,,113.8794074,22.55073606,POINT (113.87940743634985 22.550736061136543)
B2094352D168A3FB4298,三体·四维空间科幻体验中心(深圳书城湾区之眼店),113.88386,22.547936,广东省深圳市宝安区新安街道深圳书城湾区之眼,,113.8789745,22.55098212,POINT (113.87897447738955 22.550982124441582)
B2094252D26BA1F44493,鸟鹏烧鸟居酒屋(宝安店),113.8886328,22.5482793,熙龙湾花园N23区5栋106号,,113.8837539,22.55132851,POINT (113.88375393209044 22.55132851227112)
B2094251D769A2F54892,宝安区城市规划展览馆,113.8826461,22.549212,宝兴路1号(宝华地铁站D口步行240米),,113.8777586,22.5522571,POINT (113.8777586498206 22.552257096439718)
B2094252D56FA0F84099,蚝蚝先生烧烤(前海店),113.88767,22.549915,兴华路和海秀路交汇处中兴酒店大厦一楼L1-45铺,,113.8827898,22.55296353,POINT (113.88278975831354 22.552963531845165)
B2094253D06CA1FC499C,鱼逗中山脆肉鲩鱼火锅(前海HOP天地店),113.8877568,22.5500068,新安街道海旺社区兴华一路(延伸段)19号中兴酒店前海HOP国际203,,113.8828767,22.55305538,POINT (113.88287666863994 22.55305537640954)
B2094354D76CAAFA429D,匿名糕所,113.8894694,22.5500945,新湖路泰华梧桐村7栋2楼216,,113.8845915,22.55314403,POINT (113.88459148912118 22.553144027188445)
B2094253D168A3F4499D,深圳市宝安区大渔铁板烧自助餐店,113.8876196,22.5502015,新安街道海丽路前海HOP天地2楼,,113.8827393,22.55324998,POINT (113.88273927261454 22.5532499795826)
B2094251D56EA0FB489C,79号渔船海鲜饭店(宝安店),113.8875737,22.5502653,兴华一路19号前海HOP天地3楼,,113.8826933,22.55331375,POINT (113.88269330694207 22.553313747115393)
B2094354D26AA6FA469A,也是大排档(前海HOP天地店),113.8858711,22.5504958,兴华一路与海秀路交界处前海HOP天地L1-52-53,,113.8809883,22.55354315,POINT (113.88098834373022 22.55354314968434)
B2094251DA6AA0F54193,点都德(前海HOP店),113.887112,22.550719,新安街道兴华一路19号HOP天地二楼点都德,,113.882231,22.55376713,POINT (113.88223095332191 22.553767130320896)
B2094356D26CA3FC4793,天宝兄弟(深圳前海壹方城店),113.8876939,22.5508417,新湖路深圳前海壹方城1层L1-J026号,,113.8828136,22.55389017,POINT (113.88281363170705 22.553890174101813)
B209425DD064ABF54792,红盔甲(前海hop天地店),113.8858916,22.5508697,海秀路hop天地(宝华地铁站B2口步行110米),,113.8810088,22.55391703,POINT (113.88100884906986 22.553917034160985)
B2094252D565ABFD429B,润园四季椰子鸡(宝安宝华店),113.8859864,22.551007,新安街道海旺社区兴华一路(延伸段)19号中兴酒店前海HOP国际209,,113.8811038,22.55405439,POINT (113.88110377424417 22.554054386408826)
B2094354D56DA0FA429C,雪乡情东北菜(壹方城店),113.8871626,22.5515056,新湖路99号壹方城购物中心(原北京银行)临街商铺,,113.8822816,22.5545537,POINT (113.88228157248832 22.55455369971529)
B2094257D56AA4FD4498,同仁四季(壹方城店),113.889183,22.552028,新湖路交汇西南处壹方城B1层073/073A号商铺,,113.8843046,22.55507722,POINT (113.88430460328641 22.55507722329772)
B2094252DB6FA5F5489C,奈雪的茶(深圳宝安壹方城2店PRO店),113.888425,22.5520825,壹方城购物中心四层,,113.8835456,22.5551313,POINT (113.88354562071112 22.55513130089452)
B2094355D569A1F94493,奉天小馆(壹方城店),113.8885288,22.5522136,壹方城北区5层5009（海底捞旁）,,113.8836495,22.55526245,POINT (113.88364954794581 22.5552624490126)
B2094351D76AA6FA4399,很久以前羊肉串(前海壹方城店),113.8877429,22.5522699,广东省深圳市宝安区新安街道壹方城购物中心西区(深圳前海壹方城店)深圳前海壹方城,,113.8828626,22.55531829,POINT (113.88286260691729 22.555318290091485)
B2094253D768AAF9469B,摩打食堂(壹方城购物中心店),113.8877636,22.5523143,新安街道新安湖社区新湖路99号壹方城购物中心(前海店),,113.8828833,22.5553627,POINT (113.88288333176965 22.555362698814662)
B2094355D068A1FF429A,8桂·广西菜(深圳前海壹方城店),113.8884248,22.5523145,前海壹方城4楼（电影院隔壁）,,113.8835454,22.55536328,POINT (113.88354540577573 22.5553632822047)
B2094355D269A6FB499F,8桂·广西菜(宝安壹方城店),113.8884233,22.5523149,前海壹方城4楼（电影院隔壁）,,113.8835439,22.55536368,POINT (113.88354390378859 22.555363681322525)
B2094357D46EA4F9439B,摩打食堂(壹方中心店),113.887672,22.552362,新湖路壹方城购物中心L2层（星巴克对面）,,113.8827916,22.55541034,POINT (113.8827916062126 22.55541034050082)
B2094253DB64A5FA4298,狮·拾久·现代新加坡料理(壹方城店),113.888453,22.552466,新湖路与圣洁路交叉口西80米,,113.8835736,22.55551479,POINT (113.88357363305836 22.5555147860008)
B209425CDB6AA6F5439E,八合里牛肉火锅(壹方城店),113.8870136,22.5525148,新安街道海旺社区N12区新湖路99号壹方中心北区负1层,,113.8821323,22.55556273,POINT (113.882132305377 22.55556272682059)
B2094356D064A3F94899,喜茶·茶坊(深圳前海壹方城店),113.8872617,22.5525665,新湖路99号壹方城购物中心北区B2层011,,113.8823807,22.55561458,POINT (113.88238074005584 22.555614575923403)
B2094354D069A6FB499C,裕莲茶楼(壹方城购物中心店),113.8882164,22.5525958,前海壹方城购物中心北区L1-106商铺,,113.8833367,22.55564444,POINT (113.88333671450292 22.555644440621137)
B209425DD66FA7FD4999,乐卅市集·泰式火锅(壹方城购物中心店),113.887317,22.55262,壹方城购物中心(宝安中心地铁站F口步行300米),,113.8824361,22.55566811,POINT (113.88243611164668 22.555668105443136)
B2094253D66AAAF94893,蚂蚁洞?首尔烤肉大本营(壹方城店),113.887698,22.552646,新安街道海旺社区N12区新湖路99号壹方中心北区2层032,,113.8828176,22.55569433,POINT (113.88281762306583 22.55569433314658)
B2094354D464A1F4409E,河粉先生·牛肉火锅·潮汕小吃(壹方城店),113.8871737,22.5526914,新湖路99号壹方城购物中心前海店L2层,,113.8822926,22.55573941,POINT (113.88229261258049 22.555739411767448)
B2094253D06BAAFA499A,双界河社区公园,113.9121527,22.5540448,南青路与南富苑一街交叉口东80米,,113.9072915,22.55709497,POINT (113.90729154075899 22.557094970461307)
B2094252D46DA6FE419B,七个烧烤·武汉大排档(翻身店),113.8965818,22.5567085,兴华一路68号鹏兴盛商务中心1楼10号铺,,113.8917113,22.55976018,POINT (113.89171134881761 22.559760178832722)
B209445DDB69ABF54192,橙果酒店(前海宝安中心店),113.8982245,22.5568658,翻身路68号,,113.8933555,22.55991778,POINT (113.89335553629869 22.559917784383288)
B2094253D069A1FD4592,郭老倌三盆菜(翻身店),113.897192,22.557234,新安街道安乐社区翻身路89号-101-102-104,,113.8923221,22.56028577,POINT (113.89232208620925 22.560285765496516)
B2094253D66AA4F5459D,百年果林椰子鸡(宝安总店),113.9094112,22.5580761,建安一路23号(三区金融街),,113.904549,22.56112701,POINT (113.90454901393201 22.561127014647724)
B2094353D36FA1F54893,沁渡西餐厅,113.907552,22.558605,5区市场3栋宝农南巷41号,,113.9026891,22.56165641,POINT (113.9026890517019 22.561656413205803)
B2094354D464A1FA469C,黔有财·贵州地摊酸汤火锅(翻身店),113.89652,22.558915,翻身路314号,,113.8916494,22.56196647,POINT (113.89164935062367 22.561966471712086)
B2094354D464A7FC4492,翻身夜市,113.895867,22.559197,富御花园东北门东南70米(翻身地铁站B口步行290米),,113.8909957,22.56224829,POINT (113.89099570161824 22.56224828603191)
B2094354D46EA6F44592,翻身螺,113.895511,22.55937,翻身路101-5号,,113.8906393,22.56242118,POINT (113.89063933845871 22.562421175412876)
B2094357DA68A0F4409C,一沙一城(海雅缤纷城店),113.9066167,22.5596191,新安街道5区建安一路99号海雅广场1层L135（小米对面）,,113.9017533,22.56267064,POINT (113.90175325857395 22.562670638556614)
B209425DD26DA4F94992,拾号牛扒(宝安壹方城店),113.8871866,22.5527243,新安街道新湖路99号壹方城L3层012号,,113.8823055,22.55577232,POINT (113.882305528048 22.555772317058697)
B2094253D16CA5FC469B,星美乐(前海壹方城店),113.8865443,22.5527818,前海壹方城星辰街L1-015b/016,,113.8816623,22.55582941,POINT (113.88166234218981 22.555829408749656)
B2094254D668ABFA4499,拾号牛扒(宝安壹方城店),113.8872296,22.5527851,新安街道新湖路99号壹方城L3层012,,113.8823486,22.55583314,POINT (113.88234858264732 22.55583313859037)
B2094251DB6DA2FD4598,陶陶居(壹方中心),113.8871881,22.5528523,新湖路99号壹方城购物中心5层,,113.882307,22.55590031,POINT (113.88230702199064 22.55590030763473)
B209425DD56DA0FA4198,老乡鸡(深圳壹方城店),113.8873835,22.5530473,新湖路99号壹方城购物中心(宝安中心地铁站F口步行310米),,113.8825027,22.55609541,POINT (113.88250267460593 22.55609541139733)
B209425CDB6AA6FD449E,楚采(壹方城店),113.88693,22.553249,新湖路99号壹方城购物中心L3层L013,,113.8820485,22.55629682,POINT (113.88204854447253 22.55629681518674)
B2094255D765A0F4499A,靠山(壹方城店),113.8873228,22.5538762,新湖路99号壹方城5层L5-012,,113.8824418,22.55692421,POINT (113.8824418400341 22.556924206676605)
B2094354D36FA2F54193,米煮鲜毋米粥(宝安中心店),113.890852,22.556761,创业一路鸿荣源西城上筑1栋AB座1014二楼,,113.8859754,22.55981067,POINT (113.88597537303076 22.55981066953496)
B2094254D66BA6F5409A,维也纳国际酒店(深圳前海欢乐港湾店),113.8653564,22.5599799,兴业路8号,,113.8604361,22.56300527,POINT (113.86043607194857 22.56300527098088)
B2094250D06DA1FC479E,萃轩冰室(宝安店),113.87769,22.563751,新安街道海裕社区82区新湖路佳华名苑103,,113.8727935,22.56679048,POINT (113.87279348987116 22.566790482583286)
B2094354D668AAF84899,悦牛犟鲜牛肉火锅(科技园店),113.946551,22.547828,粤海街道科技园社区科伟路6号科技园34区9栋102,,113.9416698,22.55083679,POINT (113.94166978914637 22.55083679094187)
B2094354DA6EAAFD419D,傣来来·呐咪傣园·云南菜·小桌烧烤(科技园店),113.9466686,22.54804,粤海街道科技园社区科伟路6号饭多多美食汇104号,,113.9417872,22.55104855,POINT (113.94178721557549 22.55104854752819)
B2094253D66DA1FF449C,顾记老贵阳肠旺面花溪牛肉粉,113.9466033,22.5481069,粤海街道科技园社区6号科技园34区9栋110(深夜有居楼下铺面),,113.941722,22.55111557,POINT (113.94172200033508 22.551115568981043)
B2094355D26BA7F8469E,辣可可·小炒黄牛肉(科技园店),113.9424704,22.54840711,科苑路科兴科学园A栋G层18、19、20号,,113.9375944,22.55142343,POINT (113.93759438184792 22.55142343054669)
B2094757D56DABFE439B,醉翁亭,113.9478546,22.5505414,"琼宇路51大厦6楼（地铁13号线B出口,往北步行300米）",,113.9429714,22.55354743,POINT (113.9429714110598 22.55354743215721)
B2094252D564A2F4409E,醉翁亭宋府菜(琼宇路店),113.94783,22.55062,琼宇路51大厦6楼,,113.9429468,22.55362607,POINT (113.942946840796 22.55362607477378)
B209445CD06CA6FF4399,饭饭之辈餐厅,113.93629,22.55725,南头街道明珠荔景2栋6号,,113.9314199,22.56027581,POINT (113.93141993770213 22.56027580607944)
B2094253D16EA1FC499B,小煵记·打边炉(西丽店),113.950979,22.572333,西丽街道曙光社区西丽南路31号西丽老计生站1栋101,,113.9460898,22.57533065,POINT (113.94608982806636 22.575330652564624)
B209425CD46EA4FC4892,白玉串城·朝鲜族烤串(万科云城店),113.942181,22.572679,万科西里负一楼B25-B29,,113.9373038,22.57569362,POINT (113.93730376520716 22.57569362131917)
B2094256D668A2FA409C,木屋烧烤(南山万科云城店),113.9455852,22.572838,西丽留仙洞总部基地打石二路南侧云城万科里D绿廊(项目)L1层20号、L2层21号、L1层22号,,113.9407037,22.57584637,POINT (113.94070369932325 22.5758463719011)
B2094252D764A5FD439A,石磨竹窝肠粉(富怡花园店),113.8993874,22.5596852,新安街道43区兴华一路富怡花园1栋106号,,113.8945192,22.56273709,POINT (113.89451924345691 22.562737091956585)
B2094354D769AAF9499C,潮鲜记鸡煲·脆皮鸡(翻身店),113.895893,22.559889,新安街道翻身路326号109,,113.8910217,22.56294023,POINT (113.89102168337531 22.562940230726145)
B2094250D368ABF8429D,胡须佬鸡煲店(信明生大厦店),113.907726,22.560572,建安一路76号信明生大厦F1层,,113.902863,22.56362319,POINT (113.90286300267864 22.563623192256934)
B2094253D46AA1FE4198,芸山季·云南野生菌火锅(海雅缤纷城店),113.9060995,22.5605725,新安街道新安湖社区建安一路99号海雅广场5层L510-8号,,113.9012357,22.56362405,POINT (113.9012357431909 22.56362405489014)
B2094354D16FABFB4599,京鼎香·铜锅涮羊肉(宝安店),113.903476,22.560677,新安街道甲岸社区宝民一路52号101,,113.8986107,22.56372888,POINT (113.89861074692799 22.56372888212869)
B2094253D668A4FE429A,头牌小厨(新安店),113.907927,22.560722,新安街道新安湖社区建安一路74号华南工贸大楼宝农北巷88号,,113.9030641,22.56377313,POINT (113.90306407829658 22.56377312555763)
B2094351D269A0FD449B,泰富·打抛饭,113.9031994,22.56109826,广东省深圳市宝安区宝民一路68号,,113.898334,22.56415012,POINT (113.89833396295525 22.56415011761767)
B2094356DB68AAFE4992,文记虾一跳(宝安店),113.9027679,22.5611496,甲岸社区7区甲岸村82栋105(宝安交通运输局对面),,113.8979022,22.56420148,POINT (113.8979021593226 22.56420147757442)
B209425CD569A6F5499F,黄记福禄烧烤(宝安店),113.902759,22.561727,宝民一路64-8号,,113.8978932,22.56477882,POINT (113.89789321693755 22.564778824722378)
B2094355D064A1FE4393,宝安冰室,113.9098311,22.56240652,宝前巷26号河边海信花园c栋1楼商铺（近海雅缤纷城）,,113.9049688,22.5654569,POINT (113.90496880489383 22.56545690057574)
B2094253D764A2F94099,TAPS精酿啤酒·茶饮(南头古城店),113.920451,22.544088,南头古城简阅大楼A1栋101,,113.9155906,22.54713357,POINT (113.91559060108662 22.547133568525)
B2094251D76EA0FD409E,She And Flora(南头古城店),113.92016,22.544617,春景北街23号后面101室大家乐广场旁边(南头古城),,113.9152996,22.54766277,POINT (113.91529961915248 22.54766277204638)
B2094252D465A3F4459D,gaga(南头古城GARDEN店),113.9199773,22.544777,深南大道南头古城大家乐北广场N-08商铺,,113.9151169,22.54782291,POINT (113.91511693928344 22.5478229098223)
B2094652DB69A7F54192,佳泰砂锅粥马家龙店,113.928113,22.546384,玉泉路与艺园路交汇处(马家龙工业区附近),,113.9232496,22.54942171,POINT (113.9232496478564 22.549421713429805)
B2094252D06CA4F4469A,佳泰砂锅粥(马家龙店),113.92804,22.5465,湾夏地铁站B出口,,113.9231767,22.54953779,POINT (113.92317668039139 22.549537790571534)
B2094356D465A0FF419E,叙宴(深圳南山店),113.9247081,22.5478479,深圳市南山区南山大道3186号莲花广场B座,,113.9198462,22.55088925,POINT (113.91984624761395 22.55088924656257)
B209445CD06CABF94392,新高记湛江鸡饭店,113.9293619,22.5487737,南头街道马家龙大新路90号,,113.9244977,22.55180974,POINT (113.92449767633371 22.551809736558248)
B2094355D36FABFE449C,深圳BREWTOWN啤酒小镇,113.9226676,22.5821831,深圳市宝安区新安街道兴东社区68区留仙大道2号汇聚创新园1栋302号,,113.9178043,22.58522312,POINT (113.91780426909024 22.585223120008273)
B2094351D568A5FA449B,平成屋·午肴夜酒(BREWTOWN啤酒小镇店),113.9225295,22.5828827,新安街道东社区70区创业二路526号深圳啤酒小镇E6栋EL136,,113.9176662,22.58592276,POINT (113.91766616446048 22.58592276483937)
B2094351D669A4FD429E,冯校长老火锅(BREWTOWN啤酒小镇店),113.9228533,22.58319125,华润雪花科创城BREWTOWN啤酒小镇东堂L2-EL235、236店铺,,113.9179898,22.58623098,POINT (113.91798984398135 22.58623098010215)
B2094253D06BA0FB449B,波胖胖烧烤屋,113.9089555,22.5631122,新圳东路67号(新安公园地铁站C1口步行180米),,113.9040928,22.5661628,POINT (113.90409283249868 22.566162804133555)
B2094257D569A7F94092,悦满楼·西关名点,113.9040943,22.5641635,新安街道建安社区建安一路250号航空综合大厦一楼,,113.8992292,22.567215,POINT (113.89922920703938 22.567215004585023)
B2094257DA6FA7FB459E,悦满楼·西关名点·湛江名菜(航空综合大厦店),113.904142,22.56419,新安街道建安社区建安一路250号航空综合大厦一楼,,113.8992769,22.5672415,POINT (113.89927693396228 22.567241497344458)
B2094757D565AAFA429D,揭阳三兴砂锅粥宝安总店,113.894715,22.5642835,新安街道45区幼儿园综合楼2、3、4、5、6、7号,,113.8898422,22.56733399,POINT (113.88984221960555 22.567333988107226)
B209445CD369A5F4499F,潮荣海鲜大饭店(宝安总店),113.8940831,22.5649591,45区自由路16-18号(宝晖大厦附近),,113.8892096,22.56800932,POINT (113.88920961505927 22.568009319774458)
B2094253DB6BAAFD4498,慢灵魂花园餐厅,113.908284,22.565176,灵芝园新村62栋101,,113.9034209,22.56822661,POINT (113.90342094331034 22.568226607784577)
B2094252D369A4FC439E,德记源发炖汤(兴华二路冠城商业步行街店)肠粉,113.9032289,22.5652632,建安一路安华楼110号(灵芝地铁站A2口步行450米),,113.8983632,22.56831467,POINT (113.89836320009263 22.56831466647192)
B2094554DA6AA4FA479E,新宝烧味茶餐厅(兴华二路店),113.90644,22.56568,兴华二路73-3号,,113.9015761,22.56873101,POINT (113.90157608993987 22.568731006966775)
B2094557D568A3FB4498,深圳宝安画院,113.917245,22.566226,新安二路74号,,113.9123835,22.56927215,POINT (113.9123835454266 22.56927214882907)
B2094352D165A1FB4498,mulimuli木里,113.9077742,22.5664156,深圳市灵芝园社区19区57栋兴华二路278号,,113.9029109,22.56946623,POINT (113.9029108541027 22.56946622570076)
B2094251D36CA1FD409E,大随求素食美食城(宝体店),113.879906,22.563929,新湖路与玉律路交汇处华美居商务中心D区2号楼1号铺(地铁1号线宝体站B出口),,113.8750132,22.56697053,POINT (113.87501323471142 22.566970528985916)
B2094254D664A6FB419B,肥仔夜茶,113.893901,22.564254,新安街道宝安45区五二队南二巷3号103,,113.8890274,22.56730423,POINT (113.88902736561452 22.56730422593584)
B2094253D765A5F9429D,财记肠粉,113.879715,22.564699,和丰路与玉竹路交叉口东北40米,,113.8748219,22.56774028,POINT (113.87482186951337 22.56774028425999)
B2094253D66CA1FA459B,小陈记瓦煲鸡(裕和花园店),113.8804756,22.5656981,82区裕和花园4巷1号,,113.8755837,22.56873996,POINT (113.87558365789411 22.568739960167584)
B2094554DA6AA6FC4699,潮汕番薯粥(富通城店),113.85924,22.56606,西乡街道兴业路2078号,,113.8543056,22.56907599,POINT (113.85430562277989 22.5690759858911)
B209445DD06EAAFE4498,宜记潮汕番薯粥,113.85912,22.56613,兴业路2078号,,113.8541853,22.5691458,POINT (113.8541853403938 22.569145796727526)
B2094354D66BABFC499F,海底捞火锅((财富港店),113.867925,22.56663,海城路与宝源路交叉口财富港商业中心(原时代城购物中心)5楼,,113.8630097,22.56965814,POINT (113.86300966921245 22.569658141498987)
B2094551D66BA1FA4693,海底捞火锅(时代城店),113.867783,22.566676,海城路与宝源路交叉口时代城5楼,,113.8628674,22.56970395,POINT (113.86286737191905 22.569703954019317)
B2094251D069A0F44899,壮乡全聚福·广西米粉(宝安店),113.8714931,22.5674925,西乡街道码头路60号1-3,,113.8665849,22.57052495,POINT (113.86658490036302 22.570524952723645)
B209445CD364A5FF489D,跳跳蛙(宝安西乡店),113.87021,22.568657,海城路114号,,113.8652992,22.5716878,POINT (113.8652991898392 22.571687799236706)
B2094652DB6AA5F8459C,大富豪海鲜酒楼,113.90605,22.56671,宝城10区前进路南则,,113.9011858,22.56976098,POINT (113.90118583035198 22.569760981044563)
B2094350D668AAFA4192,清汤鲜牛腩(灵芝店),113.9081974,22.5668559,新安街道灵芝新村19区兴华二路284-4,,113.9033342,22.56990637,POINT (113.90333420222912 22.569906367482027)
B2094257DA68AAFF419B,黑泽烧肉(宝安店),113.9055565,22.567029,新安街道建安社区前进路南侧冠城世家1栋105,,113.9006921,22.57008004,POINT (113.90069205370555 22.570080035017362)
B2094251DA6BA4F94799,乐宴老北京铜火锅(大富豪广场店),113.9051588,22.567384,前进一路161号大富豪广场,,113.9002941,22.57043506,POINT (113.90029411616405 22.570435060758587)
B2094352D065ABF94498,风芦小院,113.9090918,22.5676773,新安街道灵芝园社区19区51栋兴华二路288号,,113.9042289,22.57072742,POINT (113.90422889399599 22.570727416796114)
B2094353D36FA0FB429F,清腩坊·清汤鲜牛腩(新安店),113.913436,22.567729,洪浪二村19区26栋103清汤鲜牛腩店,,113.9085742,22.57077729,POINT (113.908574213718 22.5707772940309)
B2094352D56AA7F9429B,海底捞火锅(深圳大悦城购物中心店),113.9023264,22.5686271,广东省深圳市宝安区深圳大悦城购物中心4楼(星厨花园内),,113.8974599,22.57167827,POINT (113.89745988947537 22.57167826811182)
B2094351D36DA4F54493,山禾田·日料小屋(深圳大悦城购物中心店),113.9025153,22.5687351,大悦城4楼411,,113.8976489,22.57178625,POINT (113.89764891098682 22.5717862526657)
B2094350D56DA6F44199,脆鲜生脆皖鱼火锅(深圳大悦城购物中心店),113.902265,22.5688738,广东省深圳市宝安区创业二路与前进一路交汇处深圳大悦城购物中心F4,,113.8973984,22.57192494,POINT (113.89739843180857 22.571924944163587)
B2094351D165A5FC489F,哥哥的深夜食堂(深圳大悦城购物中心店),113.90373,22.568893,前进一路大悦城购物中心L409号（哥哥の深夜食堂）,,113.8988644,22.57194407,POINT (113.89886438622791 22.5719440702258)
B2094352D365A1FC429F,麻六记(深圳大悦城购物中心店),113.9036276,22.569025,创业2路大悦城L316,,113.8987619,22.57207606,POINT (113.89876191437087 22.572076064887447)
B2094352D46BA7FC4798,山野板扎·云贵川Bistro(深圳大悦城店),113.902405,22.569125,深圳市宝安区建安一路一巷宝安25区东南侧约130米,,113.8975385,22.57217612,POINT (113.89753851161052 22.572176115765156)
B2094352D76AA3F4459E,来菜·湖北头牌藕汤(深圳大悦城购物中心店),113.9024025,22.5691281,前进一路77号中粮大悦城3层L311,,113.897536,22.57217922,POINT (113.8975360097141 22.572179215506097)
B2094350D56DA1F84092,渔舶汇蒸汽活海鲜·榴莲自助(创业二路店),113.9035353,22.5691313,广东省深圳市宝安区创业二路与前进一路交汇处深圳大悦城购物中心F4,,113.8986695,22.57218236,POINT (113.89866954997918 22.57218236095402)
B2094351DA6FA5FD469C,puunana蒲雾(深圳大悦城购物中心店),113.9027395,22.5691684,广东省深圳市宝安区创业二路与前进一路交汇处深圳大悦城购物中心LG,,113.8978732,22.5722195,POINT (113.89787323374978 22.57221950116812)
B2094351D16BABF84199,肉祭烧肉一番(深圳大悦城店),113.9023756,22.5691789,新安街道宝民社区25区创业二路61号大悦城商业中心四层L421,,113.8975091,22.57223001,POINT (113.8975090881876 22.572230010918478)
B2094352D768A6F94098,春山煮叶(深圳大悦城购物中心店),113.9013354,22.5692869,广东省深圳市宝安区创业二路与前进一路交汇处深圳大悦城购物中心F1,,113.8964681,22.572338,POINT (113.89646814713221 22.572337998734508)
B2094350D56EA4F5479B,大渔臻选·棠膳(深圳大悦城购物中心店),113.9026291,22.5694292,广东省深圳市宝安区创业二路与前进一路交汇处深圳大悦城购物中心F412,,113.8977627,22.57248028,POINT (113.89776274362578 22.57248027838274)
B2094350DA65A3F8449C,乌君·炭火烧鸟·刺身(深圳大悦城购物中心店),113.9026436,22.5698551,广东省深圳市宝安区创业二路与前进一路交汇处深圳大悦城购物中心LG,,113.8977772,22.57290613,POINT (113.89777722641236 22.572906134134765)
B2094653D269A3F8489B,芙蓉楼,113.897344,22.570744,建安一路30区百合苑(鑫诚玩具店附近),,113.8924734,22.57379451,POINT (113.89247337168113 22.57379450661583)
B209425CD369A2FC489F,阿一豆腐新安总店,113.8967066,22.5708275,"建安一路619-8号(近万达广场,距灵芝地铁站800米)",,113.8918354,22.57387786,POINT (113.89183537432666 22.573877863784375)
B2094554D06FA0F94393,春满园,113.90598,22.5713321,广东省深圳市宝安区新安街道大浪社区创业二路89号中洲购物中心A区3楼301、302、333号商铺,,113.9011155,22.57438262,POINT (113.90111550260201 22.574382622570045)
B209425CD46BA1F54292,懂爱小面(总店),113.9098963,22.5734615,勤诚达·22世纪和园西北门东北140米,,113.9050333,22.57651074,POINT (113.9050333048976 22.576510742976932)
B209425DD06CA2F94999,悦满楼·西关名点·湛江名菜(东方明珠大厦店),113.8979874,22.5755819,31区前进一路186号东方明珠酒店105,,113.893117,22.57863201,POINT (113.89311704461797 22.578632005262893)
B2094355D06EA3F5459C,茉莉奶白(深圳宝安宝壹创意园店),113.9094564,22.5761616,新安三路14号(洪浪北地铁站C口步行160米),,113.9045931,22.5792107,POINT (113.90459308697515 22.57921070009659)
B209425CD26FA2FB499C,柳山行螺蛳粉(顺恒利大厦店),113.908559,22.57709,新安三路118号顺恒利大厦F1层,,113.9036953,22.58013928,POINT (113.90369529907053 22.580139280668224)
B2094251D56FAAFD4993,达美乐比萨(上合路店),113.9029332,22.5776863,新安街道上合社区32区上合花园1栋A、B、C、D座104,,113.8980665,22.58073648,POINT (113.89806652314867 22.580736476158588)
B2094253D16CA6F8469C,湘田田湖南土菜(宝安新安店),113.9072592,22.5777066,新安三路95号(洪浪北地铁站C口步行450米),,113.9023949,22.58075616,POINT (113.90239491492582 22.58075615893002)
B2094357D769A7F4479E,捞鲜门海鲜火锅,113.8972492,22.578392,宝安万达广场A座3楼,,113.892378,22.58144165,POINT (113.89237800113187 22.581441653341173)
B209425CDB6DA5F9479D,礼薏烧肉(上合店),113.9066,22.579204,广东省深圳市宝安区,,113.9017353,22.58225354,POINT (113.90173531296912 22.582253535554784)
B2094350D56CA3FE489B,肥姨肠粉(共乐店),113.871462,22.577291,西乡共乐小学下塘四巷1号9号,,113.8665531,22.58032237,POINT (113.86655311749423 22.580322374766)
B2094252DB6BABF8489E,正宗湖南麻辣烫,113.8645394,22.5775968,盐田新一村四巷15号(西乡地铁站A口步行400米),,113.8596162,22.58061926,POINT (113.85961618707006 22.580619260787902)
B2094354D76BA1F4479E,榕边干蒸鲜排骨(流塘店),113.886095,22.5777191,宝民二路35号信和丰商务大厦B座110号,,113.8812108,22.580764,POINT (113.88121083628884 22.58076399687784)
B2094351DA6FA5F4479C,笨罗卜浏阳菜馆(宝安梦想城店),113.863477,22.5785853,深圳市宝安区盐田街盐田社区悦和路88号旭生和韵大厦1号楼,,113.8585514,22.58160616,POINT (113.85855140014048 22.581606164664205)
B2094355D66BA1FA439E,张想想-美蛙鱼头(西乡店),113.8602963,22.57871867,盐田社区金海路19号乐群综合楼A1栋108,,113.8553636,22.5817349,POINT (113.855363571349 22.58173490134135)
B2094356D568A5FE449F,繁楼,113.8627684,22.58098312,深圳市宝安区金海路盐田股份综合楼,,113.857841,22.58400271,POINT (113.85784103136164 22.584002705004814)
B2094253D169A6FE479A,蘩楼(西乡店),113.862719,22.581039,金海路3号盐田股份综合楼2楼,,113.8577916,22.5840585,POINT (113.85779156646888 22.584058503431052)
B2094354D16AAAF54699,麦当劳(一乐会店),113.885821,22.581399,西乡街道河东社区流塘路泰华明珠1栋.2栋115-118号麦当劳,,113.8809362,22.58444329,POINT (113.8809362164623 22.584443289924998)
B209425DDA69AAFC4199,胜记酒家(宝安店),113.882109,22.581926,宝民二路泰华豪园1栋,,113.8772186,22.58496748,POINT (113.87721864179288 22.584967479150396)
B2094554D06AABF5469E,新宝烧味茶餐厅(流塘店),113.885463,22.5819384,西乡街道建安二路泰华明珠1栋1层101-104号（一乐会商场）,,113.8805777,22.58498238,POINT (113.88057767229337 22.584982384079716)
B2094355D068A6F9479D,Champions格鲁吉亚餐厅,113.9460447,22.5817693,"留仙大道2188号悦方广场2层L242-1号外围（4号,5号门左手边）",,113.941162,22.58477579,POINT (113.94116202221728 22.58477579021475)
B2094557D36AAAFE449E,乡村农家木桶饭(西丽店),113.95388,22.58193,留仙大道鼎新大厦附近,,113.9489856,22.58492035,POINT (113.94898561299047 22.584920346281358)
B2094356D068A7F5439A,古火旁烧烤夜档(深圳首店),113.9483238,22.58217375,西丽石鼓路3036-1号,,113.943438,22.58517573,POINT (113.94343797890997 22.585175729029068)
B2094750D764A7FB4792,太清凉茶甜品店(西丽店),113.950731,22.583405,新高路留仙居366大街1-7,,113.9458415,22.58640192,POINT (113.94584150486503 22.586401915831214)
B209445CD364A7FE499E,电白鸭粥店,113.952512,22.583682,西丽街道同沙路新围村188栋底商,,113.9476197,22.58667511,POINT (113.9476197129885 22.58667510956582)
B209425DD765AAFB459B,潮鲜记鸡煲·脆皮鸡,113.9538574,22.5837429,西丽街道同沙路1号中泰商住楼108,,113.9489629,22.58673308,POINT (113.94896293499365 22.586733078828956)
B2094252D66BA4F5489A,米彩料理(西丽店),113.9491177,22.5842645,同沙路24号,,113.9442306,22.58726463,POINT (113.94423055898085 22.58726463172692)
B2094252D56DABF9419B,李记湛光蚝庄(西丽十二分店),113.947845,22.584606,西丽镇新围村石岭工业区1栋106,,113.9429597,22.58760864,POINT (113.94295966587178 22.58760864219336)
B2094556D16CA7FD439A,江西土菜馆,113.9478618,22.5851319,西丽石鼓路4003-7号,,113.9429764,22.58813444,POINT (113.94297640880168 22.58813444455863)
B2094354DA6AA4FF4898,西海花港茶院,113.9362559,22.5977072,西丽街道深港花卉中心S05号,,113.9313833,22.60072849,POINT (113.93138330873934 22.600728494448607)
B2094354D569AAFB4598,70年代-江西乡下菜(西乡彩虹城店),113.882061,22.590265,西乡大道与前进二路交汇处彩虹城2楼(彩虹城麦当劳),,113.87717,22.59330541,POINT (113.87717003790462 22.593305407500097)
B209445DD06EA2F54493,新宝烧味茶餐厅臣田店,113.8756427,22.5928519,深圳市宝安区西乡街道宝田一路臣田工业区综合楼D栋1楼,,113.8707407,22.59588601,POINT (113.87074071115421 22.595886010418056)
B2094251D06CA3FC409F,铁仔山公园-云阁碧空观景点,113.8590846,22.5953657,朱坳路(铁仔山公园),,113.854148,22.59837802,POINT (113.85414799654177 22.598378023668573)
B2094252D464A4F94993,铁仔山公园-观景台,113.858696,22.595474,铁仔山公园(西北角),,113.8537585,22.59848572,POINT (113.85375848664188 22.59848571600613)
B2094253D16EA7F4439B,阮三孃重庆老火锅(固戍总店),113.8522892,22.6044469,富通v都会瑞翔居1栋112号,,113.8473357,22.60744709,POINT (113.8473357260719 22.607447093795844)
B209425CDB6BA4FD469A,铁岗水库路,113.8897423,22.6056125,广东省深圳市宝安区,,113.8848612,22.60865589,POINT (113.88486121799531 22.6086558857407)
B2094653D26BA3F44593,铁岗水库公交站,113.88853,22.60886,广东省深圳市宝安区西乡街道铁岗水库路宝安桃花源科技创新园,,113.8836472,22.61190224,POINT (113.88364716287529 22.61190224474438)
B2094253D16AA3FC419B,茶百道(桃源居店),113.8612581,22.6152477,西乡桃源居前进二路196号,,113.8563252,22.61826033,POINT (113.85632521021333 22.618260330572827)
B2094250D06CA6F44592,铁岗水库,113.88728,22.62127,广东省深圳市宝安区,,113.8823947,22.62430952,POINT (113.88239471304426 22.624309523156036)
B2094251D165AAF5409B,波仔炒粉档(鹤洲市场店),113.8605841,22.6239419,西乡街道101鹤洲市场4号铺,,113.8556491,22.62695209,POINT (113.85564912433465 22.62695209469009)
B2094350D764A2FB439D,冯校长老火锅(华润雪花啤酒小镇店),113.9228585,22.583198,华润雪花科创城BREWTOWN啤酒小镇东堂L2-EL235、236店铺,,113.917995,22.58623772,POINT (113.91799504867772 22.5862377199036)
B2094356D365A3FE4692,山缓缓火锅(深圳啤酒小镇店),113.9233307,22.58387583,70区创业二路526号深圳啤酒小镇EL221号商铺,,113.9184671,22.58691501,POINT (113.91846710074888 22.586915014603292)
B2094352D468A4FD4892,一滩烂泥酒馆(兴东店),113.9214342,22.5848456,广东省深圳市宝安区群力二路1号,,113.916571,22.58788641,POINT (113.91657102215135 22.58788641474259)
B2094251DA6EA5FB4099,留仙洞美食城A区,113.928657,22.5859685,留仙村路与创业东路交叉口西北20米,,113.9237908,22.58900168,POINT (113.92379084077268 22.589001679872673)
B2094253DB65AAF4459F,街边巷里潮汕牛肉火锅,113.9231151,22.64124,石岩街道创维创新谷5号楼2层街边巷里潮汕牛肉火锅店,,113.9182479,22.6442704,POINT (113.91824789639291 22.64427039561887)
B2094253D56FA2FE479B,南粤光明乳鸽(石岩店),113.9236934,22.6428863,塘头一号路创维创新谷3幢3楼,,113.9188259,22.64591582,POINT (113.91882590387692 22.6459158199252)
B2094350D76DA7FA479E,幸福民谣·烧烤酒馆(石岩店),113.9282384,22.6742577,石岩浪心工业区一路b栋一楼103-106铺,,113.9233669,22.67727566,POINT (113.92336688253643 22.677275662062016)
B2094350D56FABFE4698,冯校长老火锅(宏发大世界店),113.9302887,22.6755845,深圳市石岩街道宝石南路95号宏发大世界二期一单元107.216.217,,113.9254159,22.67859965,POINT (113.92541586370153 22.67859964623236)
B2094251D36CA1FD4993,石岩美食文化街,113.93154,22.677002,359省道瑞兴旁,,113.9266662,22.6800152,POINT (113.92666622424457 22.680015195540303)
B2094351D06CA1F9449C,屿沐园林茶院,113.9272365,22.6786039,石岩街道浪心社区松白路2202号宏源发花卉苗木产业园A栋118-119屿沐园林,,113.9223652,22.68162201,POINT (113.9223652384568 22.681622011163224)
B2094354D169A5F4479E,颓记茶餐厅(上合花园店),113.90447,22.579526,32区上合花园2栋H座1楼43号,,113.8996042,22.58257584,POINT (113.899604158435 22.582575842586188)
B2094352DA6EA1F44898,重庆美蛙鱼头·专注纯手工自炒底料(上合宝藏店),113.9007551,22.5796279,广东省深圳市宝安区36区岭下花园1栋怡园路4008,,113.8958868,22.58267785,POINT (113.89588676179685 22.582677850722316)
B2094252D065AAF8469B,微公子韩式特色烤肉店(兴东店),113.9175357,22.5808818,新安街道兴东社区71区创业二路331号(兴东地铁站D口步行120米),,113.9126733,22.58392617,POINT (113.91267330862723 22.583926166769817)
B2094251DB64AAF44199,川胖子美蛙鱼头(公园路店),113.899304,22.58109,36区公园路4032号岭下花园17栋一楼,,113.8944344,22.58413966,POINT (113.8944344216664 22.584139663022196)
B2094351D068A5FB4698,尖岗山古庙,113.916336,22.5929014,尖岗山公园山顶,,113.9114729,22.59594507,POINT (113.91147286642519 22.59594507490433)
B2094355D06AABF4429A,何如·南乔小院·庭院下午茶·团建·空间,113.9159373,22.659891,塘头大道29号骏业工业园内（要进工业园里面）,,113.9110699,22.66292329,POINT (113.91106990636821 22.662923293547887)
B209425DDB65A1F5489C,陌上花公园-五亩园,113.9030578,22.6766875,麻布新村五巷与麻布新村六巷交叉口东北440米,,113.8981849,22.67972041,POINT (113.8981849338036 22.679720413690912)
B2094653D268AAF84293,弘源寺(北区东南门),113.90269,22.70149,广东省深圳市光明区玉塘街道星湖路93石岩湖温泉度假村,,113.8978153,22.70451682,POINT (113.89781531690909 22.70451681997356)
B2094653D268AAF4489E,弘源寺,113.901324,22.701693,广东省深圳市光明区红星社区石岩湖度假村内,,113.8964483,22.70471977,POINT (113.89644834876844 22.704719774985204)
B2094653D269A3F44992,弘源寺(南区西南门),113.901929,22.7018137,广东省深圳市光明区星湖路85号,,113.8970538,22.70484045,POINT (113.89705377495919 22.704840450276173)
B2094252D264A6FB479E,鑫霖美食坊,113.9266551,22.6817666,石岩街道龙腾社区松白路桥西2401号,,113.9217839,22.68478462,POINT (113.92178392464739 22.684784615306093)
B2094653D269A2FF429F,深圳(宝安)劳务工博物馆,113.932787,22.684725,永和路8号,,113.9279118,22.68773468,POINT (113.92791181543616 22.68773467922254)
B2094253D16FA0FF479F,光明乳鸽·凤凰客家酒楼(凤凰店),113.9333958,22.7359175,凤凰街道塘家社区张屋新村十八巷7号1-3层,,113.9285169,22.73891258,POINT (113.92851688614414 22.738912578037457)
B2094252DA6CA4FE4993,仙隐小鹿中华の日料(光明蓝鲸世界店),113.93382,22.743359,凤凰街道东坑社区龙光玖龙台6栋B座L4-22A-21B,,113.9289403,22.74635126,POINT (113.92894027186026 22.746351260198953)
B209425CD06EA3FE4598,探鱼烤鱼(蓝鲸购物中心店),113.9343552,22.746078,龙光玖龙台光明蓝鲸世界A座L4-15A,,113.9294749,22.74906867,POINT (113.92947485734715 22.7490686699452)
B2094252DB6BA0F44399,顶峰(明蓝鲸世界店),113.9328128,22.7462849,凤凰街道凤凰城地铁站B出口光明蓝鲸世界,,113.9279337,22.74927768,POINT (113.92793368088938 22.749277682269433)
B2094253D36FA4FC469F,宋宋象·东南亚菜(蓝鲸世界店),113.93302,22.7465595,凤凰街道光明蓝鲸世界G层52号(凤凰城地铁站A口旁),,113.9281407,22.74955191,POINT (113.92814070357507 22.74955191228337)
B209425DD26DA5F8419F,光明蓝鲸世界啫火啫啫煲,113.9336352,22.747394,L4-02-03(凤凰城地铁站B口步行330米),,113.9287554,22.7503853,POINT (113.92875536433365 22.750385296681873)
B2094253D265A3FE459F,鮨·富藏日本料理(光明蓝鲸世界店),113.9336745,22.7475257,蓝鲸世界(凤凰城地铁站B口步行100米),,113.9287946,22.7505169,POINT (113.92879462430808 22.750516900885746)
B2094355D16EA2FC4099,姜胖胖首尔自助烤肉·街头小吃大排档(万达广场深圳光明店),113.9327496,22.74840644,观光路万达广场2楼2011号商铺,,113.9278704,22.75139866,POINT (113.92787039406299 22.751398659095788)
B2094251DB64A3FA439E,石岩水库,113.9048966,22.7059834,水库路与星湖路交叉口南40米,,113.900023,22.70900886,POINT (113.90002298920217 22.709008856097828)
B2094253D36CA5FF449F,日落酒馆(田寮店),113.9045376,22.7307359,田湾路80号,,113.8996622,22.73375454,POINT (113.89966221088733 22.733754541417426)
B2094254DB64A7FA4598,景记潮汕砂锅粥大排档,113.9184,22.73078,公明街道甲子塘市场旁边(盛世华联百货侧门旁边),,113.9135281,22.73379269,POINT (113.91352805066454 22.733792693442002)
B2094252D36AA2FA4693,鹅颈水湿地公园,113.9155932,22.740021,东长路与光明大道交叉口北240米,,113.9107207,22.74303288,POINT (113.91072071324695 22.743032876653736)
B209425DD064ABFA459F,国隐小院·鲜渔农庄·粤菜,113.9184046,22.7499488,鹏凌路与东福路交叉口西南180米,,113.9135314,22.75295576,POINT (113.91353143124893 22.752955761310513)
B2094253D06DAAF5469D,下村新强记烧鹅(大东明店),113.906199,22.768871,马田街道大东明城市广场1栋,,113.9013221,22.77187765,POINT (113.90132208315984 22.771877654456986)
B2094253D06BAAFE469A,下村新强记烧鹅店(大东明店),113.906136,22.76889,公常公路732-7号大东明城市广场1栋2楼,,113.9012591,22.77189666,POINT (113.90125905026305 22.771896660245496)
B2094253D16FA4FB499C,桃桃厨房(深圳市光明区分店),113.9020675,22.7754722,公明街道公明社区红花路25小区1栋,,113.8971877,22.7784771,POINT (113.89718768641521 22.77847710203534)
B2094355D26CA2F4479E,茅洲河碧道,113.9164432,22.7805698,广东省深圳市光明区,,113.9115682,22.78356828,POINT (113.91156815768518 22.78356827761107)
B2094556D765A2FA449F,全汁全味驴庄,113.9032841,22.7828181,红花北路红花山58号,,113.8984046,22.78582051,POINT (113.89840463141516 22.78582050763791)
B2094253D36FABF5419D,庭留SDEi·家庭料理,113.8214426,22.6755328,福永街道白石厦社区横巷十二巷2号,,113.8164031,22.67846294,POINT (113.81640311881458 22.678462937904243)
B2094352D768ABF54493,春风民谣烧烤·酒馆(同泰时代广场店),113.8038717,22.678101,深圳市宝安区福海街道桥头社区同泰广场L1层-59号,,113.7987868,22.68099905,POINT (113.79878675715247 22.680999045215255)
B2094250D06EA0FD4093,海底捞火锅(同泰时代广场),113.8041221,22.6782248,福海街道宝安大道6259号同泰时代广场4楼,,113.7990378,22.68112323,POINT (113.79903776036646 22.68112323494534)
B2094653D268ABFF489C,东方山水酒店,113.7937217,22.6791045,蚝业路与永和路交汇处,,113.7886131,22.6819864,POINT (113.78861311159758 22.68198640399975)
B209445DD565A7FD4598,维也纳酒店(深圳国际会展中心福永凤凰山店),113.8458048,22.6840196,福永街道凤凰社区凤凰山大道美食街第8-9栋,,113.8408298,22.68699313,POINT (113.84082983894652 22.686993127391304)
B2094351D568A6FD4098,来福农家院子·河豚特色鱼煲(国际会展中心店),113.785559,22.6843233,广东省深圳市宝安区福园一路30号美生云谷福海楼鹏城宴1楼,,113.7804331,22.68719296,POINT (113.78043310957254 22.687192964908075)
B2094257D56CA5FB4992,乡村木桶饭,113.7928244,22.68539839,广东省深圳市宝安区福海街道和平社区永和路骏丰工业园D栋8号,,113.7877135,22.6882775,POINT (113.78771348356166 22.688277498076058)
B2094250D26BABFF4799,深圳国际会展中心皇冠假日酒店,113.77738,22.686848,展云路8号(国展南地铁站C口步行370米),,113.7722391,22.68970796,POINT (113.7722390864226 22.689707961305405)
B2094254D66EA5F4429C,胖子烧烤牛骨头,113.806408,22.6882,深圳市宝安区福海街道桥头社区黄屋九巷5号101,,113.8013287,22.69109992,POINT (113.8013286503137 22.691099915514066)
B209445DD46BA3FC409E,维也纳酒店(深圳国际会展中心福永新田店),113.8305097,22.6881743,福永新田大道101号博业大厦,,113.8254938,22.69111856,POINT (113.82549383079785 22.691118563221977)
B2094554D264A7FF409E,夏威夷国际酒店(深圳国际会展中心福园店),113.783283,22.688445,福园二路创峰数码科技园C1栋,,113.7781525,22.69131093,POINT (113.7781524787939 22.691310927067626)
B2094351D26FA4F9409B,探鲜渔舫·蒸汽海鲜主题餐厅(国际会展中心店),113.7870083,22.6889737,福海街道福园一路88-1号（朗悦酒店隔壁）,,113.781885,22.69184405,POINT (113.78188497095935 22.691844051914682)
B2094554DB68A3F9459A,友信茶餐厅,113.801848,22.6893091,福永街道桥头社区鸿德园17-19号,,113.7967574,22.69220111,POINT (113.7967574369488 22.692201109261955)
B2094653D269A3FF4892,凤凰塔,113.836738,22.690983,凤凰山大道,,113.8317387,22.69393829,POINT (113.83173870853992 22.693938288346917)
B2094653D269A1F84899,凤凰古村,113.840207,22.691236,凤凰山大道172号,,113.8352169,22.69419765,POINT (113.83521692877937 22.694197650080245)
B2094251DB6FA2F54992,文天祥廉政教育馆,113.8365478,22.6913311,文天祥纪念馆西门旁,,113.831548,22.69428595,POINT (113.83154797709923 22.694285946897732)
B2094357D46FA4F5479A,老地方万州烤鱼(桥南店),113.8106773,22.6913914,桥头桥南新村6-1号,,113.8056085,22.69429798,POINT (113.80560852350989 22.69429798277672)
B2094251D06DAAFD449D,环立新湖绿道,113.8277716,22.6923071,桥头社区稔山二路8号立新湖公园(东北角),,113.8227481,22.69524515,POINT (113.82274806908842 22.695245153953206)
B209445CD06CABF4419C,真功夫(福永为盛店),113.8383419,22.694633,福永街道凤凰社区岑下路育才花园商业楼一层(为盛百货),,113.8333467,22.69759036,POINT (113.83334665633701 22.697590357144183)
B2094251D06FA1F94298,深圳国际会展中心-10号馆,113.775964,22.697391,福海街道展城路1号,,113.7708201,22.70024697,POINT (113.77082006287061 22.700246970967935)
B2094252D26DA0FE4098,雅好花园酒店(深圳国际会展中心塘尾店),113.80461,22.697684,福永街道塘尾社区和沙路10号,,113.7995256,22.70057849,POINT (113.79952559182057 22.70057848613387)
B2094357D065A6FF489D,深圳市国际会展中心,113.7742536,22.6979516,广东省深圳市宝安区福海街道和平社区展城路1号,,113.7691069,22.70080587,POINT (113.76910690376278 22.70080587414011)
B2094256D76DA4FF429D,深圳国际会展中心(宝安新馆),113.774135,22.697964,福海街道展城路1号,,113.7689881,22.70081817,POINT (113.76898811819464 22.700818166874587)
B2094252D26AA2F94992,深圳国际会展中心,113.774135,22.697964,福海街道展城路1号,,113.7689881,22.70081817,POINT (113.76898811819464 22.700818166874587)
B2094354D769A6F84092,阿娜尔·新疆菜(华强时代广场店),113.816096,22.699688,福海街道塘尾社区华强时代广场L5-37,,113.8110408,22.70260229,POINT (113.8110407592617 22.702602286217363)
B209425DD26BA7F5409D,柴火饭店(塘尾店),113.8085072,22.7002052,尾凤塘大道5171柴火饭店,,113.8034323,22.70310572,POINT (113.80343233377509 22.703105724589786)
B2094252D564A6F4419B,全季酒店(深圳国际会展中心福海店),113.8044698,22.700351,福海街道塘尾社区和沙路48号1层,,113.7993849,22.70324456,POINT (113.79938487480267 22.70324456497853)
B2094252D36CA0FC4692,深圳国际会展中心16展厅,113.774574,22.70091,展城路1号(深圳国际会展中心),,113.7694276,22.7037638,POINT (113.76942761214258 22.703763796277244)
B2094557D26FABF4499E,下午三点(唐美商场店),113.80151,22.70127,福永塘尾唐美商场门口安踏对面(塘尾农贸市场),,113.7964179,22.70415843,POINT (113.79641785105649 22.70415843293687)
B2094253D66FABFA4698,杨记柳州螺蛳粉(塘尾十三区店),113.8045887,22.7017738,福海街道塘尾社区13区3巷1号103铺(外围),,113.799504,22.7046672,POINT (113.79950397395528 22.704667196220424)
B209445CDA65A2FB4799,從黔,113.83097,22.702724,福永街道稔田社区工业北路50-7号,,113.8259544,22.70566545,POINT (113.82595443571746 22.705665450528343)
B2094253DA6CA7FA469D,深圳国际会展中心洲际酒店,113.78243,22.702832,福园二路93号会展湾东城广场二期7栋101,,113.7772969,22.7056933,POINT (113.77729694910184 22.705693297229878)
B2094252D26EA2F44998,深圳国际会展中心北登录大厅,113.773918,22.703079,福海街道展城路1号(国展北地铁站C2口旁),,113.7687704,22.70593166,POINT (113.76877044713328 22.70593165522319)
B2094354DB6AAAFE439A,福海河,113.779908,22.7035149,广东省深圳市宝安区展景路会展湾中港广场东侧约150米,,113.7747703,22.70637324,POINT (113.77477034522636 22.706373235995862)
B2094253D66DA3F8489B,深圳国际会展中心-17号馆,113.772245,22.704588,福海街道展城路1号,,113.7670948,22.70743885,POINT (113.76709481202275 22.707438854629544)
B2094252D36CA3F8439D,大随求素食,113.800358,22.7050787,福永街道塘尾社区永福路254号2层,,113.7952629,22.70796428,POINT (113.79526286622419 22.707964278154783)
B2094251D06FABF44898,深圳国际会展中心希尔顿花园酒店大堂,113.778432,22.705246,深圳国际会展中心希尔顿花园酒店,,113.7732917,22.70810235,POINT (113.77329166624588 22.708102345227587)
B2094251D66EA7F54499,深圳国际会展中心希尔顿酒店,113.777863,22.705438,展丰路80号(国展北地铁站C2口步行240米),,113.7727217,22.70829372,POINT (113.77272168514334 22.70829372102984)
B2094253D668A3F9409B,深圳国际会展中心-20号馆,113.775246,22.705652,展城路与百川路交叉口西南140米,,113.7701004,22.70850516,POINT (113.77010036692897 22.70850516239953)
B209445CD06CA1F9469D,幸福西饼(福永塘尾公园分店),113.80837,22.70647,塘尾社区九区接福路60号,,113.8032944,22.70936865,POINT (113.80329438096601 22.70936864657044)
B2094353D36EA4FC449C,醉江春湖北菜(沙井店),113.818375,22.712408,深圳市宝安区南环路锦胜财富广场,,113.813325,22.71532314,POINT (113.81332495771619 22.715323135223127)
B2094354D169A2FE4498,深圳前海·华发冰雪世界,113.7731179,22.7126216,沙井南环路(会展城地铁站D口步行400米),,113.7679685,22.71547103,POINT (113.76796849687406 22.715471030727713)
B2094354D76DA7FF459F,啫火啫啫煲(万丰海岸城购物中心店),113.821414,22.713711,万丰中路245号万丰海岸城购物中心沙井南环路店F5层,,113.816372,22.71663146,POINT (113.8163719747491 22.716631457603924)
B2094354D36DA0F8439A,大渔铁板烧(万丰海岸城购物中心店),113.821666,22.713714,万丰中路245号万丰海岸城购物中心沙井南环路店F5层,,113.8166246,22.71663493,POINT (113.81662464933613 22.71663492995755)
B209445CD36BA6FC449D,新宝烧味茶餐厅,113.8296463,22.7143211,新桥街道上星南路景盛豪庭一层(丽莎花都南门对面),,113.8246264,22.71725695,POINT (113.82462641275508 22.717256948748634)
B209425CD66BA5F4419D,新宝餐厅(马安山店),113.8132351,22.7152282,南环路306号102(马安山地铁站B口步行470米),,113.8081714,22.71813314,POINT (113.80817137382064 22.718133136691357)
B2094351D468A7F4439B,华发冰雪热雪奇迹,113.7691624,22.715298,沙井南环路(会展城地铁站D口步行400米),,113.7640071,22.71814364,POINT (113.76400711736952 22.718143643854713)
B2094253D669A2F4469F,深圳前海·华发冰雪世界营销中心,113.777578,22.71552,沙井展景路与展林路交汇处,,113.7724355,22.71837273,POINT (113.7724355454379 22.718372725916378)
B2094353D36FA7FF409F,UFUFU SWEETS&DINER(华发冰雪热雪奇迹店),113.769653,22.715698,深圳市宝安区南环路,,113.7644984,22.71854388,POINT (113.76449836593942 22.718543883776068)
B2094253D66EABFB4299,海上田园南(地铁站),113.774574,22.718084,12号线南宝线,,113.7694265,22.72093319,POINT (113.76942648918799 22.720933194884704)
B2094253D069A2F4439E,凤凰山-凤岩古庙,113.853848,22.676102,福永街道凤凰村凤凰山森林公园内(东北角),,113.8488938,22.67909113,POINT (113.84889377231916 22.67909113268017)
B2094252D16AA2FA4798,凤凰山森林公园-凤凰广场,113.850385,22.6820821,福永街道凤凰社区凤凰山森林公园内(北侧),,113.8454218,22.68506405,POINT (113.84542182151411 22.685064047682634)
B2094252D46BA5FB4298,亚婆髻,113.880071,22.685783,广东省深圳市宝安区,,113.8751708,22.68880382,POINT (113.87517076860982 22.688803824876434)
B2094252D26EAAFE4699,阿婆髻水库,113.8857514,22.692906,广东省深圳市光明区,,113.8808594,22.6959295,POINT (113.88085943962044 22.695929497760787)
B2094252D364A6FA4898,凤凰山-慈云阁,113.8582861,22.70181,洪田路140号,,113.8533408,22.70479986,POINT (113.8533408395857 22.704799856077727)
B2094252D768A4F4409E,火山-观音寺,113.8582874,22.7018878,凤凰山,,113.8533421,22.70487764,POINT (113.8533421376496 22.704877637848497)
B2094356DB6FA2FE429D,何如·东篱小院·茶食·团建·婚礼(新玉路店),113.8719756,22.7253249,新玉路16号,,113.8670583,22.72832698,POINT (113.8670582933677 22.728326984469774)
B2094252D168A1F44199,全汁全味驴庄(沙井店),113.85765,22.729181,新桥社区新玉路湾景商务中心4栋1-169号,,113.8527015,22.73216237,POINT (113.85270149350562 22.73216236813698)
B2094652DB68A4FF459A,蜀香阁天府情火锅城,113.85397,22.73674,广东省深圳市宝安区沙井街道芙蓉大道102号名购百货(芙蓉店),,113.8490122,22.7397133,POINT (113.84901218470348 22.73971329579563)
B2094653D26DAAFA439A,松岗中学,113.867154,22.759364,东方大道26号,,113.8622248,22.76234989,POINT (113.8622247746589 22.76234989150629)
B2094757DA6CA2FF4492,维也纳国际酒店(会展中心海上田园店),113.77959,22.71852,南环路和一村鸿桥工业园549号,,113.7744508,22.72137396,POINT (113.77445080558206 22.721373955085475)
B2094253D168A0FE479D,裕华海鲜(沙井店),113.800257,22.719143,沙井街道西环路2004之3第1层(汉庭酒店旁),,113.7951607,22.72202461,POINT (113.79516071284463 22.722024609640375)
B2094557D56AA0F5479C,大钟山,113.823057,22.719376,新桥街道万丰社区万丰中路303号,,113.818019,22.72229799,POINT (113.81801901471283 22.722297988695505)
B2094653D268A5F94198,深圳豪盛花园大酒店,113.8463875,22.720826,沙井镇新沙路东段2号,,113.8414117,22.72379097,POINT (113.8414116777507 22.72379096941409)
B2094357D66CA7FE4598,尧熙·湖院(定岗湖店),113.8135475,22.7245537,深圳市宝安区环镇路18号-A,,113.808484,22.7274566,POINT (113.80848398096236 22.727456603765656)
B2094653D268ABFF4793,万景楼,113.82859,22.725308,新桥街道沙井中心路19号,,113.8235665,22.72823879,POINT (113.82356654979554 22.728238787136526)
B2094252D06CA7F84192,万景楼-万丰文化村,113.8287269,22.7253986,沙井街道中心路19号万景楼内(东侧),,113.8237038,22.72832962,POINT (113.82370381381217 22.728329620756668)
B2094253D368A0FA449E,海上田园-农家风情寨,113.77348,22.72681,沙井西环路海上田园景区内,,113.7683302,22.72965579,POINT (113.7683302206082 22.729655787370863)
B209425CD669A5FF4199,深圳之夜·海上田园不夜城,113.7726095,22.7268549,沙井街道民主大道海上田园内,,113.7674584,22.72969994,POINT (113.76745839888083 22.72969994448896)
B209445DDB6FA7FB469E,八方精品酒店(深圳沙井京基百纳店),113.8045,22.7269,沙井民福路39号(沙井京基百纳旁),,113.7994134,22.72978639,POINT (113.7994134236866 22.729786389656628)
B2094653D26AABFB4098,海上田园,113.7707288,22.727044,沙井街道民主大道,,113.7655749,22.7298875,POINT (113.76557493560708 22.729887502064255)
B209445CD36BA5F5449B,卡玛王子(沙井京基百纳店),113.80579,22.72722,沙井街道沙井京基百纳广场一楼101号(南门入口处),,113.8007066,22.73010848,POINT (113.80070658225112 22.730108481335197)
B2094252DB6BABFF4392,胖哥俩肉蟹煲(沙井京基百纳店),113.806151,22.727275,沙井路168号中熙广场沙井京基百纳广场五楼530号商铺,,113.8010685,22.73016408,POINT (113.8010684741156 22.730164081604244)
B2094251D06EA5FC4898,GOGIYA韩国传统烤肉店(京基百纳广场沙井店),113.805786,22.727367,沙井路168号京基百纳广场(沙井店)F5-L526,,113.8007026,22.73025543,POINT (113.8007025627893 22.730255432471687)
B209445DD764A7FC4093,深圳深大快捷酒店京基百纳店(沙井路店),113.806858,22.727461,深圳宝安区沙井路与沙头七路交汇处(沙井京基百纳左侧),,113.8017772,22.73035124,POINT (113.80177722271198 22.730351240991162)
B2094253D26DA2FE4998,春润大地(京基百纳广场沙井店),113.806401,22.727562,沙井街道沙井京基百纳广场六楼L601602,,113.8013191,22.73045143,POINT (113.80131907700283 22.730451427326027)
B209445CD36AAAF54693,麦当劳沙井京基百纳店甜品站,113.80659,22.72757,沙井路168号沙井京基?百纳广场1楼106A,,113.8015085,22.73045975,POINT (113.80150854713263 22.730459749172557)
B2094254D56BAAFF4198,欢乐魔方激速卡丁车俱乐部(京基百纳广场沙井店),113.80547,22.727722,沙井路168号京基百纳广场(沙井店)F7,,113.8003858,22.73060979,POINT (113.80038575794254 22.73060979343385)
B209475CDA69A2FE419F,京基·百纳广场(沙井店),113.806089,22.727849,沙井街道沙头社区沙井路168号,,113.8010063,22.73073781,POINT (113.80100628285166 22.730737811306362)
B2094250D369A0F8499F,外婆家(京基百纳广场沙井店),113.805824,22.727854,沙井路168号京基百纳广场(沙井店)F6-L620b,,113.8007406,22.73074236,POINT (113.80074062527659 22.730742357746692)
B209445DD66BA6FA4692,慕尚酒吧(沙井京基百纳店),113.806062,22.728027,沙井街道沙井路168号中熙广场沙井京基百纳广场1楼L1-L155,,113.8009792,22.73091571,POINT (113.80097920425823 22.730915714155586)
B2094252D66EA2FE419C,翠君冰室(京基百纳广场沙井店),113.805824,22.728199,沙井路168号京基百纳广场(沙井店)F5-L519a,,113.8007406,22.73108726,POINT (113.80074060285399 22.731087258806927)
B2094556D169A6FA459E,沙井京基百纳华润万家店,113.8278,22.72816,沙井京基百纳二楼华润万家超市出口,,113.8227742,22.73108848,POINT (113.822774231418 22.731088476051713)
B2094253D265A6FF4393,风雨故人(京基百纳广场沙井店),113.806305,22.728233,广东省深圳市宝安区沙井路168号京基百纳广场(沙井店)F5-L510,,113.8012228,22.73112207,POINT (113.80122279459042 22.731122070562815)
B2094251D769A4F4469C,美吉姆国际儿童发展中心(京基百纳广场沙井店),113.80673,22.728518,沙井路168号京基百纳广场(沙井店)F3-L311,,113.8016488,22.73140772,POINT (113.80164883458555 22.731407717761098)
B2094256DB6EA6FF499B,海底捞火锅(沙井京基·百纳广场店),113.8053087,22.728539,沙井街道沙井路168号中熙广场沙井京基百纳六楼618a号商铺,,113.800224,22.73142629,POINT (113.80022400652074 22.731426285389873)
B2094554D369ABF8449B,Caffe bene咖啡陪你(沙井京基百纳店),113.80758,22.72854,沙井街道沙井路168号中熙广场沙井京基百纳广场一楼L1-103a、二楼L2-243,,113.802501,22.73143118,POINT (113.80250096000276 22.731431178175995)
B2094253D265AAF54292,悦得闲广式点心茶楼(沙井京基百纳店),113.806494,22.728662,沙井街道沙头社区沙井路168号京基百纳广场六层610号,,113.8014122,22.73155127,POINT (113.80141223703023 22.731551271195578)
B209445CD06DA0FB489B,舞茶道(沙井京基百纳店),113.80705,22.72889,沙井镇沙头七路8号(即京基百纳广场东北门旁),,113.8019696,22.73178016,POINT (113.80196960959049 22.731780161668166)
B209425DD16BA6FB4498,曲家社区小火锅,113.806329,22.728937,沙头三区一巷3-1号,,113.8012468,22.73182591,POINT (113.80124680852666 22.7318259093695)
B2094253D46CABF8489C,老板不在小龙虾总店,113.8069639,22.7293254,沙头三路15-2号(京基百纳东北门斜对面巷子120米),,113.8018833,22.73221529,POINT (113.80188326608916 22.73221528796646)
B2094653D26AABFB4099,海上田园风光总站,113.77667,22.72945,广东省深圳市宝安区沙井街道恒海钓鱼场海上田园,,113.7715251,22.73229792,POINT (113.77152512211815 22.732297923575413)
B2094253D26FA6F4479A,沪上阿姨鲜果茶(沙井京基百纳店),113.807409,22.729485,沙井街道沙井路407号沪上阿姨,,113.8023295,22.73237561,POINT (113.80232946970088 22.732375610257566)
B2094253D368A0F5439B,海上田园-情人湾,113.7701034,22.7295798,海上田园情人湾,,113.7649485,22.73242211,POINT (113.76494848488457 22.732422106479692)
B2094354DB65A3FB4092,螺大二街边地摊螺蛳粉,113.8055877,22.7296384,沙头西园小区20栋103,,113.8005036,22.73252584,POINT (113.80050362434291 22.73252584257508)
B2094253D368AAFB419E,大二街边粉店,113.805524,22.729697,民福路42号,,113.8004398,22.73258432,POINT (113.8004397630273 22.732584317422095)
B2094256D46CA7FF429D,海底捞火锅(新沙天虹店),113.80014,22.730865,沙井西环路2105号新沙天虹购物中心7层712号商铺,,113.7950427,22.7337431,POINT (113.7950426738981 22.733743096345528)
B2094253D16FA5FE4393,海上田园东(地铁站),113.781235,22.731193,(在建)12号线二期12号线南宝线,,113.7760979,22.73404514,POINT (113.77609790876488 22.73404513764027)
B2094253D56CABFC479F,金铭都酒家(西荟城购物广场店),113.818143,22.731485,沙井街道坣岗社区新沙路南侧华盛智荟大厦2层a区3层,,113.8130911,22.73439435,POINT (113.81309110695362 22.734394349768404)
B2094652DB68A4FE4992,深圳市海上田园旅游发展有限公司,113.775287,22.731686,民主大道53号,,113.7701397,22.73453198,POINT (113.7701397297464 22.73453198066117)
B2094252D769ABFA4098,黑岩角,114.503246,22.4496439,广东省深圳市龙岗区,,114.498558,22.45251802,POINT (114.49855796979509 22.452518021842216)
B2094552D765A6FA4398,牛奶排,114.520468,22.452726,广东省深圳市龙岗区南澳街道,,114.5158396,22.4556511,POINT (114.51583962956171 22.45565110001621)
B2094452D264ABFB449A,大鹿港,114.501499,22.462469,南澳街道富民路120号,,114.496804,22.46533846,POINT (114.49680395215577 22.46533845824822)
B209445CD36BA7F9449E,南澳渔村,114.49614,22.474043,广东省深圳市龙岗区南澳街道大鹏半岛,,114.4914251,22.47689665,POINT (114.49142512151836 22.47689664642532)
B2094253D66CA4FE419A,大鹏半岛,114.4961334,22.4740481,广东省深圳市龙岗区,,114.4914185,22.47690173,POINT (114.49141849767454 22.476901726659495)
B2094251D369A1FD419A,西冲海滨旅游度假区,114.53247,22.47587,广东省深圳市龙岗区大鹏半岛(近南澳街道东南端),,114.5278788,22.47882867,POINT (114.52787879584886 22.478828674452444)
B2094250D068A0FB4698,西涌旅游度假区,114.538277,22.478854,大鹏新区南澳街道西涌社区新屋村68号,,114.5337029,22.48182733,POINT (114.53370287926025 22.481827325740134)
B2094354D46BA1F84693,西涌暗夜天文馆,114.532502,22.47901,南西路23号,,114.5279107,22.48196882,POINT (114.52791070018128 22.48196881598181)
B209425CD36DA1FD479B,崖头顶,114.560209,22.47934,,,114.555689,22.48235859,POINT (114.55568903065682 22.48235858791822)
B2094251DB6CA0FC4499,南澳柚柑湾沙滩,114.489774,22.48022,鹅公村柚柑湾,,114.4850361,22.48305469,POINT (114.4850361245761 22.483054686239228)
B209425DD56FAAF8409D,鹅公湾(暂停开放),114.489342,22.4851649,大鹏新区南澳街道,,114.4846023,22.48799836,POINT (114.48460228903154 22.487998359493737)
B2094354D66BA3FC4392,落日拾光咖啡馆(洋畴湾花园店),114.4821858,22.5088271,洋畴湾花园44栋1楼,,114.4774196,22.51163939,POINT (114.47741960409927 22.51163939448754)
B2094255DB6AA5FB4399,南澳蓝宝石沙滩,114.483995,22.537567,企沙下路附近,,114.4792333,22.54038333,POINT (114.4792332592469 22.540383325326218)
B2094354D26CA4FF4392,Seaone海壹·海景长廊餐厅,114.4837372,22.5377846,海滨南路33号E16栋101,,114.4789746,22.54060016,POINT (114.47897455018361 22.54060016150902)
B2094253D16AA0F5429D,苫也·暮悬崖海景餐厅,114.484084,22.53808,海滨南路33号海贝湾度假村E15,,114.4793225,22.54089655,POINT (114.47932253625717 22.54089655295169)
B2094253D76FA4F8479C,海景银滩酒店(南澳蓝宝石沙滩店),114.4836247,22.5382052,海滨南路33号E18栋,,114.4788616,22.54102041,POINT (114.4788616332492 22.541020408264593)
B2094757D06AA7F5489E,西涌沙滩3号沙滩,114.543686,22.47958,西涌鹤薮村3号沙滩,,114.5391269,22.48256604,POINT (114.53912692152129 22.482566044374114)
B2094251D36CA1F84992,西涌三号黄金海岸沙滩,114.543686,22.479584,鹤薮路与Y268交叉口东南655米,,114.5391269,22.48257004,POINT (114.53912692127551 22.48257004443727)
B2094256D46CA4F84599,深圳市天文台,114.55935,22.479717,大鹏新区南澳街道西涌天文路,,114.5548283,22.48273416,POINT (114.55482825996826 22.482734158008082)
B2094255D765A2F94098,南澳大鹏所城,114.53024,22.48123,南澳西冲,,114.5256416,22.48418293,POINT (114.52564156792518 22.484182925618274)
B2094355DB6BAAF44493,东冲西冲,114.5685425,22.4811526,大鹏半岛最南端,,114.5640377,22.48418356,POINT (114.56403766434562 22.4841835631866)
B2094552D765A6FA429E,鬼仔角,114.5724642,22.481726,广东省深圳市龙岗区南澳街道,,114.5679653,22.48476175,POINT (114.56796529732017 22.484761751455757)
B2094351D66FA3FF4592,西涌4号沙滩,114.5502396,22.4818058,广东省深圳市龙岗区新海路与天文路交叉口南约120米,,114.5456972,22.48480598,POINT (114.54569722530113 22.484805984081852)
B2094354D56CA2FE4998,西涌旅游度假区4号沙滩,114.550474,22.481843,南澳街道西冲社区,,114.5459322,22.48484366,POINT (114.5459321942131 22.48484366122035)
B2094255DB64A4F54699,西涌海滨浴场4号沙滩,114.550474,22.481843,南澳街道西冲社区,,114.5459322,22.48484366,POINT (114.5459321942131 22.48484366122035)
B2094252D16AA0FA489C,西涌海滩旅游景区,114.540565,22.482962,鹤薮路,,114.5359971,22.48594087,POINT (114.53599713219798 22.4859408688966)
B2094357DB6EA7FC469F,西涌国际滨海旅游区,114.539591,22.4846451,广东省深圳市龙岗区南澳街道鹤薮小区北166米,,114.5350203,22.48762167,POINT (114.53502028075214 22.487621670065693)
B2094250D16EABFF439E,旭联海洋牧场旅游景区,114.49114,22.48774,南澳镇鹅公湾旭联海洋牧场旅游景区,,114.4864065,22.49057883,POINT (114.48640648642115 22.490578833239624)
B2094255D56AA2F84899,东涌旅游区,114.5834754,22.4878942,大鹏东涌沙滩,,114.578989,22.49093979,POINT (114.57898898040462 22.49093979445568)
B2094250D168A7FA459D,东涌旅游区沙滩游场-出入口,114.5837,22.487911,大鹏东涌沙滩,,114.5792138,22.49095674,POINT (114.57921377898855 22.49095673751851)
B2094252D56FA4FD4793,东西涌,114.583618,22.488078,大鹏湾南澳半岛南,,114.5791317,22.49112369,POINT (114.57913169622175 22.491123686329658)
B2094252D66CA2FD419E,东涌沙滩,114.584138,22.4890641,大鹏新区南澳镇东涌村,,114.5796521,22.49211011,POINT (114.5796520906937 22.492110114223124)
B2094757D16DA7FE4598,深圳东涌沙滩,114.584126,22.489117,大鹏新区南澳镇东涌村,,114.5796401,22.49216301,POINT (114.57964007712948 22.492163007038723)
B2094254D569A7FC469A,深圳东冲沙滩-东西冲徒步,114.584127,22.489118,东涌路深圳东冲沙滩,,114.5796411,22.49216401,POINT (114.57964107793033 22.492164007653997)
B2094355D069A7F5489E,东涌沙滩-东西冲徒步,114.5841338,22.4891257,广东省深圳市龙岗区大鹏新区南澳街道Y249(东涌路),,114.5796479,22.49217171,POINT (114.5796478833199 22.4921717118393)
B209425CD06DA2F5459B,深圳大鹏莫默海边木屋(东涌沙滩店),114.582558,22.489806,沙岗二路40号,,114.5780706,22.49285099,POINT (114.5780706223387 22.492850993166684)
B2094652DB6BAAF9489A,深圳海洋世界,114.331532,22.603478,广东省深圳市盐田区梅沙街道盐葵路36号深圳小梅沙海洋世界,,114.3266432,22.60623555,POINT (114.32664320770833 22.606235553288663)
B2094554D269A1FC409B,here印象海滨客栈(深圳官湖村店),114.43037,22.60407,湖园路8号,,114.4254556,22.6067602,POINT (114.42545557355837 22.606760198457966)
B2094554D069A6F54298,官湖村,114.425924,22.604217,湖龙北路与官湖东路交叉口东北120米,,114.4210022,22.60690202,POINT (114.42100216427124 22.60690201644681)
B209445CD36AABFF489C,官湖村海滩烧烤场,114.42551,22.60453,葵涌官湖村内官湖中路185号,,114.4205875,22.60721453,POINT (114.42058750149789 22.607214534089064)
B2094757D16DA4F84692,大俠谷,114.305455,22.6056697,深圳市盐田区大梅沙东部华侨城内,,114.3006038,22.60847521,POINT (114.30060376091568 22.608475206780877)
B2094652DB6BAAFB409A,东部华侨城水公园,114.3061772,22.6060667,广东省深圳市盐田区大梅沙东部华侨城内,,114.301325,22.60887091,POINT (114.30132500535747 22.6088709066616)
B2094550DB6DAAFE4098,深圳大鹏湾奢华海景度假别墅,114.3698893,22.606655,葵涌万科十七英里,,114.3649512,22.60934829,POINT (114.364951209205 22.609348286621014)
B2094757DB6DA5FB429A,深圳东部华侨城瀑布酒店,114.3036934,22.606547,广东深圳盐田区大梅沙环碧路100号东部华侨城大侠谷,,114.2988443,22.60935536,POINT (114.29884433147788 22.609355364890458)
B2094250D365A5F54499,溪涌度假村海滨浴场,114.361952,22.607151,深葵公路1085号,,114.3570216,22.60985498,POINT (114.35702155948856 22.609854979591546)
B2094257D069A6FE4798,沙鱼涌沙滩,114.416544,22.607446,沙渔涌街79号,,114.4116094,22.61012253,POINT (114.41160936456907 22.610122530223954)
B2094753D565A5F5419A,东部华侨城别墅天麓一区,114.3088447,22.6076466,深圳市盐田区大梅沙东部华侨城内,,114.3039889,22.61044591,POINT (114.30398888565193 22.610445913170427)
B2094757D169AAFB489C,東部華僑城咖酷旅館,114.3024153,22.60787023,深圳東部華僑城大俠谷瀑布酒店旁,,114.2975678,22.61068052,POINT (114.29756776272067 22.61068052394552)
B2094653D269A3FD4599,东部华侨城天麓二区,114.296432,22.608023,大梅沙东部华侨城(东南角),,114.2915913,22.61084283,POINT (114.291591295355 22.610842828326753)
B2094255DA65A7F5409F,溪通海鲜餐厅(溪涌店),114.3609293,22.6088699,溪涌沙头1059号,,114.3559999,22.61157513,POINT (114.35599986722256 22.61157513022858)
B2094254DA65A0F84692,东部华侨城大侠谷,114.3028621,22.6089265,深圳市盐田区闲云路大梅沙东部华侨城内,,114.2980139,22.6117359,POINT (114.29801390887027 22.61173589577615)
B2094757D168A1FA499E,丹桂轩(茶溪谷店),114.3041992,22.60956001,盐田区东部华侨城茵特拉根小镇(近茶溪谷茵拉根酒店),,114.2993493,22.61236707,POINT (114.2993493171505 22.61236706676085)
B2094757DB64A6FB499C,大华兴寺菩提宾舍（东部华侨城店）,114.30407,22.610037,盐田区东部华侨城大华兴寺,,114.2992202,22.6128442,POINT (114.29922023900323 22.612844199562126)
B209445DD56CA3FA4193,深圳大鹏山海亭度假屋,114.4163998,22.6101923,葵涌街道沙鱼涌70号,,114.4114648,22.61286832,POINT (114.41146482683817 22.612868318243333)
B2094256D668A0FE4899,沙鱼涌文化旅游景区,114.4162587,22.6108298,沙鱼涌村游客服务中心,,114.4113235,22.61350563,POINT (114.41132352906013 22.613505630173734)
B2094251DA64A5FE449E,山海大观·观景台,114.287994,22.610804,X879(盐三路),,114.2831612,22.61363545,POINT (114.28316123288921 22.61363545433051)
B2094355D36DA3F8459F,鹏湾餐厅,114.4065119,22.61400455,土洋中路27号,,114.401568,22.61667589,POINT (114.40156801142169 22.616675890851088)
B2094254D66AA2FE439D,梅沙尖,114.274526,22.615142,广东省深圳市盐田区,,114.2697012,22.61798782,POINT (114.26970124642854 22.61798781885261)
B2094352D36FA2F4449C,梅沙尖观景平台,114.2745587,22.6152029,梅沙尖西南侧70米,,114.2697339,22.61804868,POINT (114.26973393018996 22.618048679515667)
B209425DD165A3FF419F,蜜悦·秘野仙踪半山森林餐厅(天麓八区店),114.3033924,22.6153469,东部华侨城天麓8区一号岗5栋,,114.2985431,22.6181544,POINT (114.29854314637136 22.618154402484823)
B2094253D16CA3FD4793,东部华侨城云深夜阑(夜市),114.2938294,22.6154625,东部华侨城云中部落,,114.2889909,22.61828507,POINT (114.28899093847413 22.618285072451947)
B2094757DB64A6F4429D,云中部落站（东部华侨城店）,114.293,22.6179,广东省深圳盐田区大梅沙东部华侨城 东部华侨城,,114.2881622,22.62072339,POINT (114.28816221073477 22.62072338742032)
B2094757DB64A6F4439E,大峡谷站（东部华侨城店）,114.293,22.6179,广东省深圳盐田区大梅沙东部华侨城 东部华侨城,,114.2881622,22.62072339,POINT (114.28816221073477 22.62072338742032)
B2094757DB64A6F44293,大侠谷（东部华侨城店）,114.293,22.6179,广东省深圳盐田区大梅沙东部华侨城 东部华侨城,,114.2881622,22.62072339,POINT (114.28816221073477 22.62072338742032)
B2094757DB64A6FB499B,云海谷（东部华侨城店）,114.293,22.6179,广东省深圳盐田区大梅沙东部华侨城 东部华侨城,,114.2881622,22.62072339,POINT (114.28816221073477 22.62072338742032)
B209445CD06DA0F84592,肯德基(茶溪谷餐厅),114.302902,22.618135,东部华侨城三洲田茶溪谷,,114.2980532,22.62094287,POINT (114.2980531746494 22.62094286876027)
B2094253D66BA3FF479A,大岭古,114.3427956,22.6186967,广东省深圳市盐田区,,114.3378891,22.62143079,POINT (114.33788905586516 22.621430791988022)
B2094252D564A6F44899,大华兴寺-入口,114.28581,22.620909,盐三路,,114.2809783,22.62374163,POINT (114.28097834904449 22.62374163491929)
B2094757D16FA7FE4893,大华兴寺,114.287369,22.625217,东部华侨城,,114.2825358,22.62804691,POINT (114.28253583675979 22.6280469075733)
B2094653D268A0F4419A,东部华侨城,114.287666,22.626673,梅沙街道东海岸社区三洲田,,114.2828325,22.62950227,POINT (114.28283249968194 22.62950226692524)
B2094253D364A3FF439A,犁壁山,114.3951777,22.6291938,广东省深圳市龙岗区,,114.3902284,22.63186324,POINT (114.39022841181995 22.631863239874065)
B2094355D369A2FE409C,马峦山梅亭,114.3205971,22.629123,广东省深圳市坪山区坪山新区,,114.3157232,22.63189721,POINT (114.31572318589785 22.63189721407793)
B2094257D769A2F54492,马峦山郊野公园梅亭,114.320587,22.629127,坪山新区马峦山梅亭,,114.3157131,22.63190123,POINT (114.31571310065452 22.631901232424962)
B2094250D16EAAFF459E,孙中山庚子首义雕塑园,114.273817,22.6295126,广东省深圳市盐田区东部华侨城,,114.2689916,22.63235662,POINT (114.2689915944505 22.632356616757704)
B2094753DA6CA2FE4093,东部华侨城别墅天麓三区,114.2846761,22.629537,广东省深圳市盐田区大梅沙东部华侨城内大侠谷、茶溪谷、云海谷三谷交界核心处,,114.2798448,22.63236955,POINT (114.2798447541929 22.632369549200593)
B2094757DA6CA1FC429B,深圳东部华侨城黑森林酒店,114.2799911,22.6295493,大梅沙东部华侨城茶溪谷,,114.2751628,22.63238725,POINT (114.27516282299314 22.632387250147)
B2094253D76EA2F5469F,碧谷流岚,114.185451,22.615259,望桐路512号,,114.1805082,22.61804776,POINT (114.1805082359621 22.618047763217717)
B2094251D76DA7F44299,菌园农庄(横岗店),114.1850381,22.6214349,横岗牛始埔金塘路南落马石2号,,114.1800939,22.62422189,POINT (114.18009385109956 22.624221894082204)
B2094354D168A6F5459B,塘坑背水库群碧道,114.205079,22.632621,,,114.2001836,22.63543966,POINT (114.20018355690841 22.635439656617528)
B2094255DB6BA6FC419B,豪客来(深圳龙岗锦荟park餐厅),114.177403,22.633742,"龙岗大道1018号【锦荟广场】购物中心二层L201-1,L211号",,114.1724375,22.63651264,POINT (114.17243752875922 22.636512640047716)
B2094554D064A1F9439C,鹅公髻,114.252098,22.634031,横岗大康村公园路,,114.2472706,22.63688486,POINT (114.24727062184085 22.636884857319874)
B2094653D26EA2F44092,园山风景区,114.248813,22.634143,园山街道大康社区沙荷路附近,,114.2439837,22.63699692,POINT (114.24398367111596 22.636996917264376)
B2094551D76DA7FE4993,海底捞火锅(麟恒广场店),114.1852028,22.6368152,龙岗大道(横岗段)2999号麟恒中心广场二期二层,,114.180258,22.63959976,POINT (114.18025799890864 22.639599764166448)
B2094252D36DAAF9499E,圣丰城酒家(横岗麟恒店),114.1849068,22.6371721,龙岗大道六约社区麟恒广场2期2层,,114.1799612,22.63995606,POINT (114.1799611947017 22.639956056583202)
B2094557D56AA4FC4592,妙觉寺,114.240519,22.63969,园山街道沙荷路园山风景区内(西北角),,114.2356824,22.64254126,POINT (114.2356824066526 22.642541262436886)
B209425CD364ABF9409B,南都咖啡西餐厅(横岗大厦Hone商场店),114.208101,22.6462412,龙岗大道5008号横岗大厦Hone商场F1层,,114.2032114,22.64906164,POINT (114.20321137383114 22.64906163763325)
B2094253D56FAAFF4993,茶溪谷停车场,114.279757,22.630732,大梅沙东部华侨城景区内,,114.2749288,22.63356999,POINT (114.27492878169102 22.63356999083086)
B2094653D268A7FA4193,东部华侨城茶溪谷,114.278168,22.631507,大梅沙东部华侨城景区内,,114.2733406,22.63434652,POINT (114.27334058904502 22.634346517500195)
B2094757D064A0FB489F,茶溪谷,114.278168,22.631507,大梅沙东部华侨城景区内,,114.2733406,22.63434652,POINT (114.27334058904502 22.634346517500195)
B2094757DB64A6FB4493,森林小火车（东部华侨城店）,114.2776796,22.631681,深圳市盐田区大梅沙东部华侨城内,,114.2728524,22.63452098,POINT (114.2728524232384 22.63452098193977)
B2094757D16DA1F5469A,茶溪谷四季植物园,114.279239,22.632119,深圳东部华侨城茶溪谷,,114.274411,22.63495729,POINT (114.27441098274471 22.63495729257622)
B2094254D66FAAF5469D,肯德基(茶溪谷店),114.27856,22.63228,茶溪谷景区,,114.2737323,22.63511897,POINT (114.2737323370436 22.635118974033283)
B2094750D26CAAF8439D,丹桂轩（华侨城店）,114.27902,22.632679,盐田区大梅沙东部华侨城茶溪谷茵特拉根小镇商业街D栋(近湿地花园),,114.2741921,22.63551742,POINT (114.27419206658104 22.635517421693727)
B2094750DB6BA1F9469B,茵特拉根小鎮,114.2792728,22.6335843,深圳市盐田区大梅沙东部华侨城内,,114.2744447,22.63642229,POINT (114.27444467125281 22.63642228991075)
B2094757D168AAF5419A,茶溪谷湿地公园,114.2777637,22.6340854,广东省深圳市盐田区盐田街道东部华侨城内,,114.2729363,22.63692486,POINT (114.27293632916383 22.636924859051472)
B2094557D56AAAFC4393,庚子首义旧址,114.3329059,22.6369594,深圳市坪山区马峦山郊野公园内,,114.3280129,22.63970876,POINT (114.32801288536784 22.639708755457658)
B2094252D56AABFC4892,大鹏所城-北门,114.51218,22.5962,南门街,,114.5075143,22.59909476,POINT (114.5075143426249 22.599094755500992)
B2094757D068A2FF4999,大亚湾核电站,114.54369,22.596333,深圳市龙岗区大鹏镇大坑村麻角山大亚湾畔,,114.5391237,22.59931187,POINT (114.53912374291365 22.599311865518597)
B2094653D268ABFB409F,东山寺,114.51966,22.596405,大鹏东山路(近大鹏所城),,114.51502,22.59932151,POINT (114.51501999967334 22.599321507656622)
B2094554D06AA0F84698,排牙山,114.542619,22.623344,深圳市龙岗区大鹏镇排牙山,,114.5380482,22.62631626,POINT (114.53804816687787 22.6263162566996)
B2094250D268A5F84292,坝光海滩,114.50306,22.644804,大鹏新区葵涌街道坝光村东,,114.4983591,22.64766334,POINT (114.49835910938502 22.64766334345955)
B2094252DB69A0FD409B,盐灶古村,114.5154162,22.6469513,葵涌街道坝核公路与243乡道交叉口西北50米,,114.5107586,22.64984702,POINT (114.51075858819416 22.64984701501688)
B2094252D665A1FF469E,坝光野海滩,114.54042,22.64806,Y243与埔坪路交叉口附近,,114.5358415,22.65102254,POINT (114.53584153827308 22.651022535064687)
B2094757DB64A6FB459E,茵特拉根酒店（东部华侨城店）,114.288715,22.63715,广东省深圳盐田区大梅沙东部华侨城 东部华侨城,,114.2838799,22.63997598,POINT (114.28387994864256 22.639975981902936)
B2094255D468A1FB4292,马峦山瀑布,114.338581,22.637334,马峦山郊野公园,,114.3336794,22.64007259,POINT (114.3336794389148 22.64007258675504)
B2094653D269A3FD4492,马峦山郊野公园,114.32815,22.638048,坪马线公路,,114.3232641,22.64080622,POINT (114.32326413687804 22.640806216457925)
B2094253D06EA1F8479C,茶溪谷自然体验区,114.2782077,22.6382762,大梅沙东部华侨城茶溪谷景区内,,114.2733798,22.64111443,POINT (114.27337983947224 22.641114427279643)
B2094251D665A4FF479D,禾塘湿地公园,114.41901,22.6403,金岭路,,114.4140762,22.64297262,POINT (114.41407616163632 22.64297262343307)
B2094256D76FA5F84299,三洲田水库,114.278835,22.641318,广东省深圳市盐田区,,114.2740066,22.644155,POINT (114.27400661817404 22.644154998970375)
B209425CD46DA1FE439C,碧岭瀑布群步道,114.2938089,22.6489617,坪山街道坪马线公路马峦山郊野公园内(西侧),,114.2889683,22.65177823,POINT (114.28896833160194 22.651778228828274)
B2094252DA6CA1FA419D,碧岭瀑布群,114.2938055,22.648969,坪山街道坪马线公路马峦山郊野公园内(西侧),,114.2889649,22.65178553,POINT (114.2889649345657 22.651785532356044)
B2094253D26DA3F9449F,罗屋田水库,114.4530691,22.650899,广东省深圳市龙岗区,,114.4482028,22.65362009,POINT (114.44820280604118 22.65362008512028)
B2094253D36FA1F9469E,马峦山瀑布-入口,114.29424,22.651,坪山大道与沙坑二路交叉口正南方向840米,,114.2893989,22.65381548,POINT (114.289398864891 22.653815480157917)
B2094252D565A3FC4393,封神山,114.327148,22.6529942,广东省深圳市坪山区,,114.3222627,22.65575138,POINT (114.32226270310264 22.655751380977847)
B2094252D264AAFC4092,马峦山郊野公园-西北门,114.2937,22.65386,广东省深圳市坪山区,,114.2888592,22.65667569,POINT (114.28885922991888 22.656675688654957)
B209425CD26EA2F5439D,马峦山郊野公园(北门),114.345202,22.654294,坪马线公路马峦山郊野公园(东北角),,114.3402897,22.6570171,POINT (114.34028973428471 22.657017099606897)
B2094351D165A6FA499F,马峦山郊野公园-西北门(碧岭入口),114.2924294,22.6573975,广东省深圳市坪山区马峦街道马峦社区坪马线公路,,114.2875897,22.66021429,POINT (114.28758965999587 22.660214293261003)
B209445CD06CABFF499C,金龟明月山庄,114.4042333,22.6590584,坪葵路金龟村金龟半坝老围30号,,114.3992851,22.66172102,POINT (114.39928511557021 22.661721015291395)
B209425CD16FA7FC409A,S301南坪快速,114.3169851,22.6614999,广东省深圳市南山区,,114.3121144,22.66427451,POINT (114.31211443466572 22.664274508884844)
B209425DD169A1FC4993,泰和塔,114.3428436,22.6709583,体育四路与体育二路交叉口东200米,,114.3379336,22.67368205,POINT (114.33793363763242 22.67368204766638)
B2094253D168A0F84193,大窝岭,114.352666,22.675316,广东省深圳市坪山区,,114.3477423,22.67802152,POINT (114.3477422502435 22.67802151730829)
B2094252D564A7F5419C,坪山比亚迪D2食堂,114.3636025,22.6757312,中央大道比亚迪汽车工业有限公司,,114.3586659,22.67841962,POINT (114.35866590507429 22.678419621602323)
B209425CD16CA0F5409B,坪兴饭店,114.341134,22.676173,坪兴路18号,,114.3362262,22.67889868,POINT (114.3362261878378 22.67889868441464)
B2094257DA68AAFB4292,探唐烧烤(横岗银信店),114.2040179,22.6472364,四联路43号一楼,,114.1991191,22.65005069,POINT (114.19911911788967 22.65005068581305)
B209445CD56DAAFB499B,伐木累休闲餐厅(横岗店),114.1941,22.65211,深圳市龙岗区横岗街道四联路349号四联商业广场152号商铺,,114.1891771,22.65490732,POINT (114.18917712935468 22.65490731795382)
B2094652DB6BABF9429F,茂盛世居,114.201652,22.65314,茂盛路169对面,,114.1967474,22.65594946,POINT (114.19674737323369 22.655949460284294)
B2094252D768A1FC479C,打鼓岭,114.268936,22.65326,广东省深圳市龙岗区,,114.2641104,22.65610333,POINT (114.26411035220782 22.656103332936873)
B2094251D56AA2FC4092,打鼓嶂,114.270674,22.653409,广东省深圳市盐田区,,114.265848,22.65625101,POINT (114.26584799763572 22.656251014370305)
B2094251D26CA4FB4893,全汁全味驴庄,114.2495917,22.6607989,横坪路简清园1号,,114.2447612,22.66364752,POINT (114.24476118205253 22.663647518425226)
B209425CDB6BA5F44898,顺心顺意小食院,114.2206149,22.6681875,园山街道荷坳社区龙岗大道7033号金公馆1楼,,114.2157486,22.67101876,POINT (114.21574863960639 22.671018755137013)
B2094554D06AA0F8469A,日月潭野炊山庄,114.218999,22.6769123,园山街道机荷高速荷坳服务区,,114.2141293,22.67973983,POINT (114.21412927295052 22.679739828801385)
B2094256DA6EA4FC449C,潮汕郑记番薯粥大排档,114.22974,22.67776,金源路188东南方向20米,,114.2248878,22.68059726,POINT (114.22488780050068 22.680597255150794)
B209425CD76BA3FB429F,肯德基聚龙花园餐厅,114.386552,22.722246,龙田街道聚龙花园二期二栋103,,114.3815972,22.72489807,POINT (114.38159719411914 22.724898073638155)
B2094555DA6DA3FB429D,河南面庄,114.29668,22.72597,同富路9,,114.2918315,22.72876339,POINT (114.29183152381655 22.72876339072322)
B2094253D16AA3F5479D,五丰草莓园,114.3633572,22.7261411,盘古石五丰路与盘龙路交叉路口往东南约80米,,114.3584176,22.7288168,POINT (114.35841761235014 22.728816803357404)
B2094652DB6BA7FD4099,盘龙世居,114.364565,22.728582,龙田街道老坑社区盘龙路69号,,114.359624,22.7312553,POINT (114.35962401519717 22.73125529797975)
B2094555D069A1FB4293,葵潭手工面店(同富路店),114.2869426,22.7359819,深圳市龙岗区同富路利民肉菜市场,,114.2821027,22.73878619,POINT (114.28210274149518 22.73878619118378)
B209425DD76EA0FE4392,乡情客家(客家特色菜),114.383528,22.7421157,坑梓街道宝梓中路60号,,114.3785728,22.74476414,POINT (114.37857281520101 22.744764143635948)
B209425CD264A1FF429A,柳大二地摊螺蛳粉(多加福淘宝商城店),114.3744538,22.7436233,梓街道坑梓社区育新街33-5号,,114.3695034,22.74627979,POINT (114.36950335027238 22.74627979147957)
B2094250D169A5FA479B,聚龙山湿地公园,114.4092573,22.7446392,聚青路和惠联路交汇处以北,,114.4043069,22.7472806,POINT (114.40430690362466 22.74728059730745)
B2094253D264A2FB4699,湘里人家(和健云谷店),114.2809838,22.7485781,新生社区新城路8号和健云谷3栋1楼,,114.2761474,22.75138576,POINT (114.27614736968897 22.751385762327345)
B209425CDA69AAF4499E,十二月私人订制蛋糕甜品轻食概念店,114.366268,22.749265,龙兴南路与大水湾一街交叉口西100米,,114.361324,22.7519298,POINT (114.36132400253011 22.751929800718724)
B2094252D36EA4FD4499,谭仙祖庙,114.4095158,22.7515229,丹梓大道附近,,114.4045652,22.75416227,POINT (114.40456516111345 22.75416226946585)
B2094354DA68A4F8439B,湘里人家(水岸新都和健云谷店),114.2875793,22.7541668,新生社区新城路8号和健云谷3栋1层,,114.2827378,22.75696474,POINT (114.28273776255514 22.75696474320331)
B2094253D66DA1FC4092,肥佬永鑫现宰猪杂汤,114.359863,22.755134,龙兴北路49号,,114.3549253,22.75780617,POINT (114.35492534962654 22.757806171097727)
B209425DD668A1FA4399,潮汕鑫现宰牛肉火锅城,114.3515974,22.758516,坑梓龙兴北路120号,,114.3466697,22.76120041,POINT (114.34666968898405 22.76120040715156)
B209425DD065A1FE439D,茉莉奶白(创城·ccone店),114.303264,22.7650424,坪地街道中心社区龙岗大道2098号2栋109,,114.2984054,22.76781333,POINT (114.29840536446363 22.7678133302726)
B209425DD26BA5FA409C,奈雪の茶(创城·ccone店),114.303603,22.765247,坪地街道中心社区龙岗大道2098号2栋106-1,,114.2987439,22.7680173,POINT (114.29874393029341 22.768017296041137)
B2094251DB64A1F9469B,德琳生态园白盆珠水源保护区,114.3169332,22.7771868,湖田路与新香街交叉口东北220米,,114.3120552,22.77992945,POINT (114.31205521152866 22.779929451600914)
B2094252D06DABFF4992,八月堂小酒馆(松坑路店),114.29861,22.777748,金城路1号一栋104,,114.2937561,22.78052235,POINT (114.29375607790342 22.780522346676406)
B2094555D365A7FC499C,权仔农家菜馆,114.3245096,22.7800862,六联社区刘屋村六联路95号,,114.3196202,22.7828136,POINT (114.31962015905754 22.782813595694556)
B209425CD46BA7FC449B,龙园里咖啡阅读生活馆,114.270351,22.738737,锦安路36号,,114.2655196,22.74155763,POINT (114.26551964958968 22.741557629638596)
B209425DD16CA7FE439C,大窝岭郊野径连心路(出入口),114.215742,22.743384,连心路167号,,114.2108619,22.74618994,POINT (114.21086189125748 22.746189937850836)
B2094653D26FA6F54899,龙岗人民革命烈士纪念碑,114.250496,22.75508,白龙路附近,,114.24566,22.75790355,POINT (114.24566003962428 22.7579035470869)
B2094252D36EA2FD409F,清林径水库,114.2270618,22.778938,广东省深圳市龙岗区,,114.2221992,22.78174417,POINT (114.22219916258194 22.781744172647915)
B2094652DB6AAAF9429D,东角头亘富康信集装箱码头,113.940809,22.484235,港区二路,,113.9359389,22.48725631,POINT (113.93593893296524 22.487256308690377)
B2094257DB68A0FC4592,东角头,113.9375769,22.4849234,广东省深圳市南山区,,113.9327102,22.48795003,POINT (113.93271018208802 22.48795002842433)
B2094257D26AA5FE459A,深圳湾观海栈桥,113.948354,22.485347,深圳湾公园C区运动公园内,,113.9434742,22.48835431,POINT (113.94347422526937 22.488354308037042)
B2094257D665A0F9429F,深圳湾公园海风运动公园,113.94696,22.486199,望海路,,113.9420821,22.48920907,POINT (113.94208212725111 22.489209067533842)
B2094653D26AABFD4992,东角头公交站,113.9358,22.48619,广东省深圳市南山区蛇口街道蛇口新街3号港湾花园海怡居,,113.9309349,22.48921938,POINT (113.93093487176023 22.489219376848098)
B209445CD364A3FE4292,甜蜜8号(东角头店),113.93746,22.48671,蛇口东角头金色海琴苑105铺,,113.9325933,22.48973683,POINT (113.93259328353568 22.48973682684998)
B2094253D165A6FF469A,后海中心河公园,113.942856,22.486747,后海滨路1122号,,113.9379834,22.48976475,POINT (113.93798339322018 22.48976474716096)
B209425DD769A1FB459A,中信城开·东角头项目部,113.940731,22.48696,港区三路6号,,113.9358608,22.48998146,POINT (113.93586084820828 22.489981464467945)
B2094652DB6AAAFE439F,赤湾集装箱码头有限公司(右炮台路),113.882758,22.464364,广东省深圳市南山区招商街道右炮台路7号,,113.8778761,22.46741087,POINT (113.87787608434736 22.467410872753394)
B2094652DB6AAAFD479F,古炮台,113.891288,22.467218,蛇口赤湾左炮台路,,113.8864175,22.47027027,POINT (113.88641754656068 22.470270270386823)
B2094257DA64AAFF4198,左炮台,113.891288,22.467218,蛇口赤湾左炮台路,,113.8864175,22.47027027,POINT (113.88641754656068 22.470270270386823)
B2094554D064A3FF429B,赤湾古炮台,113.891288,22.467218,蛇口赤湾左炮台路,,113.8864175,22.47027027,POINT (113.88641754656068 22.470270270386823)
B2094652DB6AAAFF449C,赤湾左炮台,113.891278,22.467375,蛇口赤湾左炮台路,,113.8864075,22.47042727,POINT (113.88640752482362 22.47042727102535)
B2094251D16CA0F5499A,赤湾,113.88683,22.47419,广东省深圳市南山区,,113.8819534,22.47724006,POINT (113.88195340141621 22.477240055279363)
B2094757D065A4FB449D,蛇口 赤湾码头,113.8888779,22.4759903,深圳南山区 蛇口 赤湾码头,,113.8840039,22.4790416,POINT (113.88400388317676 22.4790415980467)
B2094652DB6AAAFD4898,赤湾港,113.887275,22.476221,东山市场北,,113.8823989,22.47927138,POINT (113.88239888074476 22.47927137685443)
B2094251D16DA5FF459F,深圳赤湾特斯拉交付中心,113.89073,22.47769,招商街道赤湾社区赤湾四路三号A5库(赤湾一)07,,113.8858582,22.48074228,POINT (113.88585821895192 22.480742283681902)
B2094652DB6AAAFD4899,南山区天后博物馆,113.8921,22.477764,赤湾六路9号,,113.8872298,22.4808169,POINT (113.88722982887435 22.480816895662805)
B2094253D36DABF4499E,大筒仓TheSilos,113.8965756,22.4673785,海湾路8号(左炮台东地铁站A口步行450米),,113.8917108,22.47043258,POINT (113.89171077919569 22.470432579000654)
B2094252D16EA5FC479F,大湾区一号,113.913414,22.468613,海运路蛇口邮轮中心,,113.9085585,22.47166477,POINT (113.90855846042442 22.471664774189573)
B2094354DB6CA4F54593,大湾区一号(港珠澳大桥航线),113.9134117,22.4686131,广东省深圳市南山区海运路蛇口邮轮中心,,113.9085562,22.47166488,POINT (113.90855616006145 22.4716648753777)
B2094257D664A1F54898,价值工厂美术馆,113.8974266,22.4689015,海湾路与碧海路交叉口北约160米,,113.8925625,22.47195581,POINT (113.89256247418568 22.471955807266013)
B2094253D16DA4F5499B,左炮台东(地铁站),113.899715,22.46991,12号线南宝线,,113.8948528,22.47296467,POINT (113.89485277321778 22.472964667250736)
B2094653D26AA1FF439D,深圳湾游艇会,113.916251,22.4766553,广东省深圳市南山区望海路1199号,,113.9113952,22.47970564,POINT (113.9113952000724 22.47970563676821)
B209425CD169A6FA4999,深圳招商局历史博物馆,113.913663,22.477721,南海大道与港湾大道交叉口东40米,,113.9088069,22.48077287,POINT (113.9088069241709 22.480772871558802)
B2094554D064A2FA4793,招商局历史博物馆,113.9136563,22.4777388,深圳市南山区观海路蛇口工业区大厦西北侧约80米,,113.9088002,22.48079068,POINT (113.90880022209082 22.480790675420714)
B2094256DB6FA7F5409E,赤湾总部大厦,113.8956847,22.4785612,赤湾六路8号(赤湾地铁站B口步行440米),,113.8908183,22.48161534,POINT (113.89081831141593 22.481615339379072)
B209425CD369A2FF4992,不巧·巧克力专门店(顺发商厦店),113.9135494,22.478621,工业一路顺发商厦103铺,,113.9086933,22.48167295,POINT (113.90869325094536 22.481672947495916)
B209425CD46AA0FD4698,张丛丛·重庆老火锅(蛇口直营店),113.913463,22.4786372,工业一路3号顺发商厦105,,113.9086068,22.48168919,POINT (113.90860683691527 22.48168919266229)
B2094757D56EA4F44193,赤湾站(地铁2号线),113.903078,22.478838,中国广东省深圳市-南山区兴海大道,,113.8982177,22.48189295,POINT (113.89821765512633 22.48189294686024)
B2094757D16DABF44498,赤湾(地铁站),113.8975315,22.4792796,赤湾六路5东北方向190米,,113.8926668,22.48233417,POINT (113.89266681558844 22.482334173379975)
B209425CD36EA6F44092,深圳蛇口希尔顿南海酒店OPEN开·西餐厅,113.91587,22.47948,望海路,,113.911014,22.48253063,POINT (113.91101401173776 22.48253063054434)
B2094250D068A7F4449D,6号花园餐厅,113.913422,22.479538,蛇口太子路碧涛苑碧桦路6栋,,113.9085658,22.48259003,POINT (113.90856577389651 22.482590029166175)
B2094753D56CA4FF459F,6号花园,113.9134393,22.4795919,太子南路碧涛苑6栋（迎晖公寓背后、近海上世界、海上世界艺术文化中心、G&G创意社区、南海意库、招商蛇口邮轮母港、深圳蛇口港等）,,113.9085831,22.48264392,POINT (113.90858307317059 22.48264392112114)
B209425DD36EA0F94593,COMMUNE MUSEUM幻师(海上世界文化艺术中心店),113.9175446,22.4796626,海上世界文化艺术中心广场105COMMUNE MUSEUM幻师,,113.9126886,22.48271212,POINT (113.9126885941262 22.482712121510975)
B2094354DB6DA5FB419A,三生AFFINIT07,113.9176391,22.4797531,望海路1187号海上世界文化艺术中心一楼105A（1楼入口近东门处）,,113.9127831,22.48280256,POINT (113.9127830840567 22.482802556448526)
B2094253D364A1FA4193,海上世界文化艺术中心(东门),113.917442,22.479814,望海路1187号海上世界文化艺术中心,,113.912586,22.4828636,POINT (113.91258598885126 22.482863595726833)
B2094253D76CA3F4469C,海上世界文化艺术中心广场,113.916404,22.4801894,南山区招商街道望海路,,113.911548,22.4832397,POINT (113.91154797978886 22.483239701050305)
B2094257D06CAAFA429E,灯塔纪念台地,113.932914,22.477566,蛇口半岛城邦一期东南(金世纪路东),,113.9280518,22.48059943,POINT (113.92805182521397 22.480599426629297)
B2094256D76FA3FD469B,海上世界双玺花园,113.919798,22.48155,招商街道望海路与工业三路交叉口,,113.9149417,22.48459785,POINT (113.9149416540258 22.484597853734147)
B2094251D368A4F5459E,渔海栈道,113.9220824,22.482241,防波堤公园,,113.9172255,22.48528691,POINT (113.91722553737425 22.485286910308197)
B2094251DA6DA5F4429B,蚝老板生蚝海鲜烧烤(码头店),113.9285634,22.4831982,望海路利安商务大厦B座1楼,,113.9237038,22.48623732,POINT (113.92370378265423 22.48623731549663)
B2094653D26AABFD4993,东角头渔港公交站,113.93081,22.48334,广东省深圳市南山区蛇口街道望海路半岛城邦2期,,113.925949,22.48637633,POINT (113.9259489789753 22.48637632612346)
B2094250D365ABFE419E,志雄厨房(东角头店),113.931625,22.483809,蛇口东角头金世纪路8号(正旺商业街1楼),,113.9267634,22.48684426,POINT (113.92676338565492 22.486844264669887)
B2094252D76EA0F8469C,望海栈道,113.926323,22.483917,望海路1065附近,,113.9214645,22.48695869,POINT (113.92146449340478 22.486958686729768)
B209425DD76CA6F5439B,梦公园精品酒店(深圳蛇口海上世界店),113.9300737,22.4840925,湾厦路与望海路交叉口东北60米,,113.9252131,22.48712977,POINT (113.92521311448866 22.487129773160074)
B2094653D26EA2FE4392,木屋烧烤(东角头店),113.931723,22.484121,蛇口金世纪路东角头美食城,,113.9268613,22.48715614,POINT (113.92686129613891 22.487156137752674)
B209475CD064A3F44993,木屋烧烤(东角头店),113.931882,22.484238,蛇口东角头金世纪南路东角头食街,,113.9270202,22.48727293,POINT (113.92702017449655 22.487272926847208)
B209425DD16AA0FC499D,三生AFFINITé,113.916902,22.480197,望海路1187号海上世界文化艺术中心1楼105A,,113.912046,22.48324697,POINT (113.91204597879322 22.48324697168999)
B2094551D265A1F9489E,海上世界文化艺术中心,113.916901,22.4802,望海路1187号,,113.912045,22.48324997,POINT (113.91204497861732 22.483249972409382)
B209445CD36BA7FF449E,Life&Kitchen美式餐厅(蛇口6号花园店),113.91377,22.48031,蛇口太子南路碧涛苑碧桦路6栋(与工业一路交汇处),,113.9089138,22.48336186,POINT (113.9089137761822 22.483361859253446)
B2094256D565A2F8439D,紫苑(蛇口海上世界文化艺术中心分店),113.9163,22.480312,望海路海上世界文化艺术中心4楼(地铁2号线海上世界A出口南行300米),,113.911444,22.48336237,POINT (113.91144397066877 22.483362370337918)
B209425CDB6AA0F5429F,春满园(海景湾店),113.9164221,22.4803424,望海路1187号文化艺术中心302、401、402号,,113.9115661,22.48339269,POINT (113.91156607034499 22.48339269163265)
B209425DD26CA1FB409F,gaga ARTSPACE(海上世界文化艺术中心),113.9171986,22.4803661,招商街道水湾社区望海路1187号海上世界文化艺术中心广场104,,113.9123426,22.48341587,POINT (113.91234256216103 22.483415872743894)
B2094253D364A0F9469F,SAANCI山池咖啡(海上世界文化艺术中心店),113.917117,22.480437,望海路1187号海上世界文化艺术中心1层L1-103,,113.912261,22.48348683,POINT (113.91226095976519 22.483486829671822)
B209425CD16BA2FE4892,女娲滨海公园-女娲补天,113.9174824,22.4809883,蛇口海上世界,,113.9126263,22.48403789,POINT (113.91262631328827 22.484037885431523)
B2094653D26BA2FB4693,赤湾公交站,113.89525,22.48162,广东省深圳市南山区招商街道少帝路3号赤湾学校,,113.890383,22.48467407,POINT (113.89038298441585 22.48467406704292)
B2094257D46DA3F5439F,旺顺阁鱼头泡饼店(海上世界店),113.91561,22.482042,招商街道水湾社区工业二路海上世界广场海上世界船尾广场1栋305,,113.9107538,22.48509283,POINT (113.91075383924174 22.485092829683108)
B2094355D769A1FE4498,天后宫,113.8921071,22.4777862,广东省深圳市南山区招商街道赤湾六路9号,,113.8872369,22.4808391,POINT (113.88723693562874 22.48083909904329)
B2094652DB6AAAFD479E,天后宫庙,113.8924489,22.478121,广东省深圳市南山区招商街道赤湾六路9号,,113.8875791,22.48117405,POINT (113.88757910444114 22.48117404545227)
B2094652DB6AAAFF4499,赤湾天后庙,113.8924489,22.4781252,广东省深圳市南山区招商街道赤湾六路9号,,113.8875791,22.48117825,POINT (113.88757910417637 22.481178245529218)
B2094653D26DA4F4419F,赤湾石油大厦,113.891223,22.478738,赤湾五路6号,,113.8863517,22.48179053,POINT (113.88635174331515 22.48179053134105)
B2094652DB6AAAFF4592,赤湾村,113.8874074,22.479012,赤湾四路,,113.8825313,22.48206251,POINT (113.88253128381939 22.482062510630932)
B2094652DB6AAAFD489B,赤湾西餐厅,113.89032,22.47988,赤湾六路10,,113.8854476,22.48293212,POINT (113.88544758179148 22.482932124217754)
B2094652DB6AAAFD4799,宋少帝陵,113.88674,22.480284,少帝路13号,,113.8818629,22.48333412,POINT (113.88186289312057 22.48333411733049)
B2094653D26AA5FD4998,赤湾工业园,113.89335,22.48381,蛇口赤湾少帝一路赤湾工业园C栋3楼正西方向30米,,113.8884808,22.48686347,POINT (113.88848084908166 22.486863474450956)
B2094753D569A4F84499,小南山公园,113.883662,22.485478,前海路与棉山路交汇处,,113.8787801,22.48852605,POINT (113.87878012803291 22.488526045721795)
B2094257D56EA4FA4198,小南山山顶小广场,113.8834474,22.4854845,小南山公园,,113.8785652,22.48853238,POINT (113.87856520386003 22.488532383460626)
B2094355D165A1FB419F,陈鹏鹏潮汕会馆(海上世界店),113.9163248,22.482187,广东省深圳市南山区望海路1128号(海上世界明珠)环船广场F1,,113.9114687,22.48523738,POINT (113.91146865297823 22.48523738078103)
B2094253D168ABFF439F,海上世界,113.917869,22.482292,招商街道水湾社区蛇口望海路1128号,,113.9130128,22.48534133,POINT (113.91301281174674 22.48534132952908)
B2094252D26CAAFA4692,驴甜品花园餐厅(海上世界店),113.914007,22.4824284,招商街道太子南路碧涛苑公寓一区怡景阁一楼,,113.9091507,22.48548016,POINT (113.90915067410788 22.485480161620494)
B2094356D06DAAF54498,盈舍轻奢S酒店(深圳蛇口海上世界地铁站店),113.9131275,22.48283114,招商街道太子路1号新时代广场北门,,113.908271,22.48588337,POINT (113.90827103958107 22.48588336775732)
B209445CD369A4FC409C,胡桃里(海上世界店),113.91768,22.48297,望海路海上世界广场C区112号商铺,,113.9128238,22.48601947,POINT (113.91282377945278 22.486019472457798)
B209425DDB6AAAFE459C,深圳湾游艇俱乐部,113.916349,22.482982,招商街道望海路1128号海上世界内(西北角),,113.9114928,22.48603237,POINT (113.91149280325664 22.48603237491874)
B2094653D26EA7F54593,蛇口海上世界,113.916697,22.483032,招商街道水湾社区蛇口望海路1128号,,113.9118408,22.48608215,POINT (113.91184080192491 22.486082147311265)
B2094252D26FA6F9479A,DOORS多思餐厅,113.915991,22.4831832,海上世界船前广场A区2号楼2-1-005-006,,113.9111348,22.48623381,POINT (113.91113478262803 22.48623380631124)
B2094354DA6FA5FB469C,MAO Livehouse深圳(海上世界),113.9177837,22.483371,广东省深圳市南山区招商街道水湾社区海上世界C区船后广场C-L2005A、C-L3002A号,,113.9129274,22.4864204,POINT (113.91292744870304 22.486420403429005)
B2094257D76CA7F9469C,海上世界-明华轮,113.916898,22.483471,太子路32号海上世界广场(近南海酒店),,113.9120418,22.48652102,POINT (113.91204177266965 22.486521018038356)
B2094252D46CABF4459E,In Style造型(蛇口海上世界店),113.915436,22.483574,望海路南山蛇口海上世界(露台terrace楼上),,113.9105797,22.48662495,POINT (113.91057973347196 22.48662495435542)
B2094356D06AA7F9439B,MADLOBA格鲁吉亚餐吧(海上世界店),113.9152518,22.4835767,太子路20-21号,,113.9103955,22.48662777,POINT (113.91039552187496 22.486627765360993)
B209425CD065A2FB4393,炙焰FLAMES扒房餐吧,113.9151027,22.4836173,招商街道太子路20-33,,113.9102464,22.48666845,POINT (113.91024640887123 22.486668454513104)
B209445CD369ABFC459C,德国帕拉娜自酿啤酒餐厅Paulaner Brauhaus(海上世界店午餐的选择),113.91764,22.48388,海上世界C区005(明华游轮后头),,113.9127837,22.48692951,POINT (113.9127837241241 22.486929510937237)
B2094253D66BA2FF4299,顺德渔村·传承一方真味(南山店),113.913508,22.4838915,招商街道水湾社区工业二路1号海洋石油大厦B201A101,,113.9086515,22.48694354,POINT (113.90865151287007 22.48694354341187)
B2094554DA6DABF8439F,鲜芋仙(蛇口海上世界广场店),113.91512,22.48402,蛇口太子路32号丽明楼正9号商铺(海上世界地铁站A出口),,113.9102637,22.48707115,POINT (113.91026368477752 22.487071148573218)
B2094356D36FA0FA489F,点都德(海上世界店),113.9143669,22.4843348,太子路22号汇港购物中心二期太子广场四楼33-35号（近地铁D出口）,,113.9095105,22.48738639,POINT (113.90951049644228 22.487386385079187)
B2094251D165AAFD499D,海底捞火锅(太子广场店),113.9142931,22.4844913,招商街道太子路太子广场四层L4-36-37号商铺,,113.9094367,22.48754293,POINT (113.90943667840229 22.48754292770862)
B2094251D568AAFE469B,纯K(海上世界店),113.914482,22.484522,太子路51号太子广场五层501-502,,113.9096256,22.48757352,POINT (113.90962559689275 22.487573522362233)
B2094753D265A4F44399,"The,Terrace(露台)(海上世界店)",113.915968,22.484934,太子路32号海上世界广场2楼,,113.9111117,22.48798464,POINT (113.91111167164381 22.487984638965294)
B2094757D069A3FC4898,星巴克 Starbucks (海上世界店),113.918129,22.48498917,南山区太子路32号海上世界广场南山宾馆113号铺(近南海酒店),,113.9132726,22.48803834,POINT (113.91327258476194 22.488038337189277)
B2094250D264A0F4439B,南山公园别墅登山口,113.91205,22.485167,蛇口别墅路8号,,113.9071932,22.48821977,POINT (113.9071931619445 22.48821976532766)
B2094354D169A3FC4592,Meater(海上世界店),113.915759,22.485316,海上世界B出口汇港一期商场B1-10,,113.9109026,22.48836677,POINT (113.91090263985316 22.48836677320091)
B2094251D068A7FA4792,海上世界·汇港购物中心(二期),113.91465,22.485348,太子路51号,,113.9097936,22.48839943,POINT (113.90979356159137 22.488399434639614)
B2094257DB6DAAFB459C,21天的秘密·干式熟成牛排餐吧,113.9163952,22.4854077,兴华路汇港购物中心一层东门118-120,,113.9115389,22.48845807,POINT (113.91153885106642 22.488458069623743)
B2094255DA6EAAFC449E,21天的秘密?干式熟成牛排餐吧,113.91653,22.48548,兴华路汇港购物中心1层东门118-120,,113.9116736,22.48853028,POINT (113.91167364760864 22.488530282213034)
B209425DDB6FA4F5499E,南山公园-观景台,113.9045069,22.4854777,南山公园内(南侧),,113.899647,22.48853261,POINT (113.89964701507995 22.48853261233882)
B2094251D265A2F5469D,2046湘味厨房(蛇口汇港店),113.91566,22.485613,工业三路1号汇港购物中心1期2层209A,,113.9108036,22.48866384,POINT (113.91080361675054 22.488663836999304)
B2094256D46CA7F9429A,海上世界·汇港购物中心一期,113.916014,22.485644,工业三路1号(海上世界地铁站A口步行240米),,113.9111576,22.48869462,POINT (113.91115762834654 22.48869461609296)
B2094357DA65A0F84399,寿司処·小志(蛇口店),113.917574,22.4857671,海上世界地铁站A口步行320米,,113.9127176,22.48881668,POINT (113.91271760837293 22.488816675060622)
B2094257D26AA1F44692,深圳湾公园-白鹭坡,113.97171,22.51895,深圳市南山区滨海大道,,113.9667852,22.52190123,POINT (113.96678517548638 22.52190122674831)
B2094757D168A3F8459A,深圳湾公园,113.9726034,22.5189679,滨海大道(近望海路),,113.9676766,22.5219167,POINT (113.96767661272833 22.521916699525654)
B209425CDA6CA5F8499A,深圳湾绿道,113.9746122,22.5192884,滨海大道(深圳湾公园白鹭坡),,113.9696809,22.52223167,POINT (113.9696809142022 22.522231668557147)
B2094357D46CA7FF4693,北湾鹭港-观景台,113.9599461,22.5194154,深圳市南山区北湾鹭港(滨海大道南110米),,113.9550451,22.52239669,POINT (113.95504507762573 22.522396691580774)
B209445CD369A7FB459E,春满园集团(龙楹湾酒楼),113.986351,22.520843,滨海大道1018号蓝楹湾度假酒店一栋,,113.9813919,22.52375251,POINT (113.98139189775617 22.52375250662354)
B2094251D36BA5FE429C,春满园(深圳蓝楹湾度假酒店店),113.9867941,22.5213746,滨海大道2018号蓝楹湾度假酒店1栋,,113.9818339,22.52428278,POINT (113.98183387642034 22.524282775068755)
B2094253D268ABFC4892,麦当劳(华侨城欢乐海岸店),113.990862,22.52157,白石路东8号欢乐海岸椰林沙滩19号,,113.9858917,22.52446604,POINT (113.9858916838984 22.524466042616286)
B2094750D364A1FD4392,欢乐海岸水秀剧场,113.990272,22.5220237,滨海大道2008号(深圳湾公园地铁站E口步行170米),,113.9853031,22.52492149,POINT (113.98530312657627 22.5249214921022)
B2094551D76CA1F94792,欢乐海岸,113.987934,22.523417,滨海大道2008号,,113.9829708,22.52632171,POINT (113.98297083823266 22.526321709975527)
B2094253D56FA5F4499C,观桥公园-观景平台,113.9550051,22.487077,望海路附近深圳湾公园C区观桥公园内,,113.9501149,22.49007022,POINT (113.95011485504837 22.49007022409219)
B2094257D565A2F94099,Lodestone吸铁石·日式烧肉(后海店),113.9391811,22.4940085,后海滨路与招商路交汇处恒裕香悦里正门1层,,113.9343122,22.49703257,POINT (113.93431218181422 22.4970325728082)
B2094757D06BA4F4419E,深圳湾口岸,113.948096,22.496159,深圳市南山区东滨路1号,,113.9432159,22.49916684,POINT (113.94321590984451 22.499166837872735)
B2094252D564A6FD469B,雾MIST·鮨(深圳湾店),113.93965,22.497032,蛇口街道深圳湾社区中心路西吉祥龙花园s153(近后海木棉花酒店),,113.9347804,22.50005528,POINT (113.9347803941449 22.50005528260214)
B2094254D665A3FA4892,深圳湾公园日出剧场,113.952314,22.499063,望海路深圳湾公园c2区,,113.9474274,22.50206209,POINT (113.9474273889052 22.502062094204916)
8008644030500000024,深圳湾,113.949545,22.503013,"位于：中国,广东省,深圳市,南山区",,113.9446624,22.50601784,POINT (113.9446623767993 22.506017842871685)
B2094251D66BA0F4409D,弯月山谷公园,113.9536571,22.5055594,东滨沙河西立交桥东150米,,113.9487679,22.50855549,POINT (113.94876791865354 22.508555493720543)
B2094350D464A1F9499B,弯月山谷,113.9535216,22.505742,广东省深圳市南山区深圳湾公园弯月山谷,,113.9486326,22.50873839,POINT (113.9486326279432 22.508738386640946)
B2094252D265ABF94998,后海中心河,113.94136,22.505734,广东省深圳市南山区,,113.936488,22.50875427,POINT (113.93648795226325 22.508754268946706)
B2094450D469A0FF479B,深圳湾1号中心,113.942334,22.50585,东滨路与科苑南路交汇处,,113.9374608,22.50886856,POINT (113.93746081107686 22.508868561440686)
B2094257D36CAAFF4799,莱佛士云璟中餐厅,113.94242,22.50624,广东省深圳市南山区中心路3008号深圳湾1号T7鹏瑞莱佛士酒店70楼,,113.9375467,22.5092584,POINT (113.93754668442418 22.509258401662727)
B2094356DB6AA0FA479E,大螃蟹乐园,113.9503829,22.5063157,广东省深圳市南山区粤海街道深圳人才公园,,113.9454988,22.50931876,POINT (113.94549881640575 22.509318760586826)
B2094750D56BAAFE469C,深圳湾1号,113.942717,22.506895,粤海街道蔚蓝海岸社区中心路3008号,,113.9378433,22.50991286,POINT (113.9378432881975 22.509912860203155)
B2094250D168A7FA459B,鸟金·炭火烧鸟(喜之郎大厦店),113.94056,22.506917,粤海街道蔚蓝海岸社区中心路3033号喜之郎大厦1-13,,113.9356888,22.50993862,POINT (113.9356887785936 22.509938618335802)
B2094252D66DA7F94099,2046湘味厨房(深圳湾店),113.9402385,22.5070828,粤海街道蔚蓝海岸社区兰香一街2号海王星辰大厦201,,113.9353676,22.51010496,POINT (113.93536762249154 22.510104959240017)
B2094252D26DA4FA499E,琥珀·烧肉俱乐部(喜之郎大厦店),113.9406363,22.5080066,中心路3033号喜之郎大厦B1层,,113.9357649,22.51102807,POINT (113.93576492502591 22.511028065744792)
B209425CDB6FA2FE449A,蟹仙画宴(深圳湾一号店),113.9432784,22.5086436,粤海街道深圳湾一号北区二楼蟹仙画宴,,113.9384039,22.51166041,POINT (113.93840389689136 22.511660414410063)
B2094253DB6BA2F9409E,深圳人才公园人才星光大道,113.951021,22.5092288,粤海街道蔚蓝海岸社区科苑南路3329号深圳人才公园内(北侧),,113.9461358,22.51223047,POINT (113.94613576093532 22.512230467449523)
B2094351D569A6F54993,深圳湾公园-流花山,113.9536953,22.5123141,深圳市南山区东滨沙河西立交桥深圳湾公园内,,113.9488056,22.51530996,POINT (113.94880562869066 22.51530995532789)
B2094251DA69ABF8489E,小火璽,113.939959,22.512387,粤海街道蔚蓝海岸社区创业路1777号海信南方大厦302,,113.9350881,22.5154095,POINT (113.93508809195868 22.51540950190753)
B2094257D76DA0F44199,木星美术馆,114.056602,22.502045,蓝花道6号,,114.0514922,22.50476619,POINT (114.05149222264676 22.5047661912435)
B2094757D065ABFA439D,圣丰城酒家(桂花路店),114.058495,22.510317,福田区保税区桂花路9号帝涛豪园1楼(近口岸),,114.0533824,22.51303467,POINT (114.05338244658121 22.513034672016136)
B2094352D76AA7FF429A,七甜三秋(阳基商业广场店),114.045927,22.5142092,新洲南路2008号E108号铺位,,114.0408318,22.51695161,POINT (114.04083177325786 22.516951605760237)
B209425DD464A3FE479D,星级名厨(新洲同创汇店),114.045927,22.5143046,福保街道新港社区新洲同创汇E栋三楼E302,,114.0408318,22.517047,POINT (114.04083176706817 22.51704700289344)
B2094253D66BA6FB4899,渔米香砂锅粥,114.0374243,22.517392,沙嘴村三坊18号101,,114.0323441,22.5201542,POINT (114.03234407952277 22.52015420454452)
B2094354D66AA4FF4393,河南面庄,114.0412182,22.5183547,金地一路沙尾西村261栋102铺,,114.0361308,22.52110771,POINT (114.03613082854802 22.521107710906605)
B2094257D56DA4FB419C,沙头四季大排档,114.043442,22.519895,福强路4139号(沙尾地铁站B出口),,114.0383506,22.52264279,POINT (114.03835059531117 22.522642792105206)
B2094251D368A7F44493,绿茶餐厅(马成时代广场),114.0530379,22.5200322,石厦北二街西新天世纪商务中心马成时代广场4层407,,114.0479316,22.52275963,POINT (114.04793157376055 22.52275963132716)
B2094357D46AA5F8449F,黔家婆·贵州酸汤鲜牛肉火锅(石厦时代广场店),114.0528749,22.52010626,石厦北二街89号石厦时代广场四层408c,,114.0477688,22.522834,POINT (114.04776880116708 22.522834002415696)
B2094252D16BA0FA409E,董太婆老妈蹄花川菜馆(马成时代广场店),114.0531682,22.5211424,福保街道石厦社区石厦北二街西新天世纪商务中心A.B座4层马城时代广场4层402B铺,,114.0480616,22.52386954,POINT (114.04806162357092 22.523869535013414)
B209425CDA6FA1F9489F,深圳湾公园流花山-观景台,113.953995,22.5137923,河西立交桥深圳湾公园流花山,,113.9491047,22.51678746,POINT (113.9491047438072 22.516787455370018)
B2094351DB65A1FB4798,庆春朴门(深圳湾万象城店),113.9453875,22.5141464,南山区粤海街道海德一道1218号深圳湾万象城B区BL205、BL301,,113.94051,22.51715917,POINT (113.94050997404726 22.517159171984673)
B2094352DA6DA4F5439F,挽肉与米(深圳湾万象城店),113.944002,22.514387,广东省深圳市南山区粤海街道海珠社区科苑南路2888号深圳湾万象城F2,,113.9391262,22.51740235,POINT (113.93912623693545 22.517402345095114)
B2094352D568A6F84598,寿司処·小志(深圳湾万象城C区店),113.943654,22.514417,粤海街道海德一道1218号深圳湾C区B栋B1CB165A,,113.9387787,22.51743298,POINT (113.9387786691719 22.517432980620892)
B2094352D16FA5F54699,李茶的茶(深圳湾万象城店),113.9443757,22.514464,深圳市南山区粤海街道海珠社区海德一道1218号深圳湾万象城C区L1层CL136李茶的茶,,113.9394995,22.51747865,POINT (113.93949946027581 22.51747865409603)
B2094352D26FA4F84699,我杯茶(深圳湾万象城店),113.9431875,22.5145328,广东省深圳市南山区粤海街道海珠社区科苑南路2888号深圳湾万象城F1,,113.9383127,22.51754962,POINT (113.93831273589362 22.517549622846943)
B2094352D76DA2FC4198,柴米多CHIMIDO·农场餐厅(深圳湾万象城店),113.943242,22.514605,深圳市南山区粤海街道深圳湾万象城二期C区L3层CL305,,113.9383672,22.51762172,POINT (113.93836716473659 22.517621722286126)
B2094352D16DABF4419F,三出山(深圳湾万象城店),113.9429012,22.5146883,广东省深圳市南山区粤海街道海珠社区科苑南路2888号深圳湾万象城F3,,113.9380268,22.51770563,POINT (113.93802677385519 22.517705632930234)
B2094352DA6AA6FF4699,胡麻(深圳湾万象城店),113.942946,22.514759,广东省深圳市南山区粤海街道海珠社区科苑南路3256号深圳湾万象城F1层C区CL120,,113.9380715,22.51777625,POINT (113.9380715151927 22.517776250419733)
B2094252DB6DA0FF4192,中国华润大厦艺术中心美术馆,113.946666,22.514904,海德一道与科苑路交汇处中国华润大厦负一楼,,113.9417867,22.5179143,POINT (113.94178671571842 22.51791430275416)
B209445CDA6BA3FC4792,还在想,113.93838,22.51804,海德三道15号海岸城(东座)1层121,,113.9335104,22.52106492,POINT (113.93351039129583 22.521064919540898)
B2094350DB68A7FD449C,明洞朴代表·自助烤肉(深圳首店),113.9364798,22.5181995,粤海街道海德三道2019号海岸大厦西座302、303,,113.931612,22.5212274,POINT (113.93161202954104 22.52122740026449)
B2094757D06FA3FE4798,深圳湾体育中心,113.949998,22.518236,滨海大道3001号,,113.9451137,22.52123953,POINT (113.94511374054733 22.52123953025508)
B2094252D465A4F9479D,蟹叁寳(南山店),113.941436,22.5183355,粤海街道海珠社区后海滨路3368号鹏润达商业广场,,113.9365631,22.5213553,POINT (113.93656306915848 22.52135529664103)
B209425CDA6EA5FA489D,铭门盛宴艺术海鲜姿造(鹏润达广场店),113.941251,22.5183551,后海滨路3368号鹏润达商业广场F7层,,113.9363783,22.52137522,POINT (113.9363782793422 22.521375216147977)
B2094757DA6AA0FC4293,华润深圳湾体育中心,113.949841,22.5184171,广东省深圳市南山区粤海街道海珠社区科苑南路2888号深圳湾万象城B1,,113.944957,22.52142095,POINT (113.94495696334594 22.52142094689714)
B209425DD46EA3FB4198,锦堂春想·广州粤菜(深圳南山店),113.9443599,22.518486,海德三道1236号大成基金总部大厦4楼,,113.9394834,22.52150055,POINT (113.93948342609967 22.521500550820996)
B2094757DB68AAF9469E,深圳湾木棉花酒店,113.946838,22.518949,滨海大道3001号,,113.9419582,22.52195883,POINT (113.94195822475982 22.521958833237875)
B209425CD568A3FF479A,CAFIEW环保书吧,113.9545646,22.5223882,粤海街道高新南环路8大沙河生态长廊内咖啡书吧,,113.9496729,22.52538179,POINT (113.94967285667309 22.52538179472741)
B2094256D66EA1FE449A,2046湘味厨房(新海宜3店),113.939382,22.5226164,海天二路19号盈峰大厦103号202,,113.9345111,22.52563951,POINT (113.93451106362966 22.525639510794928)
B2094250D26CA6FA499B,红树林观鸟,114.003457,22.522443,滨海大道深圳湾公园海滨生态公园内,,113.9984548,22.52530092,POINT (113.99845483541316 22.52530091687152)
B2094750D26AA0F54798,中影国际影城(欢乐海岸店),113.992405,22.522552,白石路东8号欢乐海岸曲水湾2栋A区,,113.9874308,22.52544337,POINT (113.98743075940625 22.52544336799561)
B2094554D568A2FB4998,香港北角鸡蛋仔,114.02873,22.52386,下沙村一坊7-2(KKone购物广场),,114.0236672,22.52664445,POINT (114.02366722236127 22.526644453596965)
B2094653D26DA4F9409B,春满园(万科金域蓝湾店),114.02465,22.52418,福田区福荣路78号万科金域蓝湾一期商铺01号,,114.0195963,22.52697562,POINT (114.01959625446212 22.526975622364855)
B209445CD36BA3FD489E,金丽盈港式茶餐厅,114.028433,22.5242139,下沙村六坊公司楼二栋一楼,,114.0233708,22.52699914,POINT (114.02337084529461 22.52699914011716)
B2094753D66CA4FB409C,深圳华侨城蓝汐精品酒店,113.9924019,22.5244219,欢乐海岸海园二路9号,,113.9874275,22.5273132,POINT (113.98742754755007 22.527313198243984)
B2094757D069A5F94592,红树林自然保护区,114.010491,22.525425,滨海大道华侨城路段,,114.005471,22.52826161,POINT (114.0054709913998 22.528261608670395)
B2094554D06AA6F8499B,黄思铭公世祠,114.026054,22.5257,深圳市福田区沙头下沙东涌村,,114.020997,22.52849167,POINT (114.02099699814127 22.528491667078693)
B2094757D768A0FF439B,正宗电白鸭粥店,114.0244215,22.526167,下沙广场路下沙村二坊84号,,114.0193681,22.52896317,POINT (114.01936814416769 22.528963170396004)
B2094254D369A5FB4693,海底捞火锅(京基KKONE购物中心店),114.027434,22.5262744,下沙京基KKONE购物中心南区1-2层海底捞,,114.0223739,22.52906226,POINT (114.0223739000551 22.529062259515868)
B2094757DA6AA1FE499F,华侨城欢乐海岸,113.987934,22.523417,滨海大道2008号,,113.9829708,22.52632171,POINT (113.98297083823266 22.526321709975527)
B2094257D069A0FC469B,喜茶(欢乐海岸店),113.990961,22.523796,沙河街道东方社区滨海大道2008号欢乐海岸曲水湾18栋18-1A,,113.9859903,22.52669165,POINT (113.98599029432519 22.52669165398373)
B2094355D26EA5F4479B,喜茶(深圳欢乐海岸LAB店),113.9909417,22.5238592,滨海大道2008号欢乐海岸曲水湾18栋18-1A,,113.985971,22.52675491,POINT (113.98597103848674 22.526754909162992)
B2094253D66BA5FE419C,深圳湾睿印RAIL IN,113.970078,22.524077,深湾一路与白石三路交汇处,,113.9651564,22.52703241,POINT (113.96515638279226 22.527032409204555)
B2094757D069A0FB499F,魔王欢乐海岸店,113.99097,22.52461,白石路2033号曲水湾欢乐海岸21栋,,113.9859992,22.52750559,POINT (113.98599921978892 22.527505591794114)
B209425DD265A4FA439B,逸八仙,113.970417,22.5247948,沙河街道白石洲东社区白石三道深圳湾睿印RAILinL315-2,,113.9654946,22.52774927,POINT (113.96549460864871 22.52774927203848)
B2094357D364A2F9459B,南门涮肉(深圳首店),113.9917258,22.524948,欢乐海岸曲水湾11栋,,113.9867531,22.52784131,POINT (113.98675310815646 22.527841308087257)
B2094253D364A5FC469A,四季椰林(欢乐海岸店),113.989948,22.5252283,沙河街道东方社区白石路东8号欢乐海岸购物中心L1-070,,113.9849797,22.52812693,POINT (113.98497972862111 22.528126925515057)
B209445DD264A2FC469D,欢乐海岸购物中心,113.9893198,22.525539,白石路东8号,,113.9843531,22.52843949,POINT (113.98435307063977 22.52843948887171)
B2094251D56AA5FE4293,深圳市华侨城欢乐海岸创展中心-飞碟馆,113.98822,22.52555,白石路东8号欢乐海岸,,113.983256,22.52845377,POINT (113.98325599524847 22.528453766404045)
B2094256DA64A2F44698,79号渔船海鲜饭店(科技园店),113.9364,22.522787,滨海大道赛西科技大厦3层,,113.931532,22.52581485,POINT (113.93153201395482 22.52581484678466)
B2094355D365A2F4439F,八合里牛肉火锅(深圳软件产业基地店),113.9403059,22.52388542,海天一路软件产业基地5栋B座1楼9-10号,,113.9354339,22.52690693,POINT (113.93543393620679 22.526906934851244)
B2094352D46BAAFE4298,深大粥底火锅·鲜活小排档,113.9360587,22.5247385,学府路怡化金融科技大厦1F（地铁9号线深大南站A出口）,,113.9311909,22.52776678,POINT (113.93119090452205 22.52776678297504)
B2094257D06BA0FB429A,大沙河生态长廊,113.95526,22.5249,高新南环路18东南方向130米,,113.9503669,22.52789194,POINT (113.95036693072181 22.527891936245457)
B209445CD365A7FB459A,姊妹豆花,113.942444,22.52544,桂庙新村98栋101铺,,113.9375694,22.52845774,POINT (113.93756944257079 22.528457742888218)
B2094357DA6FA0F9489C,大沙河生态长廊绿道-赛艇看台,113.9549129,22.525699,沙河西路辅路与高新南十一道交叉口东北160米,,113.9500204,22.52869168,POINT (113.95002036467268 22.528691677127412)
B209425DD168A6F54799,奥庐Aolu(金地威新中心店),113.95202,22.527481,金地威新中心A座3602,,113.9471321,22.53047991,POINT (113.94713205401418 22.530479907813202)
B209425CD46FA0FF469F,观海膳厨(南山金地店),113.9519727,22.5281275,金地威新中心C座L211,,113.9470848,22.53112648,POINT (113.94708478739197 22.531126477610073)
B2094251DA64A7FB409A,深圳湾创新科技中心,113.946874,22.52835,科苑地铁站C出口,,113.9419936,22.53135936,POINT (113.94199358071975 22.531359363888072)
B2094354DA64A6FB449E,上海笑鱼(深圳店),113.9503318,22.5287779,高新南十道16号金地威新中心B座2楼L206室,,113.9454464,22.53178029,POINT (113.94544637208422 22.53178029462276)
B2094354D66BA1FB4598,哥哥深夜食堂(kkone店),114.027589,22.526362,滨河大道9289号滨河时代裙楼京基百纳时代南区一楼127b号商铺,,114.0225286,22.52914943,POINT (114.02252855335567 22.529149433340447)
B2094350DA6AA4FE4993,哥二广西米粉(京基KK-ONE店),114.0273483,22.5264488,广东省深圳市福田区沙头街道KKONE购物中心-南区,,114.0222884,22.52923689,POINT (114.02228837758705 22.52923688510135)
B2094652DB64ABFA4493,下沙博物馆,114.025066,22.5267,大围路与1路交叉口(下沙地铁站B口步行370米),,114.0200112,22.52949435,POINT (114.0200111514577 22.52949435302107)
B2094753DB6FA2F9499B,7天连锁酒店(深圳世界之窗店),113.9923816,22.5269823,深圳南山区白石洲沙河街2号金三角大厦,,113.9874071,22.52987354,POINT (113.9874071346455 22.529873543520477)
B2094251DA6EA7F4499A,好好滋味茶餐厅(下沙店),114.026,22.527216,东涌路下沙村一坊13号1楼,,114.020943,22.53000775,POINT (114.02094302085253 22.530007745753544)
B2094253D46FA7F84898,寿司郎(KKONE店),114.026721,22.527642,滨河大道KKONE负一层(下沙地铁站B口步行190米),,114.0216624,22.53043174,POINT (114.02166238769955 22.530431743956076)
B2094257DA6EAAF44192,八合里海记(KkOne店),114.0271077,22.527671,沙头街道下沙社区滨河路9289号下沙村京基滨河时代广场四楼L401,,114.0220482,22.53045968,POINT (114.02204822957842 22.530459684363837)
B2094352D46BA7FC409B,九孔煨·湖北老手艺藕汤(深圳KKONE店),114.027054,22.527692,广东省深圳市沙头街道滨河大道9289号KKONE商场四楼,,114.0219946,22.53048083,POINT (114.02199464691832 22.530480830115327)
B2094251D364A1FD439B,合气屋·糖果居酒屋(下沙店),114.02574,22.528032,滨河大道下沙花好园125号,,114.0206836,22.53082442,POINT (114.02068355001478 22.530824423999704)
B2094354D168A0F9419B,居竹·地道潮汕菜(KKONE店),114.026728,22.528067,滨河路9289号下沙村京基滨河时代广场裙楼三层301-302室(费大厨旁),,114.0216693,22.5308567,POINT (114.02166934470277 22.530856704328905)
B2094253DB68A4FF429D,盛香亭转转热卤(南山来福士店),113.924259,22.512098,南山街道登良社区登良路26号公园大道B栋111 122,,113.9193996,22.51514162,POINT (113.91939957269688 22.515141618243376)
B2094253D16AA1FB4093,东洞烤肉大排档(来福士店),113.9257849,22.5121069,南海大道2163号来福士广场4楼-22,,113.9209249,22.51514894,POINT (113.92092485892209 22.515148935430407)
B209445DD16AA0FA499C,小龙坎老火锅深圳店,113.929024,22.5124016,粤海街道龙城路与南商路交叉口龙珠阁101号铺（地铁9号线南油站B出口直行100米左转300米）,,113.9241623,22.51543993,POINT (113.92416227457402 22.515439927016168)
B2094757D169A5F44493,金稻园(南油店),113.9283421,22.5126831,南山区南商路91号深蓝公寓1楼,,113.9234807,22.51572224,POINT (113.9234807484007 22.515722236533144)
B2094252D56EA5FD439A,雪乡情淳朴东北菜,113.9226995,22.5128999,登良路与南光路交叉口龙佳园小区107号铺,,113.9178405,22.51594501,POINT (113.91784053450132 22.51594500639707)
B2094757D16AAAFC469F,春满园(粤海大厦店),113.9272295,22.513065,南海大道2610号粤海大厦1-3层,,113.9223687,22.51610542,POINT (113.92236871648987 22.51610541556171)
B209425CD06EA4FC429F,青松宇大汗·碳烤羊腿(南油店),113.9222332,22.5131844,南山街道登良社区登良路27号龙佳园118,,113.9173743,22.51622993,POINT (113.91737434723797 22.516229928820916)
B209445DD769A4F54793,南门一坊商业街,113.928,22.514,东滨路南门一坊商业街,,113.9231388,22.5170395,POINT (113.92313875359031 22.517039501021546)
B2094253D168A2F9489C,洪大厨鸡煲(南山旗舰店),113.933014,22.516219,粤海街道海珠社区后海大道2332号,,113.9281493,22.51925203,POINT (113.92814931015018 22.5192520252158)
B2094355D46AA2FD419E,燒肉公社(海岸城店),113.9355591,22.51675875,文心五路33号海岸城购物中心负一层037-038号店,,113.9306923,22.5197881,POINT (113.93069225337346 22.519788097591324)
B2094257DA6DA7F5429B,深圳至正艺术博物馆南山馆,113.9466633,22.5149065,逸湖六街与汀泽一路交叉口西南80米,,113.941784,22.51791681,POINT (113.94178401924223 22.51791680790834)
B2094354D66DA1FE4092,深圳华润大厦艺术中心,113.94663,22.5149333,科苑南路2666号中国华润大厦B1层,,113.9417508,22.51794367,POINT (113.94175076293348 22.51794367157793)
B2094352D569AAFC479A,荣川菜(深圳湾万象城店),113.944093,22.514934,广东省深圳市南山区粤海街道海珠社区科苑南路2888号深圳湾万象城F4,,113.9392171,22.51794916,POINT (113.93921708800868 22.517949161195357)
B2094251D565A2F9449C,深圳湾安达仕酒店,113.947367,22.515019,深圳湾安达仕酒店正门,,113.9424867,22.51802793,POINT (113.94248674261368 22.518027931721964)
B2094352D669A3FE419D,奉天·繁华(深圳湾万象城店),113.9433186,22.5152084,深圳市南山区中心路华润·深圳湾万象城西侧约190米,,113.9384436,22.51822497,POINT (113.93844363279395 22.518224965217406)
B2094352D26FA0F5499B,Kurasu(深圳湾万象城店),113.9430438,22.5152583,广东省深圳市南山区粤海街道海珠社区科苑南路2888号深圳湾万象城F1,,113.9381692,22.51827536,POINT (113.93816916503724 22.518275359272714)
B2094253D16FA0FE419F,常虹·铁板料理(后海汇店),113.9399588,22.5153452,粤海街道海珠社区后海滨路3288号后海汇L3-24,,113.9350877,22.51836762,POINT (113.93508770532151 22.51836761506783)
B2094352D76DA5FA429E,calix(深圳湾万象城店),113.9438686,22.5153782,广东省深圳市南山区粤海街道海珠社区科苑南路3194号深圳湾万象城B1层,,113.9389929,22.51839376,POINT (113.93899294130078 22.518393759064022)
B2094350D16EA4FF499E,半山腰·云南菜(深圳湾万象城店),113.9454272,22.51544963,科苑南路2888号深圳湾万象城L192+L219,,113.9405495,22.51846229,POINT (113.94054951328044 22.51846228653124)
B2094352D668A6FD489D,那时新疆(深圳湾万象城店),113.9438131,22.5154517,广东省深圳市南山区粤海街道海珠社区科苑南路2888号深圳湾万象城C区B1层CB130号,,113.9389375,22.51846736,POINT (113.93893750592223 22.518467358274055)
B2094653D268ABFD459D,大南山运动场,113.9103459,22.5106923,龙船塘街9号对面(荔林地铁站A口步行300米),,113.905487,22.51374556,POINT (113.90548700767208 22.51374556428119)
B2094253DA65A5FA4798,顺德佬(荔源广场店),113.9121719,22.5110374,前海东滨路4351号荔源广场F1层,,113.9073135,22.51408989,POINT (113.90731345836602 22.514089892080484)
B2094752D46AA2FE479C,春满园大酒楼,113.9126864,22.5122928,东滨路4096号濠盛商务中心3-4层鸿丰大酒店,,113.907828,22.51534502,POINT (113.90782798338196 22.515345016536212)
B2094356D168A5FD479B,壹号粥火锅·海鲜煲仔粥(南山荔林店),113.913123,22.51256398,南山街道南新路1003号101荔源大厦首层（荔林地铁站D口处）,,113.9082646,22.51561597,POINT (113.90826460268221 22.51561597040086)
B2094354D76AA5F54398,三哥茶餐厅(科创店),113.914411,22.514397,南新路阳光科创中心E座一楼13-15号商铺,,113.9095527,22.51744826,POINT (113.90955270687739 22.51744825681488)
B2094252D565A1FD4193,麦当劳(万象前海店),113.903275,22.514881,南山街道桂湾四路169号万象前海购物中心B184-185号商铺,,113.8984125,22.51793569,POINT (113.89841251023564 22.517935692771577)
B2094253D668AAFC429F,大富烧鸡大牌档(南山店),113.9161,22.5156231,南新路1032号(大富烧鸡南山店),,113.9112417,22.51867331,POINT (113.91124174151712 22.51867330796104)
B2094653D26FA4F44392,镇国将军祠,113.913914,22.518892,前海路1066号-1190号,,113.9090554,22.52194338,POINT (113.90905536432302 22.52194338073704)
B2094251D76DA2F8499F,深圳本地菜小煵记·30年老字号,113.918992,22.520779,南山街道南新路1173号,,113.9141333,22.523827,POINT (113.91413328889864 22.52382699637777)
B2094253D16AA6FB489D,前海湾精品酒店(深圳前海自贸区店),113.9145795,22.5210171,前海路1120号,,113.9097208,22.52406803,POINT (113.90972080677363 22.52406803296162)
B2094551D465AAF5439A,深圳湾万象城,113.945809,22.515887,科苑南路2888号(后海地铁站G口步行380米),,113.9409308,22.51889892,POINT (113.94093080743667 22.518898918399362)
B2094250D36EA2FE469E,gaga(深圳湾万象城店),113.9465157,22.5159197,粤海街道海珠社区科苑南路2888号深圳湾万象城L380,,113.9416366,22.51893026,POINT (113.94163655600505 22.51893026152011)
B2094254D16BA4FE449C,日日香鹅肉饭店(深圳湾万象城店),113.946004,22.5159373,粤海街道科苑南路2888号深圳湾万象城B1层B141,,113.9411255,22.51894884,POINT (113.94112554432047 22.518948844558807)
B2094352D568A1FC4998,天天天妇罗(深圳湾万象城店),113.942516,22.516072,广东省深圳市南山区粤海街道海珠社区科苑南路2888号深圳湾万象城B1,,113.9376419,22.51908998,POINT (113.93764194891021 22.519089976935767)
B2094355D065ABFA489A,森田关西风寿喜烧(深圳湾万象城店),113.9462141,22.5161328,科苑南路2888号深圳湾万象城B1层B172,,113.9413354,22.51914394,POINT (113.94133535016735 22.51914393557161)
B2094352D265A4FC469B,拉玛九和牛船面(万象城二期店),113.942432,22.5161627,广东省深圳市南山区粤海街道海珠社区科苑南路3091号深圳湾万象城B1层D区DB102,,113.937558,22.51918082,POINT (113.93755804320456 22.519180823151896)
B209425DD16AA4F4469C,面道鲜师蟹黄面(深圳湾万象城店),113.946074,22.516184,科苑南路2888号深圳湾万象城A区B1层B145,,113.9411954,22.5191954,POINT (113.94119543503481 22.519195402596814)
B2094254D36FA1F8449D,Lady M(深圳湾万象城店),113.946497,22.516206,广东省深圳市南山区科苑南路2888号深圳湾万象城1层,,113.9416179,22.51921659,POINT (113.94161786328262 22.519216588364817)
B2094253DA69ABFB4292,鮨政·Omakase(深圳湾万象城店),113.946254,22.516209,科苑南路2888号深圳湾万象城B1层B175,,113.9413752,22.51922006,POINT (113.94137519163205 22.519220056433735)
B2094250DA6EA3FB429D,炳胜品味(深圳湾万象城店),113.9455433,22.5162812,海德三道深圳湾万象城A区4层L418号店铺,,113.9406654,22.51929361,POINT (113.94066543420242 22.519293610461528)
B2094256D665A5FE4792,蔡澜Pho(深圳湾万象城店),113.9463022,22.5163995,海德三道华润深圳湾万象城B1层177号,,113.9414233,22.51941046,POINT (113.94142331460905 22.519410457515736)
B2094257D56CA6F5479A,泰珍荟(深圳湾万象城店),113.946291,22.516529,科苑南路2888号深圳湾万象城三楼L301,,113.9414121,22.51953997,POINT (113.94141212152729 22.51953997479574)
B2094257DA68A4FB459F,老吉士上海菜(深圳湾万象城店),113.946319,22.5165995,科苑南路2888号深圳湾万象城A区L4层L401,,113.9414401,22.51961042,POINT (113.94144007929268 22.519610418594205)
B2094352D16EA1FF439A,文汀(深圳湾万象城店),113.9421881,22.5166098,广东省深圳市南山区粤海街道海珠社区科苑南路2888号深圳湾万象城B1,,113.9373144,22.51962834,POINT (113.93731440369528 22.519628339994288)
B2094554DA6FA2FA409B,同仁四季音乐主题餐厅(海岸城保利店),113.9375,22.51662,海岸城保利文化广场2楼保利来觅C6(近地铁后海站E出口),,113.9326314,22.51964637,POINT (113.93263135677796 22.51964636949015)
B2094356D26AA3F9459D,菉小苑·湛江菜(南山保利店),113.9375325,22.5166871,文心六路保利文化广场C区三楼L3-07室,,113.9326638,22.51971342,POINT (113.93266382080255 22.519713416069774)
B2094257D069A7F44692,马旺子川小馆(深圳湾万象城),113.9463497,22.5167365,科苑南路深圳湾万象城1区2楼L246(北门二楼),,113.9414707,22.51974735,POINT (113.94147072917377 22.519747354946208)
B2094252D264A7F8409B,老干杯(深圳湾万象城),113.946576,22.5167823,科苑南路2888号深圳湾万象城A区L4层L436、L438,,113.9416967,22.51979272,POINT (113.94169671951735 22.519792716680428)
B2094251D06DABFD419F,老干杯(深圳湾万象城店),113.946572,22.5167825,科苑南路2888号深圳湾万象城A区L4层L436、L438,,113.9416927,22.51979292,POINT (113.94169272494484 22.519792924410204)
B2094352D36AA2FF429F,NEED创意韩国料理(深圳湾万象城店),113.9415039,22.5168141,广东省深圳市南山区粤海街道海珠社区科苑南路2888号深圳湾万象城D区B1层,,113.936631,22.51983383,POINT (113.93663098732797 22.519833831120238)
B2094354D268A4FA4193,粤陈记煲仔粥(南山店),113.920137,22.516752,南山大道1039号希尔顿花园酒店一楼,,113.9152784,22.51979923,POINT (113.91527838119302 22.51979923332902)
B2094653D269A4FD4592,万福盈连锁酒店深圳欢乐谷店星河之星,113.92347,22.51681,南山区创业路145号,,113.9186105,22.51985425,POINT (113.91861054923683 22.519854253436343)
B2094252D665A6F54699,润园四季椰子鸡火锅(海岸城),113.9356987,22.5171347,粤海街道海珠社区文心五路33号海岸城广场401,,113.9308317,22.52016382,POINT (113.93083171005775 22.520163821075815)
B209425CD16AA3FB4899,寿司郎(海岸城店),113.9352261,22.5172255,文心五路33号海岸城F3,,113.9303595,22.52025532,POINT (113.93035952263307 22.520255321991375)
B2094552D26DA3FA419B,蔡澜港式点心(海岸城店),113.9354968,22.5172357,文心五路33号海岸城购物中心1层172号,,113.93063,22.52026512,POINT (113.93062998361268 22.520265119554246)
B2094254D069A6FE449E,蔡澜港式点心专门店(海岸城店),113.935497,22.5172358,粤海街道海岸城购物中心一楼西区1楼172号铺,,113.9306302,22.52026522,POINT (113.93063018342903 22.52026521925264)
B2094256D76DA0FB4192,小炳胜(海岸城店),113.934725,22.517235,粤海街道文心五路33号海岸城购物中心负一层045号商铺,,113.9298589,22.52026556,POINT (113.92985885460308 22.520265557850372)
B2094253D068A1FA439D,阿内哥-古早味(青春家园店),113.9290732,22.51729,南海大道2718青春家园,,113.9242111,22.52032812,POINT (113.9242111370689 22.52032811686779)
B2094257D56DA6FD479E,中洲万豪南山尚膳自助餐(深圳中洲万豪酒店店),113.93325,22.517475,"海德一道88号深圳中洲万豪酒店43楼(中洲控股中心A座,近海岸城,天利,保利广场)(海岸城)",,113.928385,22.52050765,POINT (113.92838504685928 22.520507654963993)
B2094355D66CA5F5479B,深圳中洲万豪酒店(中洲控股中心店),113.9333548,22.51748865,广东省深圳市南山区海德一道88号中洲控股中心A座,,113.9284898,22.52052115,POINT (113.92848975497634 22.520521153704898)
B2094354D06AABF4449B,白玉串城·朝鲜族烤串(后海KALEDO店),113.9371214,22.5169366,粤海街道文心六路4号保利文化广场KaledoC区L3-01,,113.9322531,22.51996355,POINT (113.93225310306792 22.519963552086182)
B2094355D36EAAFB4298,大董烤鸭店(深圳湾万象城店),113.946156,22.51696792,粤海街道海德三道深圳湾万象城4层L428-L430号,,113.9412773,22.51997914,POINT (113.94127727224016 22.519979141493682)
B2094352D369A2FE4093,王繁星面馆(深圳湾万象城店),113.941639,22.5170016,深圳湾万象城D区B1层DB144号,,113.9367659,22.52002109,POINT (113.93676591977393 22.520021089773238)
B2094352D468A7FC489D,贵厨酸汤牛肉(海岸城店),113.9359959,22.517066,文心五路33号海岸城购物中心一层128-129铺,,113.9311286,22.52009468,POINT (113.93112864621222 22.520094675884664)
B209425DD36EA3FF4793,老碗会(海岸城购物中心东区店),113.936139,22.517141,文心五路33号海岸城购物中心东区L1层125,,113.9312716,22.52016946,POINT (113.93127161093973 22.52016945655926)
B2094355D168AAFA4393,黔有财·贵州地摊酸汤火锅(保利店),113.9391788,22.51735756,保利文化广场A区二楼A2-12（黔有财）,,113.9343084,22.5203812,POINT (113.93430836965743 22.520381199046238)
B2094257DA68A6F8439D,汤姆大师傅(深圳保利文化广场),113.938653,22.5174262,文心六路4号深圳保利文化广场A区F1层,,113.9337832,22.5204507,POINT (113.93378315145378 22.520450699514768)
B209425CD065A4FC4999,先启半步颠小酒馆(深圳保利文化广场店),113.938335,22.5174625,保利文化广场B区二楼N208,,113.9334655,22.52048751,POINT (113.93346547338224 22.520487511988094)
B2094351D56FA7F9449C,巧八角冰粉冰浆(保利文化广场店),113.9389676,22.517477,粤海街道保利文化广场二楼A2-20,,113.9340974,22.52050099,POINT (113.93409742313737 22.520500985477646)
B2094254D16FAAF4419B,华润深圳湾体育中心-春茧体育馆内,113.951424,22.517672,滨海大道3001号(科苑南路与海德三道交汇处),,113.9465376,22.52067258,POINT (113.94653760526718 22.520672575223326)
B209445CD365A6FD429B,万豪中餐厅(中洲控股金融中心店),113.9332492,22.5174986,海德一道88号,,113.9283842,22.52053126,POINT (113.92838424599768 22.52053125527169)
B2094453D26FA4F5479A,深圳中洲万豪酒店,113.933352,22.517502,海德一道88号,,113.928487,22.52053451,POINT (113.92848696483813 22.520534511427094)
B2094551DB6CA5FF4093,陶陶居(海岸城购物中心店),113.935464,22.5175888,文心五路海岸城购物中心五楼自编,,113.9305972,22.52061826,POINT (113.93059719037757 22.520618256367705)
B2094253D169A7FE439E,湖南老灶台·文记虾一跳(海岸城店),113.9336921,22.517641,粤海街道文心三路9号中洲控股B座2楼,,113.9288268,22.52067303,POINT (113.9288267848419 22.52067302793355)
B209445CD764A5FC499A,深圳前海钥石财富管理有限公司,113.934113,22.517651,广东省深圳市南山区后海路和海德三道交汇处,,113.9292473,22.52068243,POINT (113.92924734127975 22.520682428336514)
B209425CD668A1FD499C,COMMUNE幻师(海岸城店),113.935102,22.517783,粤海街道海珠社区文心五路33号海岸城广场243,,113.9302355,22.52081299,POINT (113.93023549561656 22.520812986169847)
B2094255DA6DA5F5429C,成都钟姐钵钵鸡(南山店),113.9258567,22.518008,南光商业街10号(南光地铁站A口步行320米),,113.9209963,22.52104978,POINT (113.92099625513312 22.52104977522466)
B2094354DA68A7F44893,HULU麵屋(南光店),113.9240911,22.5180721,创业路98号南光城市花园2栋南光商务大厦1层3116附8,,113.9192314,22.5211157,POINT (113.91923135664001 22.52111570038616)
B209425CD16DABFC4993,HULU面屋,113.9240943,22.5180856,创业路98号南光城市花园2栋南光商务大厦1层3116号附8号,,113.9192346,22.5211292,POINT (113.91923455464358 22.521129196726154)
B2094350DA6CA5FB4893,Mavva,113.9215043,22.5181627,广东省深圳市南山区南山大道1065号,,113.9166453,22.52120872,POINT (113.91664531673796 22.521208723626362)
B2094253D26DA1F8449A,珮姐老火锅(南山直营店),113.939539,22.517687,粤海街道海珠社区后海滨路3019凯宾斯基酒店裙楼2层珮姐老火锅,,113.9346682,22.52071004,POINT (113.93466820835188 22.520710037448858)
B2094251D065A7FE469B,LAVO深圳湾万象城店(旗舰店),113.947485,22.517768,滨海大道3001号华润深圳湾体育中心B105,,113.9426044,22.52077661,POINT (113.9426044042391 22.52077660945234)
B2094253D469A0FE499C,LAVO深圳湾万象城店,113.9474832,22.517769,滨海大道3001号华润深圳湾体育中心B105,,113.9426026,22.52077761,POINT (113.9426026066896 22.520777612960533)
B2094355D368A3FE4398,深圳湾春茧体育馆,113.9490731,22.517826,广东省深圳市南山区滨海大道3001号深圳湾体育中心L168号,,113.9441902,22.52083143,POINT (113.94419023276005 22.52083143487941)
B2094250DA6EA6F9419F,一个锅(海岸城东座),113.9377224,22.5178367,粤海街道海珠社区海德三道15号海岸大厦东座169,,113.9328535,22.52086268,POINT (113.93285346182117 22.52086267699471)
B2094354DB6BA6F84999,pLeace(深圳湾万象城店),113.9468671,22.5180045,滨海大道3001号深圳湾体育中心负一楼大地广场负一层B107号,,113.9419873,22.52101431,POINT (113.9419873445895 22.52101431028225)
B2094253D16EA2F8429A,呐咪傣园·云南菜,113.9381977,22.5179925,海岸城东座152号铺(后海地铁站D1口步行240米),,113.9333283,22.52101771,POINT (113.93332827852377 22.52101771416658)
B2094253D26DA1F44398,齐武·日本料理(鹏润达商业广场店),113.941321,22.518009,后海滨路3368号鹏润达商业广场F7层,,113.9364482,22.52102901,POINT (113.93644822138552 22.521029007338722)
B209445CD369ABF54398,京基百纳(沙井店),113.93571,22.51801,宝安沙井京基百纳沙井店,,113.9308429,22.52103907,POINT (113.93084294466759 22.521039074019654)
B2094256DB6EA0F9469A,八合里海记牛肉店(海岸城西座),113.9361666,22.5180313,南山街道文心四路34号海岸城西座3楼301A-302A,,113.9312991,22.52105968,POINT (113.93129912944175 22.521059684006232)
B209425CD365A2F8489F,金稻园砂锅粥(海岸城店),113.9337255,22.5181986,海德二道A座105,,113.9288601,22.52123056,POINT (113.92886012272365 22.521230561218196)
B209425DD26BABFF4193,十德家居酒屋(南光商务大厦店),113.9241074,22.5182835,创业路南光城市花园2栋E22号,,113.9192476,22.52132708,POINT (113.91924763746867 22.521327076709216)
B2094350D06AA6FF4299,江右火辣辣鲜辣江西菜,113.9222972,22.5194831,南山大道1107号独栋大楼（海润综合楼旁）,,113.9174379,22.52252836,POINT (113.91743793268073 22.522528364093812)
B2094254D76CA2FB439E,海底捞火锅(南山茂业店),113.9303079,22.5195943,粤海街道海德二道258号茂业时代广场8层海底捞火锅FO8010X商铺,,113.9254449,22.5226308,POINT (113.92544492463074 22.522630800779787)
B2094351D46FA5FF459D,遇南三·重庆火锅村(南山店),113.9219695,22.5197242,南山大道华联商铺49号,,113.9171103,22.52276975,POINT (113.91711030410046 22.522769752803555)
B2094354D569ABF9419F,山葵烤肉bySHANKUIBBQ,113.9256528,22.5200331,海德二路正东名苑(南山书城地铁站D口步行400米),,113.9207923,22.52307502,POINT (113.92079231640498 22.52307501978384)
B2094254D665A4F54198,潮香四海·正宗潮汕风味(南山店),113.922941,22.520146,南山大道南海大厦首层105、106号商铺,,113.9180815,22.52319064,POINT (113.91808150573847 22.523190640557626)
B2094357DA69A2FC409B,萍姨抻面馆·沈阳小炒,113.9266973,22.5202965,登良路3014号,,113.9218363,22.52333727,POINT (113.92183632300255 22.523337273135958)
B2094354D064A6F5439E,Mee泰面,113.925402,22.5206037,海德二道鸿瑞花园382号-21,,113.9205416,22.52364586,POINT (113.92054158721358 22.523645863821805)
B2094350D46EA5F9489F,云十三·小锅米线,113.9252218,22.5207389,海德二道390号(南山地铁站D口步行440米),,113.9203615,22.52378125,POINT (113.92036145358605 22.523781247830772)
B209445CD36BA5FA429E,嘟嘟生蚝,114.063071,22.515701,福强路骏皇名居一楼D6,,114.0579533,22.51841099,POINT (114.05795332284468 22.518410993009653)
B2094652DB64A6FC4793,凯泰港式烧腊茶餐厅(皇岗口岸店),114.069472,22.516497,保税区一号通道以东海华阁商场101,,114.0643492,22.5191979,POINT (114.06434916261848 22.5191979041913)
B2094251D365AAFC489C,广德记手制甜品·椰子冻·糖水·酸奶,114.06358,22.518612,福田街道福强路水围村49栋102,,114.0584617,22.52132111,POINT (114.0584616593743 22.52132111026087)
B2094352D66FAAF84999,来呷潮汕生腌,114.0620012,22.5193171,公园一街水围1368文化街区南一街157栋1楼2号,,114.0568843,22.52202865,POINT (114.05688432145246 22.522028651476674)
B209445CD364ABFB449A,龙华大浪华繁路189号,114.06635,22.519352,大浪时代广场对面,,114.0612292,22.52205701,POINT (114.061229235326 22.52205700719141)
B2094653D26EA1FD4098,春满园时代大酒楼,114.066228,22.519676,金田路1008号时代广场3层,,114.0611073,22.52238117,POINT (114.0611073115671 22.52238116788827)
B2094253D665A3FE479D,皇岗口岸出境大厅地面停车场(出入口),114.070644,22.519848,皇岗路与百合路交叉口南240米,,114.0655202,22.52254732,POINT (114.06552021289743 22.522547316899352)
B2094351D16AAAF84299,怡卢印尼料理(水围店),114.0619978,22.51987953,福田街道公园一街水围1368文化街区165栋1号,,114.0568809,22.52259107,POINT (114.05688088453886 22.522591068154522)
B2094252D56DA2FB409E,椰皇四季椰子鸡餐厅(金田路店),114.06513,22.519932,福田街道水围社区金田路1009号嘉意台1层2层,,114.0600102,22.52263874,POINT (114.06001020131494 22.522638741035742)
B2094250DB6CA6F44192,潮汕大目牛肉火锅城(水围店),114.06514,22.519962,"金田路水围嘉意台首层(近福田口岸,福民站D出口直行200米)",,114.0600202,22.52266873,POINT (114.06002019086075 22.522668725262047)
B2094757D06FA0F84899,皇岗口岸,114.07723,22.519985,福田南路与百合三路交叉口东南220米,,114.0721033,22.52267718,POINT (114.07210329535496 22.522677179122407)
B2094257D76EAAF4449D,八合里牛肉火锅(水围店),114.062597,22.5205161,水围七街178栋1层底商,,114.0574795,22.52322666,POINT (114.05747946137313 22.523226663357793)
B209425DD169A2FC489C,水围夜市,114.0619663,22.5209264,水围村水围九街(皇岗村地铁站B2口步行370米),,114.0568494,22.52363795,POINT (114.05684935132538 22.523637946239667)
B2094252D36DA3FA489A,皇岗口岸管理处(福田南路),114.07632,22.521744,福田南路12,,114.0711935,22.52443698,POINT (114.07119346002081 22.52443698175005)
B2094252D56CA1FF419A,皇岗口岸[地铁站],114.07402,22.521744,地铁7号线(西丽线),,114.0688943,22.52443935,POINT (114.06889434184163 22.524439347529327)
B2094757D165A6F9419B,芙蓉楼,114.0665817,22.52215004,福田区福民路龙秋一街停车楼物业1-2楼(近水都国际),,114.0614606,22.52485461,POINT (114.06146059017384 22.52485461162324)
B209425DD164A4FA4192,福民翠湖广东乡下菜,114.065375,22.522286,福民路9号福民佳园9-11号铺,,114.0602548,22.52499229,POINT (114.06025484110016 22.524992291234046)
B2094653D26AA2F94798,热浪岛马来餐厅,114.0637882,22.5225469,福民路水围村308栋1楼,,114.0586694,22.52525554,POINT (114.05866941271383 22.525255541302716)
B209425CD165A0FB4698,yasuma,114.070211,22.522584,福港路30号(福民地铁站H口步行280米),,114.0650873,22.52528375,POINT (114.06508729753759 22.525283745115424)
B2094252D56FA3FC4798,伏林哥猪杂粥(皇岗店),114.0622218,22.5228722,福田街道皇岗社区皇岗新村6号1层,,114.0571045,22.52558326,POINT (114.05710447278236 22.52558326139813)
B209425DD76EA3FA449C,胖老友·南宁老友粉,114.051949,22.521146,福保街道石厦东村263-1(石厦篮球场旁),,114.0468441,22.52387553,POINT (114.0468441159155 22.523875532590534)
B2094256DB6AABFA469A,呐咪傣园·云南菜(石厦店),114.0498278,22.5212779,"新洲路石厦西村113-1号(地铁3号7号线石厦站F出口,众孚小学隔壁)",,114.044726,22.52401173,POINT (114.04472599224273 22.524011729710423)
B2094252DA6CA6FD469D,火车大碗菜,114.059088,22.5223315,皇岗新村181栋(皇岗村地铁站A口步行130米),,114.053974,22.52504775,POINT (114.05397399539532 22.5250477546766)
B209475CD764ABFF499C,肯德基(福民路餐厅),114.0528067,22.5225783,天虹商场(星河明居店)(石厦地铁站F口旁),,114.0477005,22.52530608,POINT (114.04770052591415 22.52530608248519)
B2094252D36EA4F94998,牛巷子番薯粥(新洲店),114.0471,22.522924,新洲二街新洲南村32栋102,,114.0420023,22.52566353,POINT (114.04200230690954 22.52566353302608)
B2094557D369AAF94299,周太靓汤(龙泰苑店),114.0488573,22.5233343,新洲南村101栋B座(石厦地铁站E口步行420米),,114.0437568,22.52607007,POINT (114.04375682831548 22.52607006859128)
B209425CD465A1FF489C,大橘果汁冰,114.0461519,22.5234357,沙头街道新洲七街44号绿景新苑4铺,,114.0410557,22.52617728,POINT (114.04105570616878 22.52617727782575)
B2094252D16BABF4439A,野迹·石橄榄鸡·烧烤(新洲店),114.0465059,22.523606,中心村77号大榕树对面,,114.0414091,22.5263468,POINT (114.04140911905334 22.526346795512914)
B2094653D26DA4FC429E,太清凉茶,114.057,22.52389,福田区益田路3002号皇达东方雅苑9铺(福田区委斜对面),,114.0518883,22.52660985,POINT (114.05188831947467 22.526609854221856)
B2094252DA6BA3F44998,给你一点甜手工糯米糍,114.04718,22.52467,沙头街道新洲社区新洲九街89号102,,114.0420821,22.52740929,POINT (114.04208206576646 22.52740928548113)
B2094652DB65A3FA4099,皇岗电白鸭粥店,114.0603723,22.522876,福民路皇岗新村109号楼1楼,,114.0552569,22.52559006,POINT (114.05525686096676 22.525590064775063)
B2094253D764ABF4469A,大有利茶餐厅(福民总店),114.063648,22.522889,福民路15号(福民地铁站D口步行190米),,114.0585293,22.52559784,POINT (114.05852931857243 22.525597840825082)
B209425CDA6FA6FC449B,八里铜锅涮肉,114.0620791,22.522906,皇岗新村8号102(皇岗村地铁站B2口步行90米),,114.0569619,22.52561729,POINT (114.05696191093462 22.525617286739635)
B2094652DB65A3F9439E,香港新发烧腊茶餐厅(水围店),114.063288,22.522911,福民路水围村306号1层(肥仔记对面),,114.0581697,22.52562039,POINT (114.05816965015495 22.525620392280285)
B2094750D26DA1FE4298,香港新发烧腊茶餐厅 水围店香港新发烧腊茶餐厅,114.06276,22.52292,福民路水围村306号1楼肥仔记对面近益田路近皇都广场,,114.0576421,22.52563021,POINT (114.05764214843462 22.525630211796617)
B2094355D069ABFC489F,隅乐胡椒虾·台湾菜·生日聚会(皇岗店),114.0632411,22.5234981,"福民路22号皇安大厦1楼1号商铺（近皇安大厦停车场,近福民地铁站C口）",,114.0581228,22.52620754,POINT (114.05812275575508 22.526207540005785)
B2094355D168ABFC419D,王勝记避风塘海鲜,114.0674979,22.523752,福民路2号皇庭居(福民地铁站H口步行210米),,114.062376,22.52645524,POINT (114.06237596633055 22.52645523831955)
B2094551D06FA5FA4598,深圳福田皇岗双口岸地铁旁近会展中心酒店式公寓,114.07584,22.523765,深圳福田区深港1号20栋9D1,,114.0707135,22.52645837,POINT (114.07071349158731 22.526458372446733)
B209425DD26AAAF5449C,点都德(皇岗村店),114.062015,22.523858,皇岗村下围二村66号2-3楼5号铺,,114.0568978,22.52656935,POINT (114.05689781232277 22.526569348698573)
B2094652DB64A6FD449B,皇岗口岸派出所,114.071275,22.524179,福港路50号(福民地铁站H口步行450米),,114.0661506,22.52687738,POINT (114.06615056349806 22.52687737583946)
B2094351D16AA6FE439E,潮德阿水·潮汕老字号牛肉火锅(皇岗店),114.0649979,22.5242372,福田街道海滨社区金田路2004号辛盛苑一单元201(整层),,114.0598779,22.52694396,POINT (114.05987793380721 22.526943960650637)
B2094252D66BA0F5419D,蜑家菜,114.0633288,22.5242944,皇岗村下围一村4棟一楼(福民地铁站C口步行180米),,114.0582103,22.52700367,POINT (114.05821032208547 22.52700367063212)
B209425DD36FA0F8419E,壹号粥火锅·海鲜煲仔粥(水围店),114.0639955,22.5243871,金田路与皇岗一街交叉口西南60米,,114.0588764,22.52709535,POINT (114.05887640510493 22.527095349044213)
B2094653D26EA4F44599,太清凉茶甜品店（皇御苑店）,114.07633,22.52443,福田南路7号皇御苑A区19B铺(与滨河路交汇处),,114.0712033,22.52712286,POINT (114.07120328173148 22.527122859673373)
B2094554D16EABF94298,锦江之星品尚(深圳皇岗口岸皇城广场店),114.0754054,22.5246042,福田南路皇城广场裙楼4009一楼近百合路,,114.070279,22.52729797,POINT (114.07027899418732 22.527297974431647)
B2094350D068A2FF429B,恋上乐山小吃(水围恒春园店),114.069858,22.5251913,水围五街水围村103栋（合乐福超市与阿殳粥馆中间的巷子往里5米）,,114.0647343,22.52789138,POINT (114.06473434845887 22.527891376188343)
B2094354D46BA4F4469D,香港新发烧腊茶餐厅(皇岗店),114.0615312,22.5253096,福田街道皇岗社区皇岗下围二村62号市场北102,,114.0564144,22.52802166,POINT (114.05641440175562 22.528021661392824)
B2094357DA6AABFD439C,冯校长老火锅(皇岗店),114.0621837,22.5253923,深圳市福田区皇岗上围一村1号,,114.0570662,22.52810331,POINT (114.05706624616833 22.528103313017944)
B209445DDA68A0FF4799,格林豪泰(深圳皇岗口岸店)(原银湖精品酒店),114.076436,22.525481,福田南路皇御商城三楼,,114.0713092,22.52817371,POINT (114.07130917873191 22.52817370981333)
B2094251D669A1F4439A,骏怡连锁酒店(深圳会展中心皇岗口岸店),114.07773,22.52742,福田南路28皇岗公路大厦,,114.0726027,22.5301114,POINT (114.07260267430946 22.53011139937662)
B2094253D46CA7FF469F,新地咖啡馆,114.049526,22.5247944,沙头街道新洲社区新洲中心村45-1号104,,114.0444244,22.52752871,POINT (114.04442441699474 22.527528708379638)
B209445CD36BA3FA479C,钟记潮汕砂锅粥大排档,114.05834,22.52551,皇岗吉龙二村37-1号,,114.0532266,22.52822741,POINT (114.05322663619052 22.52822741123257)
B209445CD369A0FB459E,太清凉茶甜品新洲一街店,114.04764,22.52555,新洲一街45,,114.0425413,22.52828826,POINT (114.04254127843727 22.52828825628392)
B2094354DA6EA2FA419C,深圳会展中心（福田馆）,114.0598135,22.530829,福华三路111号,,114.0546981,22.53354363,POINT (114.0546981434615 22.5335436275287)
B2094354D669AAF9429B,酩玥轩,114.055606,22.5314566,益田路5013号平安金融中心C座L3,,114.0504955,22.53417863,POINT (114.05049554915983 22.534178634180606)
B2094251D56DA7F84798,深圳原创设计时装周,114.058914,22.53182,深圳会展中心5号展馆,,114.0537996,22.53453611,POINT (114.05379957312691 22.53453610665359)
B2094253D669A7F54698,OBSIDIAN BAR,114.055984,22.532085,益田路5023号平安金融中心商场6楼,,114.050873,22.5348063,POINT (114.05087303338276 22.534806303847517)
B209425CDA68ABFF4893,境在茶舍,114.0535676,22.5322448,福田街道福安社区福华三路269号星河国际花园1层L1-059,,114.0484598,22.53497064,POINT (114.04845976040416 22.53497064454611)
B2094354DB6FA4F94092,新洲河碧道,114.0492126,22.5325137,广东省深圳市福田区广播电台路,,114.044111,22.53524828,POINT (114.0441109898406 22.53524828168815)
B2094253D26BA1FE4093,OBSIDIAN,114.0558593,22.532749,平安金融中心南塔L4层601,,114.0507484,22.5354705,POINT (114.05074844620924 22.535470497156386)
B2094652DB64A4FC4292,深圳市福田皇岗口岸交管站,114.077833,22.527441,福田南路28号皇岗公路大厦3层,,114.0727056,22.5301323,POINT (114.0727056462915 22.530132304428896)
B2094652DB64A4FC459A,皇岗口岸交通运输管理站,114.077512,22.527528,福田南路28皇岗公路大厦3层右,,114.0723847,22.53021959,POINT (114.07238472535133 22.530219594641704)
B2094652DB64A5F54893,皇岗口岸生活区,114.078989,22.528337,福田南路50号,,114.0738613,22.53102724,POINT (114.07386132371082 22.531027239459306)
B209425CD16AA1FB489B,今夜大排档(卓越·世纪中心店),114.0650922,22.5311849,金田路2030号卓悦INTOWN购物中心南门,,114.0599717,22.53389119,POINT (114.05997170090544 22.533891189159085)
B209425DD26BA0F54792,D·M梦想男士理发发型设计BarberShop(卓悦INTOWN购物中心店),114.0652675,22.531207,金田路2030号卓悦INTOWN购物中心东区,,114.0601469,22.53391303,POINT (114.0601468507759 22.53391303160599)
B2094253D66AAAF9479B,丝域养发馆(卓悦INTOWN购物中心福田店),114.065019,22.5315,金田路2030号卓悦INTOWN购物中心东区L3层L315,,114.0598985,22.53420638,POINT (114.05989854288704 22.534206379984695)
B2094253D669ABFE4693,润园四季椰子鸡(卓悦INTOWN购物中心福田店),114.0654099,22.5316988,福华三路与金田路交汇处卓越世纪中心34号裙楼3楼,,114.0602891,22.5344046,POINT (114.06028909898889 22.534404598277096)
B209425DD36AABFB4799,白玉串城(卓悦INTOWN购物中心东区店),114.064982,22.5317446,金田路2030号卓悦INTOWN购物中心东区L2层L215、L216、L217,,114.0598616,22.53445102,POINT (114.05986155864304 22.5344510213887)
B209425DD36AA6FA489F,陈鹏鹏潮汕菜(卓悦INTOWN购物中心东区店),114.0648853,22.5317542,金田路2030号卓悦INTOWN购物中心东区B1层,,114.0597649,22.53446076,POINT (114.059764941115 22.534460763313177)
B209425DD565A3FD4898,鸟鸣烧鸟居酒屋(卓悦INTOWN购物中心店),114.0649815,22.5317851,金田路2030号卓悦INTOWN购物中心东区L3层L319、L320,,114.0598611,22.53449152,POINT (114.0598610564344 22.534491519965435)
B2094251D16CA2FA4592,犀先生烧肉餐酒馆(卓悦INTOWN购物中心东区店),114.064669,22.531862,福田街道福山社区福华三路与金田路交界处东南侧卓越世纪中心皇岗商务中心负1层B108B109,,114.0595488,22.53456888,POINT (114.05954882149489 22.53456887758883)
B209425CD46BABFB4899,鮨大虎寿司·手握赤醋饭(卓悦INTOWN店),114.0649682,22.5318715,福华三路卓悦INTOWN二楼L219号,,114.0598478,22.53457793,POINT (114.05984776221266 22.534577934920268)
B2094251D569A4FA4493,卓悦INTOWN购物中心东区,114.0650354,22.5318798,金田路2030号(岗厦地铁站D口步行410米),,114.0599149,22.53458614,POINT (114.05991490413193 22.534586135686133)
B2094251D56BA4FE429D,gaga(卓悦INTOWN购物中心东区店),114.0650792,22.5318891,金田路2030号卓越INTOWN购物中心一层L131-L132号商铺,,114.0599587,22.53459537,POINT (114.05995866613218 22.53459537090117)
B2094253D068A4F94299,深圳福田卓悦INTOWN店,114.06388,22.53193,福田街道福华三路卓越世纪中心1层L133,,114.0587605,22.53463806,POINT (114.0587605184827 22.534638057970174)
B209425CD56CA7FE449F,松野谷·寿喜烧放题(卓悦INTOWN购物中心东区店),114.0645444,22.5319477,金田路2030号卓悦INTOWN购物中心东区L3层L328,,114.0594243,22.53465476,POINT (114.0594243248231 22.534654758250568)
B2094354DA6CA1FC4992,卓悦INTOWN购物中心(福田店),114.0646824,22.5319532,广东省深圳市福田区金田路2030号,,114.0595622,22.53466005,POINT (114.05956220388558 22.53466005282725)
B2094254D665AAFB4798,卓悦INTOWN购物中心,114.0647088,22.5319726,金田路2030号(岗厦地铁站D口步行460米),,114.0595886,22.53467941,POINT (114.05958857965271 22.534679412637285)
B2094354D06FA3FA4292,东江顺德(卓悦INTOWN购物中心东区),114.0650762,22.5320138,金田路2030号卓悦INTOWN购物中心东区L3层L325,,114.0599557,22.53472007,POINT (114.05995566057047 22.534720068624296)
B209475CD06CA3F44299,海底捞火锅(卓越店),114.0644953,22.532032,福华三路卓悦INTOWN购物中心4号楼L401、L402,,114.0593753,22.53473913,POINT (114.05937526244253 22.534739126909336)
B2094354D064A0F9499A,西塔老太太泥炉烤肉(卓悦INTOWN购物中心店),114.0650211,22.5321278,金田路2030号卓悦INTOWN购物中心东区L2层,,114.0599006,22.53483414,POINT (114.05990060021013 22.534834143395255)
B209425CD76CA4FD489A,麺屋猪一(卓悦INTOWN购物中心店),114.065297,22.532132,卓悦in town一楼北门(山禾田对面),,114.0601763,22.53483794,POINT (114.06017626565564 22.53483793939908)
B209425DD36EA2FB419B,潮汕茶寮·早茶·烧烤(卓悦INTOWN购物中心店),114.065106,22.532256,福华三路卓越intown四号楼4层L403,,114.0599854,22.53496221,POINT (114.05998541940255 22.53496221189923)
B2094752D264ABFD499E,海底捞卓越店,114.0649173,22.5322594,福华三路卓越世纪中心intown四楼L401L402号,,114.0597969,22.53496589,POINT (114.05979688067276 22.534965889044706)
B2094350DB6AA0FD4499,寿司郎(福华三路店),114.0645436,22.5323768,岗田路福田卓悦Intown购物中心B1层,,114.0594235,22.53508384,POINT (114.05942349758396 22.535083836344693)
B2094556D06BA0F5469F,集口福吃货小厨馆,114.0793648,22.5324028,福宁街141号,,114.0742368,22.53509251,POINT (114.07423678663666 22.535092510947486)
B2094354D465A1F4419D,鱼神脆皮烤鱼(深圳福田福星店),114.082085,22.532677,福田环庆大厦西北门东南100米,,114.0769566,22.53536457,POINT (114.07695664989699 22.535364574577923)
B2094750D26DA0F8429C,Paletto意大利餐厅,114.0615592,22.5330576,福华三路116号星河丽思卡尔顿酒店2楼(近会展中心),,114.0564419,22.53576923,POINT (114.0564418691991 22.535769229718)
B2094252D26DA4F4409C,丽思卡尔顿酒店Paletto意大利餐厅,114.0615111,22.53307225,广东省深圳市福田区福田中心六路,,114.0563938,22.53578395,POINT (114.05639384083771 22.535783954519886)
B209425DD06FA3F44198,洪牛坊牛肉粿条汤(福胜阁店),114.0823279,22.5331376,福星路108号(赤尾地铁站D口步行260米),,114.0771995,22.53582498,POINT (114.07719950875125 22.535824976106504)
B2094253D76CA5FB499B,OBSIDIAN(平安金融中心店),114.055814,22.532754,益田路5023号平安金融中心商场6楼S601-602,,114.0507032,22.53547558,POINT (114.05070320271967 22.53547558032019)
B2094551D56BA0FC439D,傲盧,114.05547,22.53281,益田路5033号平安金融中心117-118层,,114.0503596,22.53553221,POINT (114.05035963345777 22.535532213458488)
B2094555D76EA2FD4199,圣丰城酒家(福田coco Park店),114.05486,22.53284,福华三路星河cocoPark商场3楼L3S-015-016,,114.0497504,22.53556335,POINT (114.04975041381284 22.53556335119072)
B2094256D464A4F54499,深圳四季酒店·卓粤轩,114.0581386,22.5329651,福华三路138号四季酒店3层(近会展中心),,114.053025,22.53568249,POINT (114.053024983499 22.535682490777557)
B2094355DB6BABFC4792,新荣记(平安金融中心店),114.0556057,22.5330826,益田路5003平安金融中心裙楼6楼,,114.0504951,22.53580455,POINT (114.05049514378891 22.535804546991784)
B2094253D569AAFD4699,新荣记(平安金融中心商场店),114.055601,22.5330853,益田路5003平安金融中心裙楼6楼,,114.0504904,22.53580726,POINT (114.05049044955571 22.535807255542462)
B209425CDB65A4F9429C,炽茶·新式茶饮(皇庭广场店),114.059756,22.5330933,福华三路118号皇庭广场L2,,114.0546406,22.5358079,POINT (114.05464055861671 22.535807903174184)
B2094356D464A1FD439C,满陇山房·膏蟹年糕馆(平安金融中心店),114.0556745,22.53313145,福田街道益田路5033号平安金融中心A座L4层,,114.0505639,22.53585327,POINT (114.05056385557756 22.53585326692833)
B2094354D46FA3FB489B,MINT·放,114.0535972,22.5331367,福华三路268号福田星河COCO Park商场北区一楼L1-080B号,,114.0484893,22.53586244,POINT (114.04848926253825 22.535862438845747)
B209425CD564A6FE4292,平安金融中心FREE SKY云际观光层礼品中心,114.0556796,22.5331745,福田街道福安社区益田路5033号平安金融中心116楼东南侧,,114.0505689,22.53589631,POINT (114.05056894449737 22.535896305258248)
B2094351D56AA6FB4592,东涌穿鼻岩,114.5895335,22.4904741,深圳市深圳大鹏半岛国家地质公园,,114.5850514,22.49352276,POINT (114.58505142472846 22.49352276064601)
B2094352D36CA0F9469D,YAHAI·涯海悬崖海景餐厅,114.4911435,22.5119,世纪海景高尔夫正门,,114.4864085,22.51473857,POINT (114.48640848422413 22.514738573032712)
B2094253D06BABFE4993,望郎归,114.614415,22.517362,大鹏新区南澳地质公园路1号深圳大鹏半岛国家地质公园内(东侧),,114.6099311,22.52040585,POINT (114.60993105021323 22.520405849165186)
B2094250D36BA0FD469E,大雁顶,114.588475,22.517924,广东省深圳市龙岗区,,114.5839906,22.52097177,POINT (114.58399059604034 22.520971774569343)
B2094252D76BA6FB4499,深圳大鹏半岛国家地质公园,114.571709,22.521436,地质公园路,,114.5672066,22.52447034,POINT (114.56720657055772 22.52447034073246)
B2094355DA69A3FE499F,大鹏半岛,114.5717053,22.521438,地质公园路,,114.5672029,22.52447234,POINT (114.56720286497352 22.524472336333115)
B209425DD26BA5FB499B,金龟背天鹅,114.545214,22.5219867,大鹏新区南澳地质公园路1号深圳大鹏半岛国家地质公园内(西侧),,114.5406564,22.52497563,POINT (114.54065638776223 22.524975632890687)
B2094251D66DA5F44892,七娘山主峰观景平台,114.548385,22.522048,大鹏新区南澳地质公园路1号深圳大鹏半岛国家地质公园内(西侧),,114.5438356,22.52504378,POINT (114.5438355570557 22.52504377659871)
B2094554D069ABFB459A,鹅公湾,114.4908,22.523134,南澳镇鹅公湾旭阳海洋牧场旅游景区,,114.4860631,22.52597116,POINT (114.48606306255778 22.525971156752362)
B2094653D26EA7F5419C,七娘山,114.576263,22.523025,地质公园路1号附近,,114.5717667,22.52606413,POINT (114.57176668932196 22.52606413359357)
B2094354D265AAF5429E,七娘山小牧场,114.524026,22.526998,地质公园路31号,,114.5194048,22.52993327,POINT (114.51940482879343 22.529933269317095)
B2094350D06EA4FB419E,主峰科考线,114.5285895,22.527852,大鹏新区南澳地质公园路1号深圳大鹏半岛国家地质公园内(西侧),,114.523983,22.53079971,POINT (114.52398299388007 22.530799707825643)
B2094350D56AA0FD439E,七娘山起点大榕树,114.5209675,22.5281812,广东省深圳市龙岗区地质公园路31号,,114.5163361,22.53110782,POINT (114.51633612691799 22.531107817571378)
B209445DDB68A4FD4193,深圳七娘山温馨蜜语民宿,114.51804,22.52856,大棚新区南澳新上横岗七娘山直下500米,,114.5133987,22.53147822,POINT (114.51339873515394 22.53147822229828)
B2094452D265A6FE4993,大鹏山,114.53113,22.528547,深圳市大鹏新区南澳地质公园路1号大鹏半岛地质公园内,,114.5265314,22.53150142,POINT (114.52653141541786 22.531501419788416)
B209445DD46AA2F5479C,深圳七娘山森羚溪花悟民宿(原森羚溪·花悟),114.522368,22.5285743,广东省深圳市龙岗区南澳街道地质公园路欧书园村31号,,114.5177413,22.53150485,POINT (114.51774126483751 22.531504854928606)
B2094554D26CA7F5409E,深圳大鹏新区南澳七娘山地质公园皮皮花园特色民宿,114.5223961,22.5288037,广东省深圳市龙岗区大鹏新区南澳七娘山地质公园路欧书园村26栋,,114.5177694,22.53173432,POINT (114.51776944374775 22.53173432256484)
B2094452D265A2F4499D,深圳大鹏半岛国家地质公园博物馆,114.531016,22.528997,大鹏半岛国家地质公园内,,114.526417,22.5319511,POINT (114.5264170339707 22.531951097983868)
B2094550D76AA6F8489D,深圳七娘山皮皮花园特色民宿,114.521983,22.529024,深圳龙岗区南澳欧书园村26栋,,114.517355,22.53195345,POINT (114.51735495927076 22.531953448279413)
B2094554D264A1F5499F,南澳七娘山地质公园启明星特色民宿,114.5221135,22.52915997,广东省深圳市龙岗区大鹏新区南澳街道地质公园路欧书园村23号(近南澳七娘山),,114.5174859,22.53208978,POINT (114.51748590132618 22.532089775317395)
B2094253DB6CA6FA499E,杨梅坑桔钓沙如初见别墅(丰坪路分店),114.514436,22.529291,丰坪路坪山仔,,114.5097823,22.5321987,POINT (114.50978233966275 22.532198701329538)
B209445DDB6BA0F8459C,深圳南澳七娘山地质公园地质庭苑客栈,114.522013,22.529452,大鹏新区地质公园路欧苏园度假村32号,,114.517385,22.53238151,POINT (114.51738503240041 22.532381511291366)
B209445CD765A4FB429A,南澳七娘山星晴客栈,114.518182,22.53008,广东省深圳市南澳镇新大社区下横岗村66号,,114.5135411,22.53299855,POINT (114.51354112302164 22.532998554934732)
B209445DD46DA3F84993,深圳大鹏七娘山一抹时光客栈4号店,114.517807,22.530144,深圳市大鹏新区南澳新大社区下横岗83号,,114.5131648,22.53306147,POINT (114.51316484470608 22.533061469829256)
B2094355D46EAAFB489E,南澳新大农庄,114.5140501,22.53712984,南澳街道新大社区新大路大岭村北区27号,,114.5093946,22.54003597,POINT (114.50939460175522 22.54003596975604)
B2094352D76CABFD479F,新大河禾塘湿地公园,114.5218521,22.5391582,广东省深圳市大鹏新区南澳新东路,,114.517223,22.5420867,POINT (114.51722299558071 22.54208670325556)
B2094554D16CA5F9429D,深圳七娘山驿站,114.5149478,22.5394033,新大社区欧苏园村内,,114.5102953,22.54231192,POINT (114.5102952768033 22.542311922659277)
B209425CD66BA7F5409E,周星驰《美人鱼》拍摄地,114.6099686,22.539477,鹿嘴大道,,114.6054855,22.54252245,POINT (114.60548545956321 22.54252244734575)
B209445DDB68A5F94793,深圳七娘山匆匆那年民宿,114.5163873,22.5400447,新大社区新圩村三区56号,,114.5117397,22.54295748,POINT (114.51173968342363 22.542957480417734)
B2094356D668A6FE459E,美人鱼悬崖海景餐厅(鹿嘴山庄店),114.6069691,22.54005361,大鹏新区南澳街道新东路杨梅坑鹿嘴山庄,,114.6024869,22.54310038,POINT (114.60248685145633 22.54310038407054)
B2094253D668ABF94393,美人鱼悬崖餐厅,114.606969,22.540054,南澳街道东山社区南澳鹿嘴山庄里面,,114.6024868,22.54310077,POINT (114.60248678175994 22.543100774897624)
B2094356D36BA1FF4392,东山鹿嘴旅游区,114.6074037,22.5401654,广东省深圳市龙岗区南澳街道X260(新东绿道),,114.6029214,22.54321199,POINT (114.60292136165617 22.54321199285774)
B209425CD66CA4F5419A,人鱼洞,114.609755,22.540846,鹿嘴大道,,114.6052719,22.54389147,POINT (114.60527185762885 22.543891467822657)
B2094653D26DA5FF4493,杨梅坑度假村,114.5581415,22.5409264,广东省深圳市龙岗区杨梅坑,,114.5536135,22.54393994,POINT (114.55361349477977 22.54393994216531)
B209445CD364A2F5489A,七娘山悠悠阁民宿,114.51598,22.54168,新大社区新圩18号,,114.5113309,22.54459149,POINT (114.51133088537878 22.544591487565604)
B209445DD56DA7FC449D,深圳杨梅坑阳光海湾度假客栈,114.570896,22.542708,南澳大鹏新区南澳东山杨梅坑186号,,114.5663911,22.54574022,POINT (114.56639105319496 22.54574022446914)
B209445DDB69ABFB449F,深圳七娘山雅新民宿客栈,114.524918,22.544032,大鹏新区南澳街道办新大新东路58号,,114.5202987,22.54696874,POINT (114.52029868909072 22.546968742855185)
B2094757D66CA5F9499B,大运会海上运动项目七星湾分赛场,114.5219994,22.54411078,深圳龙岗区南澳街道东山社区荔枝山深铁湾1号,,114.5173704,22.54703936,POINT (114.51737042779341 22.547039364942478)
B2094254D665A0FB4999,电影美人鱼拍摄基地,114.572055,22.544283,东山社区杨梅坑,,114.5675517,22.54731648,POINT (114.5675516809769 22.547316480022044)
B2094252D564A5F84398,深圳市鹿嘴山庄悬崖餐厅,114.57532,22.54437,广东省深圳市龙岗区,,114.5708212,22.547407,POINT (114.57082118074337 22.54740700029909)
B2094653D26DA5FF4598,深圳市碧海湾海上运动俱乐部杨梅坑分部,114.5723,22.54444,广东省深圳市龙岗区南澳街道新东路,,114.567797,22.54747375,POINT (114.56779702749267 22.547473749901652)
B2094653D26DA5FF4592,杨梅坑海鲜餐厅,114.571935,22.544506,南澳镇东山杨梅坑,,114.5674315,22.54753933,POINT (114.56743149183949 22.547539325748883)
B2094653D26DA5FF459F,南澳旅游公司杨梅坑快艇经营部,114.575889,22.544516,新东路北50米,,114.5713909,22.54755356,POINT (114.57139090341842 22.54755355622029)
B2094653D26BA2FF479A,杨梅坑,114.5711429,22.544972,大鹏新区南澳镇桔钓沙,,114.5666382,22.54800436,POINT (114.56663818739423 22.548004362251003)
B209445DD569A0F84499,深圳杨梅坑逸海湾民宿,114.5714867,22.5451321,南澳街道东山社区杨梅坑98号,,114.5669825,22.54816486,POINT (114.56698249172972 22.548164858058716)
B209425DD765ABFD4698,杨梅坑沙滩,114.5705966,22.545183,新东路56号,,114.566091,22.54821469,POINT (114.56609104575405 22.54821468948872)
B2094554D26BABFD4593,海天居度假别墅(深圳南澳杨梅坑店),114.571961,22.545289,南澳街道杨梅坑村43号,,114.5674575,22.5483223,POINT (114.56745748200915 22.548322300141166)
B2094251D66AAAFA479F,杨梅坑码头游客中心,114.569003,22.545925,新东路29号对面,,114.5644949,22.54895464,POINT (114.56449490068424 22.548954643305656)
B2094757D06AA4FD4899,杨梅坑壹刻栈,114.5717011,22.54595184,深圳杨梅坑45号,,114.5671971,22.54898479,POINT (114.5671971092137 22.548984793344612)
B2094753D76DA0FC479B,深圳杨梅坑山海天然潭,114.57721,22.548185,南澳镇杨梅坑天然潭度假村(近七星湾),,114.5727133,22.55122355,POINT (114.57271331597924 22.55122354717568)
B2094351D565A6FB4598,镇海塔,114.2357398,22.5450036,深圳市盐田区海景二路古塔社区公园,,114.2309039,22.54786522,POINT (114.23090393542027 22.547865219674463)
B209445CD36BABFF429E,香港风味小吃店(中英街店),114.2322984,22.5458076,海涛路8号,,114.2274581,22.54866713,POINT (114.22745812132696 22.548667130752335)
B2094653D268A1FB4498,中英街新一佳平真商场,114.23266,22.54586,盐田区沙头角中英街1-6号,,114.2278202,22.54871976,POINT (114.22782019854031 22.548719760484445)
B2094252DA6FA1F9469F,中英街壹号,114.2321186,22.5463442,深沙路与公园路交叉口,,114.227278,22.54920357,POINT (114.22727804651564 22.549203574092473)
B209425CD565A4FE4698,和味龟苓膏(东和店),114.2331571,22.5506013,东和路61号,,114.2283177,22.55346102,POINT (114.2283176506591 22.553461017485088)
B2094653D26DA0F4409B,麦当劳(中英街店),114.23087,22.551,沙头角中英街镇内横头街鹏湾丽苑6栋1楼,,114.2260274,22.55385817,POINT (114.22602744430887 22.553858171402986)
B209445CD36BAAFD479F,太清凉茶甜品店(沙头角店),114.23096,22.551,沙头角官下路37号(沙头角中学侧门对面，沙头角招商银行附近),,114.2261176,22.55385823,POINT (114.22611756942071 22.55385823452341)
B209445CD765A6F5459B,深圳市一念书画院,114.235242,22.551315,深圳市盐田区海山街海涛路东和大厦4楼,,114.2304051,22.55417588,POINT (114.23040513415437 22.554175878560024)
B2094251D26AA3FF4292,南澳渔村酒楼(沙头角店),114.22689,22.551666,沙深路138号群利大厦1-2楼(沙头角海关对面),,114.2220416,22.55452104,POINT (114.22204155793017 22.55452104443161)
B2094251D665A4F84998,盐田区海滨栈道健身广场,114.241312,22.551848,海景路11号附近,,114.2364818,22.55471147,POINT (114.2364817551113 22.554711472830427)
B2094355DA68A3F5409D,盐田海滨栈道,114.241364,22.5518794,广东省深圳市盐田区海滨栈道碧道慢行道,,114.2365338,22.55474289,POINT (114.23653380362646 22.554742886994156)
B2094251D36CA1F8459B,八合里牛肉火锅(壹海店),114.238561,22.5520396,海山街道深盐路南面海山路北面壹海MallL4-001号商铺,,114.2337279,22.55490203,POINT (114.23372791290672 22.554902031458326)
B2094252D66BA1FD4999,喜茶(壹海城·玺湾店),114.2388243,22.5524629,海山街道办事处深盐路南面海山路北面壹海MallL1层008号(海山站A出口),,114.2339915,22.55532541,POINT (114.23399147041049 22.555325407799792)
B2094355D16BA6F44892,意拉拉·全日西餐(壹海城店),114.2383484,22.55265107,深圳市海山街道鹏湾社区海景二路1039号北侧V公馆ONEMALL3-009,,114.2335151,22.55551336,POINT (114.23351506527878 22.55551336473613)
B2094653D269A4FF439F,梧桐山隧道,114.2200418,22.554611,广东省深圳市,,114.2151817,22.55745926,POINT (114.21518173807438 22.557459264308473)
B2094257D46DA5FB499A,深圳市盐田区太清凉茶甜品壹海城店,114.237516,22.554636,海山街道鹏湾社区深盐路2039号壹海中心183,,114.2326816,22.55749776,POINT (114.23268159254407 22.55749775552447)
B2094251DB6CA6FC4098,碧桐道,114.2334084,22.5561412,莲塘街道罗沙路2076号广东梧桐山风景名胜区,,114.2285689,22.55900062,POINT (114.22856892599026 22.55900061885467)
B2094356D168ABF54693,蜜悦·圣托里尼海景餐厅,114.4836733,22.53855,深圳市大鹏新区南澳街道海滨南路33号E3、E4、E17栋,,114.4789104,22.54136533,POINT (114.4789103801954 22.541365328069315)
B209425DDA6CA6F84899,海贝湾沙滩,114.484748,22.5410348,大鹏新区南澳街道南隆社区海滨南路33号,,114.4799887,22.5438531,POINT (114.47998866105947 22.543853101507928)
B2094257D46DA6FD4498,南澳第一沙滩,114.481593,22.547199,海滨北路附近,,114.4768223,22.55000772,POINT (114.47682234487587 22.550007717028613)
B2094757D66CA3FD449D,大鹏半岛,114.49052,22.54764,广东省深圳市龙岗区大亚湾西侧,,114.4857805,22.55047489,POINT (114.48578053247984 22.550474888679886)
B2094350D06AA1FA469E,栖榕西餐小酒馆,114.4785973,22.5476886,深圳市龙岗区文明路水头沙社区,,114.4738164,22.55048873,POINT (114.47381637436469 22.550488728337513)
B2094252D46CABFD4398,大澳湾沙滩,114.467121,22.560432,深圳六月海酒店东南侧290米,,114.4623017,22.56319993,POINT (114.46230167499746 22.563199931403012)
B2094252D664ABF54998,大鹏湾游艇基地,114.467674,22.560474,大鹏新区六月海酒店东南侧50米,,114.4628564,22.56324336,POINT (114.4628564132603 22.563243358650283)
B2094551D76FA6F44898,大鹏湾游艇,114.4652728,22.562163,深圳市龙岗区大鹏新区六月海酒店东南侧50米,,114.4604476,22.56492605,POINT (114.46044760618715 22.564926046502634)
B2094357D06FA5F5469F,汐野沙滩营地,114.4497799,22.5685728,大鹏新区大鹏街道下沙社区金沙湾停车场小吃店101,,114.4449102,22.57129963,POINT (114.44491017050854 22.571299634505905)
B2094757D064A5FA499C,深圳金沙湾海滨度假区,114.452035,22.569597,金沙湾滨海公园西侧450米,,114.4471711,22.57232842,POINT (114.44717111887643 22.572328417363934)
B2094557D56AA4F84592,大鹏半岛东西冲海岸线,114.496917,22.553913,海滨北路大鹏半岛,,114.4921999,22.55676659,POINT (114.49219989325935 22.556766592435483)
B2094557D06FABF54193,东渔码头,114.5274013,22.5543221,南澳大鹏新区大鹏新区南澳街道东渔村冰厂,,114.5227894,22.55726485,POINT (114.52278937175306 22.557264853594816)
B209445CD36BA2F84592,桔钓沙烧烤,114.55871,22.55499,广东省深圳市龙岗区南澳街道新东路12号,,114.5541823,22.55800347,POINT (114.55418232327034 22.558003466953572)
B2094252D464AAFB4898,桔钓沙游艇码头,114.558274,22.555355,南澳新东路,,114.5537454,22.55836768,POINT (114.55374538836219 22.558367684788667)
B2094252D46FA2F4449E,南澳七娘山飞虎越野车基地,114.531494,22.555548,南澳街道东山社区东山村屋头,,114.5268949,22.55850156,POINT (114.52689487266146 22.558501556462208)
B2094253D36DABF44899,桔钓沙沙滩拓展基地,114.5555446,22.5556363,南澳街道新东路桔钓沙沙滩上,,114.5510101,22.55864409,POINT (114.5510100691781 22.55864408708982)
B2094357DA65A5F94798,看见海SEESEA(桔钓沙店),114.5547623,22.55571137,大鹏新区南澳街道新东路28号,,114.550226,22.5587177,POINT (114.55022599819586 22.558717702395075)
B2094256DB6BA1F5429F,桔钓沙莱华度假酒店-沙滩,114.55323,22.55642,大鹏新区新东路28号酒店1层,,114.5486902,22.55942336,POINT (114.54869016474068 22.559423360816023)
B2094554D06BA5F94698,桔钓沙,114.552381,22.557058,南澳新东路,,114.5478391,22.56005966,POINT (114.54783914093571 22.56005965578999)
B2094350D46DABFE429D,桔钓沙玻璃海滩,114.5524859,22.5570614,深圳市龙岗区新东路28号,,114.5479443,22.56006326,POINT (114.5479442875618 22.560063260795154)
B2094253D06AA2FB4198,峰景台亚姨牛杂(第二分店),114.141369,22.553926,黄贝街道怡景社区黄贝路25栋103,,114.1363144,22.55664276,POINT (114.13631440186379 22.55664275609956)
B2094757D065A3F9489B,儿童公园,114.124266,22.553991,童乐路12号,,114.1191754,22.55668551,POINT (114.11917544930732 22.556685512587872)
B2094357D668A3F5439A,巴奴毛肚火锅(罗湖益田假日广场店),114.1320721,22.55440819,广东省深圳市罗湖区翠竹街道益田假日广场购物中心,,114.1269968,22.55711176,POINT (114.12699681783678 22.557111759442886)
B2094357D56FA6FE409E,圣丰城酒家(罗湖益田店),114.131675,22.555003,华丽路2040号,,114.1265988,22.55770601,POINT (114.12659884583125 22.557706013822834)
B2094256D76CA5F54298,深圳市阳光儿童乐园少儿足球训练基地,114.14554,22.55516,沿河北路2000-1,,114.1404953,22.55788324,POINT (114.14049531632386 22.5578832378058)
B2094752D26EA0FD4698,万佛禅寺,114.147781,22.555801,水库东路沿河北路,,114.1427418,22.55852787,POINT (114.14274180176258 22.558527870895837)
B2094757D66FA3F94898,肥妹烧腊店翠竹总店,114.1303561,22.5571799,翠竹路大世界集团1楼,,114.1252771,22.55988107,POINT (114.12527709592635 22.559881073410043)
B2094252D46BA6F4439B,东湖公园-棕榈园,114.147004,22.5572068,沿河北路布心路出口附近,,114.1419628,22.55993226,POINT (114.14196278295196 22.55993226063275)
B2094750D765A5F44898,渝君鸡煲,114.13016,22.55869,翠竹路1026,,114.1250805,22.5613908,POINT (114.12508049990969 22.56139079940001)
B209445CD364AAF44099,老货客家私房菜馆(港莲路店),114.1723286,22.5589069,港莲路17-7号,,114.1673542,22.56167818,POINT (114.1673541670827 22.56167817806295)
B2094251D769A7F44298,海马体照相馆(华侨城欢乐海岸店),113.9894865,22.5255578,滨海大道2008号L1-035号铺(1号门耐克隔壁),,113.9845194,22.52845779,POINT (113.98451935532867 22.528457790201198)
B2094354DA64A0FE4592,欢乐海岸海洋奇梦馆(欢乐海岸购物中心店),113.9886694,22.5256989,白石路东8号OPLAZA欢乐海岸购物中心,,113.9837043,22.52860132,POINT (113.98370427357042 22.52860132158472)
B2094557D768A1FF4793,欢乐海岸海洋奇梦馆,113.9886675,22.5256994,白石路东8号欢乐海岸购物中心2层西侧,,113.9837024,22.52860183,POINT (113.98370237824484 22.52860182722346)
B2094351D568A0FC4893,奇谷米kigurumi(深圳欢乐海岸奇谷米次元街区店),113.9908048,22.5259924,白石路东8号（南门）,,113.9858343,22.52888843,POINT (113.98583434389934 22.52888842535853)
B209425CDB68AAF4439D,尼克汪汪队主题水乐园,113.991429,22.526159,深圳欢乐海岸购物中心3号门外广场,,113.986457,22.52905315,POINT (113.98645697341834 22.52905314500536)
B2094257D26AA6F4449F,蓝岸画廊(OPLAZA欢乐海岸购物中心店),113.990722,22.5262625,白石路东8号欢乐海岸购物中心3层9号,,113.9857517,22.52915876,POINT (113.9857517333028 22.529158761188214)
B2094452D36CA4F54893,广东深圳华侨城国家湿地公园,113.983766,22.52816,白石路9号,,113.9788127,22.53107679,POINT (113.9788127249771 22.53107678772061)
B2094653D26BA2F54692,锦绣中华凤凰广场,113.98788,22.52939,深圳市深南大道华侨城内 ,,113.9829166,22.53229459,POINT (113.98291658989488 22.532294594784172)
B2094757D16AA3F5409B,乡村小厨(锦绣中华店),113.986953,22.529695,南山区锦绣中华锦园啤酒美食广场A01铺(近锦绣中华正门口),,113.9819919,22.53260233,POINT (113.98199185440527 22.53260233004613)
B209425CD16BA5FB469D,EPICE泷涎·高尔夫花园餐厅,113.961494,22.530005,沙河高尔夫球会会所一楼,,113.9565894,22.53298209,POINT (113.95658940343345 22.53298208706408)
B2094251DA6DAAF8419F,广东内伶仃福田国家级自然保护区,114.006124,22.528541,白石路与红树林路交叉口西南300米,,114.0011147,22.53139058,POINT (114.00111471550353 22.531390579548304)
B2094251D569A6F9469E,广东内伶仃福田国家级自然保护区管理局,114.00756,22.528881,红树林路1号广东内伶仃福田国家级自然保护区内,,114.0025471,22.53172624,POINT (114.00254708606172 22.531726235379452)
B2094554D16CA3F94499,天涯海角,113.9920511,22.5290037,深圳市南山区深南大道9003号锦绣中华内景点,,113.9870773,22.53189584,POINT (113.9870773338934 22.531895840052577)
B2094354D169A7F44299,福田红树林国家自然保护区管理局,114.007613,22.529158,红树林路1号广东内伶仃福田国家级自然保护区内,,114.0025999,22.53200306,POINT (114.00259993535877 22.53200306214716)
B2094250D06CABF84699,锦绣中华-滕王阁,113.99292,22.529482,深南大道9003号锦绣中华内,,113.987944,22.5323715,POINT (113.98794402330793 22.532371501174016)
B209425CD564A4F5429D,蒲匠和牛烧肉蒲烧活鳗放题,114.027428,22.529923,滨河大道辅道博今国际205号商铺,,114.0223677,22.5327107,POINT (114.02236767742556 22.532710699184324)
B2094354D06AA1FC4092,79号渔船海鲜饭店(车公庙店),114.02746,22.530072,车公庙泰然七路博今国际Bospace购物中心3楼,,114.0223996,22.5328596,POINT (114.02239959733286 22.5328596043952)
B2094355D46CABF8499A,潮香四海·家传潮汕菜(泰然总店),114.0241071,22.5305345,泰然八路海松大厦B座1层（下沙站C出口）,,114.0190542,22.53333133,POINT (114.01905417668843 22.53333133497247)
B2094250D06DAAF5419E,洪大厨鸡煲(福田店),114.026036,22.531207,泰然八路18号安华工业区10栋1层103,,114.0209787,22.53399845,POINT (114.0209786825117 22.53399844741078)
B2094753D36EA4FA4193,"欢乐谷,锦绣中华",113.99686,22.53157,深南大道9003号,,113.991874,22.53444749,POINT (113.99187395376198 22.534447487875465)
B2094350DA6CA1F84292,晓鸟餐厅,113.9615861,22.5302454,深圳市南山区沙河街道白石洲西社区沙河高尔夫球会俱乐部215号,,113.9566813,22.53322225,POINT (113.95668131306695 22.533222250020582)
B2094251D36DA3F54092,锦绣中华-傣族泼水广场,113.98458,22.53048,深南大道9003号中国民俗文化村,,113.9796246,22.53339429,POINT (113.9796246043276 22.53339428735376)
B209425CD36CA4F9419C,黄果树瀑布,113.9908181,22.5305854,深南大道9003号锦绣中华民俗村内(东侧),,113.9858473,22.53348116,POINT (113.98584731693131 22.53348116200421)
B2094253D464ABFA4592,港湾宴会厅(南山京基·百纳广场店),113.9687816,22.5306934,白石路168号京基·百纳广场2层,,113.9638623,22.53365193,POINT (113.96386232099157 22.53365193423897)
B2094757D068A2F94893,VIA BEANS京基百纳广场南山店,113.969941,22.530729,白石路168号南山京基百纳广场B1层,,113.9650193,22.53368446,POINT (113.9650192534168 22.533684458759332)
B2094750D16AA1FD4299,锦绣中华民俗村,113.988741,22.530907,深南大道9003号中国民俗文化村,,113.9837754,22.53380895,POINT (113.98377536328591 22.533808954715287)
B2094256D664A4FA449B,锦绣中华·中国民俗文化村,113.988741,22.530907,深南大道9003号中国民俗文化村,,113.9837754,22.53380895,POINT (113.98377536328591 22.533808954715287)
B2094653D26AAAFE439C,锦绣中华,113.988741,22.530907,深南大道9003号中国民俗文化村,,113.9837754,22.53380895,POINT (113.98377536328591 22.533808954715287)
B2094653D26EAAFF4592,深圳世界之窗海边小区,113.971169,22.531087,华侨城世界之窗欧陆风情街(深南大道9037号),,113.9662446,22.53403915,POINT (113.96624458213051 22.534039149663176)
B2094257D468A1F84398,海底捞火锅(南山京基百纳店),113.9687425,22.5311022,沙河街道白石洲东社区白石路168号御景东方L3-01,,113.9638233,22.53406082,POINT (113.96382327753297 22.53406081602501)
B2094251D76DA1FA4693,维也纳酒店(深圳世界之窗侨城东地铁站店),113.996716,22.5316348,深圳大道9015号新浩城花园西门,,113.9917303,22.53451272,POINT (113.9917303138329 22.534512720590886)
B2094352D76AA5FF4498,五里关火锅(车公庙店),114.02548,22.531879,深圳市福田区泰然六路泰然体育中心北侧约50米,,114.0204239,22.53467195,POINT (114.02042388484892 22.53467194690163)
B2094253D664A3F44992,肥肥虾庄(福田车公庙店),114.0262653,22.5320422,苍松大厦东南门旁,,114.0212074,22.53483297,POINT (114.02120741678782 22.534832971856893)
B2094252DB69A0F4459A,丁叮小排档·八道江湖菜·酒档,114.02576,22.53207,广东省深圳市福田区沙头街道天安社区泰然六路31号泰然科技园213栋(车公庙地铁站F出口),,114.0207032,22.53486216,POINT (114.02070324428259 22.53486216280164)
B2094255DB6AA4FA449D,张姐烤肥牛(车公庙店),114.0270157,22.5322211,苍松大厦102楼1层(车公庙地铁站F口步行450米),,114.0219561,22.5350098,POINT (114.02195613887031 22.535009804361238)
B2094351DA6EA6F9499E,寿司本色·中华寿司传承者(深圳首店),114.0259815,22.532307,沙头街道天安社区泰然四路113号泰然科技园213栋109,,114.0209242,22.53509854,POINT (114.02092423323177 22.53509853900543)
B2094252D76DA2F9429F,半吨酿造所·美式果木烟熏烤肉(车公庙店),114.025582,22.532385,沙头街道天安社区泰然四路泰然科技园212栋一层106号,,114.0205256,22.53517764,POINT (114.02052562309832 22.535177637600267)
B2094251DA6FA3FA499C,鸟鹏烧鸟居酒屋(车公庙店),114.026691,22.532622,沙头街道天安社区泰然六路泰然科技园苍松大厦101号04-05单元,,114.0216321,22.53541157,POINT (114.02163213240532 22.535411571624127)
B2094252D16BAAF54899,玉椿烧鸟居酒屋(车公庙),114.025003,22.532747,沙头街道天安社区泰然四路泰然科技园211栋1A,,114.0199479,22.53554122,POINT (114.01994790296374 22.53554122206911)
B2094251DB65A4FC4293,红树林路与深南大道交叉口,114.00811,22.532953,广东省深圳市福田区,,114.0030954,22.53579637,POINT (114.00309544608486 22.535796368906865)
B2094356D16EA0F4479B,湛记佬海鲜·老字号(白石洲店),113.9671484,22.53208088,广东省深圳市南山区石洲中路62号,,113.9622325,22.53504362,POINT (113.96223246690734 22.535043617535646)
B2094652DB6AAAFC439A,深圳华侨城洲际大酒店-酒店公寓,113.984689,22.532356,华侨城深南大道9009号,,113.9797332,22.53526987,POINT (113.97973321970935 22.535269868381572)
B2094757DB6EABF8449C,深圳华侨城洲际大酒店,113.984689,22.532356,华侨城深南大道9009号,,113.9797332,22.53526987,POINT (113.97973321970935 22.535269868381572)
B2094753D565ABFD4499,东方花园别墅,113.979545,22.532451,深圳市南山区深南大道9017号,,113.9746015,22.53537978,POINT (113.97460151816622 22.535379779744044)
B2094251D369AAFB419A,华膳中餐厅·粤菜(深圳华侨城洲际大酒店),113.98486,22.532629,"深南大道9009号华侨城洲际大酒店L层(近锦绣中华,世界之窗,欢乐谷)",,113.9799038,22.53554235,POINT (113.97990378647809 22.535542351375835)
B2094253D26CA7FD4092,梵蒂冈圣彼得大教堂,113.9752229,22.5326823,深南大道9037号世界之窗,,113.9702894,22.53562326,POINT (113.97028938224382 22.535623263336465)
B2094251D16DABFD489B,四叶寿司(华侨城店),113.988937,22.5328559,深南大道9001号锦绣中华大门东侧50米(大水车后面),,113.9839708,22.53575717,POINT (113.98397075283654 22.535757166295554)
B2094557D369A3FD429F,四叶寿司(深圳华侨城店),113.988935,22.5328583,深南大道9001号锦绣中华大门东侧50米(大水车后面),,113.9839688,22.53575957,POINT (113.98396875764273 22.53575957212857)
B2094356D565A6FA499F,植庭·日本料理(华侨城店),113.9891853,22.53289697,深南大道9001号锦绣桃园内,,113.9842184,22.53579749,POINT (113.98421838567913 22.535797491976954)
B2094256DA65AAF8459E,茑山怀石炭火烧,113.9889973,22.53292,深南大道9001-3(华侨城地铁站D口步行330米),,113.9840309,22.53582108,POINT (113.98403089918645 22.5358210829457)
B2094757D168A5F94799,华·美术馆,113.98299,22.533028,深南大道9009-1,,113.9780383,22.5359468,POINT (113.9780382859618 22.535946800792484)
B2094355DA6DA0FD409C,潮德阿水·潮汕老字号牛肉火锅(深圳总店),113.967053,22.5330316,广东省深圳市南山区沙河街道石洲中路194,,113.9621372,22.53599453,POINT (113.96213718189284 22.53599453014076)
B2094257D36AA4F9459A,汕头潮德阿水牛肉店白石洲直营店,113.9670995,22.533084,石洲中路38号(世纪村东门对面),,113.9621836,22.53604681,POINT (113.96218358252838 22.536046806648205)
B2094757D06AA0F5469C,何香凝美术馆,113.981624,22.533223,深南大道9013号(华侨城地铁站C口步行320米),,113.9766755,22.53614576,POINT (113.97667554625696 22.536145756063632)
B2094252D26EA1FB4593,德米火锅(沙高店),113.9629593,22.5332379,棕榈泉国际中心一楼109,,113.9580517,22.53621121,POINT (113.95805168080632 22.536211210173253)
B2094253D66DA6F8499A,牛百鲜·牛腩煲火锅(白石洲店),113.967017,22.5339121,石洲中路56号,,113.9621012,22.53687507,POINT (113.96210120024406 22.536875074610087)
B2094257D769A2FA429B,世界之窗-法国埃菲尔铁塔,113.974373,22.5341137,深南大道9037号世界之窗,,113.9694413,22.53705694,POINT (113.96944130846532 22.537056940254935)
B2094557DB6BAAFD4198,城市客栈-锦绣中华店(原新侨店),113.986807,22.5342083,广东省深圳市南山区光侨街13号新侨大厦1层,,113.9818459,22.53711582,POINT (113.98184592487873 22.537115820954117)
B2094252D669A1FC4298,吴·现代潮菜(深圳店),113.9832496,22.5342617,深南大道9018号华侨城大厦E座E-101A,,113.9782972,22.53717968,POINT (113.97829718203491 22.53717967529673)
B2094257D26EA3F8409E,深圳世界之窗阿尔卑斯冰雪世界,113.972755,22.534376,深南大道9037号世界之窗内,,113.9678269,22.53732367,POINT (113.96782689759299 22.537323669540168)
B2094354D76AAAFE489A,怎生书(粤清园店),114.000782,22.533074,园博园南门粤清园,,113.9957859,22.53593952,POINT (113.99578592430898 22.53593951501508)
B2094352D76BA0FB469E,罗大厨肥肠煲·地道湘菜·夜宵(车公庙店),114.0249385,22.533149,沙头街道天安社区泰然四路113号泰然科技园211栋泰然四路115号,,114.0198835,22.53594338,POINT (114.01988352262501 22.535943379143422)
B2094354D36FA5FD439A,黔有财贵州地摊酸汤火锅,114.0269653,22.5331686,沙头街道天安社区泰然四路泰然科技园210栋东座1B1号,,114.0219058,22.53595739,POINT (114.02190578913414 22.535957390552042)
B2094354DA6BA2F84098,黔有财·贵州地摊酸汤火锅(车公庙店),114.0270582,22.53321,深圳市福田区沙头街道天安社区泰然四路泰然科技园210栋东座1B1号,,114.0219985,22.53599853,POINT (114.02199848095586 22.535998534242353)
B2094255D765A6F4499B,嘟嘟生蚝,114.02311,22.53325,泰然九路21皇冠科技园,,114.0180592,22.53604949,POINT (114.0180591812535 22.53604948548672)
B209425CD36DABFC439B,潮江春(深航店),114.0190666,22.5341875,深南大道6035号深航大厦深航国际酒店3层,,114.0140252,22.53699845,POINT (114.01402516307411 22.536998452923687)
B2094652DB64A0F94392,深圳金秀国际仓运有限公司(深南大道),114.02078,22.53432,深南大道6031号杭钢富春商务大厦2618,,114.0157345,22.53712603,POINT (114.01573451659668 22.53712602973696)
B209445DD26BAAF84892,深南大道,114.016374,22.534404,广东省深圳市南山区,,114.011339,22.53722276,POINT (114.01133899264178 22.537222756739048)
B2094257D565A7F4489C,鮨吟 Sushi Gin(深南大道店),114.02299,22.534647,深南大道创建大厦一楼,,114.0179394,22.53744674,POINT (114.01793936679587 22.53744674475131)
B2094252D269AAFB469D,先启半步颠小酒馆(深圳首店),114.0260675,22.534679,天安社区泰然二路泰然科技园107栋1层109号,,114.0210099,22.53747017,POINT (114.02100988775184 22.537470170245147)
B2094653D26EA5FB479C,深圳世界之窗有限公司,113.972981,22.534662,深南大道9037号,,113.9680524,22.53760904,POINT (113.96805237932271 22.53760903588442)
B2094653D26EA2FE409B,深圳世界之窗,113.972981,22.534662,深南大道9037号,,113.9680524,22.53760904,POINT (113.96805237932271 22.53760903588442)
B2094252D264AAFC4993,荣川菜(华侨城店),113.9833779,22.5347346,深南大道9018号华侨城大厦B座B-303A,,113.9784251,22.53765217,POINT (113.97842514250053 22.537652174067983)
B2094253D765A7FF469D,乐宴·老北京铜火锅(华侨城大厦店),113.983074,22.534818,华侨城大厦商业B座2层202,,113.978122,22.53773646,POINT (113.97812196952627 22.537736455603902)
B2094556D769ABF94599,蕊佳园韩式餐厅,113.9860981,22.5349258,光侨街光侨花园长秀楼1楼104号,,113.9811387,22.53783538,POINT (113.9811387178657 22.53783537616104)
B2094750D16AA1FC409B,李连贵熏肉大饼店(华侨城店),113.98652,22.53504,华侨城美食街109铺(华侨城海景奥斯廷酒店后侧美食街)(近沃尔玛),,113.9815596,22.53794832,POINT (113.98155957642815 22.5379483227967)
B2094252D364A6FA469B,世界之窗-恺撒宫,113.9733725,22.5350153,深南大道9037号世界之窗,,113.968443,22.53796124,POINT (113.96844298777388 22.537961243525494)
B2094653D26FAAF8419D,李连贵熏肉大饼店华侨城店,113.98361,22.53516,华侨城铜锣湾广场2楼,,113.9786567,22.53807687,POINT (113.97865665511073 22.538076871863648)
B2094355D568ABFE449C,庭悦餐厅(华侨城店),113.9850365,22.5353063,兴隆街6号,,113.9800797,22.53821898,POINT (113.98007971491151 22.538218980358742)
B2094354DA64A5F9479B,梅拉尼亚小镇-布拉格广场,113.9741024,22.535562,广东省深圳市南山区深南大道9037号地铁世界之窗站H、I出口步行10米梅拉尼亚小镇内,,113.9691712,22.5385059,POINT (113.96917122340889 22.53850590434629)
B2094757D46AA7FD489E,卖茶（深南大道店）,114.01064,22.53474,福田区紫竹七道17号求是大厦1楼(近锦绣江南),,114.005619,22.53757569,POINT (114.0056190220651 22.537575688216698)
B2094757DA6AA1FB4398,中信证券深圳深南大道,114.0237716,22.5348841,广东省深圳市福田区深南大道6021号喜年中心裙楼3楼301A,,114.0187192,22.53768164,POINT (114.0187191606092 22.53768163635106)
B2094252D565A0FC4099,三巴佬澳门猪骨煲,114.02774,22.534962,沙头街道泰然科技园201栋10铺,,114.0226787,22.53774858,POINT (114.02267866567074 22.53774857697282)
B2094351D66FA6FF4599,北海渔村酒楼·粤菜海鲜点心(车公庙花园店),114.0243962,22.535206,天安社区深南大道6019号金润大厦401全层401-422室,,114.0193423,22.53800177,POINT (114.01934231773079 22.538001772285142)
B2094251DA6FA4F4409B,牛排家(深圳福田绿景NEO店),114.0296779,22.5359822,深南大道6011号NEO绿景纪元大厦A座M层A2,,114.0246123,22.53876349,POINT (114.02461229173242 22.538763492096678)
B209445CD364A3FD4393,唐阁,114.0205021,22.5361652,深南大道7888深圳东海朗廷酒店3层,,114.0154571,22.53897192,POINT (114.01545714891071 22.538971916962474)
B2094251DB69A2FC4299,徐记海鲜(车公庙店),114.0298835,22.5362137,绿景NEO大厦A座2楼,,114.0248174,22.53899443,POINT (114.02481743579531 22.53899442914471)
B209445DD06EA3F8449B,万豪中餐厅(金茂深圳JW万豪酒店),114.0322848,22.5362651,深南大道6005号金茂深圳JW万豪酒店2楼(车公庙地铁站J1出口),,114.0272137,22.53903949,POINT (114.027213663767 22.539039486550433)
B209425DD165A0FC419A,鸟剑居酒屋(缤纷天地店),114.021537,22.536262,香蜜湖街道东海社区深南大道7888号东海国际中心一期A栋101A1-2101A2号,,114.0164896,22.53906576,POINT (114.01648962401367 22.53906576103433)
B2094252D66CA0F9459D,星巴克臻选(深圳华侨城Loft店),113.9933012,22.5362368,锦绣北街3号华侨城东部工业区E5栋101A号,,113.9883238,22.53912478,POINT (113.98832383296396 22.53912478296362)
B2094354DA6DA5F5479B,梅拉尼亚小镇(深圳世界之窗店),113.972922,22.5357112,深圳市南山区华侨城深南大道9037号深圳世界之窗,,113.9679934,22.53865834,POINT (113.96799344320166 22.538658336553656)
B2094355D26AA4F94693,梅拉尼亚小镇-布拉格天文钟,113.9733354,22.53575383,广东省深圳市南山区,,113.9684059,22.53869983,POINT (113.96840588400322 22.53869982979687)
B2094252D364A2FA4299,DR钻戒(深圳世界之窗店),113.97298,22.535889,深南大道9037号世界之窗景区西侧欧洲印象2单元(阿尔卑斯滑雪天地旁),,113.9680513,22.53883597,POINT (113.96805130343533 22.538835967589204)
B2094653D26FA3FB499A,城市客栈（深圳锦绣中华店）,113.973411,22.536209,深南大道9037号世界之窗(世界之窗地铁站H口旁),,113.9684813,22.53915477,POINT (113.96848132612824 22.539154768284128)
B2094752D66AA6FC409F,城市客栈(深圳世界之窗店),113.9734196,22.536217,深南大道9037号世界之窗(世界之窗地铁站H2口旁),,113.9684899,22.53916274,POINT (113.9684899064813 22.539162744216274)
B2094554D26AA1F54893,旅行家公寓(深圳欢乐谷店),113.979297,22.536388,沙河世纪假日广场A栋3号(靠近佛山街),,113.9743538,22.53931727,POINT (113.97435384935643 22.5393172651129)
B2094354D364A2F9419C,梅拉尼亚小镇,113.9730447,22.5363991,深南大道9037-6号深圳世界之窗内(北侧),,113.9681158,22.53934586,POINT (113.96811582758549 22.53934586052544)
B2094757D068A4F8429E,威尼斯青年旅舍（深圳欢乐谷店）,113.9774475,22.5364399,深圳华侨城深南大道9026号??,,113.9725087,22.53937441,POINT (113.97250866231398 22.53937440971763)
B2094550D76DA2FD419F,深圳世界之窗兰兹酒店,113.96706,22.53691,深南大道9039号白石洲博耐家具广场1楼,,113.9621439,22.53987269,POINT (113.96214392094596 22.539872689047133)
B2094757D065A3F44592,王品台塑牛排深圳华侨城店,113.97611,22.53695,深南大道9028号益田假日广场L3-1号,,113.9711742,22.53988824,POINT (113.97117419263348 22.539888244105178)
B2094354D76FA4FC489E,深圳平安金融中心FREE SKY云际观光层,114.055659,22.533192,益田路5033号平安金融中心116层,,114.0505484,22.53591384,POINT (114.05054836934826 22.53591384236894)
B2094257DB68ABF4499F,平安金融中心云际观光层,114.055659,22.533192,益田路5033号平安金融中心116层,,114.0505484,22.53591384,POINT (114.05054836934826 22.53591384236894)
B2094251D66BA1F9429B,傲庐·飨酌,114.05563,22.533192,益田路5033号平安金融中心118层,,114.0505194,22.5359139,POINT (114.05051940596469 22.53591389599919)
B2094257D665ABF54093,OBSIDIAN BAR(平安金融中心店),114.05571,22.533272,福华四路16号平安金融中心商场6楼S601-S602,,114.0505993,22.53599374,POINT (114.05059929983527 22.535993743713817)
B2094256D76BA7F5479D,新荣记(北塔平安金融中心店),114.055336,22.533289,益田路5003平安金融中心北塔商场楼6楼,,114.0502258,22.53601144,POINT (114.0502257728391 22.536011436176025)
B2094354DA6EA2F84993,三出山火锅(深圳cocopark店),114.0542273,22.5333066,福华三路268号星河COCOPARK购物广场L2118,,114.0491185,22.53603112,POINT (114.04911851105862 22.536031122372115)
B2094352DA64A2F54399,éPICE泷莚·空中花园餐厅(平安金融店),114.05572,22.53333,平安金融中心PAMALL（L6层）,,114.0506093,22.53605172,POINT (114.05060928346579 22.53605172203897)
B209425CD064A0F54298,芸山季·傣·云南野生菌火锅(皇庭广场店),114.0592874,22.533366,福华三路118号会展中心站C出口皇庭广场L2层,,114.0541725,22.53608138,POINT (114.05417245559903 22.536081382912005)
B2094355D26EA0FF4998,荣川菜(平安金融中心店),114.0557165,22.5334898,益田路平安金融中心北塔5层NL502,,114.0506058,22.53621152,POINT (114.05060577748077 22.536211519637355)
B2094354D764AAF5489F,五代同糖·糖水甜品,114.0535814,22.5335631,民田路与中心一路交叉口东60米(购物公园地铁站F口旁),,114.0484735,22.53628885,POINT (114.04847345609573 22.53628884568908)
B209425CDB6BA3F44399,潮汕海鲜捞面,114.079662,22.533201,福田村牛巷坊,,114.0745339,22.53589042,POINT (114.07453388242176 22.535890419307304)
B209475CD064A1F4439B,太清凉茶甜品店（福祥街店）,114.08195,22.53326,福星路福祥街26号,,114.0768216,22.53594764,POINT (114.07682161930019 22.53594763999013)
B2094652DB64A5F84498,太清凉茶(福星路),114.08195,22.53326,福田区复星路福祥街24号,,114.0768216,22.53594764,POINT (114.07682161930019 22.53594763999013)
B2094757DA6CAAFC4692,太清凉茶甜品福祥店,114.08187,22.53334,福祥街24,,114.0767416,22.53602769,POINT (114.07674161889129 22.536027693682566)
B2094253DB6AA4FC4292,星龙吟日料放题(深圳福田店),114.06385,22.533384,福田街道岗厦社区福华三路88号财富大厦4层4A,,114.0587305,22.53609202,POINT (114.0587304510328 22.53609202428871)
B2094254D66AA2FB4899,79号渔船海鲜饭店(岗厦店),114.068501,22.533474,福田街道彩田南路福建大厦A座裙楼1至3层,,114.0633777,22.53617541,POINT (114.06337771138449 22.536175414032765)
B2094250D06DA5FE449A,牛巷番薯粥,114.079034,22.53368,福田路牛巷坊54号楼1层,,114.073906,22.53636992,POINT (114.07390596645583 22.536369921395156)
B2094252D56FA5FC439E,鑫天易潮汕番薯粥,114.079016,22.5336934,福田村牛巷坊120-1号,,114.073888,22.53638334,POINT (114.07388796916547 22.53638333606132)
B2094256DB6BABFF439C,金皇廷酒家,114.0628929,22.5338745,金田路3037号5楼,,114.0577742,22.53658397,POINT (114.05777420864314 22.536583969316382)
B2094253D268A2FA4192,木屋烧烤(福田皇庭广场店),114.0604919,22.5342411,福田街道福安社区福华三路118号皇庭广场G-92、92A、92B,,114.0553756,22.53695441,POINT (114.055375594758 22.536954408843414)
B2094252DB64A2FE4698,B3·Bistro×Brunch×Bar,114.054648,22.533702,福田街道福安社区福华三路268号星河COCOPARK购物广场LIS001-LIS142L1-046、L1-048,,114.0495386,22.5364257,POINT (114.0495386332299 22.536425702861038)
B2094351DB65AAF5449A,中轴云廊·顶上空间美术馆(皇庭广场店),114.05988,22.5337399,深圳市福田区福华三路118号皇庭广场R层,,114.0547644,22.53645426,POINT (114.05476438191727 22.536454258462243)
B209425DD46BA2F8479C,CHIC1699远洋私厨(平安金融中心店),114.0554361,22.5337624,益田路5033号平安金融中心北塔L5层1699远洋私厨,,114.0503257,22.53648462,POINT (114.05032571458798 22.53648462372689)
B2094351D465A3F84593,潮发潮汕牛肉店(皇庭广场店),114.0587124,22.533784,广东省深圳市福田区福田街道福安社区福华三路118号皇庭广场L2(西门旁),,114.0535981,22.53650035,POINT (114.05359807292129 22.536500346954814)
B2094354D66DA4FD439F,蚂蚁洞·首尔烤肉·创意料理(皇庭广场店),114.0602953,22.533841,皇庭广场L2(会展中心地铁站C口步行200米),,114.0551792,22.53655466,POINT (114.05517922932522 22.536554657897184)
B2094253D66CA3F94992,寿司郎(皇庭广场店),114.060323,22.5339832,福安社区福华三路118号皇庭国商购物广场L楼29A30号商铺,,114.0552069,22.5366968,POINT (114.05520689058802 22.53669680381366)
B209425DD56FA5F4429B,鮨政·Omakase(平安金融中心店),114.0559966,22.5341718,益田路5033号平安金融中心(北塔)B1层B13,,114.0508855,22.53689297,POINT (114.05088548192295 22.536892965734914)
B209425DD568ABFE4293,八合里牛肉火锅(福田cocopark黑金店),114.0536027,22.5342315,福华三路268号星河COCOPark3层,,114.0484947,22.53695717,POINT (114.04849468394889 22.536957167119613)
B2094253D56CAAFC489D,阿娜尔·新疆菜(皇庭广场店),114.059167,22.534372,福华三路118号会展中心站C出口皇庭广场L1层L1-36,,114.0540521,22.53708753,POINT (114.05405212391472 22.537087532134784)
B2094256DB68A7FD499E,蔡林记(深圳福田地铁店),114.058572,22.5350266,福华路连城新天地一期负一层,,114.0534578,22.53774312,POINT (114.0534577515943 22.537743119478343)
B2094352D568A0FC429D,捞鲜门海鲜集市火锅(罗湖口岸店),114.11961,22.534097,罗湖区人民南路1008号环球经贸广场4楼,,114.1145127,22.53678844,POINT (114.11451265387484 22.536788440753668)
B2094554D06FA1FD469C,潮汕大目牛肉火锅(罗湖春风店),114.120883,22.536848,春风路3068号置地广场一楼,,114.1157876,22.53954042,POINT (114.11578760533001 22.539540422336255)
B209425DD16DA2FD499E,憨孃孃重庆火锅罗湖店,114.1261285,22.5371079,东门南路1017号文锦渡向西商业大厦102,,114.1210425,22.53980561,POINT (114.12104250456773 22.53980561158001)
B209425DD66FA3F4469C,老何太太鹤岗小串(罗湖店),114.1266063,22.5374786,阳光新干线家园119-120号,,114.1215212,22.54017682,POINT (114.12152118738422 22.540176818591803)
B209425CD76CA2F5459C,哥二广西米粉,114.118553,22.5379413,南湖街道罗湖桥社区人民南路2059号熙龙大厦2051、2059,,114.1134537,22.54063161,POINT (114.11345368276233 22.540631610756655)
B2094351D268A4FA489B,哥二·广西米粉(国贸店),114.1185473,22.538092,南湖街道人民南路2059号熙龙大厦2051、2059,,114.113448,22.5407823,POINT (114.11344796379919 22.540782296712855)
B2094252D069ABFC4792,打鼓岭分区警署,114.15382,22.53809,北区莲麻坑路,,114.1487973,22.54082855,POINT (114.14879730280433 22.54082855120768)
B2094350D165A1FF429C,椿素西式素食·茶,114.1193739,22.538422,人民南路2010号深圳发展中心13楼01,,114.1142759,22.54111298,POINT (114.1142758844557 22.541112979017566)
B209425DD76CA6F54092,素满香·全民食养自助(深圳·金中环店),114.0620055,22.5344691,金中环大厦负一楼(E出口)麦当劳对面,,114.0568876,22.53717993,POINT (114.05688763107537 22.537179934835834)
B2094653D269AAFD439D,普宁(陈记)食店,114.0745451,22.5345494,福华路福田新村食街7栋(皇岗北路),,114.0694184,22.53724357,POINT (114.06941838395652 22.53724356545341)
B2094253D66AA2FE419E,大葉日本料理·龍蝦任食放題(皇庭中心店),114.0642311,22.5351422,福华路350号皇庭中心F1层,,114.0591111,22.53784955,POINT (114.05911109374098 22.53784954913064)
B2094257DA6CA2F8469E,协成海鲜火锅(皇庭中心店),114.064232,22.5351989,福华路355号皇庭中心裙楼2层,,114.059112,22.53790624,POINT (114.05911198924684 22.537906244501006)
B2094251D06EA6F4489E,珍庭潮州菜(深圳卓悦中心店),114.0668736,22.5353788,福华一路348号卓悦中心东区L2层,,114.0617514,22.53808231,POINT (114.06175138166023 22.538082312338002)
B2094257D06AA6F8419A,Auvers(卓悦中心店),114.066427,22.535384,福华一路348号深圳卓悦中心L1层,,114.0613051,22.53808814,POINT (114.06130513030955 22.538088137380203)
B2094351D16BA3FB409A,滨寿司(深圳连城新天地店),114.0616989,22.5354015,福田街道地铁一号线会展中心站A口滨寿司,,114.0565813,22.53811277,POINT (114.05658127599378 22.538112772176117)
B2094750D26CAAF4419E,深圳大中华喜来登酒店-宴会厅,114.0620365,22.5354974,广东省深圳市福田区福田街道福华一路1号,,114.0569185,22.53820813,POINT (114.0569185334608 22.538208126229648)
B209445DD06EAAFE409C,孙记粉面店(福田村祠堂坊店),114.0790416,22.5355369,福安街55号,,114.0739134,22.53822671,POINT (114.07391344389409 22.538226708915058)
B2094252D069A5F5479B,深圳大中华喜来登酒店-怡聚轩全日餐厅(深圳大中华喜来登酒店店),114.06178,22.535536,福华一路1号大中华国际交易广场深圳大中华喜来登,,114.0566623,22.53824713,POINT (114.0566622859942 22.538247134111284)
B2094757D16FABFE499F,春满园(御景华城酒楼),114.085519,22.533256,滨河大道3001-6号京基御景华城商业广场2层201号,,114.0803907,22.53594134,POINT (114.0803907196617 22.535941341298365)
B2094252D265A6FF409A,岗边伯公庙,114.084804,22.533808,滨河大道3032-3号(赤尾地铁站D口步行190米),,114.0796756,22.53649373,POINT (114.07967561431497 22.536493725048693)
B2094554D06AA1FB409D,同仁四季(车公庙店),114.1177163,22.5344716,建设路1024-4号(人民南地铁站A1口步行80米),,114.1126159,22.53716143,POINT (114.11261587705947 22.537161430406307)
B209425CD569A4FE4098,桔子酒店(深圳深南大道华强店),114.083832,22.535921,福田街道福华社区福景路5号广东边防大厦,,114.0787034,22.5386072,POINT (114.07870342188629 22.538607204222945)
B2094251D368A2FB489D,农耕记(福田边防大厦店),114.0839288,22.5359533,华强北街道福景路5号广东边防大厦1层(领袖KTV1层),,114.0788002,22.53863944,POINT (114.07880022317666 22.538639440607273)
B2094750D26DA3FD4492,1881中餐厅,114.11125,22.536919,罗湖区宝安南路1881号君悦酒店1楼(近万象城),,114.1061401,22.53960429,POINT (114.10614008823138 22.539604287544265)
B2094750D26CAAFA419E,深圳君悦酒店-主席楼,114.11125,22.53692,宝安南路1881号君悦酒店35/36层,,114.1061401,22.53960529,POINT (114.1061400881663 22.53960528748411)
B209425CD16AAAFB469C,深圳君悦酒店-1881中餐厅,114.1111682,22.5371735,宝安南路1881号深圳君悦酒店1层,,114.1060582,22.53985873,POINT (114.10605816482918 22.539858727034012)
B2094653D26CA0FC4192,新粤塔里木河清真餐厅,114.1002041,22.5373117,滨江新村53号1-2层,,114.0950824,22.53999337,POINT (114.09508240633188 22.539993368394086)
B2094252D76AA7F84999,新粤新疆菜(塔里木河清真餐厅),114.1001865,22.5373457,滨江新村53号1-2层,,114.0950648,22.54002736,POINT (114.09506478979615 22.540027364735053)
B2094750D764A0FE4492,争鲜回转寿司(怡景中心店),114.0591694,22.5351593,益田路连城新天地1期C区负1层23号(近会展中心地铁站B口),,114.0540545,22.53787478,POINT (114.05405447000658 22.53787478294566)
B209445CD36BA1F44698,利宝阁(嘉里建设广场店),114.0569047,22.5352433,中心四路1-1号嘉里建设广场第三座裙楼第2层01室,,114.0517924,22.53796275,POINT (114.05179239613246 22.53796275357176)
B2094257D46DA5F9419E,LAVO jazz·funk·soul,114.057079,22.535302,益田路与福华路交汇处嘉里建设广场二期第1M层01B单元,,114.0519665,22.53802114,POINT (114.05196648204911 22.538021136993116)
B2094751D56CABFA489F,LAVO,114.057087,22.5353036,嘉里建设广场3座1M层,,114.0519745,22.53802272,POINT (114.05197447232503 22.538022722554803)
B2094354DA69A3FC499A,LAVO(福田嘉里中心店),114.0570843,22.5353051,嘉里建设广场3座1M层,,114.0519718,22.53802423,POINT (114.05197177547389 22.538024227309183)
B2094253D66FA1FF419B,费大厨辣椒炒肉(领展中心城店),114.0602913,22.5353485,领展中心城G层东广场(会展中心地铁站出入口旁),,114.0551751,22.53806208,POINT (114.05517513546714 22.538062078569922)
B2094257DA68A1FC439A,岩盐日本料理(嘉里店),114.0574149,22.5354182,中心三路嘉里建设广场3座1层103A室,,114.052302,22.53813673,POINT (114.0523019728932 22.538136730081703)
B2094350D06DA6FB459F,黔有财·贵州地摊酸汤火锅(购物公园店),114.0545448,22.5357577,福田街道购物公园酒吧街左边10米,,114.0494354,22.53848148,POINT (114.0494354343096 22.538481480258714)
B2094355D46AA0FF4699,Eleatery大象里(嘉里建设广场店),114.0579416,22.535848,广东省深圳市福田区福田街道福安社区中心四路1号嘉里建设广场T1座102号,,114.052828,22.53856557,POINT (114.05282800343105 22.5385655703591)
B2094550DB6CA1FE4398,嘉苑饭店,114.058156,22.535872,中心四路嘉里建设广场1座首层,,114.0530422,22.5385892,POINT (114.05304217421708 22.538589195181498)
B2094251D569A2FA489A,深圳大中华喜来登酒店-行政酒廊,114.0617776,22.535537,深圳大中华喜来登酒店(会展中心地铁站A2口步行80米),,114.0566599,22.53824814,POINT (114.0566598883292 22.538248137903256)
B2094351D265A3F5499F,八合里牛肉火锅(深圳卓悦中心店),114.0664326,22.5355806,金田路卓悦中心ONE AVENUE东区B1层B1108号铺位,,114.0613107,22.53828472,POINT (114.06131073409489 22.538284716337465)
B2094251D06AA3FC439A,大中华喜来登酒店MEZZO意大利餐厅(深圳大中华喜来登酒店店),114.06246,22.535599,福华一路1号大中华国际交易广场深圳大中华喜来登酒店1层,,114.0573416,22.53830905,POINT (114.0573416121033 22.53830904908443)
B209425CD768A6F8439E,深圳市·蘑界·野生菌火锅(卓悦中心东区店),114.0669162,22.5356181,福华路与岗厦一路交叉口西北角卓悦中心东区二楼,,114.0617939,22.53832154,POINT (114.06179393325931 22.53832153919607)
B2094356D26EA4FF489F,烧鹅佬·脆皮烧鹅(OneAvenue卓悦中心店),114.066301,22.5356312,卓悦中心东区负一楼B1107,,114.0611792,22.5383355,POINT (114.06117921431422 22.538335500946477)
B2094252D168A1F84298,Knockcup一楼半(卓悦中心东区店),114.066901,22.535745,卓悦中心东区一楼L151铺(岗厦地铁站B口步行50米),,114.0617787,22.53844845,POINT (114.06177873669158 22.538448452891156)
B2094356D06BA4F84298,三出山跷脚牛肉火锅(卓悦中心店),114.066293,22.5358347,福田街道岗厦社区福华路346号岗厦城卓悦中心东区L2层L235号,,114.0611712,22.538539,POINT (114.0611712074395 22.53853900035438)
B2094253D26FABFC4593,鲜潭.蒸汽石锅鱼(卓悦中心),114.0663229,22.5358533,福华一路348号卓悦中心东区B1层,,114.0612011,22.53855756,POINT (114.0612010823962 22.538557556959894)
B2094757D068A7F84692,深圳大中华喜来登酒店,114.062085,22.535858,大中华交易广场福华一路1号,,114.056967,22.53856863,POINT (114.05696696208524 22.53856862790045)
B2094257D06CA1FD4592,陶陶居(卓悦中心店),114.066022,22.535934,深南大道2005号卓悦中心东区2楼L233,,114.0609004,22.53863868,POINT (114.06090041882804 22.538638679666548)
B2094253D36FA4F84999,天屿水·茶蔬(卓悦中心西区店),114.065116,22.535997,福华路348号卓悦中心西区L5-506,,114.0599952,22.53870299,POINT (114.05999516726226 22.53870298616224)
B2094257D069A6F94399,炳胜品味(卓悦中心店),114.066574,22.536045,广东省深圳市福田区深南大道2005号One Avenue卓悦中心东区L2层L244,,114.061452,22.53874889,POINT (114.06145197137793 22.538748891924133)
B2094354D665ABF84492,入续鸳鸯糖水铺与包(深圳卓悦中心店),114.066311,22.53608,福华一路348号深圳One Avenue·卓悦中心B1层,,114.0611892,22.53878426,POINT (114.0611891771098 22.538784260449045)
B2094252D465ABF8499B,混果汁卓悦中心店,114.066798,22.536084,福保街道福田街道岗夏社区福华路346号夏城L1层152A商铺,,114.0616758,22.53878758,POINT (114.06167579416018 22.538787576311762)
B2094252D669ABF94893,巴奴毛肚火锅福田卓悦中心店,114.066201,22.536125,卓悦中心东区二层,,114.0610793,22.53882941,POINT (114.06107926211453 22.5388294136644)
B2094354D169A1FF4893,巴奴毛肚火锅(深圳卓悦中心店),114.0662617,22.536127,福华路与岗厦一路交叉口西北角卓悦中心东区二楼L231号(晚上22点以后从商场东区4号门走扶梯上来2楼就可以看到门店),,114.0611399,22.53883133,POINT (114.0611399133915 22.538831327469712)
B2094354D26FA3FB429D,原牛道·潮汕围炉火锅(卓悦中心店),114.0648831,22.5362139,福华一路348号深圳One Avenue·卓悦中心F4层,,114.0597625,22.53892022,POINT (114.05976245258812 22.538920215765156)
B2094350D26EA4FE459E,隐厨(深圳卓悦中心店),114.0652287,22.536424,福华路卓悦中心西区三楼L305-306号,,114.0601077,22.5391298,POINT (114.0601077438171 22.53912979602408)
B2094351D66AA6F4489C,脆鲜生·脆鲩鱼火锅(卓悦中心店),114.0657836,22.536429,福华路348号卓悦中心西区B2层华为商店旁边手扶梯下到负二,,114.0606622,22.53913399,POINT (114.0606621809972 22.5391339917845)
B2094256DB6BA5F5469F,小炳胜(卓悦中心),114.0651629,22.5364434,深南大道2005号One Avenue卓悦中心(西区)L5层L502,,114.060042,22.53914929,POINT (114.06004199832054 22.539149291064643)
B2094354DA6CA1FC4492,林鲜记鸡煲(卓悦中心店),114.065064,22.5364733,广东省深圳市福田区福田街道福华路348号卓悦中心西区B2层(脆鲜生旁),,114.0599432,22.53917933,POINT (114.0599431805612 22.539179334212893)
B2094257DA69ABF94092,小炳胜(卓悦中心店),114.06515,22.536496,深南大道2005号One Avenue卓悦中心(西区)L5层L502,,114.0600291,22.53920191,POINT (114.0600291058507 22.539201906814146)
B2094350D468ABFA459C,NEED创意韩国料理(卓悦中心店),114.0660917,22.5365049,福田街道福华路346号卓悦中心东区L1层L141号,,114.06097,22.53920945,POINT (114.06097002529127 22.539209446519862)
B2094551D06EA2F5479F,深圳BON近福田会展中心福田皇岗双口岸酒店式公寓,114.07217,22.536552,深圳福田区皇岗路2001号高科利大厦-B栋18E,,114.0670443,22.53924868,POINT (114.06704426830098 22.539248682378837)
B2094254D764A3FC4298,菜忠潮州牛肉店(岗厦牌坊街店),114.0687911,22.5374134,彩田路3016号(岗厦北地铁站10号口步行120米),,114.0636674,22.5401142,POINT (114.06366735463247 22.540114203511163)
B209425DDB6CA5F5419A,向日葵公园,114.0613657,22.537444,深南大道市民广场南广场(东南角),,114.0562483,22.54015569,POINT (114.05624827985099 22.54015568865673)
B2094653D26AA1F8439D,百年意式咖啡店,114.067314,22.537651,福田区彩田路3069号星河世纪1楼(近COCO购物公园),,114.0621913,22.54035377,POINT (114.06219129842506 22.540353768633608)
B2094252D56FA5F8449C,福田河绿道,114.076216,22.537769,福田路与福华路交叉口西北200米,,114.0710885,22.54046127,POINT (114.07108845009226 22.54046127202925)
B2094556D56BAAF9489C,嗨!吃货,114.06854,22.53876,南大街178号振华国际东单元603号(振华商厦),,114.0634163,22.54146105,POINT (114.06341633987044 22.541461050386655)
B2094652DB64A6FA489D,深圳宁波酒家嘉汇店,114.08068,22.538954,福田区福明路3号嘉汇大厦4楼,,114.0755514,22.54164226,POINT (114.07555136081982 22.54164226047701)
B2094356D76BA4F84993,萤月茶铺,113.9931541,22.5362783,广东省深圳市南山区沙河街道光华街社区锦绣北街10号东部工业区E5栋101C望春山里面,,113.9881771,22.53916672,POINT (113.98817710007853 22.53916672386673)
B2094253D165A4FB4298,金茂深圳JW万豪酒店·Cafe Chinois万豪西餐厅,114.0323,22.53654,"深南大道6005号金茂JW万豪酒店2楼(近地铁车公庙站,安徽大厦旁)",,114.0272288,22.53931433,POINT (114.02722881437585 22.539314330546773)
B2094253D36BA2FF409B,Café Chinois西餐厅·自助餐(金茂深圳JW万豪酒店),114.0323,22.53654,"深南大道6005号金茂深圳JW万豪酒店2楼(近地铁车公庙站,安徽大厦旁)",,114.0272288,22.53931433,POINT (114.02722881437585 22.539314330546773)
B209475CDB6DABFE419E,华里精品酒店(深圳华侨城店),113.99585,22.53649,华侨城锦绣北街2号,,113.9908662,22.53937027,POINT (113.99086619181087 22.53937026893906)
B209425DD16EA0FA419F,兴业证券深圳东海国际营业部,114.02125,22.536837,东海国际中心A座3301B,,114.0162033,22.53964154,POINT (114.01620325565573 22.539641543075362)
B2094354D46FA6F84998,汶和记粥底火锅(车公庙店),114.0264411,22.5371438,深南大道财富广场A座1层7002号,,114.0213825,22.5399338,POINT (114.02138249548594 22.539933797799996)
B2094253D569A3F94993,春满园(时代科技大厦店),114.0238172,22.537244,深南大道7028号时代科技大厦F4层,,114.0187645,22.54004127,POINT (114.01876450406995 22.5400412695274)
B2094757D064A1F4479D,春满园酒楼,114.0238171,22.5372444,深南大道7028号时代科技大厦F4层,,114.0187644,22.54004167,POINT (114.01876440427235 22.54004166978317)
B2094750D76BABFD4892,金茂JW万豪酒店西餐厅,114.024,22.5373,深南大道6005号金茂JW万豪酒店2楼(广场路口),,114.0189469,22.54009675,POINT (114.01894688357724 22.540096754655405)
B2094652DB64AAFF499E,深圳中原物业顾问有限公司工商铺写字楼部(深南大道),114.024543,22.537328,深南大道6019号金润大厦17C,,114.0194886,22.54012324,POINT (114.0194886475866 22.54012323746784)
B2094254DA6BA2FC4898,红盔甲(白石洲店),113.9670731,22.5370375,沙河街道深南大道博耐家居广场1层C-1002号,,113.962157,22.54000015,POINT (113.96215698578983 22.54000014740508)
B2094757D068AAFD4598,深圳华侨城,113.990037,22.537252,杜鹃山,,113.9850677,22.54014973,POINT (113.98506773811857 22.540149727307853)
B2094251D06BA1FB4292,王品牛排(深圳华侨城益田假日广场店),113.975344,22.537348,深南大道9028号益田假日广场3F,,113.9704099,22.54028836,POINT (113.97040991060338 22.540288357926006)
B2094253D765A1F4469D,pa-sento百分炸牛,113.976748,22.537417,沙河街道华夏街社区潮州西街22号华侨城公交公司综合楼201,,113.9718107,22.54035343,POINT (113.9718107016042 22.540353426614587)
B2094252D26DA3F4489D,一乐·烧肉居酒屋(世界之窗店),113.9770615,22.537423,南山区桥城西街22号(世界之窗地铁站A口步行230米),,113.9721235,22.54035854,POINT (113.97212348016622 22.540358544211994)
B2094757DB6FA2F84293,益田假日广场(深圳华侨城店),113.975103,22.537436,深南大道9028号,,113.9701695,22.54037702,POINT (113.97016945092345 22.54037702279814)
B2094757D068AAFF499E,四海一家(深圳华侨城益田假日广场店),113.9758585,22.537447,深南大道9028号益田假日广场L3楼,,113.9709232,22.54038592,POINT (113.97092323470731 22.54038591725598)
B2094252D36DA5FB4693,Pa-Sento百分炸牛(深圳首店),113.976906,22.537462,沙河街道华夏街社区潮州西街22号华侨城公交公司综合楼201,,113.9719683,22.54039798,POINT (113.97196833557936 22.540397979575)
B209425DD568A4F5489C,辣可可·小炒黄牛肉(深圳华侨城益田假日广场店),113.975226,22.537543,深南大道9028号益田假日广场深圳华侨城店L3层,,113.9702922,22.54048367,POINT (113.97029216563693 22.540483674377818)
B2094556D068A1FC449C,顺德佬华侨城店,113.9916665,22.5375957,沙河街道汕头街19-2,,113.9866931,22.54048852,POINT (113.9866931473708 22.540488520939196)
B2094253D369ABFD4192,外婆家(领展中心城店),114.0593398,22.5361928,福田街道福安社区福华一路3号领展中心城L1层FL1026,,114.0542246,22.53890793,POINT (114.05422461360564 22.538907931670185)
B2094352D56CA3FD4793,奇妙川境川菜酒馆,114.0531283,22.5361961,深圳市福田区城建购物公园北园101号,,114.0480208,22.53892257,POINT (114.04802079949577 22.538922572090488)
B2094653D26EA7F44698,深圳福田香格里拉大酒店,114.0570841,22.536264,广东省深圳市福田区福田街道益田路4088号,,114.0519715,22.53898307,POINT (114.05197151332801 22.53898307146812)
B2094354D169A3FD449C,冯校长老火锅(深圳福田店),114.054448,22.5363457,民田路138号深圳购物公园,,114.0493387,22.53906963,POINT (114.04933872287701 22.539069628879385)
B2094256D465AAFE429E,Ensue,114.0570726,22.5363631,益田路4088号(福田香格里拉大酒店40楼),,114.05196,22.53908219,POINT (114.0519600207115 22.539082186214657)
B2094257D268A6F4409C,荞上人活鳗日本料理(购物公园店),114.0540119,22.536428,福华一路购物公园北园A区306号,,114.0489032,22.53915275,POINT (114.04890319356807 22.539152754168757)
B2094252D56EA0FD469F,八合里牛肉火锅(购物公园店),114.0544045,22.536507,福田街道民田路138号购物公园北园2层,,114.0492953,22.539231,POINT (114.04929526949697 22.539231001772404)
B2094253D26DABFD439D,小蜇屋日韩食堂·茶歇(福田一店),114.050546,22.537193,国际商会大厦B座0102室,,114.0454421,22.53992456,POINT (114.04544209397805 22.53992455987699)
B2094653D26EA0F4409E,香蜜湖度假村,114.0375147,22.5387552,广东省深圳市福田区香蜜湖街道深南大道6038号,,114.0324329,22.54151615,POINT (114.0324329209725 22.541516147608956)
B2094757D068AAFF4092,香蜜湖(地铁站),114.038637,22.538887,1号线/罗宝线,,114.0335531,22.54164519,POINT (114.0335530702799 22.541645187805603)
B209425DD46EA6F54698,林鲜记鸡煲(白石洲店),113.9670646,22.5375623,沙河街道白石洲东社区博耐家具石州中路160-14号,,113.9621485,22.54052494,POINT (113.96214846998637 22.540524937670526)
B2094757DA64AAF54093,雕刻时光咖啡馆深圳华侨城店,113.98328,22.53767,侨城西街55-2,,113.9783273,22.54058769,POINT (113.97832729118255 22.54058768619319)
B2094354DB6CABF5419D,小米之家(深圳华侨城益田假日广场店),113.9744928,22.5377794,广东省深圳市南山区沙河街道华夏街社区深南大道9028号益田假日广场B2,,113.9695606,22.54072209,POINT (113.96956060571308 22.540722093565236)
B2094354D76DABF5449D,八合里牛肉火锅(深圳甄选南山益田假日店),113.9738438,22.537815,深南大道9028号益田假日广场深圳华侨城店B1层,,113.9689131,22.54075948,POINT (113.9689130586749 22.54075948225935)
B2094351D365A0F54799,DOU兜·全日轻餐食堂(南山益田假日广场店),113.974256,22.5378511,益田假日广场B1层外围/世界之窗B2出口正对面（八合里旁边）,,113.9693243,22.54079444,POINT (113.96932433319735 22.54079444362183)
B2094757D76DA6FD4198,上岛咖啡（深南大道店）,113.97396,22.53791,高新科技园南区科技南七路国微大厦附楼(近中信大厦),,113.969029,22.54085416,POINT (113.9690289927636 22.540854156434165)
B2094757D16EABFD489A,鸿波酒店(深圳华侨城店),113.9829731,22.537957,侨城西街51号鸿波会议中心大厦F1层,,113.9780211,22.54087556,POINT (113.97802111200639 22.540875563253156)
B2094355D36DAAFF449B,新印尼酒家,113.9829312,22.5380262,沙河街道侨城西街10号鸿波酒店202,,113.9779793,22.54094488,POINT (113.97797930839346 22.540944881038733)
B2094253D26BA1F8419F,Chaplin卓别林电影主题餐酒馆(生态广场A座店),113.9836985,22.5380472,侨城西街8-9号,,113.9787448,22.54096364,POINT (113.97874475695092 22.54096364102614)
B2094355DB6EA0FF419D,蛇口吴记·海鲜鸡煲·脆皮鸡(白石洲店),113.9664687,22.5385744,南山科技园白石洲国际市长交流中心101铺,,113.9615537,22.54153852,POINT (113.96155373126767 22.54153851622206)
B2094652DB69A5FA4692,华侨城创意文化园,113.993472,22.5373436,锦绣北街8号,,113.9884941,22.540231,POINT (113.98849413258729 22.54023100172396)
B2094356DA6CA3FE4698,久邻JOOIN·家常小馆,113.9934085,22.53764323,华侨城创意文化南区F1栋104-108号（鹏小馆右侧）,,113.9884307,22.5405308,POINT (113.98843074153494 22.540530804690096)
B2094257D56FA1FC4599,京庄·铜锅涮(华侨城店),113.9919927,22.5381758,沙河街道光华街社区香山东街9号华侨城原东部市场三楼,,113.9870185,22.54106761,POINT (113.98701849326552 22.541067605026935)
B2094351DB6CA1F8489C,荔林山房西餐厅(南山华侨城店),113.9939577,22.5388028,广东省深圳市南山区文昌南街1号,,113.9889785,22.54168865,POINT (113.98897851683904 22.541688646662585)
B2094252D76BA1FD469D,美成空间,113.992544,22.539284,华侨城创意园北区A4栋210-212,,113.9875683,22.54217408,POINT (113.98756833987309 22.54217407739485)
B2094251DA68A5FF479D,深圳弘福寺,114.004545,22.5393731,园博东街118号,,113.999539,22.54222684,POINT (113.99953899960933 22.54222684164236)
B209425DD664A5F5499D,ocat深圳馆(B10馆),113.9935422,22.5396919,华侨城创意文化园北区B10,,113.988564,22.54257894,POINT (113.98856400563045 22.542578944020313)
B2094257D565A2F84293,MAGPIE喜鹊派餐厅(华侨城创意文化园南山特色文化街区北区店),113.9927994,22.539784,文昌街华侨城创意园北区A5-125,,113.9878231,22.54267328,POINT (113.98782306672214 22.54267327669487)
B209425DD46CA7FA419C,AVANT(创意园深南电路大厦店),113.9958931,22.5398571,侨城东路99号109A,,113.990909,22.54273703,POINT (113.99090896715607 22.542737030682748)
B2094251D16AA6FD469D,AVANT,113.99589,22.539859,侨城东路99号109A,,113.9909059,22.54273894,POINT (113.9909058748668 22.542738939942172)
B209475CDB6DABFD449D,深圳乐居68连锁公寓(华侨城世界之窗店),113.9721894,22.53869665,南山区华侨城片区世界之窗对面沙河世纪假日广场,,113.9672623,22.5416456,POINT (113.96726226886655 22.54164560243354)
B209445DD46FA6F5469E,深圳世界之窗木鼓坊青年旅舍,113.972074,22.538751,"深圳南山区世界之窗沙河世纪假日广场(华侨城商圈内,世界之窗对面)",,113.9671471,22.54170026,POINT (113.96714711876123 22.54170026241902)
B209445DDB64A5FB449E,深圳世界之窗假日青年旅舍(深南道店),113.9722,22.5389,深南大道9030号沙河世纪假日广场C座(世界之窗、白石洲地铁站200米，益田假日广场),,113.9672728,22.54184891,POINT (113.96727283263601 22.54184891091669)
B2094354DA6AA0FE459D,瑰茶厅·冷泡茶·复兴粤菜(深圳首店),113.970124,22.5392131,白石路2288号超级晚高乐地一楼3号高尔夫球打位旁,,113.9652013,22.54216758,POINT (113.96520132149936 22.54216758296494)
B209445DDB6AA3FF479C,时光纪青年旅舍(深圳世界之窗店),113.972164,22.539452,白石洲世界花园,,113.9672369,22.54240097,POINT (113.96723687658083 22.54240097392347)
B209445DD468A1FD4092,深圳纳家青年旅舍世界之窗店,113.972179,22.539555,深圳南山区深南大道华夏路42号,,113.9672518,22.54250393,POINT (113.96725183707885 22.542503926639373)
B209445CD36BABFD4893,深圳市食美特商贸(欢乐谷店),113.98061,22.5396,华侨城欢乐谷(园区内),,113.9756635,22.5425253,POINT (113.97566354958481 22.54252530326987)
B2094557D469A4FE4792,深圳欢乐谷世界之窗太空舱客栈,113.972442,22.539919,福田区沙河世界花园米兰居2栋2单元,,113.9675142,22.54286719,POINT (113.96751423538812 22.54286718818155)
B209445DD468ABF84193,丽枫酒店(深圳世界之窗店),113.96819,22.54005,白石洲中海深圳湾畔花园2楼,,113.9632714,22.54300955,POINT (113.9632713705293 22.543009547110398)
B209445DD56CA1F4429D,SparkHotel公寓(深圳世界之窗科技园白石洲店),113.968135,22.540135,中海深圳湾畔花园,,113.9632165,22.54309469,POINT (113.96321648034635 22.543094685832948)
B2094356D069A7F9429A,汇芳园,114.0081551,22.5401881,深圳市福田区侨城东路深南大道8002号深圳国际园林花卉博览园内,,114.00314,22.5430309,POINT (114.00313996787057 22.543030902030367)
B209425DD169A4FA419B,深圳国际园林花卉博览园-滙芳园,114.0081527,22.540222,侨城东路深南大道8002号深圳国际园林花卉博览园内(东北角),,114.0031376,22.54306481,POINT (114.00313757169894 22.54306480705988)
B2094757D76BABF9499B,香蜜湖烧烤场,114.035785,22.540395,福田区红荔西路香蜜湖北香蜜湖娱乐城内(近联合华鹏汽车广场),,114.0307065,22.54316016,POINT (114.03070649235761 22.54316015501049)
B2094253D669A5F4469A,氿间房·现代粤菜(恒邦置地大厦店),113.9971316,22.5403731,香蜜湖街道侨香路恒邦置地大厦三楼,,113.9921443,22.54324925,POINT (113.99214430237843 22.54324924730972)
B2094351D36FA3F8409F,鮨冠OMAKASE食べ放题(深圳首店),113.9973156,22.5404354,恒邦置地大厦二楼202,,113.9923278,22.54331099,POINT (113.99232783274692 22.543310985773253)
B2094253D668A5F9429E,臻颐潮菜(深业中城店),114.023339,22.5406249,红荔西路深业中城5栋301,,114.0182872,22.5434233,POINT (114.01828717947267 22.543423298456037)
B2094252D669A7F9479A,鸟金·炭火烧鸟(福田恒邦店),113.997388,22.540599,香蜜湖街道香岭社区侨香路3088号恒邦置地大厦一层103,,113.9924,22.54347436,POINT (113.99240003901753 22.543474355781267)
B2094252D469A1FB489E,汕头辉记肠粉王(荔林店),114.0180973,22.5407286,红荔西路荔林苑商铺102D,,114.0130577,22.54354196,POINT (114.01305774760398 22.543541956719775)
B2094356D664A7FF4799,蜜塘suger钓虾营地,114.0334502,22.54127362,深南大道6038-6068号,,114.0283763,22.54404467,POINT (114.02837633720682 22.544044669710715)
B2094757D069A1FF4798,西贝莜面村香蜜湖店,114.0365597,22.541484,深南大道6038号香蜜湖度假村内,,114.0314796,22.54424714,POINT (114.03147959772507 22.54424714219861)
B2094252D36CA1F9499F,黄晓猫剁椒大鱼头(汉京金融中心店),113.9365573,22.5404614,粤海街道麻岭社区深南大道9968号汉京金融中心B102-2,,113.9316881,22.54348807,POINT (113.93168805092033 22.543488068466548)
B2094252DB6AA1F5449C,红荔村肠粉科技园店,113.9423818,22.5405631,粤海街道科技园社区科兴路10号汇景豪苑303,,113.9375064,22.54358012,POINT (113.93750636021 22.54358012354182)
B2094257D26AABFD4792,深圳市基督教侨城堂,113.94345,22.540592,科兴路10号汇景豪苑裙楼科技园文化广场一楼,,113.9385733,22.54360711,POINT (113.93857326627813 22.543607106238472)
B2094255D068A2F8459B,2046湘味厨房(海王银河店),113.9417,22.54064,深南大道海王银河科技大厦一层北向108铺港安驾校对面(深大地铁A3出口),,113.9368254,22.54365822,POINT (113.93682535488583 22.543658217558143)
B2094555D665ABF9469E,2046湘味厨房,113.9418096,22.5406577,科技园海王银河科技大厦2层206,,113.9369348,22.54367572,POINT (113.93693482657001 22.543675724911907)
B2094350D069A6F4419B,延谷yangu韩式料理(大冲店),113.9514455,22.5412389,广东省深圳市南山区深南大道大冲新城市花园二栋2c座1楼外围249号,,113.9465576,22.54423825,POINT (113.9465575796296 22.544238247547145)
B2094253D168A1FB469E,甬府小鲜(深圳万象天地店),113.9563071,22.5412715,科发路19号深圳万象天地L6层SL617,,113.9514112,22.54426017,POINT (113.95141120354363 22.544260169263307)
B2094257D66AAAFF4492,金牌陶陶居(万象天地店),113.9549629,22.5412695,华润万象天地C座SL186,,113.9500693,22.5442612,POINT (113.9500692939263 22.544261201261868)
B2094252D66DA5F4459A,闽和南(深圳万象天地店),113.956209,22.5414245,粤海街道大冲社区深南大道9668号华润万象天地SL336A,,113.9513133,22.54441338,POINT (113.95131326313738 22.54441338246288)
B2094252D76BA3FE459B,松鹤楼(深圳万象天地店),113.9559632,22.5414886,粤海街道深南大道大冲社区华润万象天地SL530(五楼)三巡海南鸡饭和国瓷永丰源对面,,113.9510679,22.54447804,POINT (113.95106788178215 22.544478036297985)
B2094251D06CABFA469C,古德菲力健身(深圳华侨城店),113.98262,22.540285,杜鹃山东街2号华侨城体育运动中心1层,,113.9776687,22.54320444,POINT (113.97766871207737 22.54320444434604)
B2094253D068ABFE419E,滨水茶室,113.961262,22.540714,深南大道与深南沙河立交交叉口东280米,,113.9563572,22.54369103,POINT (113.95635716366888 22.54369103112469)
B2094253D168ABFF4898,黑旨烧肉(深圳万象天地店),113.9569618,22.5411088,深南大道9668号华润城万象天地6层SL612号商铺,,113.9520648,22.54409598,POINT (113.95206477543871 22.544095981797525)
B2094254DA64A3FD4699,北京羲和雅苑烤鸭坊(华润城万象天地店),113.95711,22.541174,粤海街道深南大道9668号华润城万象天地L2-SL257,,113.9522127,22.54416084,POINT (113.95221271154692 22.544160836466062)
B2094257DB69AAF9419D,北京羲和雅苑烤鸭坊(万象天地店),113.956927,22.5413892,粤海街道大冲社区华润万象天地SL614,,113.95203,22.54437644,POINT (113.95203001854104 22.544376443342333)
B209445CD06DA3FC4793,世界之窗阿尔卑斯冰雪世界,113.979179,22.541475,深圳市南山区深南大道9037号,,113.9742358,22.54440428,POINT (113.97423580160091 22.54440428298809)
B2094757D06FA0F5409A,深圳欢乐谷,113.980295,22.54159,侨城西街18号,,113.9753492,22.54451608,POINT (113.97534916787116 22.54451607976907)
B2094354D16CA5FB479A,隐厨·中国菜馆(深圳万象天地店),113.956625,22.541705,粤海街道深南大道9668号华润万象天地中心五层SL580,,113.9517285,22.54469291,POINT (113.95172852513107 22.54469291490947)
B209445DD665A6FD419D,深圳Time时光青年旅社欢乐谷店,113.976143,22.541883,深圳市南山区沙河侨城西街9号,,113.9712068,22.54482084,POINT (113.97120680293527 22.544820839229818)
B2094354D66BA4F8409E,西塔老太太泥炉烤肉(万象天地),113.9572155,22.5418582,万象天地北区5楼(高新园地铁站A口步行380米),,113.952318,22.54484475,POINT (113.95231798277568 22.544844748016615)
B2094251D06CAAFF449D,郑氏宗祠,113.9524185,22.5415146,大冲一路9号(高新园地铁站B口步行110米),,113.947529,22.54451186,POINT (113.94752903559505 22.544511857537987)
B209425DD068ABFB4698,裕莲茶楼(深圳万象天地店),113.9544521,22.5415562,粤海街道深南大道9668号华润城万象天地B1-B107,,113.9495593,22.54454902,POINT (113.94955932920466 22.54454901870024)
B2094257D269ABFE419C,gaga鲜语(华润城万象天地),113.9566187,22.5416689,粤海街道深南大道华润万象天地L3层SL309号商铺,,113.9517222,22.54465683,POINT (113.95172223837257 22.54465683171784)
B2094354DB6FA3FC489B,tea'stone(万象天地店),113.9558135,22.54167504,科发路大冲华润置地万象天地SL218铺（华为旗舰店旁）,,113.9509185,22.5446648,POINT (113.95091846843253 22.54466480274001)
B2094355D16FA3FE4492,啫火啫啫煲(万象天地店),113.9562215,22.5417966,万象天地北区(HAUSNOWHERE)楼上5楼NL505室(百老汇后面过天桥抱抱象旁)Gentlemonster(巨人展)可电梯直达五楼,,113.9513258,22.54478543,POINT (113.95132575916723 22.544785429626373)
B2094354DA6CA7FD499C,gaga(华润万象天地店),113.956527,22.5418725,深南大道万象天地商场南区3楼SL-309号（一尚门服装店对面）,,113.9516307,22.54486063,POINT (113.95163068471844 22.544860627844947)
B209425CD06AA0FA4293,新胜九屯小小铁锅炖(南山大冲店),113.952351,22.542152,粤海街道大冲社区科润路新城花园2栋1D1-336-3,,113.9474616,22.54514936,POINT (113.94746160225372 22.545149359936513)
B2094253D268A0FE459D,香港阿一猪扒,113.9513235,22.5421549,粤海街道大冲一路大冲新城花园2栋1C座047商铺,,113.9464357,22.54515444,POINT (113.94643571049734 22.5451544442055)
B2094354DA6EA7FC4498,o'eat(深圳万象天地里巷店),113.9557144,22.542197,广东省深圳市南山区粤海街道大冲社区深南大道9668号华润万象天地F1,,113.9508195,22.54518695,POINT (113.9508194625721 22.545186952019947)
B2094354D66BA7FC4299,遇见长安·陕菜(深圳万象天地店),113.9562398,22.5422041,深南大道9668号万象天地北区NL501,,113.951344,22.54519286,POINT (113.95134396058351 22.54519286055178)
B2094252D46AABF94592,小龙坎老火锅(深圳东园店),114.10083,22.537361,南园街道东园路57号-1(台湾花园往西200米),,114.0957088,22.54004273,POINT (114.09570882170298 22.540042730893376)
B2094251DA69A0FC4492,颐静园,114.1042615,22.5374115,南园街道东园路一号(红岭南地铁站C口步行230米),,114.0991435,22.54009389,POINT (114.09914348161976 22.540093886603792)
B2094354D36BA2FF4899,颐静园韶关风味·早茶(东园大厦店),114.1042698,22.5374199,南园街道东园路一号,,114.0991518,22.54010229,POINT (114.09915178937442 22.540102288296097)
B2094252D56CA0F44599,华师傅过桥米线(华发南路店),114.0891824,22.5375056,华发南路下步庙北区22栋一楼,,114.0840546,22.54018893,POINT (114.08405458531524 22.540188932934516)
B2094554D268A0F8449E,7天连锁酒店(深圳科学馆地铁站店),114.091478,22.537794,南园路与爱华路交口149号,,114.086351,22.54047652,POINT (114.08635096155443 22.54047651973179)
B209425CD76AAAFE469F,水货之光·海鲜烤肉,114.1040378,22.5378215,东园路28号御河堤南门(红岭南地铁站C口步行230米),,114.0989195,22.5405038,POINT (114.09891953233142 22.540503803292808)
B2094351D764A5FD489F,太清凉茶甜品(国贸店),114.1138248,22.53785828,嘉宾路城市天地广场东座写字楼大门右侧商铺（每周一店休）,,114.1087183,22.54054507,POINT (114.10871831705936 22.540545072176513)
B2094653D269A4FE4492,利苑酒家(罗湖万象城店),114.1108515,22.537898,宝安南路1881号万象城二期3楼S348号,,114.105741,22.54058301,POINT (114.1057410067354 22.540583010556777)
B2094653D26DAAFF4592,天长地久婚纱摄影福田模范店,114.0967,22.53833,深圳市福田区上步南路玉丰楼A栋11-12号(国企大厦对面),,114.0915757,22.54101156,POINT (114.09157567398182 22.541011555066966)
B2094256D26FABF8449B,屋里家延边朝鲜族料理店(总店),114.0993832,22.5384039,南园路埔尾新村43栋104号,,114.0942608,22.54108544,POINT (114.09426078255517 22.541085441263046)
B2094757DA6AA1FF409D,深圳天长地久,114.0961573,22.53843656,福田区上步南路玉丰楼,,114.0910326,22.54111815,POINT (114.09103260958024 22.541118146130145)
B209445DDB6AAAFE419E,锦江之星风尚(深圳科学馆店),114.0949,22.5385,松岭路62-64号(原城市客栈科学馆店),,114.0897746,22.54118173,POINT (114.08977456938189 22.541181728565387)
B2094352DB68A3FE4393,粉派桂林米粉(iN城市广场店),114.099973,22.538661,广东省深圳市福田区南园街道南园路9-1号,,114.094851,22.54134257,POINT (114.09485103150753 22.541342565464475)
B2094355D56BA1FA429F,蘩楼(万象城金威大厦店),114.1136055,22.538689,广东省深圳市罗湖区嘉宾路4051号金威大厦二楼,,114.1084987,22.54137559,POINT (114.10849867110886 22.5413755935244)
B2094751DB64A4F94399,汕头姐妹小吃,114.08943,22.53882,华发南路36,,114.0843022,22.54150315,POINT (114.08430217316393 22.54150315452656)
B2094350D265ABFC499E,福民翠湖广东菜(iN城市广场店),114.0979459,22.5389848,巴登社区深南中路1095号新城市广场LG层LG-L-21-22铺,,114.0928224,22.54166627,POINT (114.09282237775811 22.541666270603347)
B2094257D468AAFC4199,香港新发烧腊茶餐厅(万象店),114.10993,22.53908,广东省深圳市罗湖区万象街9号,,114.1048183,22.54176446,POINT (114.1048182586275 22.541764458656328)
B2094350DB6AABFC4199,喜茶(深圳万象城黑金店),114.1109556,22.5390868,宝安南路1881号万象城一期B1层B30、B31号商铺,,114.1058452,22.54177179,POINT (114.10584516394123 22.541771792777222)
B2094355DB69A5FC4692,蓉悦(罗湖万象城店),114.1113968,22.539111,桂园街道人民桥社区宝安南路1881号万象城一期L4层468号,,114.1062869,22.54179623,POINT (114.10628693798182 22.541796234240874)
B2094357DA64A0F8459E,寿司郎(iN城市广场店),114.098681,22.5391273,深圳市福田区深南中路1095号iN城市广场LG,,114.093558,22.54180877,POINT (114.09355800208078 22.541808767911974)
B2094354D268ABFE4392,李小太·烧烤(罗湖金光华店),114.118546,22.5389286,国际商业大厦东座东北门旁(国贸地铁站E口步行140米),,114.1134466,22.54161884,POINT (114.1134466073049 22.54161884354364)
B209445CD36AAAF9459E,金苑肥牛火锅,114.1182165,22.538929,人民南路人民南路金光华广场对面广信酒店2层,,114.1131166,22.54161897,POINT (114.1131165797681 22.54161897042478)
B209425CD46BA1F5459B,舟市水产自助餐(金光华广场店),114.119959,22.5391156,嘉宾路4号金光华广场L6层,,114.1148619,22.54180705,POINT (114.114861905435 22.54180704812476)
B2094757DA6FA3FD4192,海底捞火锅(金光华店),114.1206069,22.5394431,人民南路金光华广场6-7层海底捞,,114.1155109,22.54213511,POINT (114.11551086931314 22.542135109408406)
B2094351DB65A3F44193,芈重山老火锅(深圳首店),114.121638,22.5396114,深圳市罗湖区嘉宾路2013号芙蓉小区经贸楼E座一层,,114.1165437,22.54230436,POINT (114.11654371838777 22.542304355968845)
B2094254D665A5FB4898,四季椰林海南椰子鸡(金光华广场店),114.1197688,22.5396517,人民南路2028号金光华广场第L7层L7-001号商铺,,114.1146714,22.54234295,POINT (114.11467135507881 22.54234294615769)
B2094253D66BA7F94793,费大厨辣椒炒肉(金光华店),114.1202319,22.5397195,金光华广场L6层,,114.1151352,22.54241115,POINT (114.11513522128858 22.54241115310315)
B2094252D16CA1F5409A,凯利港式茶餐厅(国贸店),114.1213396,22.5397298,"南湖路2064号1楼(凯利宾馆1楼,黄金海岸楼下)(金光华后面对面)",,114.1162448,22.54242247,POINT (114.11624479720084 22.542422467490468)
B2094254D564A4F94598,太二酸菜鱼(金光华广场店),114.1203691,22.5397721,人民南路2028号金光华广场第L6层L6-003B号铺,,114.1152726,22.54246387,POINT (114.11527264775998 22.542463873076688)
B2094653D26CA3FB4492,新凯利港式茶餐厅,114.12141,22.53978,南湖路2064,,114.1163153,22.54247273,POINT (114.11631531478011 22.542472730275314)
B2094757D06BA0FA439E,香港新发烧腊茶餐厅NO.4,114.1099589,22.539162,深圳市罗湖区万象街9号,,114.1048472,22.54184647,POINT (114.10484718943276 22.541846467936644)
B2094357D068A0F5489C,Dudley's意大利面(iN城市广场店),114.0989888,22.5391688,"南园路iN城市广场LG层LM-39-1（商场外围,靠近南园路街铺）",,114.093866,22.54185027,POINT (114.09386603031805 22.54185027495257)
B2094357D76CAAFB439D,曼谷街角东南亚风味小馆(福田iN城市广场店),114.0989196,22.53929106,南园街道巴登社区深南中路1095号新城市广场三层L3-06号商铺,,114.0937967,22.54197252,POINT (114.09379673546646 22.54197252477881)
B209445CD369A7F9429D,三哥港式茶餐厅(南园店),114.0936155,22.5393328,松岭路75号(科学馆地铁站C口步行140米),,114.0884893,22.5420147,POINT (114.08848932875888 22.542014695609005)
B2094554D164A4F44892,喜茶(万象城黑金店),114.1109035,22.5393563,万象城B1楼(大剧院地铁站F口步行320米),,114.105793,22.54204125,POINT (114.10579297897235 22.5420412475701)
B209445CD36BA0FC439B,尚莲越泰料理(万象城店),114.1109636,22.5394616,宝安南路1881号华润万象城一期5层562,,114.1058531,22.54214657,POINT (114.10585314990324 22.542146573405358)
B2094351DB65A2FD489F,胡恰·景德江西菜(深圳罗湖万象城店),114.111106,22.5395328,深圳市罗湖区万象城一期四楼L465,,114.1059957,22.54221785,POINT (114.10599573019122 22.542217846499543)
B2094355D06BABFF4093,鸟剑居酒屋(罗湖万象城店),114.1120918,22.5396299,宝安南路1036号鼎丰大厦一楼大堂（浙商银行旁边）,,114.1069828,22.5423155,POINT (114.10698282776583 22.542315499897036)
B2094352D569A0FD469F,三修堂素茶馆(中信国际大厦·信悦汇店),114.0952657,22.539871,深南中路2001号中信国际大厦信悦汇商场L504,,114.0901404,22.54255259,POINT (114.09014038974178 22.542552593003265)
B2094351D76CAAF84499,强腾潮汕美食(国际科技大厦店),114.0833459,22.5398886,福虹路11号国际科技大厦F1层,,114.0782171,22.54257488,POINT (114.07821705296325 22.542574876826293)
B209425CD46DA1FD4192,泰香米(深圳万象城三期店),114.1091751,22.5398998,宝安南路1881号万象城2F-T240号商铺,,114.1040624,22.54258384,POINT (114.1040623731147 22.542583840279494)
B209445CD364A3FD489C,大鹏古城农庄,114.11749,22.53991,嘉宾路海燕大厦11楼1104室,,114.1123889,22.54259932,POINT (114.11238886804225 22.5425993202897)
B2094253D66DA0FF4098,炳胜品味(罗湖万象城),114.1112099,22.5400122,宝安南路华润万象城一期L599,,114.1060997,22.54269727,POINT (114.10609973445438 22.54269727300645)
B2094252D468A3F9419D,香港新发烧腊茶餐厅·宴会厅(书城店),114.1086344,22.54007785,广东省深圳市罗湖区书城路一号都市名园综合楼首层101-A2,,114.103521,22.54276163,POINT (114.1035210361686 22.542761634815832)
B2094354D66CA6FB469A,NEED创意韩国料理(深圳万象城店),114.1092099,22.5400784,书城路与万象街交叉口西南100米,,114.1040972,22.54276245,POINT (114.1040972039088 22.54276244518781)
B2094257D468AAFC4098,香港新发烧腊茶餐厅(书城店),114.108634,22.540093,书城路一号都市名园综合楼首层101-A2,,114.1035206,22.54277678,POINT (114.10352060767205 22.542776779650445)
B2094354DA65A0F5469A,苍屿翠(深圳万象城罗湖店),114.1108816,22.540161,宝安南路1881号万象城一期五楼L530（西南电梯厅五楼左拐到店）,,114.105771,22.54284588,POINT (114.10577099827486 22.54284588434234)
B209425CD26FA5FD469E,黑牛の店(罗湖万象城店),114.1090257,22.5401858,万象街万象城三期二楼(大剧院地铁站F口步行240米),,114.1039128,22.54286975,POINT (114.1039127729558 22.542869752166716)
B2094653D26DAAFE4299,江南厨子(深圳万象城一期店),114.111192,22.540232,宝安南路1881号华润万象城一期4层L499,,114.1060818,22.54291705,POINT (114.10608179677182 22.542917048981053)
B2094550DB6DA7F44492,驿居酒店(深圳深南大道华强路地铁站店),114.088135,22.540288,华强北路1002东南方向120米,,114.0830067,22.5429716,POINT (114.0830067254033 22.542971600178266)
B2094352D26DA0FF479D,千户岛じま·日料放题(福田店),114.0657249,22.5391275,深圳市福田区华嵘大厦5楼整层-观光梯上(近卓悦中心北区、岗厦北地铁站6A口),,114.0606034,22.54183241,POINT (114.0606033534901 22.541832410943158)
B2094352D068A2FC439E,德元兰州纯汤牛肉面(华强北店),114.0815251,22.539183,福明路40-1雷圳大厦(福星地铁站D口步行340米),,114.0763964,22.5418706,POINT (114.07639636218491 22.5418706013279)
B209445CD36BA0F54798,大中华希尔顿酒店“念”全日制自助餐厅,114.0701304,22.53919081,广东省深圳市福田区深南大道1003号大中华国际金融中心B座2楼,,114.0650057,22.54188979,POINT (114.0650056705401 22.541889788894213)
B2094256D565A6F8489D,鮨一日本料理(大中华店),114.0688759,22.5392367,深南路1003号大中华国际金融中心C座1层,,114.063752,22.54193728,POINT (114.06375197807094 22.541937279726923)
B2094253DA6CA3FC499C,腾势汽车(深圳福田深南大道腾势体验店),114.0707042,22.5393397,深南大道1003号东方新天地广场一楼L-32商铺,,114.0655791,22.54203796,POINT (114.06557910722992 22.542037960197927)
B209425DD269A0FC499B,九如创新融合菜(汉瑜商业中心店),114.0804412,22.5394031,深南大道3031号汉瑜商业中心L305,,114.0753126,22.54209152,POINT (114.07531256142687 22.54209152014927)
B2094652DB64A6FB429D,老大昌酒楼,114.082431,22.539959,深南中路福田大厦3019号(上海宾馆对面),,114.0773022,22.5426459,POINT (114.07730216012315 22.542645896598575)
B2094253D169A2FF4899,深南大道,114.065344,22.540882,广东省深圳市福田区,,114.0602227,22.54358735,POINT (114.06022265619183 22.5435873497354)
B2094252D66AA0F8479C,合气屋·糖果居酒屋(上海宾馆店),114.081812,22.54132,华富路1002-2(华强路地铁站B口步行360米),,114.0766831,22.54400725,POINT (114.0766831022468 22.54400725189585)
B2094354DB69A7FB499B,潮汕大目牛肉火锅(岗厦店),114.0749444,22.541829,广东省深圳市福田区彩田南路3002号彩虹新都裙楼一楼,,114.069817,22.5445223,POINT (114.06981704822145 22.544522297350603)
B2094252D668AAF8419A,香港新发烧腊茶餐厅(金光华店),114.12079,22.540408,嘉宾路湖心大厦1栋102、202,,114.1156942,22.54310011,POINT (114.11569421617426 22.543100114751198)
B2094351D064A6FD479E,潮发潮汕牛肉店(金光华店),114.1204741,22.5404143,嘉宾路2036号湖心大厦一栋101、201号(开车可停国贸商业大厦停车场),,114.1153778,22.54310613,POINT (114.11537778243303 22.543106126601156)
B2094354D764A4FE499C,thaimix泰面·罗湖,114.1181046,22.5404415,人民南路3001-3003号海丰苑,,114.1130044,22.54313128,POINT (114.11300440322624 22.54313128209098)
B209445CDB69A6FC4499,同仁四季,114.1203034,22.5406562,嘉宾路湖心大厦2栋1单元1、2层,,114.1152068,22.54334786,POINT (114.11520678010301 22.543347856904244)
B2094257D76CAAFF499E,同仁四季音乐主题餐厅(国贸旗舰店),114.12025,22.54075,"南湖街道嘉宾路湖心大厦2栋一,二层",,114.1151533,22.5434416,POINT (114.11515328457601 22.543441602836115)
B2094757D16FAAF9449E,国贸旋转餐厅(国贸广场店),114.1196754,22.5407965,人民南路国贸大厦49楼,,114.1145777,22.54348759,POINT (114.11457772622244 22.54348759029524)
B209445DD26FAAF8469D,肯德基(春风餐厅),114.1268231,22.5409362,春风路2021号长丰苑首层,,114.1217382,22.54363444,POINT (114.1217381769821 22.54363444285315)
B209445DD068A7FC4599,德米火锅(罗湖店),114.1206623,22.5410098,南湖路3005号(国贸地铁站C口步行310米),,114.1155663,22.54370176,POINT (114.1155662609955 22.543701758791816)
B2094352D76CA4FA4498,彭年万丽酒店·云景轩旋转餐厅·云端聚会约会,114.122601,22.541055,嘉宾路2002号彭年万丽酒店50楼（金光华、万象城旁）,,114.1175083,22.54374879,POINT (114.11750830450374 22.543748790656718)
B2094354D06AA4FD4198,萍湘记(国贸店),114.121748,22.541062,彭年广场102号铺(国贸地铁站B口步行320米),,114.1166538,22.54375497,POINT (114.11665381423504 22.54375496651784)
B209425CD068A2FF499A,pLeace(罗湖万象城店),114.11123,22.540304,宝安南路1881号万象城一期三层L399室,,114.1061198,22.54298907,POINT (114.10611984171835 22.542989065313723)
B209425DD36EA7F44993,Pennehut畔尼意面(万象城店),114.110764,22.540332,宝安南路1881号万象城一期4层,,114.1056532,22.54301681,POINT (114.10565323549099 22.54301681020714)
B2094653D26FABFC419B,深南大道西餐咖啡,114.09065,22.54059,福田区深南中路兴华宾馆侧爱华电脑大厦附楼2楼,,114.0855225,22.5432726,POINT (114.0855224632654 22.543272602869727)
B2094251DB6AA3FD429F,华强北步行街景区,114.086884,22.540642,广东省深圳市福田区深南中路,,114.0817554,22.54332617,POINT (114.08175543906628 22.54332616977284)
B209445DD264ABFB439B,唐阁 T’ang Court(深圳东海朗廷酒店),114.084119,22.540667,广东省深圳市福田区深南大道7888号深圳东海朗廷酒店3楼,,114.0789901,22.54335273,POINT (114.07899012379755 22.543352728514186)
B209425CD264A3F5459E,gaga(深圳万象城店),114.1108834,22.5407073,宝安南路1881号万象城一期四楼L422(距大剧院地铁站F出口213米),,114.1057728,22.54339215,POINT (114.10577276503211 22.543392149920937)
B2094351DB6AA2FA4492,渔都老味海鲜面,114.1092682,22.5407391,桂园街道新围社区深南东路5033号金山大厦一单元一B 05,,114.1041555,22.54342313,POINT (114.10415553207493 22.5434231299496)
B2094257D565A3FA439B,乐宴老北京铜火锅(中航店),114.08289,22.54134,深南中路3024号(华强路地铁站B口步行180米),,114.0777611,22.54402649,POINT (114.07776105911469 22.544026488851877)
B2094257D664A0FE489C,79号渔船海鲜饭店(宝丰店),114.1117787,22.5413917,宝安南路1054号湖北宝丰大厦2-3层,,114.1066692,22.544077,POINT (114.10666919446159 22.544077003652134)
B2094452D36AA6FA499E,79号渔船罗湖店,114.1117934,22.5414261,宝安南路1054号湖北宝丰大厦1-3楼,,114.1066839,22.54411141,POINT (114.10668391178287 22.5441114098336)
B2094252D365A3F9499D,深南大道4011号,114.05534,22.53893,广东省深圳市福田区,,114.0502294,22.5416521,POINT (114.0502294008252 22.541652095712397)
B2094757D06BA1FB4398,深圳广播电影电视集团(深南大道),114.0511323,22.5408212,鹏城一路1广电大厦F1层,,114.0460273,22.54355134,POINT (114.04602730416786 22.543551341558327)
B2094251D26CA7F54498,道清茶社,114.0428562,22.5410332,莲花街道办深茂商业中心一楼101道清茶舍,,114.0377644,22.54378125,POINT (114.03776444352876 22.54378124690436)
B2094351D46CA0F9439F,深圳CBD福田地铁站亚朵酒店(深南大道店),114.0457922,22.5411512,深南大道6008号特区报社印刷大楼一层局部三至四层,,114.0406954,22.54389261,POINT (114.04069544602467 22.54389261348475)
B2094253D76AA5FE489E,鸟剑居酒屋(景田店),114.047866,22.541568,莲花街道紫荆社区新闻路1号中电信息大厦105,,114.0427659,22.54430488,POINT (114.04276588215649 22.544304881063336)
B2094251D769A4F94492,深南大道2012号,114.05396,22.54163,广东省深圳市福田区,,114.048851,22.54435453,POINT (114.04885102431746 22.544354526319353)
B2094757D06BA0F4489B,小贝壳餐坊,114.0454154,22.5418144,新闻路12号五洲星苑A栋2层(近星巴克),,114.0403192,22.5445566,POINT (114.040319226152 22.544556603938815)
B2094253D66FABFF449A,天空美术馆,114.050626,22.542167,福田广电金融中心48F-49F,,114.0455217,22.54489808,POINT (114.04552165334674 22.544898079678955)
B2094757D66CABFC4393,市民中心餐厅,114.0595631,22.5429861,莲花街道福中社区福中三路2010号市民中心B区负一层,,114.0544472,22.54570042,POINT (114.05444722544614 22.545700420055173)
B2094757D06EAAFC469F,学而优书店(何香凝美术馆店),114.057868,22.543099,深圳南山区华侨城何香凝美术馆,,114.052754,22.54581624,POINT (114.05275403889728 22.54581624221621)
B2094757D464A3F9419C,龙发餐馆(嘉宾路店),114.1240043,22.5414549,嘉宾路1026号,,114.1189141,22.54415007,POINT (114.118914088049 22.544150074467748)
B2094652DB65AAF84099,渝君重庆火锅(金色都汇西北),114.124707,22.541504,向西村嘉宾路1012号(向西村地铁站C口步行300米),,114.1196181,22.5441999,POINT (114.1196180684674 22.544199902713938)
B2094757D168A5FA499F,渝君鸡煲,114.1247913,22.5417779,向西村嘉宾路1012号(向西村地铁站C口步行280米),,114.1197025,22.54447387,POINT (114.11970250585682 22.544473873408997)
B2094252D16DAAF5499B,八合里牛肉火锅(南湖店),114.12037,22.54199,南湖街道南湖路国贸商住大厦首层南侧,,114.1152734,22.54468163,POINT (114.11527340506989 22.544681628877537)
B2094252D365A2F44499,Reiko居酒屋·丽禾料理店,114.12037,22.542032,南湖路3009号国贸商住大厦一楼(近富苑酒店对面),,114.1152734,22.54472363,POINT (114.11527340233907 22.544723626069022)
B2094355D26FABFA499F,北村韩食·活烤鳗鱼·大片烤肉(国贸店),114.1185694,22.5421057,人民南路3009号新安大厦,,114.1134698,22.54479576,POINT (114.11346983830569 22.544795756894533)
B209425DD76CA2FB469E,老杨家亚克西·20年新疆菜,114.1325889,22.5424627,春风路与文景南路交汇处联城联合大厦首层(文锦地铁站旁),,114.1275155,22.54516784,POINT (114.12751546851595 22.54516784014578)
B209425CDA68A7F5469E,鸭小七·北京烤鸭·融合菜(向西村店),114.1270351,22.5427361,春风路2022号(湖贝地铁站A口步行200米),,114.1219505,22.54543446,POINT (114.12195046663032 22.545434461728416)
B2094252D46CA4F8429A,味吉彩·日式拉面(罗湖店),114.121834,22.5428349,南湖街道嘉北社区深南东路3019号金城大厦121,,114.1167398,22.54552783,POINT (114.11673984796164 22.545527829992263)
B2094252D66CA7F8479E,木屋烧烤(罗湖国贸店),114.1191997,22.5429266,人民南路与深南路交汇处汇金广场一楼,,114.1141011,22.54561714,POINT (114.1141011064659 22.545617135550483)
B2094653D26CA6FF459D,宜宾海鲜酒家,114.089427,22.541583,华发北路6号(华强北地铁站D2口步行370米),,114.084299,22.54426598,POINT (114.08429899207609 22.544265977591003)
B2094252D06CA2FB489B,深圳博物馆-南门,114.1017,22.541801,深南中路,,114.0965793,22.54448257,POINT (114.09657928325299 22.544482567471473)
B209445CD764ABF94699,很高兴遇见你(华强北店),114.08413,22.54222,中航路1号中航华强北九方购物中心南区3层L333号铺,,114.079001,22.54490562,POINT (114.07900102303282 22.544905618986167)
B2094357D564A1FB409E,匣倍inBox日风食集(中航城君尚购物中心C区深圳首店),114.082862,22.5422245,中航城君尚购物中心C区2层L273-3号(近鸽子广场),,114.077733,22.54491095,POINT (114.0777330018079 22.54491094912436)
B2094653D26CA7FC439D,深圳科学馆,114.095771,22.542247,上步中路1003号,,114.0906458,22.54492838,POINT (114.09064583507701 22.54492837918856)
B2094556D26DA2FD449D,四季椰林椰子鸡(华强北九方店),114.0838485,22.5423959,振中路中航城君尚购物中心D区3楼L333号（近9号客梯）,,114.0787195,22.54508169,POINT (114.07871950020444 22.545081685250576)
B2094757D064A4FE459A,深圳博物馆古代艺术馆,114.101231,22.542609,同心路6号,,114.0961098,22.54529044,POINT (114.09610982144504 22.54529044493867)
B2094653D26DA5F8409E,宁波酒家,114.0955323,22.5428416,"振中路20号（靠深圳科学馆旁,地铁科学馆A口出）",,114.090407,22.54552296,POINT (114.09040695296254 22.545522964997517)
B2094252D06FABFE479C,徐记海鲜(京基一百店),114.1065385,22.5431015,深南东路京基一百大厦B栋三楼L325,,114.1014225,22.54578423,POINT (114.10142250473984 22.545784232623827)
B2094354D16BA7F9499B,铭厨·客家土菜,114.092399,22.543129,华强北街道福强社区燕南路西振中路宝树里一层19号L1-08A,,114.087272,22.54581092,POINT (114.08727200376256 22.54581092133105)
B2094257D46EA5F5489B,观璟高空日本料理(福田市民中心灯光秀店),114.0636839,22.5422779,金田路安联大厦B座36楼B01-C,,114.0585639,22.54498563,POINT (114.05856392328575 22.544985631780627)
B209425DD66DA6FF429D,汉堡王(深圳市市民中心餐厅),114.061691,22.5424661,福中三路地铁市民中心站物业区a29a30铺位,,114.0565729,22.54517694,POINT (114.0565729239522 22.54517694147003)
B2094250D06AA3FF4699,深圳中心公园-大草坪,114.0798899,22.5429282,深圳中心公园C2区,,114.0747611,22.54561683,POINT (114.07476111105579 22.545616832333483)
B209425DD269A1F94198,泰尚臻餐厅(中航城君尚购物中心B区店),114.082756,22.542989,中航路1号中航城君尚购物中心B区L3层,,114.077627,22.54567547,POINT (114.0776269537176 22.54567547013974)
B2094355D368A6F5449C,舟记·河豚鱼翅火锅(华强北店),114.0820228,22.54317864,广东省深圳市福田区华强北街道华富路1018号中航城君尚购物中心A区5层L512号铺,,114.0768938,22.54586561,POINT (114.07689379848995 22.545865613221544)
B2094254D56BABF8409C,深圳博物馆-东门,114.06195,22.543674,福中三路与金田路交叉口西北方向128米,,114.0568316,22.54638434,POINT (114.05683158674329 22.54638434401282)
B2094253D66CA4FF4399,深圳博物馆,114.061704,22.543674,福中三路市民中心A区(市民中心地铁站B口步行240米),,114.0565858,22.54638474,POINT (114.05658583224637 22.54638473817772)
B2094251D36FA4F94192,深圳博物馆历史民俗馆,114.062126,22.543681,福中路市民中心A区(市民中心地铁站B口步行350米),,114.0570074,22.54639106,POINT (114.05700741228037 22.546391063053633)
B2094354D36EA6FE4192,深圳博物馆金田路馆(历史民俗),114.0621279,22.5436867,莲花街道福中社区福中三路2008号市民中心A区,,114.0570093,22.54639676,POINT (114.05700931003813 22.546396759639318)
B2094354DA6DA5F4449B,深圳博物馆(金田路馆),114.0619898,22.5436886,广东省深圳市福田区莲花街道金田路4001号,,114.0568713,22.54639888,POINT (114.05687134632356 22.546398879467727)
B2094354DA68A2FA409A,谭厨中山传家菜(华强北中航城店),114.0829335,22.5431551,华航社区中航路君尚购物中心B区L5层（近3、4号电梯）,,114.0778044,22.54584144,POINT (114.07780444022947 22.545841437338296)
B2094351D36DA2FB4492,星美乐(KKMALL店),114.1068007,22.54325166,京基金融中心裙楼自用商业B1层108号商铺,,114.101685,22.54593448,POINT (114.10168495445909 22.545934482043023)
B2094257DB6CA3F44093,肥韬·香港金牌茶餐厅,114.08938,22.543317,广东省深圳市福田区振华路109号桑达南区109栋,,114.0842519,22.54599988,POINT (114.08425186480676 22.545999878936367)
B209425DD564A0F5449F,王捌院子(中航城君尚购物中心店),114.08282,22.543315,华强北街道华航社区中航路1号中航城君尚购物中心A区5楼,,114.0776909,22.5460014,POINT (114.07769093132333 22.546001403901272)
B2094356D76CA1FA479D,寿司処·小志(罗湖kkmall店),114.1069517,22.5434559,京基100KKMALL3楼L326,,114.1018361,22.54613876,POINT (114.10183614090913 22.5461387610582)
B2094256D76DA3F94098,肥韬茶餐厅(深圳总店),114.089363,22.543504,华强北街道华发北路40-3号,,114.0842348,22.54618687,POINT (114.08423484750686 22.546186872717822)
B2094252D665A0FD469B,肥韬·香港金牌茶餐厅(华强北总店),114.0893668,22.5435094,华强北街道华发北路40-3号,,114.0842386,22.54619227,POINT (114.08423864829433 22.54619227086428)
B2094251D06EA3FB439D,点都德(华强北店),114.0929161,22.543626,燕南路13号宝树台CICCI MALL二楼(燕南地铁站A出口),,114.0877893,22.54630776,POINT (114.08778930817411 22.54630776199459)
B2094251D66EA1FD4992,拾号牛扒(KKmall店),114.107005,22.5441514,桂园街道老围社区深南东路5016号蔡屋围京基一百大厦A座裙楼四楼417号铺,,114.1018895,22.54683423,POINT (114.10188945539292 22.546834233136803)
B2094251DA69A7FA409B,华强北博物馆,114.087124,22.544182,华强北路1058号广博现代之窗大厦5层,,114.0819953,22.54686581,POINT (114.0819952528388 22.546865812146695)
B2094251D564A0F94999,香港阿一猪扒酸辣米线(华强北店),114.089676,22.544199,振华路111号中电迪富大厦102铺,,114.0845479,22.5468817,POINT (114.0845478983807 22.546881704691796)
B209425DD365A7F9459F,北京羲和雅苑烤鸭坊(KKmall店),114.1063447,22.5443879,红岭中路KKmall商场北门二楼210号铺羲和雅苑烤鸭坊,,114.1012284,22.54707047,POINT (114.1012284081441 22.547070474510107)
B2094354D36FA2F54399,啫啫侠·古法啫啫煲(1234space店),114.1162728,22.5445362,东门华润1234Space店五楼(老街地铁站E出口),,114.1111695,22.54722427,POINT (114.11116949100375 22.547224269053537)
B2094253D66FAAF54092,华强隆江猪脚饭(深纺店),114.084708,22.5446023,深纺大厦C座100-14号商铺,,114.0795789,22.5472874,POINT (114.07957890298013 22.54728740092655)
B2094557D56AA0F5489D,东江游击队指挥部旧址纪念馆,114.1176611,22.5446195,东门街道南庆街13号(老街地铁站出入口步行130米),,114.1125599,22.54730864,POINT (114.11255993015811 22.54730864049535)
B2094251D568A1FF439D,深圳博物馆叶挺将军与深圳展览,114.11764,22.544636,东门永新街与南庆街交叉口西南方向20米,,114.1125388,22.54732512,POINT (114.11253879591366 22.54732512242047)
B209425CD06FA1F54292,中英街,114.084073,22.544658,中航路42号V尚街精品外贸市场F1层,,114.0789439,22.54734349,POINT (114.07894386141541 22.547343487232894)
B2094253D169A5FC449E,繁楼门店,114.083529,22.544665,华强北中航路西华丽装饰大厦,,114.0783998,22.54735084,POINT (114.07839984396243 22.54735083552609)
B209425DD46AA0FF4599,也是大排档(华强北店),114.0921435,22.544675,华强北荔村社区振华路50号中联大厦401栋L1-08-09,,114.0870163,22.54735688,POINT (114.0870162906467 22.54735688043675)
B2094251D26CA4F8429F,繁楼,114.083674,22.544686,振华路118号华丽装饰大厦1楼（平安银行旁）,,114.0785448,22.54737174,POINT (114.07854484572503 22.54737173977572)
B2094352D164A6F94598,潮八公鸡煲,114.1196293,22.5429571,汇金天琅大厦107铺,,114.1145314,22.54564801,POINT (114.1145314096311 22.54564800584227)
B209445CD369A5F5449B,顺德佬酒楼(粤海店),114.1205319,22.543198,南湖街道深南东路3033号粤海酒店3-4楼(门诊部公交站旁),,114.1154355,22.54588969,POINT (114.11543549874295 22.54588969358746)
B2094454D169A2FE4893,罗湖美术馆,114.127695,22.54325,南极路1-5号附近(湖贝地铁站A口步行130米),,114.1226116,22.54594908,POINT (114.12261160859642 22.545949079431455)
B209425CD76AA6FA4299,冯校长老火锅(深圳总店),114.1187018,22.5434719,深南东路123号罗湖区东门町百货广场大厦F2层,,114.1136024,22.54616198,POINT (114.11360236274248 22.546161975120373)
B209425DD16BA7F94499,CKLMT仓库手打柠檬茶(高嘉花园店),114.1300263,22.543696,高嘉花园高庆楼18栋地B(文锦地铁站D口步行220米),,114.1249475,22.54639782,POINT (114.1249475027498 22.54639781877373)
B2094350D46FA5FB4093,萌喵甜逸馆,114.1192743,22.5438789,深南东路123号深圳市百货广场大厦,,114.1141758,22.54656943,POINT (114.11417576646728 22.546569434306544)
B2094351D56EA6FD4899,哥二·广西米粉(东门店),114.1188056,22.5440922,人民北路永新街东门町第一层A027铺,,114.1137063,22.54678232,POINT (114.11370629009984 22.546782319654703)
B2094653D26FAAF4409D,福苑海鲜酒家,114.11807,22.54487,罗湖区永新街43号,,114.1129695,22.54755945,POINT (114.11296946017849 22.547559453916115)
B209445DD769ABFC489C,八哥酸辣粉(旺记总店),114.1214086,22.5461898,东门中路2031号旺角购物广场1层,,114.1163135,22.54888209,POINT (114.11631349567269 22.548882092130484)
B2094554D06BABFE439C,思月书院,114.1196272,22.5463514,东门文化广场,,114.1145291,22.54904207,POINT (114.11452908542098 22.549042065236755)
B2094253D665A3FE469E,蘩楼(华强北总店),114.0836119,22.5447095,振华路118号(华强北地铁站C口旁),,114.0784827,22.54739528,POINT (114.0784827427264 22.547395278380765)
B2094253D76EABFF4999,探鱼·鲜青椒爽麻烤鱼(深圳东门1234space店),114.1159997,22.5447919,建设路3018号东门1234space商场五楼L511,,114.110896,22.54747975,POINT (114.11089596162799 22.54747974771928)
B2094251D769A6FE4998,新福楼海鲜舫(深圳永新商业城店),114.1166636,22.5448314,永新街57-6号深圳中泰来大酒店2层,,114.1115609,22.54751974,POINT (114.1115608676577 22.547519744182207)
B2094757DB64ABF9459D,京基?粤菜王府(罗湖店),114.1066216,22.5449933,深南东路5016号京基百纳空间4层L422/L423,,114.1015056,22.54767593,POINT (114.10150557324258 22.54767593122195)
B2094257D568ABFD4592,卓记米粉(地王总店),114.11037,22.54513,桂园街道宝安南路商住楼B栋新门牌广场北2栋18,,114.1052584,22.54781428,POINT (114.105258419302 22.547814277527735)
B2094452D26EA6FF489A,卓记米粉,114.110369,22.545147,宝安南路2051号,,114.1052574,22.54783128,POINT (114.10525741692479 22.54783127580293)
B209425CD46FA6FA4699,笨罗卜浏阳菜馆(罗湖店),114.1146314,22.5452476,解放路3002号深圳文和友F3层,,114.1095256,22.54793444,POINT (114.10952560980876 22.547934439590307)
B209425CD76AA3F5449D,成都瓜串串(华强北店),114.092853,22.5454843,华强北街道燕南路87-1号,,114.0877261,22.54816595,POINT (114.08772605739951 22.548165946202523)
B2094257DB65A5F5459F,佳友重庆乌江活鱼店(燕南总店),114.092427,22.545485,燕南路403栋8-9号,,114.0872999,22.54816675,POINT (114.08729986260865 22.548166749648654)
B209425CD369AAFE469D,喜茶(深圳华强北茂业天地店),114.086106,22.5456382,华强北路2009号负一层115号铺,,114.080977,22.54832243,POINT (114.08097698760828 22.548322432553476)
B2094256D66BA4FF4692,深圳博物馆新馆,114.061654,22.544054,市民中心A区(市民中心地铁站B口步行350米),,114.0565359,22.54676479,POINT (114.05653585772515 22.54676479227936)
B2094351D468AAF4479C,罗大厨肥肠煲·地道湘菜·夜宵(华强北店),114.0823443,22.5441552,振华路183-2号（罗大厨肥肠煲店）,,114.0772152,22.54684188,POINT (114.07721518967516 22.546841877015183)
B2094253D16EA2FD459C,荣满精细菜(常平楼店),114.076247,22.5450436,振华西路15号,,114.071119,22.54773536,POINT (114.07111896546739 22.547735361248535)
B2094551D369A1F44093,深圳市当代艺术与城市规划馆,114.061828,22.545783,莲花街道福中路184号(福中一路与鹏程四路交汇处),,114.0567096,22.54849339,POINT (114.0567095708153 22.54849339072503)
B2094750D765A0F84993,渝君鸡煲(振兴西路),114.08223,22.54596,福田区振兴西路113号1楼(华富路口),,114.0771008,22.54864663,POINT (114.07710077674837 22.548646630258432)
B2094257D56DA0F94093,深圳改革开放展览馆,114.0611662,22.546217,福中路184号(少年宫地铁站A2口步行100米),,114.0560484,22.54892843,POINT (114.05604841262834 22.548928428810814)
B2094252D565A3FF489C,深圳中心公园Ｄ２区,114.0797463,22.5468722,福田河绿道深圳中心公园-D1区,,114.0746173,22.54956067,POINT (114.0746172769449 22.549560671622906)
B2094252D364A6FF4998,蚝门九式(莲花店),114.0699869,22.5488511,华富街道红荔西路5002号莲花大厦二楼,,114.0648616,22.55154959,POINT (114.06486162547799 22.551549588718846)
B209425DDA64AAFB489A,关山月美术馆图书文献馆深圳图书馆美术分馆,114.0641862,22.5492819,关山月美术馆2层(少年宫地铁站B口步行370米),,114.0590653,22.55198837,POINT (114.05906531277432 22.551988368155996)
B2094757D06BA7FD459D,关山月美术馆,114.064243,22.549384,红荔路6026号(莲花村地铁站D口步行340米),,114.0591221,22.55209037,POINT (114.05912205546664 22.552090374970895)
B2094252D46DA7F54998,唐宫海鲜舫(东门店),114.11699,22.545706,新园路1号中海商城六层(近老街地铁F口),,114.1118877,22.54839453,POINT (114.11188771313593 22.5483945335224)
B2094757D064A5F9449C,唐宫海鲜舫东门店,114.1168055,22.5457137,东门新园路1号中海商城六楼,,114.1117029,22.54840209,POINT (114.11170292813178 22.548402090276323)
B2094253D16FA6F44099,怂重庆火锅厂(茂业天地店),114.086259,22.5458053,华强北路2009号茂业天地8楼,,114.08113,22.54848944,POINT (114.08112999909959 22.548489438933967)
B2094355D16AAAFE429B,麦当劳(光华店),114.1180128,22.5458515,解放路西华宫光华楼二楼,,114.1129121,22.54854084,POINT (114.11291210551848 22.54854083727661)
B2094253D464A6FA489B,子午路张记(华强北店),114.089393,22.546314,华强北华发大厦41-2(华强北地铁站B口步行420米),,114.0842647,22.54899666,POINT (114.08426467324604 22.548996662507474)
B2094757D16AA7FA439A,美极鲜,114.1094289,22.5463632,红宝路15号鹏威酒店2楼,,114.1043161,22.54904692,POINT (114.10431606279151 22.54904691917554)
B2094253D564ABFF4798,戈记美极鲜(鹏威大厦店),114.1095021,22.5464228,桂园街道红宝路15号鹏威大厦2楼,,114.1043893,22.54910655,POINT (114.10438934902005 22.54910655010295)
B2094251D56AA0F84892,深圳市书法院,114.0981915,22.5470177,同德路2-1号(通新岭地铁站F口步行360米),,114.0930676,22.54969862,POINT (114.09306762952305 22.549698622632818)
B2094354D468AAFA459E,村尾咖啡,114.1123447,22.5471869,红裙楼小区11栋对面,,114.1072356,22.54987213,POINT (114.10723557693771 22.54987213054063)
B2094750D568A1FD419A,麦当劳(华强北分店餐厅),114.0862261,22.5479647,"华强北路上步工业区102栋部分一层,部分二层",,114.081097,22.5506487,POINT (114.08109695333142 22.550648698239034)
B2094250D06CA6FE4093,南街清补凉(黄贝岭店),114.13318,22.546632,清平路11-6号(黄贝岭地铁站F1口步行210米),,114.1281075,22.54933762,POINT (114.12810754650661 22.54933762162932)
B2094653D26DA5F9479E,凤凰楼(凤凰路总店),114.1335278,22.547338,凤凰路京基凤凰印象商场2楼18号,,114.128456,22.55004403,POINT (114.12845604028314 22.550044030059592)
B2094257D36EA3F84298,香港新发烧腊茶餐厅(靖轩豪苑店),114.1390096,22.5478295,黄贝街道黄贝岭社区深南东路1002号黄贝岭三路1号靖轩豪苑102铺,,114.1339499,22.55054319,POINT (114.13394992919841 22.55054318655571)
B209475CD36DA7FD4998,香港新发烧腊茶餐厅(凤凰总店),114.1337063,22.5479478,凤凰路凤山大厦1层152号,,114.1286349,22.55065402,POINT (114.12863488172079 22.550654022324434)
B2094352D16AA7FB4898,水牛奶皇后糖水铺(黄贝岭店),114.1349092,22.5480526,广东省深圳市罗湖区黄贝街道丽斯大厦附近34米,,114.1298404,22.55076044,POINT (114.12984036723476 22.550760438856646)
B2094257D565A4FF4992,蘩楼(黄贝岭店),114.134104,22.54806,凤凰路10号凤山大厦东座1-2层,,114.1290334,22.55076675,POINT (114.12903342674386 22.55076674648167)
B2094354D66EA5FD4199,蘩楼(东门晒布地铁店),114.121623,22.5482671,东门街道东门中路2071号南海中心三楼,,114.1165281,22.55095944,POINT (114.11652812978718 22.55095944102776)
B2094757D065ABFD4598,金稻园乐记砂锅粥欢乐园总店,114.12747,22.54897,乐园路124,,114.1223858,22.55166841,POINT (114.12238580059987 22.551668407852812)
B2094555DB6DA1FD439F,小肥象泰国餐厅,114.1229879,22.5491355,东门中路2088号东门中心城负一楼星空里桌球旁边01-02,,114.1178954,22.5518291,POINT (114.11789536396006 22.551829099536146)
B209445DD26AA0F44493,金稻园(总店),114.1276856,22.5491971,东门街道湖贝社区中兴路89号欢乐园中兴路103号一、二层,,114.1226018,22.55189574,POINT (114.12260180411164 22.551895737964948)
B209425CD06FA2FD469B,深圳青年美术馆,114.1040918,22.5483229,青年广场东厅(红岭地铁站B口步行70米),,114.0989729,22.5510045,POINT (114.0989729015397 22.551004500484904)
B2094251D16EA0F54198,羊妈妈(桂园总店),114.11324,22.548347,桂园路果园东8号七天酒店1楼,,114.108132,22.55103269,POINT (114.10813203086772 22.551032694804665)
B2094257DB65A7FC499C,李师傅脆肚(华强北店),114.084652,22.548517,红荔路与工发路交汇处,,114.0795226,22.55120185,POINT (114.07952264349922 22.55120184956256)
B2094557D568A5F54998,深圳博物馆艺术自然馆,114.108047,22.548585,广东省深圳市罗湖区桂园街道深圳市环保局五十号大院,,114.1029324,22.55126793,POINT (114.10293236074483 22.55126793021684)
B2094653D26CA5FC4099,李师傅脆肚华强北店,114.0846412,22.548599,红荔路与工发路交汇处上步工业区201栋首西（华新地铁站A口）,,114.0795118,22.55128385,POINT (114.07951183737121 22.551283849888737)
B2094357D56CA2F94998,盛香亭热卤(福田中航城店),114.089215,22.5491285,中航路1号中航城君尚B101-18号铺,,114.0840864,22.55181102,POINT (114.08408643679277 22.551811023179187)
B2094355D36DA7FE4893,凤凰楼酒家·粤宴点心(华强北店),114.0883334,22.5495212,红荔路2012号,,114.0832046,22.55220406,POINT (114.08320457186363 22.552204060446563)
B2094757D069A3FD479C,凤凰楼(长盛大厦店),114.088356,22.549669,红荔路2012号(华新地铁站C口步行110米),,114.0832272,22.55235184,POINT (114.08322716788858 22.55235183924276)
B2094354D46BABFF479D,庄氏祥记深夜厨房深圳(圣廷苑)店,114.087432,22.549929,圆岭街道长城社区华强北路4002号长兴大厦中区106,,114.0823029,22.55261224,POINT (114.08230293933326 22.55261224083275)
B209425CD46EA1FE439C,西关兰姐竹升云吞面(园岭店),114.1003128,22.5503852,园岭新村39栋一单元101室,,114.0951903,22.55306597,POINT (114.09519034287078 22.553065973058846)
B2094252D56AAAF54092,万象天地·在梦游的象,113.957184,22.54193,万象天地北区L4层艺术计划场(抱抱象下方),,113.9522865,22.54491662,POINT (113.95228653361106 22.544916615891726)
B2094357D365A5FC499B,Begl餐厅(深圳万象天地),113.9566443,22.542295,万象天地里巷地面1楼NL152B,,113.9517478,22.54528283,POINT (113.95174775415352 22.54528283136602)
B2094252D46BA4F8479A,亚参鸡饭(深圳万象天地店),113.957674,22.5423138,深南大道万象天地LG层水广场NLG08(地铁高新园站A出口),,113.9527756,22.54529926,POINT (113.95277564380275 22.545299256387047)
B2094356D76DA7FA4392,唐合興·香港飯店(万象天地店),113.9575271,22.542344,万象天地北区L4层NL411（巨人展楼上）,,113.952629,22.5453298,POINT (113.95262900221189 22.54532979508128)
B2094354D164AAFE499B,唐合兴香港饭店(万象天地店),113.9575242,22.542345,万象天地北区L4层NL411(HAUS NOWHERE楼上),,113.9526261,22.5453308,POINT (113.95262610728021 22.54533080173347)
B2094352D76AA6FE479C,福和面馆·上海现炒浇头面(万象天地店),113.9569877,22.5423492,深南大道9668号华润万象天地LG层NLG-11号商铺,,113.9520906,22.54533624,POINT (113.95209055142712 22.545336239897885)
B2094354D064A2FD419E,HIDING(深圳万象天地店),113.9569445,22.5423922,深南大道9665号华润万象天地里巷NL151,,113.9520474,22.54537934,POINT (113.95204742431515 22.54537933632605)
B2094252D56FA2F4439C,HIDING(华润城万象天地店),113.95694,22.542408,深南大道9665号华润万象天地里巷NL151号商铺,,113.9520429,22.54539515,POINT (113.95204293118593 22.545395145605454)
B2094253D46DA1FB489A,深圳欢乐谷-矿山车站,113.981305,22.542492,侨城西街1号深圳欢乐谷,,113.9763567,22.54541511,POINT (113.97635671487738 22.545415110088463)
B2094253D36CA4FB459F,四季椰林海南椰子鸡(万象天地店),113.956619,22.542515,"广东省深圳市南山区大冲华润城万象天地(高街北)北区NL505(原诚品书店,捞王隔壁)",,113.9517225,22.54550287,POINT (113.95172248419217 22.545502874457164)
B2094355D269AAFD4699,LUNEURS月乐诗冰淇淋咖啡(南山万象天地店),113.9555295,22.54220569,科发路万象天地里巷一楼,,113.9506349,22.54519606,POINT (113.95063487253776 22.545196057398076)
B2094354DA6EA1FD429D,PINTXOS西班牙餐馆(万象天地店),113.955956,22.5422873,广东省深圳市南山区粤海街道深南大道9668号华润城万象天地里巷NL160号商铺,,113.9510606,22.5452767,POINT (113.95106064348693 22.54527669942486)
B2094252D56DA4FC449A,éPICE泷香(东南亚菜·万象天地店),113.95646,22.542309,粤海街道深南大道9668号华润城万象天地NL156号铺,,113.9515638,22.54529725,POINT (113.95156377321274 22.545297251669012)
B2094355D26DA2FB4493,07PICE泷香·东南亚菜(万象天地店),113.9563882,22.5423279,深南大道9668号华润城万象天地里巷NL156号铺,,113.9514921,22.54531631,POINT (113.95149209633989 22.545316314209035)
B209425CD66CA7F9469A,巴奴毛肚火锅(万象天地店),113.9545943,22.5423274,科发路华润置地大厦D座L2层NL205巴奴毛肚火锅,,113.9497012,22.54531985,POINT (113.9497012436677 22.545319851822573)
B2094551D36AA3FF409B,陈鹏鹏鹅肉饭店,113.9556558,22.542392,深南大道9668号万象天地NL163,,113.950761,22.54538207,POINT (113.95076095015791 22.545382071202333)
B2094253D66AA5FD499F,Luneurs(万象天地店),113.955497,22.542409,科发路19号深圳万象天地L1层,,113.9506024,22.54539943,POINT (113.95060241932497 22.545399427934015)
B209425DD76DA4FD489F,泓0871臻选云南菜(深圳万象天地店),113.955881,22.542487,万象天地里巷NL-323,,113.9509858,22.54547656,POINT (113.95098575936326 22.545476555862702)
B2094252D569AAF8479B,BELLOCO倍乐(万象天地店),113.956243,22.542498,科发路万象天地NL121,,113.9513471,22.54548673,POINT (113.95134713642538 22.545486733518462)
B2094355DA6DABFD4392,山缓缓火锅(深圳万象天地店),113.9558241,22.5424984,科发路万象天地北区里巷3楼NL363号,,113.950929,22.54548808,POINT (113.95092895602701 22.5454880838443)
B2094252DA64A3F5459A,隐厨(华润城万象天地店),113.9571693,22.542666,粤海街道深南大道9668号华润万象天地中心五层SL580,,113.9522718,22.5456526,POINT (113.95227181276549 22.545652600375245)
B209425CDB68A2FA459C,Daily&Deli(深圳华侨城欢乐时光店),113.988274,22.54303,香山东路天鹅湖花园三期欢乐时光商场L1-,,113.9833087,22.54593262,POINT (113.9833087442973 22.5459326165725)
B2094257D76EA0FC4099,米芝莲(深圳万象天地诚品店),113.958904,22.542981,粤海街道大冲社区万象府国际公寓LG40-41(诚品生活)华润万象天地NL133号铺,,113.9540034,22.54596353,POINT (113.95400339310392 22.54596353159055)
B2094351D36CAAF54892,观淮·非遗·河南信阳菜(华侨城店),113.9883235,22.5436212,香山东街260号天鹅湖花园3期L2,,113.9833581,22.54652363,POINT (113.98335808404734 22.546523628753327)
B2094252D56CA3FE419E,老干杯(华侨城欢乐时光店),113.986972,22.544345,侨香路天鹅湖花园(三期)欢乐时光L2-24号,,113.9820099,22.54725139,POINT (113.98200987143584 22.547251391930217)
B2094750DB68A1FE429D,天鹅堡香舍会,113.982,22.54591,香山中街2-2,,113.9770498,22.54883086,POINT (113.97704983860032 22.548830860864115)
B2094757D069A5F8439B,丹桂轩(华侨城店),113.9747726,22.5462031,香山中街1-11号波托菲诺会所1层,,113.9698392,22.54914446,POINT (113.96983923887264 22.549144456588955)
B209475CDB6EA0F8499A,八号连锁酒店(深圳世界之窗一店),113.96865,22.54633,白石洲沙河工业区32栋3-4楼,,113.96373,22.54928791,POINT (113.96373000428001 22.549287909236956)
B209445DD26AA7F44793,邱哥手工吐司(华侨城丹桂轩店),113.9747713,22.54657709,南山区华侨城香山街波托菲诺会所一楼,,113.9698379,22.54951843,POINT (113.96983792995051 22.549518426835398)
B2094350D66BAAFF479D,潮八珍鸡煲(深圳万象天地店),113.9627449,22.5471542,粤海街道大冲社区深南大道9668号华润万象天地5楼,,113.9578368,22.55012715,POINT (113.95783681349272 22.550127145839696)
B2094757D06AABF94192,润园四季椰子鸡(香蜜湖店),114.0370183,22.54322323,香蜜南三街道（近水榭花都南门）,,114.0319372,22.54598511,POINT (114.03193720131995 22.545985113712312)
B2094551D16EAAFA469D,麦当劳(深圳民田路分店),114.052546,22.5433794,莲花街道福田中心区黄埔雅苑会所二期及商场1层05号,,114.0474388,22.54610655,POINT (114.04743883441047 22.546106552319465)
B2094653D26EA4F4469A,鹏湾大酒楼,114.0454023,22.5434387,景田南路一号橄榄绿洲家园商业四楼,,114.040306,22.54618082,POINT (114.0403060424206 22.546180823198995)
B2094653D26CA6F94699,深圳市工业展览馆,114.0591311,22.5435633,广东省深圳市福田区福中三路2010号深圳市民中心B区黄塔2~8楼,,114.0540157,22.54627832,POINT (114.0540156656884 22.546278316290213)
B209425CD264A3F84499,ANNND(景田店),114.04637,22.544032,景田南路国泰豪园1层119-120商铺,,114.0412721,22.54677195,POINT (114.04127211328593 22.54677194882133)
B2094252D56FAAF8489A,深圳市工业展览馆(福中三路),114.059085,22.5440599,福中三路市民中心B区2-9层,,114.0539696,22.54677496,POINT (114.05396958482427 22.546774960890886)
B2094252D568A3FF4999,徐记海鲜(新世界中心店),114.0557511,22.5451851,益田路6009号新世界商务中心401,,114.0506396,22.54790602,POINT (114.05063957307142 22.54790601557461)
B2094252D16FA2FC429B,蔡澜港式点心(深圳书城南区店),114.0593897,22.5465311,福中一路深圳书城中心城南区首层,,114.0542738,22.54924546,POINT (114.05427378547613 22.549245464806575)
B2094757D169A7FE469D,中心书城24小时书吧,114.059135,22.547051,广东省深圳市福田区福中一路2014号中心书城2楼中厅西侧,,114.0540193,22.54976576,POINT (114.05401933427846 22.549765761463927)
B2094757D064A7F5439A,味千拉面(中心书城店),114.0591872,22.5471277,福中一路2014号深圳书城N128,,114.0540715,22.54984237,POINT (114.05407147112832 22.54984236653234)
B2094253D765A6FC4799,庆春朴门(华润万象天地店),113.956265,22.542505,华润万象天地北区里巷3层NL323,,113.9513691,22.54549368,POINT (113.95136909801779 22.545493682976534)
B2094253D669A4FC469F,柿合缘(万象天地店),113.9560535,22.5425186,科发路19号深圳万象天地里巷L2层,,113.951158,22.54550776,POINT (113.95115796142314 22.545507762759343)
B2094252D565A2FF4798,鸟沢(华润城万象天地),113.95645,22.542545,粤海街道深南大道9668号华润城万象天地L1-NL125N02,,113.9515538,22.54553326,POINT (113.9515537755725 22.545533258609648)
B2094354DB6DA6FE4193,泓0871臻选云南菜(万象天地店),113.956043,22.5425552,科发路万象天地里巷三层NL323号,,113.9511475,22.54554438,POINT (113.95114747714562 22.545544384116994)
B209425CD464A7F9459E,Luneurs(万象天地店),113.9555572,22.54256,科发路19号深圳万象天地L1层,,113.9506625,22.54555028,POINT (113.95066250740763 22.545550282189666)
B2094252D66BAAFF459B,麦当劳(深圳麦当劳大冲分店),113.9517832,22.5425633,科发路大冲新城花园2栋1D座裙楼,,113.9468947,22.54556184,POINT (113.94689466991956 22.545561844020806)
B2094355D068A6FD489A,肯德基(大冲店),113.9515291,22.54256414,大冲新城花园一楼2栋1C,,113.946641,22.54556322,POINT (113.94664097320484 22.545563218805626)
B2094253D16FA7F5489F,元古云境(万象天地店),113.955547,22.542592,科发路19号深圳万象天地L1层,,113.9506523,22.5455823,POINT (113.9506523227282 22.545582303008384)
B2094354D46FA0FB4799,深圳市欢乐港湾湾区之光摩天轮,113.938725,22.544625,科技中二路与高新中三道交叉口东北80米,,113.9338534,22.54764796,POINT (113.93385335859922 22.547647961995448)
B2094256D76EA1FD4893,南山党建公园,113.940455,22.547705,深圳软件园一期,,113.9355813,22.55072487,POINT (113.93558131696624 22.550724867523687)
B2094252DA6DA0F5449A,香蜜湖四季花谷,114.0251,22.54231,农园路30号香蜜公园(东南角),,114.0200441,22.54510337,POINT (114.02004406613035 22.54510337058261)
B2094252D56FA0F44799,深圳市儿童乐园,114.0101884,22.542773,农林路71号,,114.005168,22.54560954,POINT (114.00516802720189 22.545609535510966)
B2094652DB65A1F5449D,香榭里花园紫苑,114.020063,22.543603,丰田路2(农林地铁站C口步行360米),,114.0150186,22.5464105,POINT (114.01501860096299 22.546410498222198)
B2094252DA6DA7FC459B,客语-客家菜(印力中心店),114.0109537,22.5446315,农林路与侨香路交汇处印力中心负一楼52/54/55/56号号铺,,114.0059313,22.54746562,POINT (114.00593130701427 22.547465621633567)
B2094252D76FA4F5479E,金椰壳新加坡海鲜(印力中心),114.0121098,22.5446546,农林路69号印力中心2层02-07A,,114.0070845,22.54748528,POINT (114.0070845454653 22.547485277465377)
B2094253D76FA4FD459F,牛角烧肉专门店(印力中心店),114.011086,22.544735,农林路69号印力中心f3层,,114.0060633,22.54756872,POINT (114.0060632723652 22.54756871976465)
B2094253D56EAAF9489A,江南厨子(印力中心店),114.011652,22.544896,农林路69号印力中心f2层,,114.0066279,22.54772802,POINT (114.00662786081124 22.54772802213177)
B2094757D06AABFB459F,香蜜湖,114.032701,22.546226,广东省深圳市福田区香蜜湖,,114.0276284,22.54899865,POINT (114.02762835590482 22.5489986470657)
B2094757DA6CA6FE499D,香蜜湖娱乐城,114.03001,22.54689,深南大道西段香蜜湖度假村8号,,114.024943,22.54966969,POINT (114.02494297410026 22.549669685002346)
B2094653D26EA0FB459B,熙园,114.02466,22.549921,香蜜湖路与莲花西路交汇处(香蜜湖路3012号),,114.0196046,22.55271504,POINT (114.01960456858717 22.552715043863035)
B2094757D76DA2F9489D,肯德基（中心书城店）,114.0600153,22.547245,红荔路深圳中心书城首层,,114.0548987,22.54995826,POINT (114.0548986566217 22.54995825599486)
B209425CD665A1FE4499,24小时书吧(中心书城店),114.0598228,22.5474271,福中一路2014号中心书城2楼中厅西侧,,114.0547064,22.55014067,POINT (114.05470635293041 22.55014066597157)
B209475CD764A5F44298,必胜客（中心书城店）,114.0590849,22.547519,红荔路深圳中心书城北区3号门旁,,114.0539693,22.55023381,POINT (114.05396925973506 22.550233812755778)
B2094253D668ABF54392,潭记烧腊,114.0467369,22.5478362,莲花街道凯旋豪庭b座113号,,114.0416382,22.55057507,POINT (114.04163817200029 22.550575074522225)
B2094253D06AA6FB439E,大唐靓汤私房菜(红荔西路店),114.04682,22.547873,红荔西路113号凯旋豪庭108号,,114.0417211,22.55061169,POINT (114.04172113572864 22.550611691109115)
B2094253D26DA4FD4199,秦小月酸汤臊子面(中心书城店),114.0591035,22.5480064,福中一路2014-23号,,114.0539878,22.55072114,POINT (114.05398780722496 22.550721144638445)
B209445CD364A1F9449B,文华香港餐厅,114.05915,22.54814,深圳市书城中心城北区2楼,,114.0540342,22.55085466,POINT (114.05403424665117 22.5508546550393)
B209425CD564AAF4499F,潮悦牛肉火锅城(景田店),114.0484814,22.5481316,红荔西路7002号第一世界广场裙楼A座106,,114.0433799,22.55086671,POINT (114.04337989620838 22.550866709947986)
B2094653D26DA1F44698,香蜜湖水榭花都,114.03705,22.548594,红荔西路8007号(香梅地铁站D口步行180米),,114.0319685,22.55135542,POINT (114.03196848158318 22.55135541886688)
B209425CD36CA3FD479F,天桥下肠粉(景田综合市场B座店),114.0452284,22.5488129,景田综合市场B座(景田地铁站B口步行500米),,114.0401321,22.55155502,POINT (114.04013208279237 22.551555021832637)
B2094355D46CA3FC4698,SouthSide南方之境餐酒馆,113.9862587,22.54721991,侨城一号G层-01号,,113.9812981,22.5501282,POINT (113.98129813347768 22.550128203287688)
B209425CD06EA7F5429D,植庭寿司(侨城一号广场店),113.9863024,22.5473269,深云路二号侨城一号广场裙楼L1-02,,113.9813417,22.55023506,POINT (113.98134172486499 22.55023505907614)
B2094350DB68A5FE4393,珍庭观时潮粤菜(侨城一号店),113.9859377,22.5475342,沙河街道深云路二号侨城一号广场裙楼L2-01（珍庭观时）,,113.9809779,22.55044342,POINT (113.98097790479761 22.550443420734087)
B2094355D66CA2FF479E,庆春朴门(万象天地店),113.9622114,22.5479379,万象天地里巷3楼NL323A庆春朴门,,113.9573043,22.5509121,POINT (113.95730429382074 22.5509121044188)
B2094350D16AA5F44598,BegL餐厅(深圳万象天地店),113.9631732,22.548068,万象天地里巷地面1楼NL152B,,113.9582642,22.55103982,POINT (113.95826422213413 22.551039815204145)
B2094253D169A6F5439F,徐记海鲜·MASTER(侨城一号店),113.9864912,22.548227,沙河街道深云路2号桥城一广场北门,,113.98153,22.55113453,POINT (113.98153000430459 22.551134534023134)
B2094357D268AAF44493,TXAPELA西班牙餐酒馆(万象天地店),113.9634579,22.5483319,深南大道9668号深圳万象天地里巷L1层NL108室（靠巨人展旁）,,113.9585483,22.55130299,POINT (113.95854834835608 22.55130298601329)
B2094253D06FA6FC439F,奔来旺·公爵府,113.972959,22.5559879,龙珠四路方大城一楼L106-L107号,,113.9680291,22.55893348,POINT (113.96802907007846 22.558933479537476)
B2094255DA6DA4FD479E,海底捞火锅(方大城店),113.973394,22.5565244,北环大道方大城(一期)2号研发楼2层L210-215号,,113.9684631,22.55946874,POINT (113.96846307012297 22.55946874246515)
B2094757D065A5FA4593,大沙河公园,113.961327,22.556822,北环大道8228号,,113.956421,22.55979765,POINT (113.95642101769813 22.55979765476289)
B2094653D26EA7FE469B,香蜜湖熙园,114.0247947,22.5499215,广东省深圳市福田区香蜜湖路与莲花西路交汇处(香蜜湖路3012号),,114.019739,22.55271517,POINT (114.01973896367083 22.552715169095347)
B2094653D26CABF5459B,香蜜湖一号,114.034523,22.551681,香梅路1089号(香梅北地铁站B2口步行210米),,114.0294463,22.55444854,POINT (114.02944628190606 22.554448539855375)
B2094653D26EA4F94498,香蜜湖1号,114.034523,22.551681,香梅路1089号(香梅北地铁站B2口步行210米),,114.0294463,22.55444854,POINT (114.02944628190606 22.554448539855375)
B2094251D269A1FB4993,香蜜湖1979文化创意园,114.0302136,22.5519637,侨香路1011号(香梅北地铁站B1口步行350米),,114.0251458,22.55474245,POINT (114.02514581065365 22.554742454333173)
B2094653D268A5FC4299,香蜜湖高尔夫俱乐部,114.0285666,22.5527432,侨香东路香蜜湖畔东侧,,114.0235023,22.55552631,POINT (114.02350231499916 22.55552631006179)
B2094253D16AA5FC429D,麦当劳(香梅北店),114.0359688,22.553186,香梅路天然居商业中心一层L1-5/6-1号商铺,,114.0308891,22.55594976,POINT (114.03088909999889 22.55594975809912)
B2094757D069A4F44992,沃尔玛购物广场(香蜜湖店),114.0314834,22.55434184,福田区香梅北路2001号(近福田外语学校),,114.0264127,22.55711704,POINT (114.02641274799741 22.557117035942177)
B2094253DB65A3F8479A,塘朗山公园(深云入口),113.991884,22.565429,龙珠六路尽头处塘朗山公园,,113.9869083,22.56831896,POINT (113.98690832039011 22.568318962404373)
B2094653D269A4FF429B,塘朗山隧道,113.9925339,22.5662581,广东省深圳市南山区,,113.9875565,22.56914603,POINT (113.98755653749016 22.569146026445434)
B2094252D06EA4FC409E,塘朗山公园-梅语亭,114.005325,22.567865,塘朗山郊野公园梅语亭,,114.0003152,22.57071405,POINT (114.00031519993206 22.570714047962646)
B209425CD66AA1F8449A,百姓厨房江西土菜馆,114.0399997,22.5592141,梅富村69号(梅景地铁站A2口步行140米),,114.0349119,22.56196745,POINT (114.03491190419865 22.56196745150232)
B209425CD16CA5FF479A,有料·日料小聚(绿景佐阾虹湾购物中心店),114.0382319,22.5603158,北环大道6098号绿景佐阾虹湾购物中心L1层L1015-L1016,,114.0331473,22.56307333,POINT (114.03314734899398 22.563073331970568)
B2094757DA6CA2F84692,李师傅脆肚(梅林店),114.0407551,22.562275,下梅林梅华西路238-1号锦林新居16幢(百家乐超市对面),,114.0356657,22.56502627,POINT (114.03566571932157 22.565026272075002)
B2094353D36EAAF5419A,陆丰特色刨冰(裕林花园店),114.041884,22.562725,梅华路339号裕林花园（下梅林地铁站A口步行340米）,,114.0367926,22.56547357,POINT (114.03679255392447 22.56547357306645)
B2094357D26AA0FC4998,华宴·淮粤荟,114.0475812,22.5628629,梅林街道梅丰社区北环大道6018号华强创领寓L2-01L2-02号,,114.0424801,22.56559868,POINT (114.04248014687276 22.56559868345937)
B2094356D06FA4FB449F,榕记特色主题餐厅(梅林店),114.0528302,22.56297322,梅村路1号梅林生活中心2楼B217-B222（手扶电梯上2楼）,,114.0477214,22.56569822,POINT (114.04772138820748 22.565698221183162)
B2094357D46AA4FA489B,文记虾一跳(梅林店),114.0524068,22.5630059,梅村路1号梅林生活中心1层B119-B122号,,114.0472986,22.56573173,POINT (114.04729855134475 22.565731727627863)
B2094252D56EA6FE4593,毛记·海南东山羊(梅林店),114.05344,22.56309,梅林生活中心(北环大道北),,114.0483303,22.5658138,POINT (114.04833032614522 22.565813801833414)
B209425DD764A1F54799,瑧滋味武汉小吃(梅林店),114.0431115,22.5635465,梅林街道梅河社区下梅林河背村137栋102,,114.0380178,22.56629215,POINT (114.03801783561308 22.566292152291535)
B2094253D16EA3FB429D,烹湘.鲜炒湖南土菜(梅林店),114.0377172,22.5636081,梅林街道梅京社区梅林路154号尚书苑101,,114.0326334,22.56636659,POINT (114.03263341959617 22.566366589560765)
B2094350D068ABFB4798,德工坊清汤牛腩(华丽路店),114.1348387,22.549324,黄贝街道华丽路1025,,114.1297696,22.55203165,POINT (114.12976963167468 22.552031646352397)
B2094257D56FA3F84598,BEZZA白札·烤芝士工作室,114.139534,22.55029,黄贝岭二路黄贝岭中村676栋西堤公寓,,114.1344754,22.55300428,POINT (114.13447537267407 22.55300427615349)
B2094254D76BA5F5439A,小梁哥云吞面,114.1355558,22.5505017,华丽路1050-2号黄贝派出所对面,,114.1304882,22.55321024,POINT (114.13048821948044 22.55321024144786)
B2094252D16EA5FD4792,钟华三叔公手工糯米糍,114.1410722,22.5505249,黄贝街道黄贝岭社区深南东路1002号黄贝岭上村30栋102,,114.1360171,22.55324148,POINT (114.13601712659509 22.55324147550161)
B2094554D46DA5FA409D,东门老街(解放路店),114.125562,22.551378,深圳市罗湖区东门,,114.120474,22.5540741,POINT (114.12047401265463 22.554074097440335)
B2094354DB68A0FB499D,愉家烧鸡(黄贝岭店),114.1409828,22.551392,黄贝岭村上村67-5号,,114.1359275,22.55410837,POINT (114.13592746137114 22.554108371067354)
B2094255DB6BAAF5479F,妃子音乐烤吧,114.12394,22.551455,罗湖区东门街道东门中路2084号商铺童乐天桥旁东门中2公交站后,,114.118849,22.55414938,POINT (114.11884902158803 22.554149381259986)
B2094352D669A7FB4198,人民公园-月季书吧,114.118516,22.552341,人民北路人民公园(东南角),,114.1134157,22.55503026,POINT (114.11341568664149 22.555030257841068)
B2094554DB6BA0FD4998,深圳水库南门烧烤场(罗沙路店),114.14751,22.55295,罗沙路5026号东湖公园南门(原东方神曲景点内),,114.1424703,22.55567666,POINT (114.142470312345 22.555676656785977)
B2094357D16AA1FD439B,俄士厨房西餐厅(益田假日广场深圳罗湖店),114.1325075,22.553726,深圳市罗湖区翠竹街道木头龙社区爱国路1009号益田御龙华府1栋L4-10号,,114.1274332,22.55643019,POINT (114.1274331666701 22.556430191044267)
B209425CD465A5F8449C,莲花山公园-椰风林草坪,114.0550129,22.5492178,红荔路6026号莲花山公园南2门附近,,114.0499021,22.55193979,POINT (114.04990205086013 22.551939791287328)
B2094253DB6DABFF489D,深圳妇儿大厦儿童探索馆,114.04482,22.55262,景田路78号深圳妇儿大厦裙楼1层儿童大堂,,114.0397241,22.55536274,POINT (114.03972411952236 22.555362736207723)
B2094353D36EA4F54598,深圳儿童探索馆,114.044821,22.552622,景田路78号深圳妇儿大厦-裙楼1层儿童大堂,,114.0397251,22.55536473,POINT (114.03972511771018 22.555364733805817)
B2094652DB65A2F5409F,中发源清真餐厅景田店,114.043498,22.552783,莲花街道万托家园101(景田地铁站A口步行100米),,114.0384044,22.55552871,POINT (114.03840436388484 22.555528713822106)
B209425CD264A4F9469E,佛洛力斯牛扒馆(深圳市妇儿大厦店),114.044774,22.553017,景田路78深圳市妇儿大厦F1层,,114.0396782,22.55575981,POINT (114.03967817115438 22.555759807153386)
B2094256D46EA6FB4698,莲花山公园-邓小平雕像,114.05947,22.553197,红荔路6030号莲花山公园内,,114.0543536,22.55591071,POINT (114.0543535628765 22.555910714191686)
B209445CDB64AAFC4998,云味馆(景田店),114.044257,22.5539,莲花西路万科金色家园一期106号商铺,,114.039162,22.5566439,POINT (114.03916198913907 22.556643898454407)
B2094252D46CA7F94593,汤膳脆皮鸡煲,114.0460416,22.5547819,景诚园综合楼39-8(天一名居对面),,114.0409436,22.55752175,POINT (114.04094355083147 22.557521746704953)
B2094357D06CA6FF4393,三伏(翠叶道店),114.0551262,22.5548753,莲花街道商报东二路37-21翠叶道（莲花西地铁站A出口253米）,,114.0500148,22.55759663,POINT (114.05001483689252 22.55759662675189)
B2094253D265A7F44799,老长沙手工米粉铺(景田店),114.0445358,22.5555111,景田东路37号101(景田地铁站E口步行270米),,114.0394402,22.55825424,POINT (114.03944021125102 22.558254235445233)
B2094653D26FA4FB439E,春满园东方世纪大酒楼,114.0874675,22.5504316,华强北路4002号圣廷苑酒店世纪楼2楼,,114.0823384,22.55311478,POINT (114.08233841391291 22.55311478493869)
B209425DD76BA3FE4799,春满园集团(东方世纪大酒楼),114.0874747,22.5505133,华强北路圣廷苑世纪楼一、二、三楼,,114.0823456,22.55319648,POINT (114.08234561008473 22.55319647514767)
B2094355D268A0FB419A,YES也是大排档(深圳福田华强北店),114.098676,22.5506978,华强北振华路50号中联大厦401栋L1-08-09（燕南站C出口）,,114.0935522,22.55337845,POINT (114.0935522440017 22.55337845022371)
B2094352D764A0F5489C,桂姐广西米粉小吃店,114.1090635,22.5513753,广东省深圳市罗湖区桂园街道宝安南路3074号,,114.1039499,22.55405847,POINT (114.10394988995446 22.55405846621141)
B2094757D065ABF8479B,静颐茶馆,114.1087879,22.5518985,宝安南路国速世纪大厦409号四层,,114.1036739,22.5545815,POINT (114.10367392306348 22.5545814979571)
B209475CD064A0FC449C,麦当劳(长安分店餐厅),114.0899461,22.552718,园岭街道百花四路长安花园裙楼首层,,114.0848175,22.55539996,POINT (114.08481752948273 22.555399963235356)
B2094253DA6FA2FD449C,红荔村肠粉(园岭店),114.1010881,22.552828,园岭五街1号园东花园裙楼1层-49号,,114.0959661,22.55550867,POINT (114.09596613259376 22.555508666271532)
B2094252D56AA7F9429A,三角台公园,114.115533,22.5541187,深土路与人民公园路交叉口北20米,,114.110428,22.55680549,POINT (114.11042795624434 22.556805492025667)
B2094653D26CA6F4449C,成记潮汕番薯粥,114.09219,22.55436,百花三路28,,114.0870622,22.55704113,POINT (114.08706217909882 22.557041125348718)
B209445DD66FABF8469E,新起点脆肉鲩火锅,114.1099933,22.5551961,笋岗东路2127号华通大厦三楼,,114.1048806,22.5578794,POINT (114.10488058820305 22.557879404440538)
B2094250D068A6FF499A,深圳中心公园-E1区,114.0789376,22.5515566,振华西路1号深圳中心公园内(北侧),,114.0738084,22.5542454,POINT (114.0738084200773 22.554245395283797)
B209425CD365A2F9429B,烹湘·鲜炒湖南土菜(莲花店),114.0703928,22.5543467,华富街道莲花一村社区笋岗西路4001号莲花一村17栋,,114.0652669,22.55704425,POINT (114.06526691623604 22.557044245859185)
B2094354D269AAFA469D,深圳市福田区那达慕蒙古风味酒楼,114.069699,22.554589,笋岗西路莲花一村那达慕,,114.0645735,22.5572874,POINT (114.06457353401737 22.5572873957649)
B2094251DB6CABFC4392,兴业证券(深业上城店),114.0711288,22.5562525,皇岗路5001号深业上城T2办公楼51-52层,,114.0660024,22.55894899,POINT (114.06600235654491 22.558948985245852)
B209425CD264A0FC4292,gaga(深业上城店),114.068613,22.5562835,富华街道莲花一村社区皇岗路5001号深业上城南区商业综合楼5栋3楼T3058号商铺,,114.0634881,22.55898316,POINT (114.06348814710402 22.558983156507747)
B2094354D56CABF84093,隐厨·中国菜馆(深业上城店),114.0686596,22.5563913,深业上城南区一期3层小镇西广场最西端莲花山方向T3079号铺,,114.0635347,22.55909089,POINT (114.06353470790538 22.559090885997158)
B209425DD464A6F4459F,蘑界·野生菌石锅鸡(深业上城南区3期店),114.0686254,22.5564251,深业上城三楼外街西广场T3080号靠近莲花山出入口处,,114.0635005,22.55912473,POINT (114.06350052930142 22.55912472806785)
B2094253D36CA1F84699,泰炙·乐卅市集泰式火锅(深业上城店),114.069496,22.5567116,深业上城小镇3楼T3063,,114.0643705,22.55941007,POINT (114.06437052670931 22.559410074502864)
B2094355D06FA2FA409B,宴慧·悦享(深业上城店),114.0697757,22.55674258,深圳市福田区华富街道莲花一村社区皇岗路5001号深业上城THESTREET外街三楼S307号,,114.0646501,22.5594407,POINT (114.06465007570523 22.559440698795132)
B209425DD06FA5FE439C,谭厨中山传家菜(深业上城老佛爷百货店),114.070142,22.5567981,华富街道莲花一村社区皇岗路5001号深业上城L3层T3030A,,114.0650161,22.55949575,POINT (114.06501611053046 22.55949575057065)
B2094355D16BAAF4449D,新起点脆肉鲩火锅(宝安南路店),114.1099687,22.5552913,笋岗东路华通大厦三楼（亚朵酒店三楼）,,114.104856,22.55797458,POINT (114.10485595116631 22.55797458406121)
B209425CD668A7FD4999,TonTon小屋,114.1030327,22.5555441,园岭新村112栋107号(园岭地铁站B口步行90米)园岭新村112栋笋岗西路路边(园岭地铁站B口直行90米),,114.0979123,22.55822487,POINT (114.09791230516512 22.558224874289188)
B2094251D26CABF44998,全汁全味驴庄,114.0985187,22.556908,鹏程社区八卦一路123号盛世鹏程东区二楼210号,,114.0933944,22.55958814,POINT (114.09339442268858 22.559588135756304)
B209425DD264A2F5479E,阅莲轩手作甜品(八卦岭店),114.1024947,22.556943,园岭街道玛盛社区八卦一路39号鹏盛村6栋,,114.0973737,22.55962355,POINT (114.09737371251946 22.559623546314096)
B2094652DB65ABFB419C,豪林居餐馆(八卦一路美食街店),114.101127,22.557069,八卦一路45号首层(园岭地铁站A口步行390米),,114.0960048,22.55974932,POINT (114.09600478933167 22.559749315895708)
B2094251D06AABFF479A,豪林居餐馆(八卦一路美食街店),114.1010687,22.5570713,八卦一路45号首层(园岭地铁站A口步行380米),,114.0959464,22.55975161,POINT (114.09594643930586 22.55975160813123)
B2094554DA64A3FD4392,老佛爷炭火蛙锅深圳八卦岭店,114.1002357,22.5573245,园岭街道八卦一路七栋首层A3号,,114.0951127,22.56000469,POINT (114.09511272732502 22.560004694143725)
B2094252D169A2F84199,渝月(八卦岭店),114.1005947,22.5573382,八卦一路18-5号(园岭地铁站A口步行430米),,114.095472,22.56001843,POINT (114.09547202222059 22.56001842892551)
B2094253D065A0FB429F,水东城串烧鸡,114.1026221,22.557392,八卦岭工业区10栋装饰大厦107,,114.0975012,22.56007253,POINT (114.09750120078607 22.560072531923755)
B2094350D26BA6FE4992,炭番长·串烧,114.100582,22.5577115,广东省深圳市福田区园岭街道八卦七街41-7号,,114.0954593,22.5603917,POINT (114.09545928730834 22.560391695016467)
B2094557D26DA4FD489F,九号渔港,114.09945,22.55789,八卦路610栋首层,,114.0943264,22.56057009,POINT (114.09432636395948 22.56057008560228)
B209445CDA6BA0F4409A,九号渔港海鲜主题饭店(八卦一路店),114.099261,22.558103,园岭街道八卦岭610栋,,114.0941372,22.56078306,POINT (114.09413720365201 22.560783056679103)
B2094253D76CA3F4449F,鸟鹏烧鸟居酒屋(笋岗店),114.107212,22.558459,笋岗街道笋西社区梨园路8号halo广场一期二层L2-3号铺,,114.1020958,22.56114078,POINT (114.10209575646967 22.5611407817957)
B2094351D165A5FE439B,民谣星烧烤酒馆(HALO广场店),114.1071927,22.5585118,HALO广场一期1层酷秀ktv楼下,,114.1020764,22.56119357,POINT (114.10207643118325 22.5611935696268)
B2094653D26DABF5419A,安天民北方饺子八卦岭店,114.09562,22.55885,八卦二路198,,114.0904937,22.5615301,POINT (114.09049366118595 22.56153009956626)
B2094253D068A1FE429A,陶陶居酒家(万象食家店),114.1104413,22.5608132,笋岗街道笋西社区梅园路75号万象华府第5层L518,,114.1053288,22.56349624,POINT (114.10532878832132 22.56349624066421)
B2094352D56CA5FF499C,Surfing顺水糕啡,114.096606,22.561061,广东省深圳市福田区八卦岭工业区542栋联创云瑞科技(原通益大厦)东座1楼-113,,114.0914801,22.56374081,POINT (114.09148013062583 22.563740812677278)
B2094253DA6EA3FF469D,凑凑火锅·茶憩(深圳万象食家店),114.110367,22.561521,梅园路71号(笋岗地铁站A口旁)深圳万象食家L6层,,114.1052543,22.56420394,POINT (114.10525434770909 22.564203936990435)
B2094253D66CA0FD429C,敏华冰厅(笋岗万象食家店),114.1106983,22.5622279,笋岗街道梅园路75号万象食家负一层B1-101,,114.105586,22.56491095,POINT (114.10558602480107 22.564910945245025)
B209425DD265ABFE4598,潮发潮汕牛肉店(万象食家店),114.110651,22.5627445,梅园路71号(笋岗地铁站A口旁)深圳万象食家L2层,,114.1055386,22.56542747,POINT (114.10553863043351 22.56542747177642)
B2094350D66AA4FF489F,pLeace(深业上城店),114.0702719,22.5570544,广东省深圳市福田区华富街道莲花一村社区皇岗路5001号深业上城(南区)商业综合楼THESTREET外街L2层S214,,114.0651459,22.55975187,POINT (114.06514591360953 22.559751866443925)
B209425CD169A1FC4699,千芋本铺(深业上城写字楼B座店),114.0690469,22.5571069,莲花一村社区皇岗路5001号深业上城(南区)商业综合楼一单元负2层D01,,114.0639217,22.55980592,POINT (114.06392169776107 22.559805918652028)
B2094355D46DA6F9449E,拉蒂娜·巴西牛排馆Latina(深业上城店),114.0705147,22.5572137,莲科路深业上城THESTREET外街L3层S307号,,114.0653886,22.55991085,POINT (114.06538855541302 22.55991085182959)
B2094356D36FA7F5439F,KCOOKING概念韩餐(深业上城店),114.0697849,22.557359,深业上城南区THESTREETL2层S228号（MUJI对面、索尼旁）,,114.0646592,22.56005705,POINT (114.06465919849508 22.560057051116914)
B2094350D16DA1FE489B,莆田餐厅PUTIEN(深业上城外街店),114.0705764,22.55748412,福田区皇岗路5001号深业上城(南区)商业综合楼THESTREET外街L3层S307AC,,114.0654502,22.56018117,POINT (114.06545021791476 22.56018117072134)
B2094354D665A5F8429B,木棉·醉心粤味(深业上城店),114.0708984,22.5576052,皇岗路5001号深业上城(南区)商业综合楼THESTREET外街L3层S303A,,114.065772,22.56030185,POINT (114.06577200190877 22.560301847630345)
B2094356DA6EA1FA489A,空一山野茶舍,114.0815174,22.56172524,广东省深圳市福田区华富街道笔架山公园,,114.0763872,22.56441109,POINT (114.0763871864746 22.5644110939087)
B2094350D169ABFF429A,林鲜记鸡煲(深业上城店),114.0760479,22.5620716,深业上城南区1楼149号商铺（迪卡侬对面）,,114.0709188,22.56476216,POINT (114.07091882182007 22.56476216173172)
B2094352D66CA5FA4493,空艺茶书院,114.0650025,22.5629422,深圳市福田区彩云路20号3栋,,114.05988,22.56564629,POINT (114.05988000838052 22.565646288986958)
B2094251DA64A2F44698,西北领头羊(清真餐厅),114.069437,22.568253,梅林路金丰花园108号-115号,,114.0643108,22.57095047,POINT (114.06431081241877 22.570950469813518)
B209425DD668A0F9429A,几韵味-望城餐饮会馆(清凤·荣盛创投大厦店),114.1008575,22.5628237,八卦三路88附8号(红岭北地铁站A口步行470米),,114.0957347,22.56550346,POINT (114.09573468474156 22.56550346236817)
B209475CD06CA5F84498,意式百年咖啡厅,114.1087087,22.56316497,宝安北路3019号好百年家居1楼中庭(梅园路口),,114.1035939,22.56584695,POINT (114.10359392385982 22.56584694989784)
B2094251D46FA6FD449B,笔架山公园-笔俊峰,114.083527,22.5631832,梅岗路与梅岗南街交叉口北360米,,114.0783966,22.56586751,POINT (114.07839663567457 22.565867510089763)
B2094354D16BA2FA4393,河南老家(福田店),114.0989176,22.5639771,安吉尔大厦3楼(八卦岭地铁站B口步行490米),,114.0937932,22.5666566,POINT (114.09379315868571 22.566656603175563)
B2094557D56AA5FC4492,笔冠峰,114.08533,22.5642735,笔架山公园内部,,114.0801997,22.5669566,POINT (114.08019967550564 22.566956601353077)
B2094356D76CA5F94998,大渔铁板烧(宝能中心环球汇店),114.109643,22.5645563,宝安北路3008号宝能中心F栋6层L6002-6003号铺（地铁笋岗站D/E出口）,,114.1045292,22.56723859,POINT (114.10452919726956 22.56723858839728)
B2094252D56CA4F8489D,舟市水产海鲜自助餐(宝能环球汇店),114.1096056,22.5646943,笋岗街道田心社区宝安北路3008号宝能环球汇F栋5层5007-5008,,114.1044918,22.56737655,POINT (114.1044917863267 22.567376554496477)
B2094250D268ABFD4193,笔架山公园-主峰,114.086005,22.564807,环山北路(福田区笔架山公园内),,114.0808747,22.56748967,POINT (114.08087472266426 22.567489674116615)
B2094253D26BAAF54998,四季椰林椰子鸡(罗湖宝能环球汇店),114.1100285,22.564846,宝安北路3008号宝能中心L6层,,114.1049152,22.56752845,POINT (114.10491520354401 22.567528449559056)
B2094652DB64A1FC4199,深圳国际展览中心,114.0882865,22.56561747,广东省深圳市福田区华富街道笔架山公园,,114.0831566,22.56829895,POINT (114.0831566438398 22.5682989471001)
B2094350DA6CAAFE4198,味雀酒馆(梅林店),114.0549718,22.563882,广东省深圳市福田区梅林街道梅华路117号,,114.04986,22.56660281,POINT (114.0498600493616 22.566602809315047)
B2094251D36BA5FE4792,陶粥记(梅林店),114.053611,22.5639948,梅村路1号梅林生活中心1楼玻璃房102号,,114.048501,22.56671819,POINT (114.04850103642684 22.566718185817493)
B209425CD56FA3F4409D,懒人业余餐厅(下梅林店),114.0396356,22.564044,梅丽路9号A park深圳数字艺术公园D栋,,114.0345482,22.56679778,POINT (114.03454816546895 22.566797778677163)
B2094357D468A1FA469D,兴宁客家菜馆(梅村路店),114.0541085,22.5641592,上梅林梅村路22号,,114.0489979,22.56688162,POINT (114.04899786092888 22.56688161602157)
B2094350D26AA0FB419E,北村韩食·活烤鳗鱼·大片烤肉(梅林店),114.0562591,22.5643325,梅丰社区梅华路103号地铁9号线梅村C1口900米,,114.0511457,22.56705088,POINT (114.05114569272355 22.567050884140276)
B2094351DB6BA7F9419C,麦麦博物馆,114.0402586,22.5645593,广东省深圳市福田区梅丽路9号APARK,,114.03517,22.56731154,POINT (114.0351699799816 22.567311536601796)
B2094356D36EA7FE449D,牛鼎云南特色烧烤(深圳首店),114.0397672,22.56461413,深圳市福田区下梅林街道apark数字艺术公园L1-105,,114.0346795,22.56736754,POINT (114.03467951038131 22.567367537496196)
B2094350D56AA2FD419A,张厨房(下梅林店),114.0395481,22.5646578,新店梅林街道下梅社区梅丽路9号APARK深圳数字艺术公园G-01a商铺,,114.0344608,22.56741173,POINT (114.03446078843608 22.567411730335756)
B2094652DB65A0F54293,潮兴牛肉店梅林店,114.052534,22.5648,上梅林梅华路100号综合楼壹楼中间,,114.0474255,22.56752541,POINT (114.04742545747959 22.56752540583984)
B2094252DB6CA7FD439B,云朵朵?云南牛肉火锅,114.059956,22.564938,梅华路8号民浩楼,,114.0548383,22.56764985,POINT (114.05483826810148 22.56764984699222)
B2094354D368A0F8469B,山河屯铁锅炖·非遗东北菜(梅林店),114.048081,22.564969,梅华路154号梅林邮政综合楼二楼,,114.042979,22.56770351,POINT (114.04297902417154 22.56770351405202)
B209445CD364A3FF4998,香港—海洋公园,114.05001,22.56498,梅华路国际电子商务产业园1栋621室,,114.0449051,22.56771047,POINT (114.04490507960674 22.567710472240627)
B2094652DB65A0F4489B,向阳社农家炖菜馆,114.060342,22.565119,上梅林梅华东路旭区华安园115号,,114.0552238,22.56783018,POINT (114.05522384268477 22.56783018452605)
B2094250D264AAFC499C,ouur偶屋(金梅花园店),114.0422951,22.5656475,梅林街道梅河社区梅林路159-13号,,114.0372027,22.56839484,POINT (114.0372027332805 22.56839483555327)
B209475CD66BA5FF429F,太清凉茶甜品店（梅林店）,114.05522,22.56598,福田区上梅林新村156号101铺(梅华路肯德基对面路口进),,114.0501078,22.56870014,POINT (114.0501077936547 22.56870014204632)
B2094253D66FA7FF479D,老成都小滋味,114.0599336,22.5659943,梅林街道广夏路16号(上梅林地铁站H口步行340米),,114.0548158,22.56870608,POINT (114.05481582347386 22.56870608165681)
B2094352D369A7FD489A,贵州遵义羊肉粉(梅村路店),114.0537896,22.5662932,深圳市福田区梅村路上梅林新村,,114.0486792,22.56901602,POINT (114.04867924698496 22.569016019199932)
B2094354D768AAFA4992,沁心海南陵水酸粉(梅林总店),114.055009,22.566491,新村十巷79号楼101,,114.049897,22.56921149,POINT (114.04989703149418 22.569211486264074)
B2094354D46DAAFC499D,疆之味新疆菜,114.053522,22.566795,梅林街道新兴社区18-3,,114.048412,22.56951828,POINT (114.04841197412793 22.56951828484915)
B2094653D268A3FA499B,嘎达梅林蒙古酒家,114.05832,22.56693,黄祠巷92,,114.053204,22.56964445,POINT (114.05320396282147 22.56964445170574)
B2094252D169A4FD409F,梧桐山风景名胜区-十里杜鹃,114.184296,22.557072,莲塘罗沙路2076号,,114.1793539,22.55986587,POINT (114.17935391335429 22.559865865980726)
B209445DD365A7FD479C,圣丰城酒家盐田广富店,114.2386,22.5573,海山路28-5,,114.2337666,22.56016201,POINT (114.23376662241114 22.560162008239033)
B2094252DA65A6F9409C,阿昌茶档(总店),114.238463,22.5580265,海山路28号广富百货F1层,,114.2336294,22.56088839,POINT (114.23362942762449 22.560888386416167)
B2094757D169A2FE429E,梧桐山酒家,114.2360992,22.55928993,盐田区沙头角梧桐路2002号,,114.2312629,22.56215059,POINT (114.2312628999184 22.562150592066498)
B209425DD66EA4FE409D,凌云道,114.1876236,22.5597689,莲塘罗沙路2076号梧桐山风景名胜区仙桐景区,,114.1826901,22.56256858,POINT (114.18269008201563 22.562568575009994)
B2094251D269A5F5429D,梧桐山风景名胜区-西南2门,114.18466,22.56087,梧桐山南路与仙桐路交叉口西南方向10米,,114.1797186,22.56366419,POINT (114.17971863295577 22.56366419460956)
B209425DD168A6F4499C,梧桐亭,114.2419613,22.5675527,恩上湿地公园,,114.2371307,22.57041496,POINT (114.23713068433351 22.57041495804509)
B2094557D56AA0FB409E,深圳电视塔,114.1937241,22.5681521,广东省深圳市罗湖区莲塘罗沙路2076号,,114.1888057,22.57096169,POINT (114.18880565746596 22.57096169398316)
B2094257D76CA1FF409A,梧桐山电视塔,114.193722,22.568156,茂仔村137号梧桐山景区内,,114.1888036,22.57096559,POINT (114.18880355195087 22.57096558999457)
B2094252DB6BABFE409F,杜鹃谷,114.1960972,22.5690299,望桐路梧桐山内凤谷鸣琴景区,,114.1911846,22.57184342,POINT (114.19118459877458 22.57184341879169)
B2094653D26EA7FD4899,拾味馆翠竹店,114.130173,22.559017,翠竹苑西门旁(翠竹地铁站C口步行370米),,114.1250935,22.56171779,POINT (114.12509350501755 22.561717786294036)
B209445CD06CA4FE439E,原味主张椰子鸡翠竹店,114.1302163,22.5591134,翠竹路1032号(翠竹苑小区西门入口旁),,114.1251369,22.56181423,POINT (114.12513688654002 22.561814230939696)
B2094355D26EA2FB469D,粤香亭·清远脆皮鸡火锅·鸡煲(莲塘店),114.1741596,22.5611345,深圳市莲塘街道莲塘路58号莲南商住楼一期A栋聚福路72号,,114.16919,22.56390904,POINT (114.16919000074378 22.56390904440139)
B2094653D26DA7FE4598,水库公园,114.151239,22.5625218,广东省深圳市罗湖区黄贝街道爱国路4006号,,114.1462081,22.56525394,POINT (114.1462080857336 22.565253941501666)
B209445DD16AA6F4449A,阿翔鲜牛肉火锅(翠竹店),114.1298722,22.5658419,"翠竹街道翠竹路1175-1号一楼,二楼",,114.1247917,22.56854168,POINT (114.12479165359125 22.56854167932025)
B2094252D764A6FE4993,LIMTASTE(鹏基五星公寓店),114.1665257,22.566369,仙湖路108-2号(仙湖路地铁站C3口步行190米),,114.161535,22.5691286,POINT (114.16153501679068 22.56912860189529)
B209425DD06DABFF4893,潭记烧腊(太宁路喜荟城店),114.141944,22.566441,太宁路1号,,114.1368899,22.56915751,POINT (114.13688994491388 22.569157506135358)
B2094750D26AA7FE419A,小梧桐登山处,114.174569,22.566822,畔山路与百世路交叉口东南20米,,114.1696001,22.56959678,POINT (114.16960014740121 22.569596775199425)
B2094250D16EABF8419E,孔子圣像,114.1448734,22.567536,黄贝街道水库社区爱国路4006号东湖公园(西北角),,114.1398263,22.57025702,POINT (114.13982629161525 22.5702570194499)
B2094252D569A7F84498,吴庄(喜荟城店),114.141079,22.5678394,太宁路8号喜荟城二楼,,114.1360228,22.57055444,POINT (114.13602282089239 22.57055443865366)
B2094653D26BA3F5489B,梧桐山新居,114.1745689,22.5679861,畔山路122号(莲塘地铁站C口步行490米),,114.1696,22.57076076,POINT (114.1695999723917 22.570760758506918)
B2094757DA6CA6FB429A,泓法寺素斋,114.168798,22.568259,莲塘仙湖植物园泓法寺内,,114.1638134,22.5710227,POINT (114.16381336434489 22.57102270234483)
B2094251D66AA0FF429B,喜茶(深圳喜荟城店),114.1392992,22.5686599,太宁路8号喜荟城L2层248,,114.1342388,22.57137218,POINT (114.13423884268639 22.571372178962353)
B2094750D26CAAF9409E,圣丰城酒家,114.1391354,22.5688642,太宁路8号喜荟城购物中心1楼101号,,114.1340747,22.57157622,POINT (114.1340746538978 22.571576215701462)
B209425CD76BA7FD4298,白玉串城(水贝KKTIME店),114.1240526,22.5688945,水贝京基时代广场负一楼B1-154商铺,,114.1189607,22.57158742,POINT (114.11896069187426 22.571587416500872)
B2094354D069AAF44192,乐宴.老北京铜火锅(KKTIME店),114.1241748,22.5690436,水贝京基KK TIME二楼L221,,114.1190831,22.57173663,POINT (114.11908310436954 22.5717366274848)
B209425CD164A5F94693,深圳仙湖植物园立体停车场,114.168512,22.569052,莲塘仙湖路160号仙湖植物园内,,114.1635265,22.57181508,POINT (114.16352653609538 22.571815080946514)
B2094252D26FA3FB4399,深圳珠宝博物馆,114.127868,22.569332,金展国际珠宝广场3-4层(田贝地铁站E口步行390米),,114.1227833,22.57202905,POINT (114.12278325100964 22.57202904739883)
B2094354D26CA2F4469A,淘米捞·中山脆肉鲩火锅(KKTIME店),114.12396,22.569678,水贝一路88号京基水贝时代广场4楼415商铺,,114.1188679,22.57237074,POINT (114.11886787289968 22.572370740933938)
B209425CD469A7FD4698,芸山季·云南野生菌火锅(KKTIME店),114.1236888,22.5705254,文锦北路与水贝二路交叉口东南60米KKTIME4楼,,114.1185961,22.57321778,POINT (114.11859612750808 22.57321777582483)
B2094354DA69A0FA489A,梧桐山风景名胜区-恩上水库,114.234067,22.5690759,深圳市盐田区恩上公路梧桐山风景名胜区,,114.2292275,22.5719345,POINT (114.22922754955017 22.571934499538198)
B2094251DB6CA7F54893,恩上水库,114.2342967,22.5696334,广东省深圳市盐田区,,114.2294575,22.57249208,POINT (114.22945750405853 22.57249207656463)
B2094252D26BAAF4439D,深圳梧桐山十里杜鹃观海亭,114.2060121,22.5703073,莲塘街道罗沙路2076号广东梧桐山风景名胜区,,114.2011227,22.57313626,POINT (114.20112271971578 22.573136258284727)
B209475CD168A4FB4592,梧桐山,114.216375,22.570368,莲塘街道罗沙路2076号,,114.2115071,22.57321067,POINT (114.21150713802065 22.57321067080797)
B2094252D269A5FE4493,小梧桐,114.1881735,22.5712492,广东省深圳市罗湖区,,114.1832407,22.57404874,POINT (114.18324067857134 22.574048741350364)
B209425CD564AAFB469C,盐田高级中学观景台,114.2520078,22.5723291,东湾三路与东湾东路交叉口北400米,,114.2471843,22.57519194,POINT (114.24718428098535 22.575191941736936)
B209425CD365A1FA439E,Shenzhen City·盐港夜市,114.2523335,22.5727048,青云路空翠台,,114.2475101,22.57556757,POINT (114.2475101264857 22.575567572426703)
B2094357D46FA5FD499E,盐港夜市,114.2523049,22.5727254,青云路空翠台,,114.2474815,22.57558817,POINT (114.24748151049789 22.57558817294754)
B2094251D264A5F84898,梧桐山风景名胜区-蝴蝶谷,114.2085042,22.57329459,广东省深圳市盐田区望桐路梧桐山内,,114.2036201,22.57612679,POINT (114.20362006812353 22.576126788355584)
B2094357D76AA5FA4693,梧桐山森林会客厅,114.248384,22.5739725,深圳市盐田区惠深沿海高速梧桐山风景名胜区,,114.2435582,22.57683522,POINT (114.24355819431581 22.57683521779063)
B2094354DB6BA2FF469A,客家本色·有机餐厅(水贝京基店),114.1237488,22.5706329,广东省深圳市罗湖区翠竹街道水贝社区文锦北路2090号京基水贝城市广场4楼401,,114.1186562,22.57332533,POINT (114.11865621839237 22.573325326876752)
B209425CDA6CA3F94492,七湘·湘西黄牛肉(好又多深圳翠竹分沃尔玛店),114.1297434,22.5706588,翠竹街道翠达社区布心路2083号旭飞华达园一期-1层、2层,,114.1246623,22.57335794,POINT (114.12466228113789 22.573357935365188)
B2094653D26DA7FE459B,深圳美术馆,114.147264,22.571062,东湖二街32号,,114.1422225,22.57378656,POINT (114.14222253044322 22.573786563446422)
B2094253D764A5F9499F,莆鲜味卤面(泊林花园店),114.1260278,22.5713389,水贝二路38号泊林花园,,114.1209394,22.57403367,POINT (114.12093939003307 22.57403366502563)
B2094356D06DA7FD429D,LIMTASTE绿门头甜品研究所(鹏基五星公寓店),114.173043,22.5721634,仙湖路108-2号,,114.1680697,22.57493474,POINT (114.16806965810673 22.574934737039435)
B2094251D464A7F8489D,潮悦牛肉火锅城(水贝店),114.1281643,22.5727391,翠竹路特发保税大厦3栋1楼,,114.1230799,22.57543613,POINT (114.12307990887392 22.57543613477666)
B2094253D76FA1F84693,圣丰城酒家(水贝壹号店),114.125541,22.5729369,布心路3033号水贝壹5楼,,114.1204516,22.57563097,POINT (114.12045157188388 22.57563096532983)
B2094257D269A0FE439F,深圳水库,114.153497,22.573481,广东省深圳市罗湖区,,114.1484712,22.57621598,POINT (114.14847118142951 22.57621597629931)
B2094254D669A6F8409C,点都德(水贝IBC店),114.124287,22.574748,布心路3008号IBC环球商务中心五楼(水贝地铁站B出口),,114.1191951,22.57744054,POINT (114.11919513779593 22.577440540139435)
B2094257DB6FA6FA4598,东湖绿道揽胜亭观景台,114.159237,22.574817,仙湖路160号仙湖植物园内,,114.1542262,22.57756216,POINT (114.15422617027872 22.577562156425994)
B2094757D56EABFD4899,桔钓沙湾,114.558236,22.558232,深圳市龙岗区X260(新东路),,114.5537071,22.56124437,POINT (114.55370713183693 22.561244369593332)
B2094554D26BABFC449A,深圳杨梅坑七星湾小筑,114.54284,22.558399,南澳街道东山社区大碓村10号,,114.5382738,22.56138022,POINT (114.53827377841598 22.561380224243578)
B2094252D66AA6F54998,营火丛七星湾房车营地,114.538374,22.561978,海碓路,,114.533795,22.56494835,POINT (114.53379503492289 22.56494835439802)
B2094750DA6AA6FE429C,七星湾游艇会,114.5403052,22.5624314,海碓路22号,,114.5357317,22.56540635,POINT (114.53573170656283 22.56540634665304)
B2094254DA64A1F84892,七星湾,114.540068,22.562541,广东省深圳市龙岗区海碓路,,114.5354938,22.56551537,POINT (114.53549383111593 22.565515373150774)
B2094254D56BA5FB459A,东山码头深水渔排,114.527426,22.563712,广东省深圳市龙岗区,,114.5228136,22.56665398,POINT (114.52281356900421 22.56665397988942)
B2094254D76DA4FA489E,深圳阿普萨拉斯酒店(原七星湾游艇会酒店),114.5402228,22.5657281,南澳镇东农区东山村大碓路七星湾游艇会,,114.5356489,22.56870253,POINT (114.53564887107486 22.568702534297284)
B2094550D064A3F44192,大鹏七星湾出海游,114.539228,22.56625709,深圳市大鹏新区东山社区海碓路,,114.5346513,22.5692291,POINT (114.53465126078855 22.569229099624195)
B2094257D464ABF84292,深圳大鹏湾,114.5084,22.58742,大鹏半岛东部校场尾小区,,114.5037216,22.59030467,POINT (114.50372163571738 22.59030466863353)
B209445DDB65A4FA4193,深圳囍house大鹏湾海边客栈,114.5102,22.5882,大鹏新区较场尾较三西四巷1号(近银滩路较场尾P1停车场，鹏城桥公交站附近),,114.5055279,22.59108994,POINT (114.50552791757259 22.59108993876733)
B2094253DA6BAAF9429A,天上人间草坪,114.17656,22.575075,莲塘街道仙湖路160号仙湖植物园内,,114.171596,22.57785267,POINT (114.17159601662381 22.57785267317677)
B209425DD06EA5F54099,深圳仙湖植物园荫生植物区,114.177045,22.5752526,莲塘仙湖路160号,,114.1720823,22.57803117,POINT (114.1720823179185 22.578031167991032)
B2094356D269A1FD4693,深圳仙湖植物园-蝶谷幽兰,114.1762729,22.5753384,广东省深圳市罗湖区莲塘街道仙湖社区仙湖路160号仙湖植物园内,,114.1713081,22.5781155,POINT (114.17130812213799 22.578115502484035)
B2094257DB6DA0FF409C,蝶谷幽兰,114.176182,22.575418,莲塘街道仙湖社区仙湖路160号仙湖植物园内,,114.171217,22.57819492,POINT (114.17121697075916 22.578194922134937)
B2094255D56DA1FD4592,梧桐山风景名胜区-好汉坡,114.213697,22.575566,梧桐山风景名胜区内,,114.2088236,22.57840485,POINT (114.20882356019142 22.578404852169005)
B2094252D468A0F94699,深圳仙湖植物园停车场,114.1763,22.575733,莲塘仙湖路160号,,114.1713353,22.57851011,POINT (114.1713352702218 22.578510109996447)
B2094252D665A0F54193,弘法寺-斋堂,114.182134,22.576866,莲塘仙湖路160号仙湖植物园内,,114.1771849,22.57965391,POINT (114.17718489875429 22.579653908425644)
B2094250D16FA5FE479B,深圳仙湖植物园-桫椤湖,114.177261,22.576892,仙湖路160深圳仙湖植物园,,114.1722988,22.57967079,POINT (114.17229879695967 22.57967079251413)
B2094253D66CA6FD489E,弘法寺-经堂,114.1816399,22.5770134,莲塘仙湖路160号仙湖植物园内,,114.1766895,22.57980037,POINT (114.17668946943802 22.579800374985787)
B209425DD064ABFC4393,弘法寺写经院,114.181779,22.577073,苏铁四路与紫薇路交叉口东380米,,114.1768289,22.57986023,POINT (114.17682893741357 22.57986022659207)
B2094355D46FA6FA429A,小龙坎火锅(天河城店),114.1347357,22.57634017,布心路2018号粤海置地大厦深圳天河城南区四层N406-N407,,114.1296646,22.57904514,POINT (114.12966461026052 22.579045136826494)
B2094357D56DA4FD4693,老郑家东北春饼(罗湖天河城店),114.134995,22.57639843,东昌路与布心路交汇处天河城南区4楼,,114.1299245,22.57910374,POINT (114.12992448718587 22.57910374369446)
B2094354D46DA3FE439C,滨寿司(深圳天河城店),114.1349648,22.5763994,东晓街道东晓社区布心路2018号粤海置地大厦深圳天河城NB116南区,,114.1298942,22.57910467,POINT (114.12989424894818 22.579104670417276)
B2094757D16AA1FC429E,深圳仙湖植物园,114.171415,22.576355,仙湖路160号,,114.166437,22.5791228,POINT (114.16643696104958 22.579122795899647)
B209445CD36AA3F9449A,潮汕番薯粥,114.12872,22.57681,太白路3038-6,,114.1236364,22.57950724,POINT (114.12363643876446 22.57950724186071)
B2094253D16EA7FA459A,粤海城·金啤坊,114.135383,22.577171,东昌路9号,,114.1303133,22.57987676,POINT (114.13031331094632 22.5798767586897)
B2094256DB6FA0FE499C,梧桐绿道自然教育中心,114.169846,22.57753,仙湖路160号仙湖植物园仙湖驿站,,114.1648636,22.58029469,POINT (114.16486361750307 22.580294691944324)
B2094355D26DABF8479D,Wagas沃歌斯(深圳天河城店),114.134983,22.5779221,太白路3058号深圳天河城购物中心一楼143-144,,114.1299124,22.58062723,POINT (114.12991243420348 22.580627226788888)
B209425CD16CA2FB449A,渔语鱼川宴(深圳天河城购物中心店),114.1345049,22.5784425,太白路深圳天河城购物中心(布心地铁站B口步行500米),,114.1294332,22.58114691,POINT (114.12943321918016 22.58114691314112)
B2094253D16AA3F84198,老爷鲜酿(粤海城店),114.1354432,22.578587,东晓街道东昌路23号(原金威啤酒厂),,114.1303736,22.58129268,POINT (114.13037355074472 22.58129268106544)
B209425CD264A7FC459D,深圳仙湖植物园-大雄宝殿,114.1824566,22.5773727,莲塘仙湖路160号仙湖植物园内,,114.1775083,22.58016115,POINT (114.17750832681806 22.58016114895411)
B2094757D06AA2F84992,弘法寺,114.182141,22.577514,莲塘仙湖路160号深圳仙湖植物园内(东侧),,114.1771919,22.58030185,POINT (114.17719187590917 22.580301848371846)
B2094252DB6BABFE4093,广东梧桐山风景名胜区,114.214689,22.577706,莲塘街道罗沙路2076号,,114.2098174,22.58054584,POINT (114.20981739492834 22.580545844696445)
B2094252D36DA3F8479A,罗湖区图书馆(弘法寺分馆),114.1814086,22.5779663,莲塘仙湖路160号仙湖植物园内,,114.1764575,22.58075274,POINT (114.17645748974468 22.580752737374425)
B2094252D06FA5FF4492,弘法寺斋菜馆,114.18238,22.578012,莲塘路仙湖路160号仙湖植物园内,,114.1774315,22.58080023,POINT (114.17743148160781 22.580800234674598)
B209425DD46CA6F8479C,弘法寺人文佛教博物馆,114.180837,22.578025,莲塘街道仙湖路160号,,114.1758844,22.58081037,POINT (114.17588435525866 22.580810366741144)
B2094251DA69A2F9499A,凤凰茶馆(弘法寺店),114.18397,22.57847,仙湖植物园内弘法寺二期光明殿旁,,114.1790257,22.58126112,POINT (114.17902567983414 22.581261115865665)
B2094254D66FA5FF499B,大梧桐山顶鹏城第一峰,114.219372,22.57947,罗沙路2078号梧桐山风景区内,,114.2145092,22.58231507,POINT (114.21450915226384 22.582315066563055)
B2094252DB6FA6F54492,梧桐山顶峰,114.219583,22.579506,罗沙路2076号,,114.2147205,22.58235129,POINT (114.21472053222148 22.582351291027027)
B2094355D465A6FD4198,鹏城第一峰,114.219647,22.579506,望桐路梧桐山内,,114.2147846,22.58235136,POINT (114.21478464785937 22.582351360099118)
B2094750D464ABFD449C,南澳杨梅坑,114.484077,22.574098,广东省深圳市龙岗区大鹏街道新桥,,114.4793132,22.57691145,POINT (114.4793132430006 22.57691144889887)
B2094252D06EA0F5439D,七星湾游艇爱海俱乐部,114.4875165,22.575368,广东省深圳市龙岗区园岭南街11号,,114.4827647,22.5781914,POINT (114.48276468074823 22.578191402094248)
B2094252D46BA6FB449C,袁庚祖居,114.488691,22.5809136,水贝村水贝老屋红11号,,114.483943,22.58373985,POINT (114.48394297725692 22.583739846243034)
B209445CD06CAAFF4393,盐田海鲜食街,114.2773681,22.5840166,广东省深圳市盐田区北山道44,,114.2725441,22.58686411,POINT (114.27254409452547 22.58686411120809)
B2094451D16BA1F9469C,大梅沙海滨栈道,114.306727,22.584144,盐梅路,,114.3018755,22.58695023,POINT (114.3018754835421 22.58695022862837)
B2094252D06FA2FA4593,菠萝山,114.293594,22.585417,广东省深圳市盐田区,,114.2887577,22.58824419,POINT (114.28875768097178 22.588244192202076)
B2094757D168A3FD4693,东煌海鲜酒楼(盐田总店),114.278554,22.5854186,海鲜街18号(盐田墟地铁站B口步行320米),,114.2737293,22.58826473,POINT (114.2737293090462 22.58826473417375)
B2094757D06AA1FD429C,师公会海鲜酒家(盐田店),114.2790995,22.5860482,盐田街道海鲜街8号(盐田墟地铁站B口步行380米),,114.2742745,22.58889369,POINT (114.27427447787689 22.588893686634208)
B2094554D069A0F54493,玫瑰小镇,114.481485,22.58696,大鹏街道布新路12号,,114.4767115,22.58976444,POINT (114.47671146504895 22.589764435109426)
B2094354D66CA5FC469B,盐田德米肠粉(总店),114.276332,22.5870463,盐田街道盐田社区沙头新村17号盐田得米肠粉店,,114.2715083,22.58989445,POINT (114.27150828269004 22.589894452886373)
B2094252DA6CAAF4409C,大沙河公园-生源湿地,113.96199,22.556988,北环大道8228号大沙河公园,,113.9570827,22.55996202,POINT (113.9570827438572 22.559962020104628)
B2094354D069ABFC479B,潮悦牛肉火锅店(西丽店),113.973216,22.559511,西丽街道龙井路龙井综合楼17-18号铺(近西丽车管所),,113.9682853,22.56245557,POINT (113.96828527555748 22.56245556838755)
B2094252DA6BA4F94693,潮悦牛肉火锅店(龙井综合楼店),113.973137,22.559555,西丽街道龙井路龙井综合楼17-18号铺(近西丽车管所),,113.9682064,22.56249978,POINT (113.96820644815277 22.56249978078062)
B209445CD36AAAFF4999,潮悦牛肉店,113.9730989,22.5595885,龙井路龙井综合楼1楼96号外围商铺,,113.9681684,22.56253338,POINT (113.96816843055808 22.562533382061947)
B2094251D369A7FB469A,重庆老灶火锅(龙井店),113.9725556,22.5597962,龙井村西区15栋120号,,113.9676263,22.56274255,POINT (113.96762631918884 22.56274254709261)
B2094253D364A3FF469F,翠湖广东乡下菜,113.9725814,22.5602967,龙井村西区103-1号,,113.967652,22.56324293,POINT (113.96765203038585 22.56324293154933)
B2094757D16AA2F4409E,BI7JTA-438.500MHZ塘朗山基地,113.9849487,22.56067005,深圳南山区龙珠七路040号,,113.9799905,22.56358109,POINT (113.97999045904373 22.563581093134545)
B2094250D068AAFB459E,塘朗山公园-龙珠门,113.982185,22.56399,龙苑路与龙珠六路交叉口东北方向150米,,113.9772332,22.56690881,POINT (113.97723324128512 22.56690881058683)
B2094354D26DA5F5409B,深圳市公园管理中心-塘朗山郊野公园,113.978683,22.566766,珠光路60号珠光村-东区珠光村东区107栋,,113.9737393,22.56969461,POINT (113.97373934819187 22.569694606811883)
B2094355DA6FA5F4439C,大沙河生态长廊绿道-林上栈道,113.9571883,22.5671974,龙井路与龙珠大道交叉口南120米,,113.9522892,22.5701819,POINT (113.95228922266429 22.570181903891772)
B2094253D76CA0F44092,阿润传统打边炉(上梅林店),114.0477622,22.5671811,梅林街道新兴社区梅林路133号上梅林文体公园梅秀路58-6,,114.0426606,22.56991608,POINT (114.04266058042553 22.569916077210273)
B209425DD06BA0FD499B,烧肉公社,114.058884,22.567322,梅林街道上梅林中康路31号,,114.0537673,22.57003544,POINT (114.0537672952943 22.570035435235084)
B2094357DB69A6F5439E,黔有财·贵州地摊酸汤火锅(上梅林店),114.0594343,22.5674075,梅林街道梅亭社区中康路18号振业梅苑A B栋7678号,,114.054317,22.57011999,POINT (114.05431697648649 22.57011998528431)
B2094253D16DA2FF429B,粥老大砂锅粥·烧烤·小炒(梅林店),114.0590042,22.5675667,上梅林中康路33-3号,,114.0538873,22.5702799,POINT (114.05388734429164 22.570279904094775)
B2094354D36DA4FE4199,柳山行螺蛳粉(福田店),114.05942,22.567696,中康路18号西门振业梅苑(上梅林地铁站G口步行80米),,114.0543027,22.57040848,POINT (114.05430267345793 22.57040848069757)
B2094652DB65A0FD489E,深圳市基督教深圳堂,114.046923,22.568185,梅林路126号,,114.0418226,22.57092168,POINT (114.0418226498068 22.570921684686876)
B2094355D66BA5FA449E,冯校长老火锅(梅林店),114.0586745,22.568234,梅林路87-13号（4/9号线上梅林站G出口直行50米）,,114.053558,22.57094771,POINT (114.05355797275232 22.570947705208265)
B209425CD265AAFE419E,基督教深圳堂,114.046983,22.568339,梅林路126号,,114.0418825,22.57107554,POINT (114.04188254349927 22.57107553903294)
B209445CDB64A7F84093,大红灯笼(梅林水库店),114.038451,22.568891,梅丽璐梅林水库梅园小学门,,114.0333655,22.57164717,POINT (114.03336547598994 22.571647170498174)
B2094354D469A6FF4292,润园四季椰子鸡火锅(梅林卓悦汇店),114.060125,22.568952,梅林路交汇处卓悦汇购物中心5楼L32,,114.0550068,22.57166316,POINT (114.05500682463574 22.571663164996046)
B2094252D769AAFC409B,煮鲜·下酒菜·小酒馆(万科云城店),113.9429449,22.5729266,西丽社区留新二街万科云城泊寓商铺L1-09号,,113.9380667,22.57593984,POINT (113.93806673661265 22.57593983567682)
B2094652DB6AA6F8479B,东江海鲜私房菜,113.952783,22.572985,珠光苑2栋7号(茶光地铁站B口步行230米),,113.947891,22.57597874,POINT (113.94789095921922 22.575978744980677)
B2094253D56DAAFE429A,东江海鲜私房菜(西丽店),113.9526847,22.5729925,西丽南支路77号,,113.9477928,22.57598646,POINT (113.947792815948 22.57598645624284)
B2094551DB64A0FA439C,79号渔船海鲜饭店(西丽店),113.94206,22.572972,西丽街道云城万科里西里1楼,,113.9371829,22.5759868,POINT (113.93718288899422 22.57598680317251)
B209445CD369A7F54693,潮汕楚兴大排档(西丽南支路店),113.9527341,22.5730441,西丽南支路1071号1楼,,113.9478421,22.57603794,POINT (113.947842133717 22.57603794418341)
B209425DDA6EA1F5469D,一叶一世界藏茶素火锅(万科云城东里店),113.9458151,22.5735996,打石一路云城D绿廊负一层B1-22,,113.9409332,22.57660745,POINT (113.94093324640058 22.576607453057274)
B2094351D56FA0FC469F,鸟剑居酒屋(西丽万科店),113.9425473,22.5738713,广东省深圳市南山区打石一路万科云城西里L1层CL1号、16号,,113.9376696,22.57688514,POINT (113.9376695550162 22.57688514430077)
B2094251D165A2FE4193,同仁四季音乐主题餐厅(万科云城店),113.9454382,22.5741834,打石二路云城万科东里商业区L2-023-025号(东里街边铺位),,113.9405568,22.57719191,POINT (113.94055680775395 22.57719190527916)
B2094351D56AA0F4429F,喜公馆·烤鸭(万科云城店),113.9426365,22.5742364,打石二路与留仙一路交叉口万科云城二期C区L1层及L2层8-10号,,113.9377586,22.57725005,POINT (113.93775862518221 22.577250045880863)
B2094351D269A1FA4193,和阗玫瑰抓饭(万科云城店),113.9406673,22.57440601,留新一路万科云城一期第六栋B区商铺186号（农耕记旁边）,,113.9357917,22.57742307,POINT (113.93579168108481 22.577423071020128)
B209445CD365A5F5409F,潮悦牛肉广场(西丽珠光路店),113.96685,22.56858,"西丽珠光路74号(近珠光江南百货,珠光花半里小区旁)",,113.9619323,22.57154067,POINT (113.96193233990162 22.571540673825645)
B2094757D064A7FB469D,塘朗山郊野公园,113.991315,22.572145,龙珠六路尽头处,,113.9863403,22.57503599,POINT (113.98634031452636 22.57503598839448)
B209425CD76BA7FE459A,塘朗山公园-百尺天梯,113.9855644,22.5729099,塘朗山郊野公园百尺天梯,,113.9806039,22.57581792,POINT (113.98060389486002 22.57581792289568)
B2094257D26EA3F8489D,塘朗山,113.986139,22.573123,广东省深圳市南山区,,113.9811771,22.57602931,POINT (113.9811770756157 22.576029305018704)
B2094256D168A7FC4799,塘朗山公园-极目阁(暂停开放),113.9861668,22.5733253,塘朗山郊野公园山顶,,113.9812048,22.5762315,POINT (113.9812047945631 22.57623150117802)
B2094250D268A7F8409F,塘朗山公园-塘朗山顶峰,113.986046,22.573329,龙珠六路尽头处塘朗山公园内(西侧),,113.9810843,22.57623556,POINT (113.98108429021491 22.576235557491426)
B2094354D56EA6F94999,塘朗山公园-极目阁,113.9861146,22.5733571,塘朗山郊野公园山顶,,113.9811527,22.57626345,POINT (113.98115272040955 22.576263451919083)
B2094354D16EA6F9409B,大沙河,113.9597332,22.5824973,,,113.9548286,22.58547416,POINT (113.9548285660932 22.585474156883837)
B2094252D26DA0FF4193,爱碗亭(桃源假日店),113.96357,22.582563,留仙大道众冠时代广场益田假日里L4-04铺,,113.9586581,22.58553047,POINT (113.95865805212158 22.58553047427404)
B2094252D365A4FA479E,达美乐比萨(留仙大道店),113.9644989,22.5826258,桃源街道平山社区留仙大道4168号众冠时代广场L1层,,113.9595851,22.58559093,POINT (113.95958511019938 22.585590933318464)
B209425DDA6EAAF8419C,鱼本膳中山脆肉鲩火锅(云城万科里店),113.9433816,22.5745241,万科里2楼,,113.9385028,22.57753638,POINT (113.938502802513 22.577536375731434)
B2094253D76FA4FF4392,FINDESSERT,113.942347,22.575921,具体设计公社C区B1层下沉广场蓝色2层,,113.9374694,22.57893498,POINT (113.93746936360111 22.578934975199363)
B2094354D76AA5F54092,COOBBY+·数字艺术共创空间,113.9430819,22.5759963,留光路111号万科设计公社C区c117,,113.9382034,22.57900895,POINT (113.938203375859 22.579008954871593)
B2094253D16FABFF459A,幻樂園·咖啡,113.941353,22.576107,西丽街道万科云城设计公社B207,,113.9364765,22.5791227,POINT (113.936476509743 22.57912269507197)
B2094354D169A6F4469F,山梨儿小馆子,113.944964,22.578141,传音大厦3楼302(留仙洞地铁站A口步行430米),,113.940083,22.58114996,POINT (113.94008297574051 22.581149957630398)
B2094354D06BAAF4489E,黔有财.贵州地摊酸汤火锅(深圳二店),113.951393,22.5810887,西丽街道新围社区留仙大道旁腾飞苑120,,113.9465026,22.5840845,POINT (113.9465026345947 22.584084502151114)
B209445CD364A2F9419D,喜记潮牛庄牛肉店西丽店,113.950206,22.5811146,留仙大道嘉兴苑1栋2104号,,113.9453174,22.58411288,POINT (113.94531744498752 22.584112879076432)
B209445CD06CA5FE409A,粒上皇(西丽店),113.9508822,22.5811194,西丽街道留仙大道嘉兴苑东座(原腾飞苑附楼)1号店,,113.9459926,22.58411627,POINT (113.94599261900183 22.58411627190272)
B2094250D16EAAFC4199,孔子圣像,113.93929,22.58168,留仙大道2190深圳职业技术学院留仙洞校区,,113.9344154,22.58469854,POINT (113.93441542501733 22.584698541876442)
B209425CD265A3F9459C,Champions格鲁吉亚餐厅(新视艺创客公园A座店),113.9460284,22.5817341,留仙大道2188号悦方广场F2层(4号5号门出来左手边),,113.9411457,22.58474063,POINT (113.94114574627393 22.584740625576032)
B2094250D068AAFB4393,塘朗山公园,113.993789,22.571178,龙珠六路尽头处,,113.9888082,22.57406164,POINT (113.98880816690954 22.574061644086715)
B2094757D164A0F8439C,梅林水库,114.030317,22.57199,广东省深圳市福田区,,114.0252477,22.57476662,POINT (114.02524769302326 22.574766618882208)
B2094257D664A4FB4893,塘朗山公园-梅林后山,114.0367311,22.5787948,广东省深圳市福田区北部,,114.0316482,22.58155414,POINT (114.03164824274295 22.581554139238463)
B2094257D769A6FC489E,梅林水库绿道涂鸦墙,114.0159818,22.5800485,福龙立交桥,,114.0109448,22.58286445,POINT (114.01094479590802 22.582864448874645)
B209425DD464A6FF429F,白眉石,114.0326173,22.5831663,,,114.0275424,22.5859356,POINT (114.02754243478215 22.58593560413137)
B2094252D26FA3F9419A,塘朗山公园-飞来石,114.0360957,22.5835266,龙珠六路尽头处塘朗山公园,,114.0310138,22.58628697,POINT (114.03101378136178 22.586286970730253)
B2094251D16DA7FD429E,海底捞火锅(塘朗城店),114.000479,22.589407,桃源街道福光社区塘朗车辆段旁塘朗城广场(西区)A座B座C座商业514-515,,113.9954801,22.59226826,POINT (113.99548007401857 22.592268261770442)
B2094252D36EABF8489A,肯德基(西丽宝能城店),113.9994458,22.5914988,桃源街道福光社区留仙大道3288号(塘朗地铁站D口旁)宝能环球汇(西丽店)B1层B1053-C,,113.9944494,22.59436292,POINT (113.99444935854544 22.5943629248082)
B209445CD46CA1FC429E,万魔教 ·光明顶,113.994342,22.591736,深圳市南山区西丽学苑大道1133号14F,,113.9893585,22.59461555,POINT (113.9893584549278 22.594615549308394)
B209425CD66EA3FA409F,顺德佬智园店,114.0012541,22.593079,桃源街道福光社区学苑大道1099号华晖云门1栋一层商铺135A,,113.996253,22.59593743,POINT (113.99625297341109 22.595937431949856)
B2094250DA6DA2FD4099,金翠皇宫(西丽店),113.9633161,22.58274625,广东省深圳市南山区留仙大道众冠时代广场益田假日里商业裙楼L23,,113.9584047,22.58571433,POINT (113.95840466228243 22.585714333912602)
B2094253DA64A7F9459D,川味里(益田假日里购物中心店),113.9640512,22.5827892,西丽留仙大道益田假日里5层(大学城地铁站D口旁),,113.9591383,22.58575544,POINT (113.95913828883701 22.585755441432298)
B2094257D56DA3F5459D,海底捞火锅(益田假日里店),113.9631971,22.5828621,留仙大道4168号益田假日里5层6号,,113.9582859,22.58583047,POINT (113.95828586363156 22.58583046843603)
B2094252D46CA0FD409A,麦当劳(哈工大荔园),113.968824,22.5866842,深圳大学城荔园生活区1号商铺,,113.9639011,22.58963767,POINT (113.96390106813922 22.58963766814264)
B2094357D26AABFA469C,荔林山房西餐厅,113.9591066,22.5868589,留仙大道2022号荔林花悦酒店二楼（西丽地铁站F口步行50米）,,113.9542028,22.58983671,POINT (113.95420283787769 22.589836713461313)
B2094357DB6AAAF5489D,德园闰肠粉·蚝油捞·原盅炖汤,113.9595883,22.587589,新围社区新围村综合楼104（鼎新大厦停车场停车走路1分钟）,,113.9546836,22.59056558,POINT (113.95468360929699 22.5905655782565)
B2094251D169A0FF429D,鹤隐山房,113.9832327,22.588792,桃源智谷A区29栋一楼,,113.9782768,22.591705,POINT (113.97827683837266 22.5917049976621)
B2094653D26BA2F54398,西丽水库公交站,113.95874,22.58967,广东省深圳市南山区西丽街道西丽湖路,,113.9538367,22.59264832,POINT (113.9538367254329 22.592648322995498)
B2094354D06EA6F8409D,大沙河生态长廊绿道,113.9715269,22.5898833,,,113.966598,22.59282914,POINT (113.96659795846479 22.592829144926473)
B2094250D265A4F9449D,银茶·遇见茶社,113.9832981,22.5902272,桃源街道塘朗社区学苑大道大沙河生态走廊塘朗地段咖啡厅101,,113.978342,22.59313982,POINT (113.97834198886032 22.59313982281399)
B2094257D76EA6FA449F,大脑壳,114.047179,22.58156,广东省深圳市福田区,,114.0420774,22.58429466,POINT (114.04207736987146 22.584294664791546)
B2094355D36BA2F5499E,小脑壳(梅林后山),114.0471762,22.581569,广东省深圳市福田区梅林街道塘朗山郊野公园梅林山公园,,114.0420746,22.58430367,POINT (114.04207457375672 22.584303669777096)
B2094354D56EABFB4399,鲲鹏径第八段梅林山大脑壳顶福田与龙华界碑,114.047606,22.582581,大脑壳-神秘车酷S东北侧120米,,114.0425036,22.58531462,POINT (114.04250362504597 22.585314624166628)
B209445DD06CA4F54098,海底捞火锅(上河坊店),114.047566,22.5969836,民治街道民塘路书香门第上河坊广场一层1158-1161、1163B商铺,,114.0424628,22.59971546,POINT (114.04246275084596 22.59971545744178)
B2094357D36DA5F4429D,悦己刨冰糖水,114.0446408,22.6002598,民治街道民泰社区澳门新村50栋1楼,,114.0395422,22.60299762,POINT (114.03954215083377 22.602997621632216)
B2094253D269A5F94998,昌记隆江猪脚饭,114.043762,22.600678,白石龙地铁站惠鑫公寓e180铺,,114.0386648,22.60341775,POINT (114.03866479508588 22.60341775386603)
B2094557D16CA5FD4992,双月湾渔港,114.04452,22.60087,澳门新村66-1,,114.0394215,22.60360801,POINT (114.03942148867411 22.603608011173232)
B2094554DA6AA5FA4493,南粤光明乳鸽,114.053946,22.6011953,民乐村梅坂大道滢水山庄二区九栋116-117商铺,,114.0488332,22.6039136,POINT (114.04883316423323 22.603913599602226)
B2094251D069A7F9499A,麦当劳(白石龙店),114.04181,22.60147,民治街道玖龙玺花园二期北区半地下1N53-1N,,114.0367162,22.60421414,POINT (114.0367161678547 22.604214143940617)
B2094253D265ABFE429B,中影数字影城(白石龙地铁站店),114.0419153,22.6014925,4号线白石龙地铁站B出口二层玖龙荟3楼,,114.0368213,22.60423639,POINT (114.03682127833211 22.60423639468071)
B2094256D769A5F94699,深圳野生动物园宠物医院,113.9648777,22.5936326,西丽镇西丽路4065号(西丽湖地铁站B口旁),,113.9599625,22.59659538,POINT (113.95996245278839 22.596595382655853)
B2094251D464A3FB429E,深圳市野生动物园-野驴,113.9740884,22.59392081,广东省深圳市南山区西丽镇西丽路465号,,113.9691535,22.59685913,POINT (113.96915353977457 22.596859130162443)
B2094252DA6CA4FB4499,大沙河生态长廊·学院之道,113.99142,22.594034,学苑大道1068号,,113.9864436,22.59692205,POINT (113.98644364866966 22.59692204501534)
B209425CD765AAFF439E,深圳市野生动物园-斑马,113.974616,22.594715,西丽镇西丽路465号,,113.9696799,22.59765176,POINT (113.9696798984212 22.597651756579957)
B209425CD465A2FE429D,深圳野生动物园-水豚,113.9697238,22.5951434,沁园路与沁园二路交叉口南180米,,113.9647984,22.59809338,POINT (113.96479841690484 22.59809338467564)
B2094252DB6CA2FB4498,深圳野生动物园-孔雀园,113.97032,22.59522,广东省深圳市南山区西丽镇西丽路4065号深圳野生动物园内,,113.9653933,22.59816838,POINT (113.96539333351872 22.598168384238765)
B209425CD56FA0F4439A,深圳市野生动物园-浣熊,113.971599,22.595807,西丽镇西丽路465号,,113.9666695,22.59875187,POINT (113.9666695233472 22.598751865322058)
B2094253D46CA4F9419D,深圳野生动物园,113.972146,22.596039,西丽街道西丽路4066号,,113.9672153,22.59898235,POINT (113.96721531051325 22.59898235141872)
B2094253D364A0F8459D,深圳野生动物园-了愿亭,113.976183,22.596179,西丽湖路4065号深圳野生动物园内,,113.9712432,22.59911119,POINT (113.97124324798874 22.59911119462406)
B2094652DB69A3FC449D,深圳市野生动物园,113.972745,22.596545,西丽街道西丽路4066号,,113.967813,22.59948665,POINT (113.96781295813939 22.599486651367467)
B2094556D268A1FE4898,麦当劳白石龙店,114.0418681,22.6015035,玖龙荟A入口旁(白石龙地铁站B1口旁),,114.0367742,22.6042475,POINT (114.03677416186635 22.604247503342922)
B209445CD06CA4F4489F,必胜客(星河盛世店),114.0462948,22.6025969,"梅龙路2号龙华星河COCO City L1C-029-1,L2C-025A",,114.0411932,22.60533072,POINT (114.04119322703029 22.605330721615964)
B2094352D069A2F5409C,果椿食堂(鑫海公寓店),114.0431228,22.6033552,深圳市龙华区民治街道民泰社区梅龙公路127号鑫海公寓C、D、E、F区E区白石龙路21号,,114.0380265,22.60609603,POINT (114.03802652770997 22.606096029318078)
B2094352D56FA5F5409E,老乡鸡(深圳雅宝星河店),114.0598817,22.6036496,五和大道与雅宝路1号星河WORLD·COCO ParkB1层,,114.0547615,22.60635686,POINT (114.05476152419078 22.60635686481149)
B2094250D26EABF5469C,石居日式料理(坂田星河店),114.059596,22.604039,坂田街道南坑社区雅宝路1号星河cocopark2层L2C-019,,114.0544761,22.60674669,POINT (114.05447611010287 22.60674668991694)
B209445CD365A4FC419C,地铁站(白石龙店),114.038994,22.604069,民治街道白石龙村一区,,114.0339052,22.60681947,POINT (114.03390516504136 22.606819474287065)
B2094554D464A7FD459E,鄱阳湖土菜馆,114.0375,22.60467,广东省深圳市龙华区民治街道民塘路59号,,114.032414,22.60742404,POINT (114.03241397094843 22.607424041322208)
B2094556D264A7F84493,地铁站(白石龙店),114.04252,22.60838,龙华新区金龙路白石龙村136栋1号,,114.0374245,22.61112147,POINT (114.03742445757489 22.61112147133617)
B2094556D765A3FE4498,白石龙二区-幸福楼,114.04199,22.60882,广东省深圳市龙华区民治街道幸福楼(民丰路)白石龙2区,,114.0368954,22.61156264,POINT (114.03689536846213 22.61156263609175)
B2094357DA6EA4F4449E,顺心糖水铺(鑫茂花园店),114.0428991,22.6109838,民治大道183号,,114.0378027,22.613724,POINT (114.03780272201466 22.613723995835574)
B2094250D365A4FC459A,邓小平手植树,114.1764383,22.5799635,莲塘街道仙湖社区仙湖路160号仙湖植物园内,,114.1714737,22.58274039,POINT (114.17147367325445 22.582740390635653)
B209425CD565ABF8489A,仙湖植物园-苦苣苔园,114.1812043,22.5804252,仙湖路160号,,114.1762525,22.58321097,POINT (114.17625248531856 22.583210973929628)
B2094251D56FA3F84399,深圳仙湖植物园-罗汉松园,114.18065,22.580479,莲塘仙湖路160号仙湖植物园内,,114.1756967,22.58326374,POINT (114.17569669654364 22.583263735114667)
B2094354D36BABF94299,深圳仙湖植物园-盆景园,114.1779954,22.5814752,莲塘仙湖路160号仙湖植物园内,,114.1730349,22.58425485,POINT (114.17303488746005 22.584254846309687)
B2094252D16BAAFB409A,梧桐山风景名胜区-凤谷鸣琴景区,114.198364,22.581852,广东省深圳市罗湖区,,114.1934561,22.58466784,POINT (114.1934561080172 22.584667841852156)
B2094355D36FA1F94698,梧桐山风景名胜区-秀桐道,114.236481,22.5821336,广东省深圳市盐田区莲塘街道罗沙路2076号广东梧桐山风景名胜区内(东侧),,114.2316437,22.58499207,POINT (114.23164366296817 22.584992069088457)
B2094250D369A2FB409A,深圳仙湖植物园沙漠植物区,114.179077,22.583638,莲塘仙湖路160号仙湖植物园内,,114.1741193,22.58641942,POINT (114.17411926581758 22.586419418292678)
B2094653D26DA5FD439B,沙漠植物区,114.179077,22.583638,莲塘仙湖路160号仙湖植物园内,,114.1741193,22.58641942,POINT (114.17411926581758 22.586419418292678)
B2094757D46CA2FF459D,东部华侨城云中餐厅,114.26763,22.58683,广东省深圳市盐田区盐田街道洪安四街深圳市盐港中学,,114.2628087,22.58968528,POINT (114.26280874193596 22.58968527774456)
B2094250D06EA5FF469D,梧桐山风景名胜区-西北门,114.19581,22.58975,望桐路,,114.1908954,22.59256064,POINT (114.19089536791782 22.592560644740708)
B2094252D76CA4F54892,天长地久,114.3044652,22.5871712,大梅沙盐梅路9号大梅沙海滨公园内,,114.2996164,22.58998093,POINT (114.29961639455969 22.589980931997115)
B2094254D164AAFB4798,永盛隆汕头牛肉,114.476114,22.5906179,大鹏新区大鹏街道建设路30-2号103,,114.471322,22.59340665,POINT (114.47132198989517 22.593406654716055)
B2094557D56AA5FA499C,东西涌,114.479536,22.591165,大鹏湾南澳半岛南,,114.4747555,22.59396332,POINT (114.47475552235903 22.593963318969543)
B2094252D66CAAFE409C,背仔角灯塔,114.340682,22.59143,梅沙街道深葵路海滨栈道背仔角端,,114.3357803,22.59417201,POINT (114.33578027576073 22.594172009909176)
B2094256D668A5F44199,背角仔海滩,114.341347,22.591799,广东省深圳市盐田区背仔角检查站旁,,114.3364443,22.59453974,POINT (114.33644427964384 22.594539735565423)
B2094552D36EA6F9479D,背仔角,114.3413776,22.5919279,广东省深圳市盐田区梅沙街道盐葵路,,114.3364748,22.59466856,POINT (114.33647482675691 22.594668562308126)
B2094652DB6BAAF44193,观音山公园-龙岩古寺,114.469057,22.59225,东部大鹏街道,,114.4642418,22.59501942,POINT (114.4642417874454 22.59501941740987)
B2094452D265A7FF4898,龙岩古寺,114.469056,22.5922514,大鹏新区大鹏街道观音山公园北侧,,114.4642408,22.59502081,POINT (114.46424078416521 22.59502081459546)
B2094253D16CA2FA429A,观音山公园-龙岩古寺,114.469057,22.5922553,大鹏新区大鹏街道观音山公园北侧,,114.4642418,22.59502472,POINT (114.46424178710923 22.59502471670946)
B2094355D66DA2F9429F,大梅沙沙滩,114.3083915,22.5923695,广东省深圳市盐田区梅沙街道盐梅路105号,,114.3035373,22.59517178,POINT (114.30353726360777 22.595171777732673)
B2094252D06FABF8479D,维也纳国际酒店(深圳草埔百鸽笼地铁站店),114.1253912,22.5882165,东晓街道金稻田路1131号培峰苑A座,,114.1203005,22.59090862,POINT (114.12030049820606 22.590908616611213)
B2094257DB64A4FB449E,梧桐绿道,114.16767,22.589496,广东省深圳市罗湖区,,114.1626809,22.59225513,POINT (114.16268093318672 22.59225513234195)
B2094653D26BA3F54793,梧桐山村公交站,114.16961,22.59135,广东省深圳市罗湖区东湖街道大望新平村,,114.1646261,22.59411256,POINT (114.16462608655382 22.594112559842934)
B2094551D76BA4FA4193,圣丰城酒家,114.13189,22.59147,翔鸽路2号万象汇4楼L440,,114.1268119,22.59416937,POINT (114.12681192401269 22.594169368244216)
B2094251D36BA4FA4793,圣丰城酒家(布吉万象汇店),114.13152,22.591719,布吉街道翔鸽路2号布吉万象汇L4层L440号,,114.1264411,22.59441786,POINT (114.12644113968298 22.59441786380215)
B2094256DB6EA7FD479A,白塔牛肉粿条汤(罗岗店),114.1289915,22.5917473,罗岗路91号,,114.1239075,22.59444305,POINT (114.12390750607676 22.594443046604553)
B2094251D568A2FA469F,淘金山绿道栖霞驿站,114.15285,22.591776,丹平快速路,,114.1478213,22.59450765,POINT (114.14782132760416 22.594507651213945)
B209425CD76FABF4499E,LANCO蓝蔻酒店(深圳万象汇百鸽笼地铁站店),114.1283679,22.592031,布吉信义假日名城景和园9号楼罗岗路139号,,114.1232827,22.59472597,POINT (114.12328265427143 22.594725971882635)
B2094352D768AAF54692,潮八珍橄榄鸡煲(万象汇店),114.1313283,22.5922265,翔鸽路布吉万象汇购物中心L3层L372号,,114.126249,22.59492505,POINT (114.12624901040985 22.594925054221946)
B2094653D26BA2FB4598,百鸽笼公交站,114.13218,22.5936,广东省 深圳市 百鸽笼地铁站,,114.1271024,22.59629946,POINT (114.12710239063475 22.596299459303143)
B2094352D76EA4FF449A,大塘角海防沙滩,114.528987,22.588918,深圳市龙岗区深圳奥比都斯民宿东侧约200米,,114.524378,22.59186136,POINT (114.5243779701133 22.59186136471412)
B2094256D669A4FD459A,较场尾海滩,114.512889,22.590172,大鹏新区大鹏街道鹏城社区,,114.5082262,22.59306965,POINT (114.50822618684133 22.59306965355852)
B2094753DA65A7F4439D,大鹏半岛较场尾海滩,114.513142,22.590426,大鹏新区大鹏街道鹏城社区,,114.5084801,22.59332437,POINT (114.50848005018011 22.593324366548973)
B209445DDB6AA4F4499B,深圳大鹏古城万利家民宿,114.51274,22.592074,鹏城迎宾三街4号,,114.5080766,22.59497097,POINT (114.5080765500462 22.594970965187418)
B209425DDB65AAF8499C,礼橖LoveTime·美学海景美宿(较场尾大鹏所城店),114.5189214,22.592425,大鹏街道鹏城社区鹏飞路278号欢乐海湾商业楼E栋,,114.5142792,22.59533993,POINT (114.5142791533404 22.595339928723156)
B209425DD36FAAF5429A,大鹏所城旅游区游客服务中心,114.514625,22.59315,大鹏新区鹏飞路71号,,114.509968,22.59605237,POINT (114.50996801654598 22.59605236603976)
B209445DDB68ABF8429D,深圳大鹏所城曼时光客栈,114.514247,22.593227,大鹏新区鹏城南门赖府5巷3号,,114.5095887,22.59612825,POINT (114.50958870546475 22.596128247375372)
B2094252D36EA2F5409D,茶花花园咖啡(大鹏所城店),114.51404,22.593418,大鹏街道大鹏社区南门围二巷8-2号(大鹏所城南门外肥妈小吃对面巷子),,114.509381,22.59631861,POINT (114.50938097735825 22.596318614172002)
B209445DD465A1FF4093,深圳大鹏所城MAX酒吧民宿,114.513907,22.594017,深圳龙岗区大鹏新区南门东路6号,,114.5092475,22.59691714,POINT (114.50924747952972 22.59691714315629)
B2094250D068A5FE409B,大鹏所城-南门,114.51352,22.594067,南门东路与南门西路交叉口西50米,,114.5088591,22.596966,POINT (114.50885913513433 22.59696599839621)
B209445DD764ABF44098,深圳大鹏古城觅缘居客栈,114.512277,22.594071,深圳龙岗区大鹏新区古城南李屋巷11号,,114.5076118,22.59696633,POINT (114.5076118135138 22.596966331515084)
B209445DD765A2FE4493,深圳大鹏古城肥妈客栈,114.513527,22.594086,深圳龙岗区大鹏古城南门赖府园五巷一号,,114.5088662,22.59698502,POINT (114.50886615822832 22.596985016440104)
B209445DD465A6FC4598,深圳大鹏所城城墙外三号店(青年旅舍),114.513489,22.59412,深圳大鹏新区大鹏所城刘屋巷8号,,114.508828,22.5970189,POINT (114.50882802430074 22.597018900032165)
B209445DD465A7FF4992,深圳大鹏所城水云间青年旅舍,114.51349,22.594121,深圳龙岗区大鹏新区西门新街15号,,114.508829,22.5970199,POINT (114.50882902770724 22.597019902840785)
B2094252D765A4F54892,大鹏所城·有集餐厅,114.51279,22.594124,大鹏街道刘屋巷14号,,114.5081266,22.59702084,POINT (114.5081265960905 22.5970208395202)
B2094251DB69A1F5499A,大鹏所城·有集精品民宿,114.51279,22.594198,大鹏所城刘屋巷,,114.5081266,22.59709483,POINT (114.50812659147452 22.597094829558316)
B209445DDB6AA4FF4599,深圳花房客栈,114.5141098,22.5946511,大鹏新区古城南门东路13号,,114.5094509,22.59755175,POINT (114.50945094204728 22.597551753335704)
B2094652DB64A3FE4999,大鹏古城,114.5137611,22.5947414,广东省深圳市龙岗区大鹏街道鹏城社区南门东路,,114.509101,22.59764102,POINT (114.5091010289338 22.59764101659414)
B2094554DB64A6FF429A,艺书吧(大鹏所城店),114.51248,22.5948,南澳大鹏新区大鹏所城十字街,,114.5078155,22.59769583,POINT (114.50781547512315 22.59769583300775)
B2094251DB6EA7F8429A,咖啡故事馆(大鹏古城小区店),114.5130988,22.595,南门西路与南门东路交叉口西北120米,,114.5084364,22.59789763,POINT (114.50843641485048 22.59789763184682)
B2094356D16CA4F84299,大梅沙海滩,114.3086287,22.59252803,广东省深圳市盐田区梅沙街道盐梅路105号,,114.3037741,22.59532987,POINT (114.30377409723818 22.59532987347936)
B2094252D565AAF84892,大梅沙海滨公园大梅沙海滩,114.308688,22.592543,大梅沙海滨公园,,114.3038334,22.59534473,POINT (114.30383335606045 22.59534473256523)
B2094251D564A2FB4293,背仔角海滩,114.341332,22.592967,盐葵路,,114.3364292,22.59570761,POINT (114.33642922685499 22.595707608759533)
B2094757D06AA4FC459A,五谷芳乳鸽王(海景店),114.3074514,22.5948321,大梅沙盐梅路98号腻宠酒店2号楼1楼塔斯汀旁,,114.3025983,22.5976357,POINT (114.30259825426705 22.597635695448314)
B2094252D365A7FF469E,七星湾游艇帆船趣玩海俱乐部,114.47628,22.594875,岭南路滨海阳光园1301,,114.4714883,22.59766365,POINT (114.47148827668663 22.59766365187832)
B209445CD364A0FF4499,东渔码头,114.474976,22.59504,南澳大鹏新区大鹏新区南澳街道东渔村冰厂,,114.4701799,22.59782501,POINT (114.47017991219768 22.597825011350512)
B2094253DA69A3FE409F,大梅沙海滩水乐园,114.311617,22.595082,梅沙街道梅沙社区盐梅路33号,,114.3067582,22.59787817,POINT (114.30675820063752 22.59787816696652)
B2094250D26CA1FC449D,小梅沙海滨栈道,114.324042,22.595271,S360(盐梅路),,114.3191651,22.598044,POINT (114.31916508606828 22.59804399572852)
B209425CD165A4FB4192,大力桨板俱乐部,114.3137437,22.5960912,大梅沙盐梅路35号,,114.3088819,22.59888337,POINT (114.3088818563387 22.598883366496686)
B2094253D76DA1FB4792,云海广场,114.273633,22.597247,山海图书馆东侧,,114.2688097,22.60009629,POINT (114.2688097023571 22.60009628685571)
B2094653D269A2FC439B,古城小区,114.5129991,22.595101,深圳市龙岗区南门街大鹏所城,,114.5083364,22.59799832,POINT (114.50833636212329 22.59799832421856)
B2094255DB6AABF8429F,大鹏古城小区,114.512449,22.595213,大鹏新区南门东路,,114.5077843,22.59810869,POINT (114.50778434141034 22.598108685388862)
B2094354D169A7FA439E,大鹏所城,114.5124466,22.5952138,大鹏新区南门东路,,114.5077819,22.59810948,POINT (114.50778193300276 22.598109478189603)
B209445DD66EA4FC479B,老板很忙(大鹏所城),114.514458,22.595247,大鹏街道南门东路19号,,114.5098003,22.59814859,POINT (114.50980030896022 22.59814859416162)
B2094356D468A6F54398,深圳市大鹏新区古城博物馆,114.5130928,22.595348,广东省深圳市龙岗区大鹏镇鹏城村赖府巷10号,,114.5084304,22.59824557,POINT (114.50843037230013 22.598245566868954)
B2094554D46BA7FE429D,凤凰花开咖啡厅(大鹏所城店),114.5125765,22.5954826,大鹏鹏飞路所城正街北门广场前,,114.5079123,22.59837863,POINT (114.50791226848868 22.59837862528882)
B2094554D16EA5F5489F,深圳大鹏所城漂泊驿站,114.514353,22.595545,大鹏所城南门东路33号,,114.5096949,22.59844625,POINT (114.50969492747483 22.59844624565459)
B209445DD56EA7FC479C,深圳潮庭大院客栈(大鹏所城南门东路店),114.514365,22.59563,深圳大鹏新区大鹏所城南门东路31号,,114.509707,22.59853127,POINT (114.50970696365873 22.59853126925684)
B2094750D765A6F5479E,鹏城饭馆,114.5136638,22.5960735,大鹏所城东城巷21号,,114.5090033,22.59897265,POINT (114.5090033086351 22.598972649042445)
B2094356D268A1FC479C,渔村·鹏城饭馆(大鹏所城店),114.5137991,22.5961822,大鹏所城东城巷21号,,114.5091391,22.59908173,POINT (114.5091390707583 22.59908173198383)
B2094251DA68A0F9489B,粤菜王府(深圳大梅沙店),114.3142691,22.5975391,盐葵路9号深圳大梅沙京基洲际度假酒店首层,,114.3094064,22.6003301,POINT (114.30940641861287 22.600330104682236)
B2094256DB6CAAF5449A,背仔角沙滩,114.350933,22.597675,S360(深葵路),,114.3460165,22.6003979,POINT (114.34601650029174 22.600397895028966)
B2094750D765ABFD499F,背仔角海景海鲜餐厅,114.34747,22.597933,盐田区背仔角检查站,,114.3425582,22.60066186,POINT (114.34255817316277 22.60066186380663)
B2094653D26AA4FB4992,背仔角检查站,114.34865,22.5982,广东省深圳市盐田区梅沙街道盐葵路,,114.3437365,22.60092676,POINT (114.34373653608671 22.600926758549754)
B2094757D76BABFB439D,背仔角烧烤场,114.34859,22.5982,盐田区背仔角检查站(近小梅沙),,114.3436766,22.60092686,POINT (114.34367661792894 22.600926863175843)
B209425CD468A5FA419F,大鹏湾华侨墓园,114.3462917,22.5981995,盐葵路南50米,,114.3413815,22.60093041,POINT (114.34138149478966 22.600930412785388)
B2094253D26DA4FE4099,大梅沙京基洲际行政俱乐部-蔚蓝阁餐厅,114.315734,22.5981681,盐梅路与云水路交叉口东180米,,114.3108692,22.60095632,POINT (114.3108691817112 22.60095631884324)
B2094252D36EA4FA489D,大鹏湾华侨公墓,114.3469,22.598478,小梅沙背仔角检查站,,114.3419889,22.60120779,POINT (114.34198892844317 22.601207794360665)
B2094356D46EA2FD489B,观海平台,114.3542327,22.599368,广东省深圳市龙岗区S360(深葵路),,114.3493118,22.60208513,POINT (114.34931182318742 22.602085134274542)
B2094652DB6BAAF94793,深圳小梅沙度假村,114.3271377,22.60024235,广东省深圳市盐田区惠深沿海高速万科天琴湾别墅区东侧,,114.3222558,22.60300875,POINT (114.32225576101683 22.6030087526419)
B2094255D56FA7FD4899,小梅沙沙滩,114.3284571,22.6009529,小梅沙度假村(小梅沙地铁站C口步行410米),,114.3235731,22.60371668,POINT (114.32357313887485 22.603716683533396)
B2094652DB6BAAF54098,大鹏山庄,114.478317,22.601484,鹏飞路1号,,114.4735317,22.60427745,POINT (114.47353172539161 22.604277445711443)
B2094354D465A2F9489E,揹仔角绿道-观景平台,114.333719,22.6021673,深葵路与盐葵路交叉口东南40米,,114.328827,22.60492089,POINT (114.32882697854336 22.604920886314623)
B2094254DA6BAAFB439D,葵涌官湖村海滩,114.42279,22.60227,广东省深圳市龙岗区官湖中路,,114.4178636,22.60495219,POINT (114.41786362258826 22.604952187631845)
B2094453D26DA1F8479A,官湖海滩,114.42227,22.602375,葵涌街道官湖社区官湖路1278号,,114.4173429,22.6050567,POINT (114.41734288593686 22.605056698295034)
B2094357D16BA0F8459D,Dewei·到位营地(深圳官湖沙滩店),114.4210732,22.6024716,葵涌街道官湖社区官湖路1278号,,114.4161444,22.60515224,POINT (114.41614444803955 22.605152239075693)
B2094354D46FABF84792,秘野·贝拉礁石海景餐厅,114.4189673,22.6026675,葵涌街道官湖社区官湖西路7号2号楼101,,114.4140358,22.60534643,POINT (114.41403582800952 22.6053464276774)
B2094354D56BA2FA469F,品聚·嘉府中餐厅,114.3298846,22.60272,盐梅路与海洋路交叉口东200米,,114.3249984,22.6054808,POINT (114.32499835760821 22.605480804334658)
B209445DDB6AA6F9459A,深圳gala空间海滨客栈(官湖村店),114.4253,22.6033,官湖村湖龙7巷1号,,114.4203773,22.6059845,POINT (114.42037725748762 22.605984496231727)
B2094757D069AAF9489F,小梅沙海洋世界,114.331532,22.603478,小梅沙,,114.3266432,22.60623555,POINT (114.32664320770833 22.606235553288663)
B2094357D56FA3F8499F,三味素食(梧桐山艺术小镇店),114.1930687,22.5900768,梧桐山艺术小镇望桐路茂仔村119号,,114.1881472,22.59288274,POINT (114.18814720914065 22.59288274392171)
B2094256D46EA1F8439E,梧桐山艺术小镇,114.193847,22.590542,望桐路与罗湖梧桐绿道交叉口西北200米,,114.1889274,22.59334922,POINT (114.18892743516646 22.59334921919759)
B209475CDB6EA1FB459A,深圳静山花海艺术馆梧桐山客栈,114.1938,22.591,深圳市罗湖区梧桐山艺术小镇望桐路茂仔村75号二楼(梧桐山北门),,114.1888803,22.59380708,POINT (114.18888028810464 22.593807079274907)
B2094753D069A3F4469F,梧桐山好汉坡广场,114.202346,22.595772,广东省深圳市罗湖区东湖街道梅岭梧桐山风景名胜区,,114.1974467,22.59859239,POINT (114.19744665449988 22.598592387329383)
B2094350D76CA1F9449A,很野露营地·求婚·团建·摄影基地,114.1979398,22.5979454,东湖横排岭191号-1,,114.1930299,22.60075847,POINT (114.19302985444139 22.600758474749142)
B2094253D06AA5F8419E,亚婆地,114.266011,22.602456,广东省深圳市盐田区,,114.2611889,22.6053102,POINT (114.2611888847646 22.605310196331605)
B209425DD368A3FF489F,梧桐山大望草莓园,114.176306,22.6044262,东湖街道大望村望桐路与信告地路交叉口往东50米北侧,,114.1713394,22.60719962,POINT (114.17133944364555 22.607199617214945)
B2094253D16FAAFE489D,正坑水碧道,114.1809447,22.608865,南天门伯公庙西侧240米,,114.1759904,22.61164645,POINT (114.17599036556919 22.61164645487915)
B2094357D36DA3F44893,谭仙公庙,114.2364725,22.6112199,广东省深圳市龙岗区北山道与平盐路交叉口西100米,,114.2316333,22.61407437,POINT (114.23163330962402 22.614074365758366)
B2094352D765A2FD469E,梅沙尖登山口,114.268503,22.615033,云海专线A;云海专线B;云海专线C;云海专线D,,114.2636798,22.61788366,POINT (114.26367984270338 22.617883655352905)
B2094554D068A7FD4192,润园四季椰子鸡(梅林卓悦汇店),114.0601257,22.5689534,梅林路交汇处卓悦汇购物中心5楼L32,,114.0550075,22.57166456,POINT (114.05500752379368 22.571664563683054)
B2094252D46CA0FD4893,大渔铁板烧(卓悦汇购物中心店),114.0599242,22.5691013,中康路卓悦汇购物中心3层L3-05号,,114.0548062,22.57181279,POINT (114.05480623116675 22.57181278626631)
B2094253D16DA2FE419B,肉祭烧肉一番(卓悦汇购物中心店),114.0602226,22.569103,梅林路与中康路交汇处1号卓悦汇购物中心L5层,,114.0551043,22.57181399,POINT (114.055104310312 22.571813986611303)
B2094354D66BA1FB4298,舟市水产蒸汽自助(福田店),114.060094,22.5691441,中康路卓悦汇购物中心3层L3-28号,,114.0549758,22.5718553,POINT (114.05497584538912 22.571855297228197)
B2094354DB6FA2FB469B,IVEEN·意未(梅林卓悦汇店),114.0601014,22.5693564,卓越梅林中心广场(南区)卓悦汇商场L1-08A,,114.0549832,22.57206756,POINT (114.0549831972652 22.57206756336479)
B2094257D06EAAF84893,费大厨辣椒炒肉(深圳卓悦中心),114.0600635,22.5697167,上梅林中康路卓悦汇购物中心6楼612,,114.0549453,22.57242789,POINT (114.05494534084868 22.57242788953226)
B2094253DB6FA1FB479A,寿司郎(卓悦汇店),114.0599211,22.5701538,梅林路与中康路交汇处1号卓悦汇购物中心L2层,,114.0548031,22.57286518,POINT (114.05480306592689 22.572865183231773)
B2094354DA68A2FC4498,旅乌食堂(梅林店),114.057933,22.5710937,梅林街道梅都社区广康路1号御锦公馆B栋1楼106号,,114.0528171,22.5738084,POINT (114.05281713992194 22.573808404828476)
B2094253D06CA1FF439D,中部郊野径梅林山段梅坳(入口),114.0569,22.571676,广康路与中康路交叉口西220米,,114.0517853,22.57439248,POINT (114.0517853299569 22.574392482430984)
B2094252D66AA6FE4099,深圳梅林山郊野径,114.043443,22.575973,龙尾路(梅林公园-东北侧约210米),,114.038348,22.57871661,POINT (114.03834795230271 22.578716612877432)
B2094357D068A4F84998,元勋旧址,114.1150984,22.56565194,深圳市罗湖区赤湾六路6号天后宫(田心庆云花园东南附近),,114.1099919,22.56833738,POINT (114.10999194190886 22.568337384988556)
B2094252D265A4FC4892,青蓬海上捞蒸品海鲜城(田心店),114.1134199,22.5695618,宝岗路220号,,114.1083108,22.57224572,POINT (114.1083108002092 22.572245720522957)
B2094653D26EA7FB479E,天长地久婚纱摄影(梦幻影城店),114.11307,22.57031,罗湖区宝岗路269号东座(近麦德龙),,114.1079604,22.57299362,POINT (114.10796036424007 22.57299362182957)
B2094653D26AA0FF499D,深圳天长地久婚纱摄影机构,114.11125,22.57115,广东省深圳市罗湖区笋岗街道泥岗东路2031号大华国际名车城,,114.1061379,22.57383246,POINT (114.10613785846246 22.573832460579656)
B209445CD06DA3FA4992,如意好粥道潮汕砂锅粥大排档,114.10327,22.57378,金湖路8-15,,114.0981486,22.57645907,POINT (114.09814864113743 22.57645906737162)
B2094550D36AA0FE459B,深圳画院,114.085154,22.5747821,金湖一街36号,,114.080023,22.57746422,POINT (114.08002297167835 22.577464223205514)
B2094355D66DAAF4449D,畔山牛排馆(罗湖店),114.10441,22.5932378,文化二路凤仪山谷深圳雅诗阁凤仪山服务公寓G层大堂,,114.0992885,22.5959148,POINT (114.09928848977104 22.595914801063486)
B209445CD06DA1FE479B,潮汕砂锅粥大排档(宝丽路店),114.11288,22.5959,广东省深圳市龙岗区布吉街道宝丽路粤宝市场,,114.1077684,22.59858043,POINT (114.10776843343028 22.598580428655737)
B2094354D369A3FD459A,辣嗨了南昌特色水煮油炸,114.113559,22.599131,布吉街道莲花路108号,,114.1084482,22.60181141,POINT (114.10844816758285 22.601811410259867)
B2094355D66BA6F4489A,黔有财·贵州地摊酸汤火锅(布吉老街店),114.1161028,22.6005686,广东省深圳市龙岗区布吉街道布吉社区格塘路2号101,,114.1109956,22.60325057,POINT (114.11099558375429 22.60325057339776)
B2094253D16FA2F5419E,水牛奶皇后糖水铺(鹏城花园二区店),114.141961,22.579721,东湖路80号(布心中学大门对面),,114.1369061,22.58243611,POINT (114.13690612452768 22.58243610661524)
B2094252D264A1F8469C,深圳仙湖植物园-听涛阁,114.17193,22.58026,莲塘仙湖路160号仙湖植物园内,,114.1669531,22.58302833,POINT (114.16695311096427 22.58302832608746)
B2094251DA6EA6FC409D,深圳仙湖植物园-揽胜亭,114.1737281,22.5810765,莲塘仙湖路160号仙湖植物园内,,114.168756,22.58384814,POINT (114.16875604768293 22.583848136705704)
B2094251DB6BA1FC4392,深圳仙湖植物园-药用植物区,114.173134,22.581848,莲塘仙湖路160号仙湖植物园内,,114.1681603,22.58461842,POINT (114.16816028324273 22.584618420396)
B2094757DA6CA5FB479E,圣丰城酒家(东晓路店),114.13817,22.583384,罗湖区东晓路北青橙时代公寓1楼(近东湖路),,114.1331061,22.58609298,POINT (114.1331061130987 22.58609298467638)
B2094250D365AAFE4998,淘金山绿道-入口,114.146996,22.583393,翠荫路与东湖路交叉口西北方向130米,,114.1419531,22.58611573,POINT (114.14195306867586 22.58611573029461)
B2094356D169A4F5479B,鲲鹏径(十段)YK183,114.1669146,22.5835319,广东省深圳市罗湖区东湖街道梧桐绿道,,114.1619239,22.58629035,POINT (114.16192386679843 22.586290350369808)
B2094554DA6CA5FA429E,木屋烧烤草铺(金稻田路店),114.11933,22.58508,金稻田路1199号,,114.1142289,22.58776662,POINT (114.11422887600418 22.587766620387463)
B2094252D76FA1FB469C,淘金山绿道,114.146443,22.587464,东湖街道,,114.1413984,22.59018532,POINT (114.14139844019743 22.59018531818673)
B2094251D665A5F4429D,风铃溪谷,114.15101,22.58773,淘金山绿道,,114.1459769,22.59045897,POINT (114.14597687201103 22.5904589738922)
B2094250D664A3F4449F,润园四季(卓悦汇INJOY购物中心),114.0605,22.568983,中康路126号卓悦汇INJOY购物中心L5,,114.0553814,22.57169354,POINT (114.05538142343165 22.571693537769228)
B2094355D26FA0FE419D,阿嬷手作(深圳梅林卓悦汇店),114.0606752,22.56958111,中康路卓悦汇商场L1-35A（4号线上梅林地铁D口步行200米）,,114.0555564,22.5722913,POINT (114.05555641729049 22.572291297840177)
B2094256DA6EA5FD479E,点都德(卓悦汇店),114.0607036,22.5701126,梅林街道中康路卓悦汇商城商铺L1-37L2-35L2-36一二楼,,114.0555847,22.57282269,POINT (114.0555847356417 22.57282268528022)
B2094354D06BA3FC499A,胖明粉馆(卓悦汇购物中心店),114.060728,22.570318,卓悦汇购物中心入口通往停车场北130米,,114.0556091,22.57302802,POINT (114.05560909670878 22.5730280237943)
B2094252D164A6FA409B,福田美术馆,114.067201,22.571647,梅林梅东二路5号(孖岭地铁站D口步行400米),,114.0620762,22.57434709,POINT (114.0620761674317 22.574347090357048)
B2094251D56EA7FD4992,般若禅寺,114.06425,22.602594,南坪快速附近,,114.0591256,22.60529446,POINT (114.05912557878698 22.60529446297587)
B2094351D768A3F4429E,冯校长老火锅(雅宝星河店),114.0613917,22.6038544,雅宝路星河WORLD·COCOPARK星空里L3-003号,,114.0562699,22.60655914,POINT (114.0562699243687 22.606559141863883)
B209425DDB65A5FE479B,自在·SWING,114.0623147,22.6047627,坂田街道星河双子塔东塔正背后,,114.0571919,22.60746583,POINT (114.05719194456475 22.60746583045295)
B2094351D165A0F44098,自在swing西餐·咖啡·团建下午茶(星河双子塔店),114.0623166,22.6047687,雅星路8号（双子塔下）,,114.0571938,22.60747183,POINT (114.05719384231696 22.607471826561746)
B2094357DB64A1F5419C,南山水库,114.0785543,22.6151924,广东省深圳市龙岗区坂田街道S301(鸡公山一号桥),,114.073421,22.61787387,POINT (114.07342104536177 22.617873872562043)
B2094252D568A2FE4292,堂本家·二代目(万象汇店),114.131714,22.593712,布吉街道萝岗社区信义荔景御园E区1栋L383号商铺,,114.1266354,22.59641085,POINT (114.12663541235321 22.596410846760126)
B2094252D06AA7F54692,求水山公园体育中心,114.1442333,22.5938064,南湾街道求水山公园南侧,,114.1391829,22.59652332,POINT (114.1391829396638 22.59652331770173)
B209425CD664A2F5499F,鲜潭蒸汽石锅鱼(深圳布吉万象汇店),114.131404,22.593893,布吉街道罗岗社区翔鸽路2号深圳布吉万象汇B1层,,114.1263248,22.59659143,POINT (114.12632475842351 22.596591428579224)
B209425CD76BA0F54798,蚂蚁洞·首尔烤肉·大时代(万象汇店),114.130906,22.594083,布吉街道罗岗社区翔鸽路2号深圳布吉万象汇L2层,,114.1258257,22.59678078,POINT (114.125825720849 22.596780776249492)
B2094350D46DAAFB4992,呛头家云南民族菜(布吉万象汇店),114.1310063,22.5943285,龙岗区布吉街道罗岗社区翔鸽路2号万象汇2楼L213号(近百鸟笼地铁站C出口直接上2楼LEGO旁),,114.1259262,22.59702637,POINT (114.12592621073723 22.59702636893135)
B2094250D66BABFB499B,深圳市粤港汽车驾驶员培训有限公司百鸽笼地铁口训练场,114.13021,22.59464,布吉街道翔鸽路,,114.1251283,22.59733684,POINT (114.12512826510954 22.597336837791897)
B2094256D76BA1F5409C,百鸽笼[地铁站],114.13036,22.595251,地铁5号线(环中线),,114.1252785,22.59794794,POINT (114.12527852998798 22.597947940021506)
B2094555D265ABFF4099,在哭,114.11825,22.59591,布吉镇湖南立交,,114.1131464,22.59859431,POINT (114.11314642341928 22.598594305551273)
B2094252D66DA0F4469F,百鸽笼-D口,114.130595,22.5960532,5号线/环中线,,114.125514,22.59875032,POINT (114.12551395651252 22.598750321812513)
B2094256D468A3FB4398,求水山公园-观景台,114.14172,22.59742,龙山路求水山公园(西侧),,114.1366634,22.60013248,POINT (114.13666340838246 22.600132484035775)
B2094653D26EA2F4439A,求水山公园,114.145147,22.597597,南湾街道,,114.1400986,22.60031487,POINT (114.1400986098769 22.60031486838087)
B2094251DA64A3F44593,求水山景区,114.145147,22.597597,南湾街道,,114.1400986,22.60031487,POINT (114.1400986098769 22.60031486838087)
B2094554D06FA1F5479C,多多牛潮汕牛肉火锅餐厅(百鸽笼店),114.12347,22.59779,布吉百鸽路满庭芳花园一楼139号(新一佳对面),,114.1183752,22.60047884,POINT (114.1183751593107 22.600478840905694)
B2094251D56EABFD4499,百鸽笼,114.123505,22.597948,百鸽路246-2西北90米,,114.1184102,22.60063685,POINT (114.11841021187469 22.60063685435066)
B2094254D66BA3FD419D,求水山景区-游乐场,114.14252,22.59805,广东省深圳市龙岗区南岭村求水山公园内,,114.1374653,22.60076364,POINT (114.13746526036792 22.600763636078213)
B2094253D368A7F8419A,酷里篮球公园(布吉百鸽笼店),114.13041,22.598087,布吉百合商业楼b栋3楼平台,,114.1253284,22.60078361,POINT (114.12532844726128 22.60078361209499)
B2094257DA6AA6F5469A,淘金山绿道-双桥园,114.1549159,22.5987577,东湖街道,,114.1498921,22.60149205,POINT (114.14989213503999 22.60149205457525)
B2094253D26FA1FB4598,求水山公园-龙之谷,114.144181,22.599547,广东省深圳市龙岗区南湾龙上路求水山公园内,,114.1391301,22.60226305,POINT (114.13913014127586 22.602263045305627)
B2094252D36AA7F9479B,淘金山绿道沙湾驿站,114.164197,22.600083,东湖街道,,114.1591978,22.60283417,POINT (114.15919784334704 22.602834171376557)
B2094257D76AA6F9489B,淘金山绿道停车场-出入口,114.16443,22.600264,淘金山绿道,,114.1594315,22.60301558,POINT (114.1594314610199 22.603015581929395)
B2094252D468ABFE409A,鸡公头,114.0853048,22.6009114,广东省深圳市龙岗区,,114.0801721,22.60359014,POINT (114.08017207970774 22.603590139419403)
B2094450D46DA3FC409E,文博宫多功能厅会场,114.10889,22.60216,深圳市布吉西环路88号文博宫,,114.1037729,22.6048374,POINT (114.10377286814929 22.60483740038289)
B2094557D56AA0F44398,祥山艺术馆,114.1012889,22.6031674,布吉街道西环路88号文博宫,,114.0961638,22.60584238,POINT (114.0961638197019 22.605842378121565)
B2094257D465A3FE429E,银湖山郊野公园-鸡公山七圣宫,114.09357,22.603758,文博路,,114.0884396,22.60643313,POINT (114.08843960010302 22.606433129733894)
B209425CD465A5FF499B,半吨精酿Beer&Backyard(布吉文博宫店),114.103524,22.604332,西环路88号文博宫A16(南2门),,114.0984009,22.60700722,POINT (114.09840089073431 22.60700722355366)
B2094757D66CA4FB4398,文博宫,114.103223,22.604469,布吉新区布吉街道西环路88号,,114.0980996,22.60714413,POINT (114.09809959278466 22.607144134947024)
B209445CD06CA1FB499F,地铁站奶茶(文博宫店),114.10498,22.6047,广东省深圳市龙岗区布吉街道西环路66号文博宫,,114.0998583,22.60737555,POINT (114.09985832270236 22.60737555486177)
B2094354DB6BA6FF4192,螺欢喜螺蛳粉火锅(布吉店),114.1168128,22.60576098,金利路65-8,,114.1117063,22.60844274,POINT (114.11170632120957 22.608442737006044)
B2094554D46EA4F94198,正新鸡排(文博宫店),114.10369,22.60592,龙岗布吉街道西环路文博宫北门,,114.0985669,22.60859503,POINT (114.09856694815039 22.608595027959296)
B209425DD16BA4F4489B,新疆西域沙漠烧烤,114.1081812,22.606131,布吉街布吉社区东心岭209号101,,114.103063,22.6088075,POINT (114.10306296478817 22.60880750318602)
B2094255D16BAAF9449C,青旅联盟都市美宿(深圳百鸽笼地铁站店),114.13616,22.60085,布吉湖西路可园5期14F202,,114.1310905,22.60355382,POINT (114.13109048153241 22.60355381533329)
B2094354D368A1F4479A,DODO泰面·泰式面馆,114.1258674,22.6041644,吉昌街与龙岗大道辅路交叉口东20米,,114.1207766,22.60685485,POINT (114.12077655198765 22.606854851172884)
B2094251D26CA0F44493,踢桃,114.1467462,22.6048135,南新路12正西方向50米,,114.1417013,22.60753294,POINT (114.14170126391934 22.607532944249456)
B2094557D568A3F9499A,春江游乐求水山景区游乐场,114.149849,22.605518,南岭村求水山公园内(近求水山酒店),,114.1448118,22.60824254,POINT (114.14481177350658 22.608242540776587)
B2094554D46FA7F94093,正源洪阳鱼粥鲜牛肉粉面,114.15319,22.60603,布沙路105,,114.1481613,22.60876025,POINT (114.14816128333065 22.60876024890928)
B2094251DA65ABF4409C,龙发鸡煲(佳兆业店),114.1309893,22.6065855,布吉街道木棉湾社区龙岗大道佳兆业新都汇家园2栋L311-312,,114.1259084,22.60928161,POINT (114.12590837873208 22.609281605109217)
B2094750D765A0FC4392,浪记面店长龙NO.1,114.1181196,22.6084222,长盛路24号,,114.113015,22.61110459,POINT (114.11301499987341 22.61110459302923)
B2094653D268ABFB4293,大芬美术馆,114.138523,22.609886,大芬油画村大芬美术馆,,114.1334582,22.61259186,POINT (114.1334581940642 22.61259185973522)
B2094253D66CABFC4493,深圳市大芬美术馆,114.138523,22.609886,大芬油画村大芬美术馆,,114.1334582,22.61259186,POINT (114.1334581940642 22.61259185973522)
B209425CDA6EAAFE459E,奈雪的茶(深圳华润大芬美术馆店),114.1385256,22.6098868,布吉街道大芬社区大芬美术馆102号,,114.1334608,22.61259266,POINT (114.13346079992725 22.612592663415466)
B2094652DB6BABFA419B,南岭村第一幼儿园,114.147166,22.609919,健民路20号,,114.1421218,22.61263837,POINT (114.14212177137577 22.612638367423955)
B2094351D76BABF44192,Onook酸奶碗,114.140094,22.6101113,广东省深圳市龙岗区布吉街道中翠路75号,,114.1350328,22.61281945,POINT (114.13503278589893 22.61281945385312)
B2094251D76DA6FE409C,三哥茶餐厅(南岭店),114.1462265,22.6106115,南岭村社区健民路37号开欣商业广场侧门一楼三哥烧腊茶餐厅,,114.1411799,22.61332921,POINT (114.14117990775542 22.613329213939842)
B2094252D768A5F44099,一盒叉烧(油画村店),114.1381846,22.6106417,布吉街道大芬社区大芬村简贝二巷3号101,,114.133119,22.61334695,POINT (114.13311897666486 22.613346949484733)
B2094557D56AAAF54592,南岭村社区文化广场,114.150028,22.610708,南岭南路35号,,114.1449909,22.61343206,POINT (114.14499089034848 22.613432058486975)
B2094355DB6CA6F54199,周杰伦涂鸦墙,114.1365864,22.61117563,深圳市龙岗区大芬油画街大芬油画村,,114.1315171,22.6138785,POINT (114.13151713255378 22.613878502435846)
B2094653D26EA2F44192,万家乐百货,114.150995,22.61121,南湾街道南岭社区南岭北路7号,,114.1459603,22.61393564,POINT (114.14596031433535 22.613935639137495)
B2094653D26AAAF4489D,南岭村委公交站,114.15176,22.61175,广东省深圳市龙岗区南湾街道南岭东路人人购物广场(南岭店),,114.1467272,22.61447688,POINT (114.14672723403379 22.614476877909834)
B209445CD06CABF4449A,麦当劳(南岭村店),114.15075,22.6118,布吉南湾南岭村南岭东路28号人人购物广场首层,,114.1457147,22.61452513,POINT (114.14571465222188 22.61452512542573)
B2094653D26AAAF4489C,南岭村,114.1510504,22.61208281,广东省深圳市龙岗区布吉镇布沙路旁,,114.1460158,22.61480841,POINT (114.1460158040638 22.614808407360435)
B2094351D569A7F9479C,耶耶象·泰国餐厅(布吉店),114.1168267,22.6065049,布吉街道凯旋荟购物中心布华路19A301,,114.1117202,22.60918655,POINT (114.1117202006928 22.609186554612066)
B2094554D265AAF4449D,如家快捷酒店(深圳龙岗大道布吉地铁站店),114.1118377,22.6071579,布吉镇西环路7号,,114.106724,22.60983609,POINT (114.10672398610188 22.609836090178387)
B2094354DB69A7F4439A,豪情炭炉鸡煲,114.1175458,22.6071758,长盛路3号,,114.1124404,22.60985792,POINT (114.11244037456353 22.609857917798813)
B2094554D06DA3F54193,耿记潮汕大排档砂锅粥蕃薯粥(信达美食广场店),114.108347,22.608526,布吉街道西环路6号综合楼c栋一楼c31c32号,,114.1032288,22.61120221,POINT (114.10322880388775 22.61120221387509)
B209425DD16BABF5419B,大富烧鸡大牌档(布吉店),114.1126165,22.6085933,吉华路与西环路交叉口西40米,,114.1075037,22.61127173,POINT (114.10750374375017 22.611271734333705)
B209445CD364A6F4439E,美景湾中西餐厅,114.11111,22.61485,吉华路250-2,,114.1059948,22.61752659,POINT (114.10599482488223 22.617526586244242)
B209445DD46BAAF4449F,维尼斯酒店,114.1106011,22.6164223,吉华路258号澎渤商业大厦1楼(近下水径公交站、地铁站),,114.1054852,22.61909836,POINT (114.10548516493587 22.619098359388218)
B2094251D36EA4FD489A,深圳市梵亚艺术博物馆,114.1130839,22.6212091,布龙路18号赛格ECO中心五栋12楼1201室1209室,,114.107971,22.6238858,POINT (114.10797096350817 22.623885802967255)
B2094252DB6AABF84992,伤心鸭头(三联分店),114.1149751,22.62650493,广东省深圳市龙岗区联布北路龙景二区五巷5号楼,,114.1098645,22.62918198,POINT (114.10986447902165 22.629181978291886)
B2094250D264A3FE4193,布吉三联水库,114.11279,22.63153,广东省深圳市龙岗区,,114.107676,22.63420472,POINT (114.10767598391281 22.634204723290914)
B2094252DB64A4FC4792,亚寄山,114.0233766,22.5953161,广东省深圳市龙华区,,114.0183212,22.59810889,POINT (114.01832115652778 22.598108893569485)
B2094357DA68A7F84998,梅林山郊野径,114.023204,22.6003772,深圳市龙华区鸿荣源·熙园山院西南侧约220米,,114.0181486,22.60316978,POINT (114.01814862485926 22.603169776035617)
B2094253DB6CA3FA439A,肯德基(龙悦居KFC),114.031468,22.602684,龙华区民治街道民丰路与致远南路交汇处金众金域阁一楼127-134号商铺,,114.0263943,22.60545372,POINT (114.02639426626746 22.605453723270877)
B2094255D765A6FB409F,静颐茶馆,114.0311882,22.6028044,民丰路金众金域阁五楼,,114.026115,22.60557484,POINT (114.02611504760424 22.605574842877832)
B2094653D268AAF54293,中国文化名人大营救纪念馆,114.036331,22.605401,民治街道民丰路白石龙老村1号,,114.0312472,22.60815784,POINT (114.03124719793892 22.608157838540933)
B2094252D76CA7F9489A,炭舍·炭火干锅(深圳北店),114.03241,22.611723,深圳北站缤果空间购物中心2楼2A-06-A,,114.0273337,22.6144889,POINT (114.0273337114555 22.614488895701097)
B209425DD268A3FF419D,深铁铂尔曼酒店·星璞全日餐厅,114.0308456,22.6124285,民塘路385号深圳深铁铂尔曼酒店46楼(邻深圳北站),,114.0257725,22.61519839,POINT (114.02577254727635 22.615198394494527)
B2094354D265A5FD409A,黔多多贵州地摊火锅(百易广场店),114.035452,22.61805,民福路2号百易广场,,114.0303691,22.62080707,POINT (114.03036911356516 22.620807073669585)
B2094354D76DA4FB489D,叻爆海鲜大排档(红山六九七九商业中心店),114.025122,22.6205739,红山六九七九商业中心(红山地铁站D1口步行200米),,114.020061,22.623358,POINT (114.02006095037224 22.623357997565186)
B2094252D16DA0F8499D,野妹经典火锅(龙华红山6979店),114.025039,22.6207437,民治街道红山6979-36座2层(地铁站D出口前行120米左手侧),,114.0199781,22.623528,POINT (114.0199781266978 22.62352799950459)
B2094257D26DABFD4592,深圳市野生动物园-火烈鸟半岛,113.9759979,22.5973053,广东省深圳市南山区西丽春园路,,113.9710585,22.60023786,POINT (113.97105852387239 22.600237855726864)
B2094252DB6FA6F5409D,深圳市野生动物园-非洲野狗,113.971639,22.597483,广东省深圳市南山区西丽镇西丽路465号,,113.9667093,22.60042753,POINT (113.96670932908985 22.6004275270947)
B2094557D569A5FF409A,深圳市野生动物园中型猛兽馆,113.9718133,22.5976568,深圳市南山区西丽镇西丽路4065号深圳野生动物园内,,113.9668832,22.60060083,POINT (113.96688323686111 22.60060083128745)
B2094557D569A2FD4893,深圳市野生动物园海狮表演馆,113.9699985,22.59890855,沁园路1231号,,113.9650723,22.60185728,POINT (113.96507226174138 22.60185728015981)
B2094251D26AA3FB4593,深圳市野生动物园-海洋天地,113.970988,22.599608,西丽镇西丽路4065号深圳野生动物园内(北侧),,113.9660596,22.60255399,POINT (113.96605961058617 22.602553986154653)
B2094557D568A2FF409D,海洋天地,113.9709756,22.5996668,深圳市南山区西丽镇西丽路4065号深圳野生动物园内,,113.9660472,22.60261281,POINT (113.96604723372644 22.602612811212136)
B2094252D469A3FA439D,伐木餐厅,113.9900124,22.600313,学苑大道1066号深圳大学丽湖校区,,113.9850392,22.6032044,POINT (113.98503916079119 22.603204397689705)
B2094253D66FA3FD4992,西丽水库,113.9639164,22.6044742,广东省深圳市南山区,,113.9590024,22.60743789,POINT (113.95900237514418 22.60743788625328)
B2094452D265A7FB4093,西丽水库桃花林,113.96887,22.608126,广东省深圳市南山区 沙河西路,,113.9639456,22.61107638,POINT (113.96394560430247 22.61107638354505)
B2094357D26FA3F8469E,稀客四季宴,113.97626,22.6241611,大勘村丽康路木棉花公寓附近01,,113.9713183,22.62708877,POINT (113.97131828406921 22.627088766228685)
B209425CD46AA5FC469D,fufu喫茶店,114.039135,22.611799,樟坑三区84栋101,,114.0340454,22.61454796,POINT (114.0340453975845 22.61454796216381)
B2094451D264A0F8449C,澳门威尼斯酒店,114.042347,22.61263835,澳门海岸路威尼斯酒店,,114.0372515,22.61537956,POINT (114.03725149128864 22.615379560289053)
B2094357D669AAFD4699,柳北螺狮粉(民治店),114.0385083,22.6160665,深圳市龙华区樟坑一区德发嘉苑173栋1楼,,114.0334196,22.61881631,POINT (114.0334196021609 22.618816306962323)
B209425CD66BA3FB4099,文华冰室(8号仓店),114.055304,22.6185173,明治街道明康路1号深国际华南物流园8号仓奥特莱斯3层,,114.0501883,22.62123037,POINT (114.05018826167328 22.621230370605907)
B209445CD365A6F94592,吃了没餐厅,114.04047,22.61931,广东省深圳市龙华区民治街道沙元路,,114.0353774,22.62205455,POINT (114.03537743313038 22.62205454957696)
B2094357D36DA7FB4992,柳北螺狮粉(樟坑1区店),114.0443391,22.6208246,深圳市龙华区樟坑一区德发嘉苑173栋1楼,,114.0392396,22.62355993,POINT (114.03923959656723 22.623559925339464)
B2094355D064A0FA4492,郑好好烧麻糬冰,114.0383683,22.62129383,广东省深圳市龙华区,,114.0332795,22.62404312,POINT (114.03327952441313 22.624043122199556)
B2094253DA69A0F44498,老肥冒烤鸭,114.039511,22.621555,民治第一工业区3栋1楼449-3号,,114.0344201,22.62430147,POINT (114.03442005980959 22.624301471404607)
B209445CD36AABFA4293,木屋烧烤大润发店,114.0399386,22.6216266,民治街道280号（民治地铁站D出口北方向400米）,,114.0348469,22.62437203,POINT (114.03484686099463 22.624372031970857)
B2094352D26BABFE4593,老北市东北烤串,114.039392,22.621707,广东省深圳市龙华区民治街道民治大道333号,,114.0343013,22.62445373,POINT (114.0343012719877 22.62445373272228)
B2094757DA6CA6FD4299,心怡哈尔滨饺子馆(民福楼店),114.0353282,22.6210646,民治街道民强社区民田路民福楼115,,114.0302454,22.62382149,POINT (114.03024536422181 22.623821486890417)
B2094253D16DAAFF4093,藏巷十酒·炭火居酒屋·炉端烧(红山六九七九商业中心店),114.024877,22.621265,民治街道红山6979商业中心三期11栋33座256,,114.0198165,22.62404966,POINT (114.01981645897352 22.624049662098106)
B209425DD168ABFD479D,八分音符音乐餐厅(红山六九七九商业中心店),114.027013,22.621395,民繁路16号(红山地铁站D1口步行430米),,114.0219477,22.62417375,POINT (114.02194767061086 22.62417375132745)
B2094351D46FA7FD4998,东方墨兰(龙华6979店),114.0255274,22.6214339,深圳市龙华区民繁路红山六九七九商业中心负一楼派派park（盒马鲜生对面）,,114.0204654,22.62421673,POINT (114.02046538177844 22.624216730548383)
B2094350D66DA3FA439F,深圳龙华钢琴博物馆,114.0355427,22.6215477,民治民福北路65号,,114.0304594,22.62430396,POINT (114.03045940585689 22.624303963770384)
B2094251D364A4F4479A,纳瓦新疆音乐餐厅(红山六九七九商业中心店),114.0253066,22.62156,红木街红山六九七九三期11栋264号(红山地铁站D出口),,114.0202451,22.62434342,POINT (114.02024507033204 22.624343420530273)
B2094356D36CA5FC479F,肆娴·河豚蟹黄捞面捞饭(红山6979店),114.0252796,22.6217094,民治街道红山6979负1层B123铺,,114.0202181,22.62449287,POINT (114.02021812146079 22.62449287018988)
B2094354D16CA0FD419F,欢乐牧场主题自助料理(红山6979店),114.025807,22.6220055,民治街道红山社区红山六九七九31栋三楼311,,114.0207443,22.62478746,POINT (114.02074431725079 22.624787461773618)
B2094253D16FA1FD4692,浙里荟·品质浙菜(红山6979商业中心店),114.0260833,22.6220392,红山6979商业中心三期23栋二楼(正恩口腔楼上)旁边11号客梯上202.203,,114.02102,22.62482039,POINT (114.02101999671898 22.624820394290623)
B2094252D06EA2F5479C,麦当劳(腾龙路分店),114.0255393,22.6222687,大岭社区红山6979红木街20-9,,114.0204772,22.62505136,POINT (114.02047720091042 22.62505135690763)
B2094354D164A3FC489D,813芭依珊BAESAn(6979店),114.0251114,22.6222715,红山社区红山六九七九二期7栋B1层161,,114.0200503,22.62505534,POINT (114.02005026423251 22.62505534168209)
B2094251D665A1FC469A,喜茶(红山6979店),114.0249654,22.622464,民治街道红山六九七九商业中心(三期)11栋8座118、119,,114.0199046,22.62524821,POINT (114.01990458141631 22.62524821436863)
B2094356D368A6FE489A,黔有财·贵州地摊酸汤火锅(红山店),114.0261763,22.62265724,红木街红山地铁站A、D口,,114.0211128,22.62543807,POINT (114.02111279230814 22.62543807044816)
B2094350DA6AA6F84692,红灶头炭炉鲜鸡煲(红山店),114.0288552,22.6227098,红木街1-1号,,114.0237857,22.62548333,POINT (114.02378574780356 22.625483329504696)
B2094356D664A6FB4592,探鱼·鲜青椒爽麻烤鱼(红山6979店),114.0241694,22.62273636,民治街道红山六九七九负一层B108（音乐广场扶梯左转30米）,,114.0191104,22.62552275,POINT (114.01911035307688 22.625522745479078)
B209425DD26CA6F54898,泰古莲·泰国餐厅(红山6979店),114.0250094,22.6227478,民治街道红山社区红山六九七九三期11栋1层134室,,114.0199485,22.62553184,POINT (114.01994846361764 22.625531844086407)
B2094253D16FA3F4499B,青松宇大汗·碳烤羊腿(红山店),114.025731,22.6228064,民治街道红山6979一期5栋206二楼,,114.0206684,22.62558844,POINT (114.02066843570165 22.625588436037035)
B2094554D06AA1F44293,波记潮汕砂锅粥大排档,114.03502,22.62303,民治塘水围宝山工业区八栋104号铺(皓源酒店旁边),,114.0299377,22.62578734,POINT (114.02993765232968 22.625787336056785)
B2094355D76DA0FF479D,CoAsis绿洲音乐酒馆·鸡尾酒（红山店）,114.020373,22.6230096,"红山社区龙光玖钻北乙期1B18（格致中学对面,驾车导航到店）",,114.0153227,22.62580668,POINT (114.01532273807709 22.625806676081154)
B209425DD36FA6FB4993,曼谷街角东南亚风味小馆(红山6979店),114.024367,22.6231951,民繁路红山6979负1层北广场(开心麻花楼下),,114.0193075,22.62598086,POINT (114.0193074899914 22.625980855716424)
B209425CD16CA2F44693,米八外石橄榄鸡煲·生腌(红山6979店),114.025926,22.623432,民治街道红山六九七九商业中心1期三栋A座,,114.020863,22.62621339,POINT (114.02086295821952 22.626213391491778)
B2094253D664A1FC4199,嘻螺记柳州螺蛳粉(龙光玖钻北区店),114.0214288,22.6237374,民治街道红山社区龙光玖钻北甲期A座二单元1A47,,114.016376,22.62653134,POINT (114.01637601950732 22.626531340067825)
B2094357D66CA5FD4498,森湖senhu·轻食简餐(红山6979店),114.0249077,22.6238223,民繁路红山6979一期13栋一楼132-133,,114.0198469,22.62660644,POINT (114.01984692376877 22.62660644352651)
B209425CD569A3FF4393,朱光玉火锅馆(深圳龙华店),114.02559,22.623836,民治街道民繁路红山六九七九商业中心一期3栋1楼(渤海银行旁),,114.0205277,22.62661825,POINT (114.02052768538832 22.62661825021056)
B209425CD66BA6FD449B,深圳美术馆,114.0237937,22.6249746,民治街道腾龙路30号1栋,,114.0187354,22.62776165,POINT (114.01873538086308 22.627761653110397)
B2094354DA6EA1FC4292,深圳美术馆(新馆),114.0237963,22.6249793,民治街道腾龙路30号1栋,,114.018738,22.62776635,POINT (114.01873797461904 22.627766345019445)
B209425DD26DABFC4499,深圳美术馆(办公入口),114.024573,22.625046,深圳美术馆(红山地铁站A1口步行360米),,114.0195129,22.62783086,POINT (114.01951290234217 22.627830864429146)
B2094252D56AA5FC479F,八合里海记牛肉店(天虹购物中心龙华店),114.021225,22.625938,人民路2020号天虹购物中心(龙华店)L1,,114.0161726,22.62873214,POINT (114.01617255243461 22.62873214099893)
B209445DD26FAAF54993,麦当劳(梅龙路餐厅),114.030237,22.6264932,民治街道梅龙路西侧公馆1866花园裙楼23号N-L117、N-118,,114.0251643,22.62926238,POINT (114.02516432846232 22.629262379685155)
B2094354D16BABFE449C,笨罗卜浏阳菜馆(龙华鹏润达店),114.0231514,22.6265373,民治街道大岭社区中梅路润达圆庭北街铺122,,114.0180945,22.62932588,POINT (114.01809445110243 22.629325884815245)
B2094356DA6FA6F54592,笨罗卜浏阳菜馆(龙鹏润达店),114.0233043,22.6265935,民治街道中梅路润达圆庭北街铺122,,114.018247,22.62938165,POINT (114.01824699639789 22.629381645204457)
B2094554D069A2FF429A,稻香酒家(龙华天虹购物中心店),114.020577,22.627376,人民路2020号天虹购物中心L2层,,114.015526,22.63017174,POINT (114.01552597619987 22.630171738792672)
B2094555D26EAAF5469E,喜宴又一村(光浩国际中心店),114.0297453,22.628266,民治街道441号光浩国际中心,,114.0246736,22.63103618,POINT (114.02467356602709 22.63103618011752)
B2094751DA64A4FB459D,必胜客(水榭春天店),114.025541,22.6291589,民塘路莱蒙水榭春天3期89号,,114.0204785,22.63194036,POINT (114.02047845027276 22.6319403582638)
B209445DD069AAF8489D,潮汕明兴砂锅粥冰鲜海鲜大排档,114.03394,22.62989,民安路64,,114.0288594,22.6326489,POINT (114.02885938642132 22.63264889810596)
B209445DD469AAFE429A,深圳世界之窗大学生求职公寓旅馆,114.010062,22.636659,白石洲下白石一坊36号,,114.0050359,22.63948389,POINT (114.00503588807078 22.639483889911727)
B2094253D16DA3FA449A,松饼爷爷烘焙坊(锦绣江南四期店),114.0312064,22.6368947,梅龙大道2778号锦绣江南四期1049铺,,114.026131,22.63965943,POINT (114.02613099578315 22.639659434001373)
B209425CD368A6FD4799,正宗桐坑阿松牛肉店,114.0259646,22.6387033,民治街道东二村龙峰二路143号,,114.0209005,22.64148184,POINT (114.020900481202 22.641481840058795)
B2094253D764A4FD4098,粤顺渔坊(融创荟店),114.019583,22.6422888,民治街道上芬社区龙胜路融创智汇大夏C座,,114.0145334,22.64508464,POINT (114.01453335189294 22.64508464006893)
B2094356D46FA7F4439C,粹茶咖,114.0169566,22.642518,深圳市龙华区民治街道中海汇德理1031商铺,,114.0119132,22.6453214,POINT (114.0119132044343 22.645321398538197)
B2094351D169A4FE489B,环西丽湖绿道(碧道)草涧,113.963532,22.62455,广东省深圳市南山区飞鸭开心农场(荔园溪谷店)西南侧190米,,113.9586175,22.62751145,POINT (113.95861745360605 22.62751144626549)
B2094352D66DA0F9499E,写意三河,113.9632936,22.624646,沁园路4032号环西丽湖碧道,,113.9583795,22.62760802,POINT (113.9583795148942 22.627608024486115)
B2094253D56CA6FB4593,百旺休闲钓鱼场,113.9648399,22.6334351,阳台山森林公园(南侧),,113.9599222,22.63639168,POINT (113.95992219267829 22.636391680592176)
B2094252D464A4FA4293,阳台山森林公园-竹径通幽,113.99031,22.64943,大浪阳台山森林公园内,,113.9853329,22.65231206,POINT (113.98533286648177 22.652312055259376)
B2094251D564A6F4459A,阳台山森林公园-竹林幽静,113.990305,22.6494717,石岩镇龙腾路龙眼山村阳台山森林公园内(东侧),,113.9853279,22.65235376,POINT (113.9853278762759 22.652353761822283)
B2094252D66FABFA479E,龙华环城绿道(阳台山段),113.988525,22.650646,福龙路(阳台山森林公园),,113.9835522,22.65353314,POINT (113.98355222683918 22.653533140041375)
B2094257D069AAFE499D,大羊台山顶,113.9606867,22.6513032,石岩街道阳台山森林公园内,,113.9557759,22.65426661,POINT (113.95577591313703 22.65426661000328)
B2094252D265A6F54898,大阳台山顶,113.960687,22.651307,石岩街道龙腾路龙眼山村阳台山森林公园,,113.9557762,22.65427041,POINT (113.95577621233204 22.654270408504424)
B2094653D268A7FD439E,羊台山森林公园,113.965105,22.651479,石岩街道龙腾路龙眼山村,,113.9601856,22.65443142,POINT (113.96018560968496 22.65443141936174)
B2094252D56FABF8489D,阳台山森林公园,113.965105,22.651479,石岩街道龙腾路龙眼山村,,113.9601856,22.65443142,POINT (113.96018560968496 22.65443141936174)
B2094350DB6DA2F8439F,幸福民谣·烧烤酒馆(民治店),114.0395223,22.6228852,深圳市龙华区民治街道民治大道328号嘉熙业广场F1,,114.0344313,22.62563142,POINT (114.03443125220052 22.62563141933018)
B2094351DB6BA1F9439B,陆记辉哥牛肉(民治店),114.041217,22.6231364,深圳市龙华区梅花南路梅花山庄西4门西北侧约30米,,114.0361228,22.62587854,POINT (114.03612282425362 22.625878538245875)
B2094252D76AAAF4499A,田也日式刨冰,114.056155,22.630013,坂田街道大发埔社区大发埔东村七巷4号105,,114.0510374,22.63272253,POINT (114.05103743910776 22.632722527718485)
B2094253DA65A7FB4893,柳州红糖冰沙豆腐花,114.0592895,22.6305377,长发路与里石街交叉口西南20米,,114.0541682,22.63324159,POINT (114.05416821806632 22.63324159247472)
B209425CD56DABF9409D,十二煌·羊肉馆(隆昌楼店),114.037386,22.636634,民治大道728号隆昌楼F1层,,114.0322981,22.63938298,POINT (114.0322981123843 22.639382983326794)
B209425CDA6BA1FE4798,湛江鸡雷州羊肉(油松店),114.0432419,22.638257,龙华街道油松路油松综合市场住宅楼B1栋1层,,114.0381431,22.64099172,POINT (114.0381431479117 22.64099171947502)
B2094555D76CA1F44899,南山庄园,114.03804,22.63944,民冶大道1083号展滔科技大厦1层,,114.0329507,22.64218685,POINT (114.03295067308625 22.64218684503316)
B2094352D36BA0FB4598,中国新疆兄弟烧烤,114.060137,22.639643,五和大道和坂兴路交叉口,,114.0550142,22.64234378,POINT (114.05501419852432 22.64234378050085)
B2094256D264A7FA4792,大自然醉鹅龙华店,114.0440359,22.6421869,兴龙富创客园大厦1层8-11号,,114.0389355,22.64491906,POINT (114.03893552200545 22.644919059989853)
B209445CDA6BA3F5479B,同仁四季音乐主题餐厅,114.03725,22.65573,东环二路8号ico时尚购物领地2楼L2C-016,,114.0321611,22.65847554,POINT (114.032161132453 22.65847554318226)
B209425CD069ABF9419C,环西丽湖碧道,113.938051,22.6066955,沁园路4032号,,113.9331761,22.6097127,POINT (113.93317611396964 22.60971269745228)
B209425DD169A4FD4098,瓦尔登湖小院,113.9402599,22.6093086,西丽街道百旺社区白石岗森林小院2号楼103,,113.9353825,22.61232177,POINT (113.93538253087047 22.61232177356975)
B2094355D269A5FD4792,西丽湖公园,113.9550025,22.6109719,广东省深圳市南山区西丽街道丽湖社区西丽湖路4001号,,113.9501044,22.61395578,POINT (113.95010440270843 22.61395578136314)
B2094353D36FA2FE459A,生野集,113.955595,22.63599,深圳市南山区西丽街道麻磡社区丽康路774号,,113.9506943,22.63896829,POINT (113.95069430851807 22.638968286302244)
B2094352D665A3F9439D,鲲鹏径第四段,113.9549987,22.6368333,深圳市南山区丽康路阳台山森林公园,,113.950099,22.63981277,POINT (113.95009896446506 22.639812767660533)
B2094354DB6BA7F8489D,风门坳牌坊,113.9563952,22.6505881,深圳市宝安区(羊台山森林公园),,113.9514922,22.65356174,POINT (113.95149220463776 22.65356173519618)
B2094251D56DA4FF4893,阳台山森林公园-石岩溪之谷,113.955242,22.6597939,石岩街道阳台山森林公园内(风景区旁、机荷高速以南的区域),,113.9503404,22.66276823,POINT (113.9503403924706 22.662768225915837)
B2094251D36CA5FB459F,阳台山森林公园-阳台山登山广场,113.9483416,22.6646191,石岩街道龙眼山村,,113.9434505,22.66760703,POINT (113.94345047798802 22.667607034552525)
B2094757DA6CA3F54593,阳台山庄,113.9402455,22.674936,石岩镇石岩大道东侧,,113.935364,22.67793656,POINT (113.93536398100507 22.677936557435466)
B2094257DA6FA4FF459A,海底捞火锅(石岩星城店),113.9484227,22.6797049,石岩街道宝石东路与羊台山路交汇处星城购物中心四层L411/L412号,,113.9435305,22.68268924,POINT (113.9435305018028 22.682689237546462)
B2094257D469A4FB4292,坂田正坑水库,114.082309,22.618408,广东省深圳市龙岗区南坪快速路,,114.077175,22.62108597,POINT (114.07717504135006 22.621085972247748)
B209445CD06CA5F94392,潮香园牛肉火锅店坂田五和店,114.063487,22.618809,坂田街道光雅园路21号(光雅园地铁站B口步行420米),,114.0583622,22.62150811,POINT (114.05836221250152 22.62150810981558)
B2094253D768A1FC419C,郭掌勺重庆老火锅老川味江油肥肠(龙岗坂田店),114.0612351,22.6189629,龙岗区坂田街道五和社区光雅园路2号102,,114.0561125,22.62166554,POINT (114.05611249788714 22.62166554304453)
B2094757D46CA2F44593,麦当劳（坂田店）,114.0611379,22.6218865,布吉坂田五河大道阳光湾畔百货首层,,114.0560152,22.62458881,POINT (114.05601520675275 22.62458881352583)
B2094751D36DA7FA489D,玲珑小院(杨美店),114.0792666,22.6273177,坂田杨美村布龙路460号(杨美地铁D出口),,114.0741324,22.62999652,POINT (114.07413240640932 22.629996523320756)
B2094354D76BA4FD429F,曼格活海鲜·榴莲自助(坂田店),114.069427,22.628069,万科·万致天地L6-06(坂田地铁站D口步行170米),,114.0642969,22.63075817,POINT (114.06429691230912 22.630758166412043)
B2094256DB6CA2FC419B,玲珑小院(杨美二店),114.07516,22.628099,龙岗区坂田街道杨美社区金竹18巷1号201-202,,114.0700269,22.63078154,POINT (114.07002693045476 22.630781536127852)
B209425DD76FA5FE4892,坂田万科广场,114.069256,22.6282553,坂田街道杨美社区东坡街3号(坂田地铁站D口接驳),,114.064126,22.63094465,POINT (114.06412601266295 22.63094465324825)
B2094354D764A4FE4392,星美乐(坂田万科广场店),114.0698649,22.6283064,东坡路3号坂田万科广场F1层(坂田地铁站D口旁),,114.0647345,22.63099497,POINT (114.06473451479759 22.6309949677794)
B2094354D568A6FD419F,敢野横膈膜烧肉,114.0689711,22.6283289,坂田街道东坡路3号坂田万科广场F6,,114.0638413,22.63101861,POINT (114.06384129835592 22.631018609073806)
B2094250DA6DABFC489D,Helens海伦司(南岭村店),114.151054,22.612701,三角街南岭村统建楼C栋一楼,,114.1460194,22.61542651,POINT (114.14601936820608 22.615426507466935)
B209445CD364A7FE439B,大芬商城美食广场,114.13812,22.61448,龙岗大道(布吉段)2241,,114.133054,22.61718455,POINT (114.13305398101859 22.61718455201659)
B2094355D064A5FD4992,龙岗区基督教布吉教堂,114.1358312,22.6190249,广东省深圳市龙岗区布吉街道东西干道5号(石芽岭公园旁边的布吉教堂),,114.1307598,22.62172545,POINT (114.13075978007018 22.621725454168224)
B2094257DA6EA6FE4493,海底捞火锅(丹竹头星悦天地店),114.1505485,22.619238,龙岗大道东部星悦天地B1层01、03、05、07-08、10-12号商铺,,114.1455122,22.62196158,POINT (114.14551215817285 22.621961582474547)
B2094253D26FABFD4498,海安安·越南粉,114.148356,22.6192488,南湾街道丹竹头恋珠东三巷1-2,,114.1433141,22.62196866,POINT (114.1433141291985 22.621968660047514)
B2094253D16CA3FE489B,陈记糟粕醋,114.1479324,22.6193958,丹竹头地铁站A出口龙岗大道3032-1-3号,,114.1428895,22.62211493,POINT (114.1428894619291 22.622114926754758)
B2094253D26AA6FA419D,步画楼(宇宏·健康花城店),114.1355079,22.6259144,科技园路宇宏健康花城西门141一147号铺,,114.1304353,22.62861334,POINT (114.13043531750549 22.628613341542152)
B209425DD16EA6FC469C,钱江艺术中心-得闲茶舍,114.1360251,22.6294731,布澜路钱江艺术中心3号楼2层,,114.1309534,22.63217214,POINT (114.13095342333102 22.6321721352086)
B2094252D369A1FC4299,钱江艺术中心,114.135808,22.629776,布吉镇布澜大道(布吉交警中队旁),,114.1307358,22.63247468,POINT (114.13073582531973 22.632474678484527)
B2094653D268A0FA429B,基督教布吉堂,114.12713,22.63519,布澜路29号西南方向120米,,114.1220395,22.63787671,POINT (114.12203953454289 22.63787670748074)
B2094355D46DA6F8409E,肉祭烧肉一番(坂田万科广场店),114.0696168,22.6284565,坂田街道坂雪岗大道和布龙路交汇处坂田万科广场L5层S-43-44,,114.0644866,22.63114536,POINT (114.06448656365413 22.631145355709393)
B2094354D46BABFA479F,寻味迹顺德菜,114.0690079,22.6285753,坂田街道杨美社区东坡路3号万致天地商业中心1栋L4-26L4-27,,114.0638781,22.63126492,POINT (114.06387805742641 22.631264917715207)
B2094353D36FA7F94092,合兴潮菜(扬马小区店),114.070863,22.628844,坂雪岗大道2004号扬马市场公交站旁,,114.065732,22.63153123,POINT (114.06573197029431 22.631531234840626)
B2094351DA69A5F94593,囍食(坂田店),114.071513,22.628999,广东省深圳市龙岗区坂田街道坂田北路2号一楼,,114.0663816,22.63168542,POINT (114.06638158836752 22.631685424573764)
B2094354D369A5FE4098,财哥烤肉传统炭火烤肉店,114.061021,22.630436,坂田街道和东街10号(五和地铁站C口步行330米),,114.0558979,22.63313702,POINT (114.0558978688654 22.633137018133926)
B209425CD26CA4F9459C,星高度云里梦想乐园-入口,114.06957,22.630566,发达路与坂雪岗大道交叉口西北方向20米,,114.0644397,22.63325454,POINT (114.06443965596492 22.63325454000959)
B209455DDB64A2FB4493,星高度云里梦想乐园,114.069076,22.631201,坂田街道发达路云里智能园13栋1层01A室,,114.0639459,22.63389006,POINT (114.06394593997318 22.633890061001505)
B2094357D06BA4F44692,步步的冰屋(龙岗坂田店),114.061034,22.6314112,和东街20-14号,,114.0559108,22.63411202,POINT (114.05591079171255 22.634112021717552)
B2094354D76FA5FF4092,屿你蛋糕店,114.063795,22.631429,屿你蛋糕,,114.0586691,22.63412546,POINT (114.0586691051399 22.634125461543924)
B209425DDB6EA1F9489C,CherryPop%喫茶店,114.0638616,22.6329771,长坑路东一巷6号B座一楼店面,,114.0587355,22.63567318,POINT (114.05873554336736 22.63567317990047)
B2094357D46BA4FF4292,钵小样·湖南钵子菜(坂田万科广场店),114.076388,22.6340949,坂田街道坂雪岗大道和布龙路交汇处坂田万科广场L2-01号铺,,114.0712541,22.63677513,POINT (114.07125410218332 22.636775127612342)
B2094252D56DAAFC419C,粤顺渔坊中山脆肉鲩火锅(坂田店),114.070864,22.639272,吉华路535号-2(粤顺渔坊),,114.0657323,22.64195732,POINT (114.06573228762485 22.641957321273942)
B2094251DB6DA6FA409C,为么斯·武汉特色烧烤(坂田总店),114.06228,22.64083,贝尔路黄金山临街商铺17号,,114.0571549,22.64352707,POINT (114.05715492245005 22.64352706598213)
B2094253D56DAAF44593,颓记茶餐厅(坂田店),114.064723,22.645472,坂田街道万科城社区新天下住宅楼1栋1楼117号,,114.0595954,22.64816442,POINT (114.05959536067812 22.648164419312362)
B2094253D064A1FB479A,林记砂锅粥烧烤美食,114.068384,22.652285,坂田街道象角塘西村口(华为地铁站B口步行170米),,114.063253,22.65497091,POINT (114.06325303580664 22.654970908916734)
B2094252D36FA1FD4498,在巷子里,114.065683,22.652429,马蹄山村六巷二号(华为地铁站D口步行250米),,114.0605541,22.65511862,POINT (114.06055409154997 22.655118617271505)
B209445CD365A0FB429B,地铁站(雪象店),114.078131,22.654057,坂田街道象角塘社区润昌工业园厂区宿舍C栋一楼7号,,114.0729953,22.6567317,POINT (114.07299530032542 22.65673169819996)
B209425CD46CA0FB4498,笨姐居民楼火锅岗头店,114.0690729,22.6545079,坂田街道岗头社区禾坪岗坂雪岗大道183号,,114.0639413,22.65719245,POINT (114.06394131729384 22.657192447124945)
B209425CD26BA0F54493,阿嬷手作(天安云谷店),114.0697429,22.6593289,坂田街道天安云谷产业园一期2栋205-1单元,,114.0646106,22.66201157,POINT (114.06461056275138 22.662011574175605)
B2094253D16CA1FC4399,加星海南鸡饭·(东南亚风味菜·天安云谷店),114.0699,22.660097,坂田街道岗头社区天安云谷产业园一期3栋ABCD座A106-107,,114.0647675,22.66277931,POINT (114.0647675125548 22.66277931156361)
B2094351D36EABF84399,星湖营地StarryLake原生态竹炭烤肉·轰趴团建·生日聚餐(坂田店),114.0890889,22.6382218,坂田街道吉华路中盛大厦7楼（吉华酒店电梯上7楼）,,114.0839545,22.64089251,POINT (114.08395447842523 22.64089250982258)
B209445CD365ABF4419A,天鹰兄弟无人机,114.10559,22.65378,甘李路3号恒特美大厦,,114.1004658,22.65644703,POINT (114.10046575280595 22.656447033965218)
B2094253D66BA5FA469D,甘坑古镇(南门),114.105713,22.654275,广东省深圳市龙岗区,,114.1005889,22.65694197,POINT (114.10058885121745 22.656941971306825)
B2094252D36CA1FB459B,甘坑客家小镇-南门,114.10572,22.654434,甘坑同富路,,114.1005958,22.65710094,POINT (114.10059584827815 22.657100940613105)
B2094356D76AABFF479D,甘坑客家小镇,114.1059323,22.6547034,同富路与甘李路交汇处北50米,,114.1008084,22.65737035,POINT (114.10080835807602 22.65737035496107)
B2094350D46CA7FB449F,夏茉冰事(甘坑古镇店),114.1058377,22.6547236,甘坑古镇南门美宜佳对面的巷子集市直走右拐,,114.1007137,22.65739052,POINT (114.10071365516522 22.657390519207112)
B2094252D464A5F8459A,瑞幸咖啡(甘坑古镇店),114.1051071,22.6556566,甘李路18号甘坑客家小镇5号楼7都一层116-5,,114.0999822,22.65832309,POINT (114.09998222305438 22.65832309373228)
B209445DD16FAAFB4099,客道宴(甘坑客家小镇店),114.10483,22.656166,布吉街道甘坑客家小镇七都一一六70号,,114.0997048,22.65883231,POINT (114.0997048035509 22.658832305399482)
B2094252D564A7FD499C,甘坑古镇,114.103888,22.656694,吉华街道甘坑社区甘李路18号,,114.0987618,22.65935994,POINT (114.09876182210782 22.659359940971537)
B2094557D56AA5FB4692,甘坑古村,114.1038846,22.6566971,吉华街道甘坑社区甘李路18号,,114.0987584,22.65936304,POINT (114.0987584185601 22.659363039472808)
B2094356D764A6FC499F,华侨城甘坑古镇,114.1031432,22.65720904,广东省深圳市龙岗区吉华街道甘坑社区甘李路18号,,114.0980162,22.6598747,POINT (114.0980162249783 22.659874701203105)
B209425DDB64A0FC4298,小隐于世·寻塔小院(甘坑古镇店),114.1017992,22.6574757,坂李大道与甘坑匝道交叉口东南240米,,114.096671,22.66014105,POINT (114.09667101537869 22.66014104877667)
B2094254DA6CA1FE4192,南香楼艺术酒店(华侨城甘坑古镇店),114.1033496,22.6574858,吉华街道甘李路18号甘坑古镇内(西北角),,114.0982228,22.66015145,POINT (114.09822284716577 22.660151446180123)
B2094256DA6EA6FF4598,鹅滋道家乡菜,114.102768,22.6576134,甘坑客家古镇主街80号楼,,114.0976407,22.66027889,POINT (114.0976406885639 22.660278894809547)
B2094356D165A4FD439E,CHAGEE霸王茶姬(深圳龙岗甘坑古镇店),114.1030798,22.65773088,吉华街道甘李路18号甘坑客家小镇2号楼A栋102号商铺,,114.0979527,22.66039641,POINT (114.0979527482927 22.660396411623644)
B209445DD26EA6FB449E,汉釜宫(甘坑客家小镇店),114.10266,22.657795,布吉街道甘李路18号号,,114.0975326,22.66046043,POINT (114.09753257619965 22.660460434923884)
B2094252DA6BA6FB489F,猫的天空之城概念书店(甘坑古镇店),114.102405,22.657825,广东省深圳市龙岗区甘李路18号甘坑古镇,,114.0972773,22.66049038,POINT (114.09727733914762 22.66049037979815)
B2094257D26BA2F44392,甘坑客家小镇状元府,114.101721,22.6581256,吉华街道甘坑社区甘坑古镇内(西北角),,114.0965927,22.6607908,POINT (114.09659270350387 22.660790799007835)
B2094253D66BA6FA489D,甘坑古镇状元府,114.1017736,22.6581644,吉华街道甘坑社区甘坑古镇内(西北角),,114.0966453,22.6608296,POINT (114.09664534756634 22.66082959908441)
B2094252D56FA1FF439F,奈雪的茶(龙岗甘坑客家小镇PRO店),114.10208,22.658228,甘坑客家小镇,,114.096952,22.66089324,POINT (114.09695201739682 22.660893236293802)
B2094252D16FAAF8479F,碧源农庄,114.1233762,22.6468142,布澜路129-1(即宝福珠宝路口),,114.118278,22.64949466,POINT (114.1182779954659 22.64949465914648)
B2094350D364A6FB4299,碧源农庄(龙岗店),114.1298215,22.6532385,布澜路129-1号,,114.1247352,22.65592484,POINT (114.12473516445733 22.655924843530805)
B2094452D06FA5FE4293,陆丰市南塘镇华山寺庙,114.1404012,22.66288167,广东省陆丰市南塘镇华山公园,,114.1353373,22.66558047,POINT (114.1353372739574 22.665580465028402)
B2094356D26BA6F44093,天台精酿·烤肉·电影·烧烤(平湖店),114.1406287,22.6706751,平湖街道田社区平安大道309号1栋6A-616室,,114.1355648,22.67337251,POINT (114.13556479205302 22.673372507681393)
B2094356D76BAAF54593,天台烧鸡·精酿·烤肉·电影(平湖店),114.1405553,22.6706828,平安大道与富民路交叉口西南120米,,114.1354912,22.67338009,POINT (114.13549122055838 22.673380094842578)
B2094253D26BAAF9449B,阿娜尔·新疆菜,114.1314549,22.673754,平湖街道禾花社区华南二道1号深圳龙岗万达广场6F层6006,,114.1263706,22.6764379,POINT (114.12637056405885 22.67643790252223)
B2094253D26BAAF94498,阿娜尔·新疆菜(龙岗万达店),114.1314534,22.6737559,禾花社区华南二道与一号路交汇处东北角华南城4号龙岗万达广场6F6006铺,,114.1263691,22.6764398,POINT (114.12636906083101 22.6764398001845)
B2094252D56BA4F84692,JoesBistro舟石威士忌餐吧(深圳龙岗万达广场店),114.1311159,22.6742816,平湖街道禾花社区华南二道1号万达广场(华南城店)6F层6020、6021,,114.1260308,22.67696495,POINT (114.12603082997566 22.67696495320346)
B209425DD66DA0FB4992,深圳禾花美术馆,114.1215439,22.6767439,平湖街道华南城核心商务区恒路E时代大厦二层,,114.1164405,22.67941611,POINT (114.11644051904565 22.67941610899094)
B2094253D16DA0FD4598,富豪酒楼,114.1294886,22.6812441,华南国际工业原料城北门富安大道1号,,114.1243998,22.68392382,POINT (114.12439976852858 22.683923817251557)
B2094354D069A5F4469A,尘八·KITCHEN8铁板烧(天安云谷店),114.0665983,22.6604621,坂田街道天安云谷二期8栋1层103,,114.0614681,22.66314873,POINT (114.06146812864299 22.663148730331876)
B2094355D765A7FC489B,陈鹏鹏潮汕菜(天安云谷店),114.0705378,22.66092135,深圳市天安云谷产业园二期4栋110室,,114.0654049,22.66360269,POINT (114.06540490513684 22.66360269004473)
B2094354D469A5FA459C,粤洲宴·5D光影艺术中心(云谷店),114.0697599,22.661778,雪岗路2018号天安云谷5栋3层,,114.0646274,22.66446013,POINT (114.06462739154394 22.664460127171196)
B2094357DA6BABFF4993,秋叶湖,114.0714067,22.6638064,深圳市龙岗区坂李大道云谷星寓东北侧约240米,,114.0662731,22.66648606,POINT (114.06627306993333 22.66648606001905)
B2094256DB6FAAF4429C,上围艺术村,114.082094,22.680228,广东省深圳市龙华区观澜樟坑径公园斜对面(宝业路北),,114.076956,22.68289369,POINT (114.07695600304538 22.6828936869725)
B2094355D76EA7F4409C,众二酒馆-日咖夜酒,114.0747192,22.6867814,深圳市龙华区观盛东路下围新邨西北侧约210米,,114.0695825,22.68945203,POINT (114.06958246166526 22.68945203091968)
B2094253D069A3FB4698,林城东北水饺(观澜河南新村店),114.06869,22.71164,观湖街道松元厦社区河南新村209-1号A102,,114.0635549,22.71431136,POINT (114.06355493423877 22.714311357174918)
B2094352D269A0F5419A,哈利·波特禁忌森林体验(深圳站),114.0812668,22.7150324,广东省深圳市龙华区观澜湖牛湖水数字艺术生活水廊西南,,114.0761266,22.7176898,POINT (114.07612657878028 22.71768980072056)
B2094552D26FAAFE4592,海上田园利百尼,114.0763108,22.71581109,沙井街道民主大道,,114.0711715,22.71847257,POINT (114.07117153612758 22.718472573497593)
B2094252DA6AA4F44099,漂卡E族卡丁车俱乐部(观澜湖生态运动公社店),114.07903,22.716509,观澜湖生态运动公社内,,114.07389,22.7191678,POINT (114.07389000700972 22.719167797997386)
B2094252D765A1FB459E,甘坑客家小镇-北门,114.102394,22.658724,甘坑路与甘坑匝道交叉口南约160米,,114.0972663,22.66138919,POINT (114.0972662701919 22.66138918717561)
B2094252DA6DA4FB4399,二十四史书院,114.101112,22.661124,甘坑古镇北区,,114.095983,22.66378847,POINT (114.0959829769142 22.663788471465022)
B209425DD06CA0F44693,二十四史书院花兮山房藏雅舍,114.100898,22.661148,甘坑匝道与甘坑路交叉口西北180米,,114.0957688,22.66381244,POINT (114.09576879306749 22.66381243940873)
B2094253D668A2FC459A,肖锅锅?湖南下饭菜(观湖店),114.084274,22.704641,25km · 观澜新联大厦153号,,114.0791344,22.70729912,POINT (114.07913440453139 22.70729912299707)
B2094251D66AA7FA459B,深圳观澜山水田园温泉(酷旅专营店),114.105801,22.713529,观澜君子布环观南路1号观澜山水田园,,114.1006731,22.71618175,POINT (114.10067306377618 22.716181747888736)
B209475CDB6EA2FB4898,观澜山水田园文化园,114.107285,22.714038,环观南路观澜街道君子布社区观澜山水田园文化园北门入园道路,,114.1021587,22.71669114,POINT (114.1021586682059 22.71669114481596)
B2094251D068A4FD4298,观澜文化小镇·鳌湖艺术村,114.088562,22.730407,广东省深圳市龙华区兴业路,,114.0834214,22.73305576,POINT (114.08342138916548 22.733055758420093)
B2094252D768A6FC4898,鳌湖艺术村,114.088393,22.730458,龙华新区牛湖村,,114.0832523,22.73310682,POINT (114.08325234233014 22.733106816355562)
B2094253DB68A6F9479E,鹿鸣·茶舍·私宴,114.087827,22.7314731,观澜街道启明街216号,,114.0826861,22.73412187,POINT (114.08268614005702 22.73412187491514)
B2094254D665AAFA439D,中国版画博物馆,114.085834,22.736353,观澜街道牛湖社区裕新路125号,,114.0806925,22.73900135,POINT (114.08069246528935 22.739001351573084)
B209425CD16AA5FA4599,本地肥姨餐厅,114.129754,22.688974,平湖街道平安大道国泰街40号,,114.1246652,22.69165217,POINT (114.1246651975992 22.691652166654364)
B209425DD16EABF9489E,星店餐厅(融湖广场店),114.121645,22.692608,平吉大道408号融湖广场1F层L1-02、L1-03,,114.1165408,22.69527647,POINT (114.11654075669634 22.695276470104623)
B2094653D268A6F8449B,大富豪酒楼(平湖街道),114.1437,22.69392,凤凰大道235号,,114.1386419,22.69661661,POINT (114.13864185296687 22.696616610638124)
B2094653D268AAFC459E,麦当劳（华南城店）,114.130965,22.694295,守珍街道114号,,114.1258783,22.69697334,POINT (114.12587831401925 22.696973335061504)
B2094257DA6AABFF4692,星店餐厅(凤凰城店),114.143575,22.695418,平湖街道平湖社区凤凰大道136号,,114.1385165,22.69811403,POINT (114.13851645508795 22.698114034358106)
B2094252D46CA5F94698,台湾牛肉面微热山丘,114.13764,22.697393,横岭路31号,,114.1325675,22.70007955,POINT (114.13256750198686 22.700079552640435)
B2094254D16DA3FE4799,福苑酒楼,114.1228273,22.7040264,平安大道96号山厦大厦1层,,114.1177244,22.70669309,POINT (114.11772437990301 22.70669308557513)
B2094252D36BA2FE4492,玄武观,114.139741,22.708897,芙蓉石场附近,,114.1346725,22.71158362,POINT (114.13467254408825 22.7115836248571)
B2094250DA6CA5FF4698,田头山,114.4236147,22.6772577,广东省深圳市坪山区,,114.4186847,22.67992641,POINT (114.41868468530475 22.679926408777327)
B2094354D468ABFE4892,绿茶餐厅(坪山悦阾space店),114.341388,22.679406,马峦街道坪环社区比亚迪路4045号悦阾购物中心4层409,,114.3364796,22.68213046,POINT (114.33647960936956 22.682130459241222)
B2094652DB6BA7FC4992,大万世居,114.342815,22.681227,马峦街道坪环社区大万路33号,,114.3379044,22.68394841,POINT (114.33790442014339 22.683948413194003)
B209445CD369A4F54393,好天地大酒楼(坪山乐安居店),114.3387158,22.6831261,中山大道3002号乐安居国际酒店,,114.3338111,22.68585462,POINT (114.33381110501598 22.685854624148448)
B2094753D46AA1F54198,杨梅坑天然潭,114.40216,22.684869,深圳大鹏杨梅坑59号新东路,,114.3972091,22.68752565,POINT (114.39720912713592 22.687525645734453)
B2094653D269A4F44192,东江纵队纪念馆,114.352944,22.686768,东纵路230-1号,,114.3480192,22.68947033,POINT (114.34801915537241 22.689470328281562)
B2094355D36AA5FA429B,张记老广味排骨饭,114.347178,22.68906807,新兰街21号,,114.3422607,22.69177975,POINT (114.34226071687048 22.691779745284727)
B2094252D66BA1F94193,海底捞火锅(坪山益田假日广场店),114.3382527,22.692026,坪山街道六联社区深圳汕路168号六和商业广场一期L2-33,,114.3333481,22.69475321,POINT (114.33334812224199 22.69475320730297)
B2094253D665A4F5449B,深圳自然博物馆,114.362454,22.692312,坪山燕子湖片区,,114.3575175,22.69499807,POINT (114.35751754546958 22.69499807280809)
B2094354D16FABF94393,客语客家菜(坪山益田店),114.3389252,22.6925263,坪山街道六联社区深汕路168号六合商业广场一期三层L3-33,,114.3340196,22.69525213,POINT (114.33401959156232 22.69525212729276)
B2094354D76EA1FB409C,何姐广西米粉(爱联路店),114.23049,22.693885,龙城街道爱联二街9号,,114.2256378,22.69671888,POINT (114.22563784103814 22.696718882511185)
B2094355D46FA7FE4399,费大厨辣椒炒肉(大运天地店),114.2195269,22.6946234,龙翔大道3001号大运天地南区LG层118号,,114.214657,22.6974472,POINT (114.2146570045864 22.6974472004126)
B2094757D069A4FD449E,深圳大运村,114.2159322,22.69468956,深圳龙岗区龙翔大道,,114.2110555,22.69750926,POINT (114.21105553760033 22.697509255007827)
B2094354DB6FAAFA409A,蔡澜港式点心(龙岗大运天地店),114.2193386,22.6948448,龙城街道黄阁坑社区大运天地购物中心3栋SL05,,114.2144683,22.69766834,POINT (114.21446834879065 22.69766834017842)
B2094355D66AA3FA479B,七八冷面·延边朝鲜族美食(大运店),114.2192669,22.6950682,广东省深圳市龙岗区龙城街道大运中心南区3栋108室,,114.2143965,22.69789161,POINT (114.21439650411921 22.697891605585447)
B2094354D06EA3FC469A,去茶山(深圳大运天地南区),114.2195941,22.695225,龙翔大道3001号深圳大运中心深圳大运天地南区L1层,,114.2147243,22.69804872,POINT (114.21472428785695 22.698048720860353)
B2094356D36DA6FB4799,味千拉面(深圳龙岗大运天地店),114.2191312,22.6953719,龙城街道黄阁坑社区大运天地购物中心南区4栋SL111号商铺,,114.2142605,22.69819508,POINT (114.21426053742537 22.698195080464398)
B2094355D46BA3FA4592,Kypiiza(大运天地店),114.2190623,22.6954964,黄阁路大运天地购物中心南区4栋1层SL112,,114.2141915,22.69831947,POINT (114.21419150366695 22.69831947343679)
B2094250D26AA4FC4092,梦谭Gallery,114.2210696,22.6957172,绿景大公馆商铺黄阁中路16-1,,114.2162024,22.69854236,POINT (114.21620238776784 22.698542355009415)
B2094354D068A1F4489E,怂火锅厂(深圳大运天地中区),114.2185029,22.6957853,黄阁路大运天地购物中心中区二层SL263号怂火锅厂,,114.2136311,22.69860768,POINT (114.21363105771627 22.698607681986758)
B2094354D36BA7FE4898,eueu.nest(深圳大运店),114.2186583,22.6957996,黄阁路200号(大运中心地铁站C口旁),,114.2137867,22.69862215,POINT (114.21378674331855 22.698622151045644)
B2094354D66AA4FB4292,原石牛扒(大运天地店),114.2183155,22.695895,龙城街道黄阁坑社区大运天地购物中心中区2栋SL173,,114.2134433,22.69871714,POINT (114.21344330411192 22.698717144889738)
B2094354D66EA2FC449F,平成屋(深圳大运天地中区),114.217265,22.696193,龙翔大道3001号深圳大运中心深圳大运天地中区L1层,,114.2123908,22.69901388,POINT (114.21239082017962 22.69901387634074)
B2094354DB69A7F9479B,潮发潮汕牛肉店(大运天地店),114.2178153,22.6963013,广东省深圳市龙岗区龙翔大道3001号深圳大运天地中区2栋2层SL259号,,114.2129421,22.69912278,POINT (114.21294214721836 22.699122777833363)
B2094253D66CA5FA4593,黄记福禄烧烤,114.2269489,22.6963011,龙城街道爱联社区新陂路116号101,,114.2220914,22.69913162,POINT (114.22209136064467 22.699131616300004)
B209445CD06CABF4419A,麦当劳(大运中心店),114.2190249,22.6963465,黄阁路大运中心旁,,114.214154,22.69916932,POINT (114.21415398107695 22.699169316455954)
B209445DD66EA4FE4093,合嘉乐茶餐厅(凤岗店),114.226121,22.696838,龙城街道爱联陂头背新陂路220号,,114.2212621,22.69966767,POINT (114.22126213590998 22.69966767332473)
B209445CD369A7F9489D,如意轩茶餐厅(爱联店),114.2329538,22.6970435,龙城街道爱联社区如意路昌盛百货一楼110,,114.2281048,22.69987824,POINT (114.22810479042265 22.699878238645738)
B2094354D164A2F9469D,探蚝出品(龙岗爱联店),114.228899,22.697459,龙城街道爱联社区余岭西路51号,,114.2240443,22.70029079,POINT (114.2240443245232 22.700290791710177)
B2094357D06AABF94199,木槿钰·创意韩餐(深圳大运天地店),114.2159923,22.6975627,龙城街道大运天地购物中心北区5栋NL104,,114.2111156,22.70038174,POINT (114.21111560289467 22.700381737233528)
B2094354DA6DAAFE4699,PINTXOS品巧思西班牙小馆(大运天地店),114.2159366,22.6976953,青春路大运天地北区5栋NL105（靠近北区湖畔舞台）,,114.2110598,22.70051424,POINT (114.21105978686688 22.700514237003542)
B2094354D26AA0FA4499,很久以前羊肉串(大运天地店),114.2159754,22.6977025,黄阁中路大运天地北区5栋二层NL208号,,114.2110987,22.70052148,POINT (114.2110986613458 22.70052148135659)
B2094354D368A0FC4793,羲和小馆(龙岗大运店),114.215874,22.697894,龙城街道黄阁坑社区大运天地购物中心北区6栋NL209,,114.2109971,22.70071281,POINT (114.21099705317354 22.70071281150307)
B209425DDB6AA4F8499A,界三口碳火烤肉餐酒馆(爱联店),114.235454,22.6979341,爱联地铁站B口恒大城市之光1097-2商铺,,114.2306081,22.70077007,POINT (114.23060808852706 22.700770069840534)
B2094354D364AAFE409D,脆鲜生-脆鲩鱼火锅大运中心店,114.215835,22.698022,龙城街道黄阁坑社区大运天地购物中心北区6栋NL107脆鲜生脆鲩鱼火锅,,114.210958,22.70084073,POINT (114.21095796954847 22.700840732157243)
B209425CDB64A3FC479A,清潮·潮菜,114.215635,22.699531,龙城街道黄阁坑社区大运天地购物中心北区7栋NL211,,114.2107575,22.7023491,POINT (114.21075748549067 22.702349104792752)
B2094252D764A5FB429F,老农民豆花饭,114.2236984,22.6995712,爱联陂头背村三巷2号,,114.2188354,22.70239797,POINT (114.21883543932633 22.7023979734046)
B2094352DA6EABFF4698,唐合兴·香港饭店(大运店),114.2155232,22.699692,深圳市龙岗区龙城街道黄阁坑社区大运天地购物中心北区9栋NL110,,114.2106455,22.70250993,POINT (114.21064545790318 22.70250992890499)
B2094252D269A3FB469F,龙岗河,114.24754,22.706347,广东省深圳市龙岗区,,114.2427052,22.70918457,POINT (114.24270521237534 22.709184569108288)
B2094351D568A5FF4098,龙岗河运动公园,114.2477091,22.709961,广东省深圳市龙岗区龙岗街道G205(龙岗大道),,114.2428742,22.71279762,POINT (114.24287420274963 22.71279761826046)
B2094355D465A3F9499A,原汁原味驴庄(宝龙店),114.2850569,22.69246459,深圳市龙岗区宝龙街道高科大道与宝龙一路交叉口西180米竹园山庄,,114.2802212,22.69528314,POINT (114.28022122892978 22.695283144975097)
B2094652DB6BA6F9429A,田头山游泳池,114.4288,22.69397,广东省深圳市坪山区坪山街道金田路476号,,114.4238771,22.69664022,POINT (114.42387708021597 22.696640222561747)
B209425DD665A2FE489F,中记港式大排档,114.3619129,22.7033732,金牛西路与四号路交叉口东北100米,,114.3569763,22.70605723,POINT (114.35697631447911 22.70605722860901)
B2094253D66BA0F94298,石溪河谷,114.41556,22.704166,环境园路B段,,114.4106181,22.70682174,POINT (114.41061805586138 22.706821743714677)
B2094253D46DA2FA4693,深圳市坪山区中心公园-大草坪,114.349652,22.704602,坪山中心公园公园六路与公园一路交汇处,,114.3447304,22.70730539,POINT (114.34473035002483 22.707305390480077)
B2094254D464A6FE449F,深圳市坪山区美术馆,114.346596,22.706864,坪山街道六和社区汇德路4号,,114.3416784,22.70957214,POINT (114.34167839979031 22.709572144393935)
B2094356D66EA1F44292,比亚迪历史博物馆,114.31744,22.7100345,广东省深圳市龙岗区同德路德庆工业区6~7栋,,114.3125656,22.71279647,POINT (114.31256557164542 22.71279647304965)
B2094251D769A0FF449B,大田世居,114.288984,22.714075,打石岭路与源盛新二巷交叉口西南220米,,114.2841438,22.71688283,POINT (114.28414382537295 22.716882827298843)
B2094253D26BA5FB489D,黄氏宗祠(江夏堂),114.3578563,22.7203989,龙田街道老坑社区松子坑路,,114.3529232,22.72308447,POINT (114.35292321493648 22.723084466580797)
B2094351D16DABFD4599,马老二成都火锅,114.2998667,22.7204314,宝龙街道龙新社区深汕路(龙岗段)265号A1栋101-108,,114.295015,22.72322134,POINT (114.29501499402035 22.723221343049072)
B2094356D26BA7FD419B,龙城小院,114.2191791,22.7104252,广东省深圳市龙岗区龙城街道龙城公园活力谷,,114.2143076,22.7132445,POINT (114.21430756435149 22.713244497469816)
B2094250D66AA1FF429B,海底捞火锅(岁宝百货店),114.2371879,22.7108976,龙城街道龙翔大道路6045号岁宝百货3楼海底捞,,114.2323432,22.71373104,POINT (114.23234320437498 22.713731038006266)
B209445CD06CAAF54299,韩盛苑(鸿基花园东区店),114.2420418,22.7110897,鸿进路9号(吉祥地铁站D口步行370米),,114.2372022,22.71392495,POINT (114.23720215409227 22.713924953413056)
B209425CD365A6F54792,螺欢喜螺蛳粉火锅,114.2440857,22.7114089,西埔路5号(吉祥地铁站C口步行260米),,114.2392479,22.71424459,POINT (114.23924787470546 22.71424458967476)
B209425DD76DA0FA469C,DODO泰面·泰式面馆(万科广场店),114.2424315,22.712267,鸿基商业街49号(吉祥地铁站C口步行470米),,114.2375921,22.71510205,POINT (114.23759214356593 22.715102046548072)
B209445CD36AABFB479B,春满园(龙源盛世店),114.24287,22.71284,龙翔大道7188号万科广场4楼39号(吉祥地铁站C出口),,114.238031,22.71567501,POINT (114.23803100958958 22.715675009878886)
B2094252DB65A4FE489E,鲜潭蒸汽石锅鱼(万科广场店),114.2437946,22.7142756,龙翔大道7188号深圳龙岗万科广场F4层,,114.2389563,22.71711045,POINT (114.23895634076429 22.7171104455942)
B209475CD565A1FB419F,深圳龙岗万科广场,114.24373,22.714333,龙翔大道7188号,,114.2388917,22.71716782,POINT (114.23889168080049 22.71716781509018)
B2094251DB6EA5FA419C,春满园(万科广场),114.2436574,22.7146688,龙翔大道7188号万科广场4层39号,,114.238819,22.71750351,POINT (114.23881899594629 22.71750350639778)
B2094352D065A1FE489B,星湖营地StarryLake原生态竹炭烤肉·团建聚餐·生日(龙岗店),114.2575182,22.714912,向银路92-1号汉富智慧城A栋8楼天台,,114.2526879,22.71774623,POINT (114.25268790899725 22.71774623029897)
B2094251DB6BAAF4419D,MEAT吃肉酒肆·牛排馆(龙岗万科店),114.2463651,22.715993,龙翔大道阳光里2楼,,114.2415288,22.71882784,POINT (114.24152883119564 22.718827836125453)
B209425CDA6AA7FD4998,MEAT吃肉酒肆·牛排馆(龙岗万科店),114.2509488,22.7166117,龙城万科里L1-20号,,114.2461156,22.71944657,POINT (114.24611555046263 22.719446566424352)
B2094251D464A3F84099,大话三城重庆火锅(向银路店),114.2562248,22.7167524,区龙岗南联社区恒昌商务大厦一楼,,114.251394,22.71958647,POINT (114.25139397311774 22.719586470635182)
B2094551D46AA2FE419F,深圳·红立方,114.24852,22.717157,龙翔大道8028号,,114.2436852,22.71999171,POINT (114.24368520469 22.719991709048383)
B2094251D36BA3FE499C,深圳红立方公共艺术与城市规划馆,114.248617,22.717159,龙翔大道8028号,,114.2437823,22.71999371,POINT (114.24378226965081 22.71999371307045)
B2094253D268A1F9429D,光明小镇欢乐田园,114.25533,22.717655,深惠路711-749号,,114.2504988,22.72048902,POINT (114.250498785214 22.720489023877878)
B2094254D56AA5FB429B,同仁四季椰子鸡(龙城万科里店),114.251492,22.7176916,龙城大道3999号龙城万科里L1层46-47号,,114.246659,22.72052614,POINT (114.24665898592653 22.720526138941185)
B2094355DB6BA2FD419F,深圳红立方-科技馆,114.2476297,22.7180275,广东省深圳市龙岗区龙翔大道8028号,,114.2427942,22.72086191,POINT (114.24279423351996 22.720861909488942)
B209445CD364A5FD419E,有汁有味驴庄(中心城店),114.2296616,22.7189749,龙城街道清林中路95号1层,,114.2248067,22.72180153,POINT (114.22480666325569 22.721801525692335)
B209445DD168A0FF409B,有汁有味驴庄(中心城店),114.239665,22.71927,龙岗街道清林路95号一楼,,114.2348225,22.72210221,POINT (114.23482247553545 22.722102205363935)
B2094351D66AABFC409D,泰叮叮·泰式小馆(龙城CC店),114.2143616,22.7202942,中心城龙城CC创意街区1栋泰叮叮,,114.2094803,22.72310517,POINT (114.20948026004362 22.723105173023708)
B209425CDA6BAAF44393,澳门永利皇宫,114.26894,22.721075,建威路与建新路交叉口东南100米,,114.26411,22.72390177,POINT (114.26411004480883 22.723901771888922)
B2094253DB6FA5F8449C,信长寿司(龙岗店),114.2402396,22.7211551,龙潭路111号,,114.2353975,22.72398699,POINT (114.23539754695342 22.72398699266067)
B2094251D16EA7FB469A,悦得闲广式点心茶楼(龙岗中心城店),114.232491,22.721205,禾田路52号上影影城1楼,,114.2276398,22.72403297,POINT (114.2276398406832 22.724032970504062)
B2094253D06CAAFC4593,顺记潮汕桐坑牛肉店(淇腾综合楼店),114.2212124,22.722029,白灰围一路127淇腾综合楼F1层,,114.2163438,22.72484726,POINT (114.21634375987281 22.724847260194775)
B209445CD36BABFA489A,山东老家(龙岗路店),114.2700915,22.7224977,龙岗路创富时代名苑1-2层商铺,,114.2652612,22.72532323,POINT (114.26526123841333 22.725323230550018)
B209425CD364A0FA429F,上品餐餐厅(南联店),114.2696599,22.7226514,龙岗路东森商业大厦19号1层,,114.2648297,22.72547721,POINT (114.26482971561597 22.725477208158445)
B2094750D36BABFF479B,PCC深圳龙岗摩尔城店,114.268166,22.723003,深圳市龙岗区深惠公路860号摩尔城购物中心一楼S150Z号商铺,,114.263336,22.72582977,POINT (114.26333603824091 22.72582976907807)
B2094354DB6CA4F44592,水塔糕徽州人家(龙河路一巷店),114.2587434,22.7233729,南联龙河巷与龙园路辅路交叉口西北80米,,114.2539129,22.72620439,POINT (114.25391290388596 22.7262043897564)
B2094254D66BA2F8489F,海底捞火锅(天玑城店),114.2664949,22.7238392,龙岗大道与碧新路交汇处锦泰城商业广场二层A210、A211、A218,,114.2616651,22.72666682,POINT (114.26166505508758 22.72666682447362)
B2094357D468ABFF4599,海底捞火锅(锦泰城店),114.2662942,22.7241819,龙岗大道与碧新路交汇处锦泰城商业广场二层A210、A211、A218,,114.2614643,22.72700955,POINT (114.26146434626783 22.727009551798847)
B209425DD568AAFA449C,闽南古早味小吃(城龙花园店),114.249647,22.725985,龙城街道尚景社区龙福路156号城龙花园3栋42号,,114.2448124,22.72881726,POINT (114.24481237512177 22.728817261908684)
B209425CDB6EA2FB479C,禾粤枫茶楼(欧景花园店),114.2331933,22.727142,回龙埔地铁站D口步行390米,,114.2283427,22.72996873,POINT (114.2283426867415 22.729968732680796)
B2094653D26AABFB479D,鹤湖新居,114.2660263,22.7276344,新瑞路21号,,114.2611962,22.73046123,POINT (114.26119624152338 22.730461231296104)
B2094652DB6BA7FD4193,龙岗客家民俗博物馆,114.2662115,22.7277691,罗瑞合北街1号(龙园地铁站B口步行310米),,114.2613814,22.73059578,POINT (114.26138142301858 22.73059577972464)
B2094653D269A4FE499D,龙岗河桥,114.2617646,22.729092,广东省深圳市龙岗区,,114.2569343,22.73192067,POINT (114.25693429640899 22.731920665842956)
B2094653D26AA3F94098,芙蓉楼龙岗店,114.2626426,22.7294134,碧新路2208-3号,,114.2578124,22.73224156,POINT (114.25781236750609 22.73224156331579)
B209425DD265A2F94499,鸟鹏烧鸟居酒屋(仁恒梦店),114.22538,22.730011,仁恒梦中心L1层W11号商铺(仁恒理想汽车左侧),,114.2205178,22.73283099,POINT (114.22051784413463 22.732830988498762)
B2094253D469AAF8419D,南粤光明乳鸽(龙岗仁恒店),114.2259588,22.7300561,龙城街道仁恒梦中心东门入口处(库迪咖啡对面),,114.2210976,22.73287659,POINT (114.22109756237758 22.73287658610303)
B209425CDA69A6F94093,大渔铁板烧(仁恒梦中心店),114.224746,22.73013,愉龙路223号仁恒梦中心L3-08,,114.2198828,22.73294938,POINT (114.21988281334694 22.73294938184463)
B2094357DB6FA4F9479C,争鲜回转寿司(龙岗仁恒梦中心PLUS店),114.225831,22.730143,愉龙路仁恒梦中心LG层13号,,114.2209696,22.73296335,POINT (114.2209695545197 22.73296334919122)
B2094354D56CA2F54392,八合里牛肉火锅(深圳仁恒梦中心店),114.2256729,22.7304194,愉龙路仁恒梦中心外街L2层W04号,,114.2208112,22.73323953,POINT (114.22081118576547 22.733239530163107)
B2094757D76BA3F5449C,麦当劳（龙平东路店）,114.266426,22.731241,龙岗区龙平东路,,114.2615957,22.73406655,POINT (114.261595688974 22.73406654522181)
B2094554D469A6F9439C,光明乳鸽,114.25423,22.73286,龙城街道盛平社区楚丰广场禾田小筑南16铺,,114.2493974,22.73568991,POINT (114.24939736613965 22.735689907147506)
B2094357D26AA4F4459F,大窝岭郊野径驿站,114.223838,22.7348754,广东省深圳市龙岗区龙城街道龙岗儿童公园,,114.218973,22.73769256,POINT (114.21897301938509 22.737692555459727)
B2094354D664A0F54698,星高度魔法村,114.225807,22.735403,龙城街道回龙埔社区儿童公园,,114.2209452,22.73822179,POINT (114.22094518087462 22.738221793186874)
B2094355D069A5F54599,一沙一城·岩烤牛扒(深圳首店),114.2312972,22.7359911,愉龙路与龙平西路交口东北角深圳仁恒梦中心LG,,114.2264435,22.73881402,POINT (114.22644348259797 22.738814020967514)
B2094557D768A5F44792,龙兴寺,114.262289,22.736065,格水路92号,,114.2574583,22.73889139,POINT (114.2574583113231 22.738891390756756)
B2094253D76EA2FD469E,大窝岭,114.222128,22.73674,龙岗区,,114.21726,22.73955494,POINT (114.21726001086506 22.73955494490031)
B2094356D46FA6FB419F,星高度魔法村儿童公园游乐园,114.225363,22.7367781,盐龙大道与回龙路交叉口北侧龙岗儿童公园内,,114.2205004,22.73959609,POINT (114.22050036808754 22.73959609194996)
B2094253D16DA7F94798,寿司郎(壹方天地店),114.0322552,22.6432385,工业路与龙华大道交汇处壹方天地D区B1层,,114.0271772,22.64599927,POINT (114.02717718584728 22.645999272935054)
B2094252D46FA1FD479B,怂重庆火锅厂(深圳龙华壹方城店),114.0311293,22.643263,壹方天地C区壹方城3楼032号商铺,,114.0260536,22.64602672,POINT (114.02605364469964 22.64602672385044)
B2094253D16EA3F94398,怂重庆火锅厂(龙华壹方城店),114.0311268,22.6432698,壹方天地C区壹方城3楼032号商铺,,114.0260511,22.64603353,POINT (114.02605114953667 22.646033529126864)
B2094253D76EA5FB4392,大渔铁板烧(深圳龙华壹方城店),114.032872,22.643688,工业路与龙华大道交汇处壹方天地D区L2层,,114.0277927,22.64644708,POINT (114.02779267809863 22.646447079850596)
B2094253D46BA6F94698,阿娜尔·新疆菜(壹方天地黑金店),114.033878,22.643981,壹方天地D区L2-025,,114.0287966,22.64673743,POINT (114.02879659648136 22.64673742509194)
B2094252D36BA1F8449E,文记虾一跳(龙华店),114.0197934,22.6444251,大为商务时空西北门旁,,114.0147431,22.64721992,POINT (114.01474311634463 22.64721992020205)
B2094354DA68A3F8439B,马厂老火锅(壹方天地店),114.0330984,22.6448686,鸿光路与鸿发路交叉口东北80米（江苏银行停车场出入口旁）,,114.0280185,22.64762686,POINT (114.02801853468308 22.64762686209134)
B209425DD364AAFE4293,阳台山森林公园(陶吓入口),114.00185,22.645693,石岩街道龙腾路龙眼山村阳台山森林公园内(东侧),,113.996844,22.64854092,POINT (113.99684397556855 22.648540924609673)
B209425CDA6FA0FB489F,MEAT吃肉牛排馆Travel(深圳龙华壹方城店),114.028927,22.6462387,龙华人民路与鸿尚路交叉口壹方天地B区L1层,,114.0238559,22.64900771,POINT (114.02385586443653 22.649007710974523)
B2094352D768AAFB4192,山禾田·日料小屋(壹方天地B区店),114.029271,22.646503,龙华区龙华街道景新社区龙华人民路4020号壹方天地B区3楼,,114.0241991,22.64927103,POINT (114.02419910295156 22.64927103407846)
B2094256D664A1FF4198,79号渔船海鲜饭店(龙华店),114.029397,22.647078,壹方天地B区3层,,114.0243248,22.64984558,POINT (114.02432479370808 22.64984558197659)
B2094257D069ABF8439A,卡朋西餐(龙华壹方天地店),114.0294,22.647259,人民路壹方天地B区L2层001,,114.0243278,22.65002654,POINT (114.02432777548039 22.650026537923758)
B2094253D664A1FB4893,卡朋西餐(壹方天地店),114.029055,22.647316,人民路4022号壹方天地B区L2层,,114.0239835,22.65008445,POINT (114.02398351715648 22.650084452794797)
B2094351D46DA6FB4598,DQ·蛋糕·冰淇淋(龙华壹方天地店),114.028539,22.6481321,景龙社区人民路4022号壹方天地A1区L1-033A/035,,114.0234686,22.65090178,POINT (114.02346858448944 22.650901780328315)
B209445CD36AA4FD4599,香稻园胜记海鲜(龙华店),114.024006,22.64812,建设路198号,,114.0189457,22.65090215,POINT (114.01894569540582 22.650902146879446)
B209425DD46DA5FF449F,北村韩食·活烤鳗鱼·大片烤肉(壹方天地A区店),114.028061,22.648286,人民路4022号壹方天地A区L1层,,114.0229916,22.65105694,POINT (114.02299161815145 22.65105694296866)
B209425CDB6EA2FA489F,庆华年螺蛳粉火锅(壹成中心第六区店),114.0328758,22.6485972,龙华街道东环一路267号,,114.0277962,22.6513553,POINT (114.0277961510547 22.6513552992141)
B2094253D06FA4FD4499,珮姐重庆火锅(龙华直营店),114.0275818,22.6486079,人民路4022号壹方天地A区L2层,,114.0225134,22.65138008,POINT (114.02251344905241 22.651380080278642)
B2094257DA64A5FB499D,茶二·精萃茶店(壹方天地店),114.02756,22.648853,人民路4022号2栋壹方天地A区L1-017,,114.0224917,22.65162519,POINT (114.02249168111521 22.65162519041026)
B2094251D168ABF54092,喜茶(壹方天地A区店),114.027508,22.6488882,人民路与八一路交汇处壹方天地A区L1-015/016层商铺,,114.0224398,22.65166052,POINT (114.02243979332165 22.65166052493575)
B2094554D06FA2F4409D,南粤光明乳鸽,114.0224422,22.6492155,龙发路215正东方向20米,,114.0173854,22.65200182,POINT (114.01738541546845 22.65200182297538)
B209425DD165A3FA469E,夜幕炭火烧鸟(华盛珑悦店),114.031658,22.6494815,鸿尚路华盛珑悦小区南门旁右边第一间商铺(华盛珑悦大厦后面),,114.0265808,22.6522426,POINT (114.02658082782952 22.65224260062322)
B2094252D368A7FE409F,萨莉亚意式餐厅(壹方天地店),114.0273568,22.6495065,人民路壹方天地A区B1层,,114.0222889,22.65227911,POINT (114.02228888644242 22.652279112513785)
B2094257DB65A4FD429D,一安寿司刺身(龙华店),114.024339,22.6495746,碧波花园12栋3铺,,114.0192778,22.65235552,POINT (114.01927784281276 22.652355524558345)
B2094256DB6FA7FA4493,一安料理(网红拔草店),114.02435,22.649578,龙发路130号碧波花园12栋,,114.0192888,22.65235889,POINT (114.01928881758568 22.65235889318674)
B2094250D06EA3F4489A,露两手顺德菜(龙华旗舰店),114.0208354,22.6499977,龙华街道和平路307号(龙华地铁站D口步行200米),,114.0157823,22.65278843,POINT (114.01578230455304 22.652788428376134)
B2094253D16EABFC4693,大随求素食龙华店,114.0172913,22.6514141,工业路3号六度大厦B201(二楼),,114.0122465,22.65421476,POINT (114.01224652360236 22.654214756334998)
B2094750D764A7FB429F,太清凉茶甜品店(龙华地铁中心店),114.021186,22.651564,宝安区龙华街道和平路青年城邦园1栋144号,,114.016132,22.65435341,POINT (114.01613198284095 22.65435341057801)
B209425CDB64A7FC419A,董苗苗鲜货火锅(青年城邦园店),114.021129,22.6516163,龙发一路410号(龙华地铁站C口步行100米),,114.0160751,22.65440586,POINT (114.01607511263803 22.654405862262823)
B209445CD364A1FD4393,豫东全羊汤馆,114.028032,22.6523088,建达路华侨苑复式楼1009(金侨花园后门),,114.0229624,22.65507901,POINT (114.02296242036013 22.65507900648922)
B209425DD76DA4FB4198,白玉串城.朝鲜族烤串(壹城中心店),114.0306682,22.6523659,星潮泰未来城,,114.0255929,22.65512903,POINT (114.02559292953823 22.655129025454602)
B2094354D664A6FE4892,小会哈尔滨烧烤,114.025259,22.653958,龙华街道和平路252号(龙华地铁站B口步行330米),,114.0201955,22.65673547,POINT (114.02019547579292 22.656735470746742)
B2094253DB6AA3F4449F,野妹火锅(龙华店),114.020218,22.654101,人民北路美丽AAA花园商务酒吧街B03铺,,114.0151661,22.65689265,POINT (114.0151660883105 22.65689265379943)
B2094350D06EA7FD489E,三肥七瘦·鲜切烤牛肉(深圳总店),114.0260922,22.6545241,和平路236号,,114.0210268,22.65729915,POINT (114.02102676891994 22.65729915153236)
B2094354D068A6F4449F,港鸿茶餐厅,114.0244459,22.6556567,三联山咀头小区一区东南门西80米,,114.0193841,22.65843608,POINT (114.01938410520025 22.658436077616887)
B2094252D66BA6FD439C,欢乐牧场(iCO时尚购物领地店),114.036736,22.656067,东环二路8号iCO时尚购物领地F4-L4C-006,,114.0316481,22.65881375,POINT (114.03164810977606 22.65881374901696)
B2094357D26EAAF4489B,海底捞火锅(星河iCO店),114.0365124,22.6561598,广东省深圳市龙华区东环二路8号星河iCO购物广场2楼A07号商铺(西南门旁),,114.0314249,22.65890709,POINT (114.03142494095556 22.65890708715549)
B2094350D169A7F94093,喜茶(深圳龙华星河iCO店),114.0366554,22.6561881,东环二路与建设东路交汇处龙华星河iCO商场首层L1S-011C、L1S-011A号铺,,114.0315677,22.65893502,POINT (114.03156765931946 22.658935024477632)
B2094555DB6DA7F5489B,尚客潮汕砂锅粥大排档,114.02218,22.65616,骏华北路7,,114.0171234,22.65894564,POINT (114.01712337197281 22.6589456380059)
B209425DD36AA7F4499B,金稻园砂锅粥(星河iCO店),114.0365169,22.656466,龙华街道富康社区东环二路8号中执时代广场B座1层L1S-015A、L1S-015E,,114.0314294,22.65921321,POINT (114.03142941220698 22.65921321172927)
B2094256DB6DA0F8469D,希尔顿逸林酒店開海鲜自助餐厅,114.0358,22.65658,龙华区龙华街道东环二路8号维雅德酒店A座,,114.0307139,22.65932898,POINT (114.03071391669071 22.659328984871042)
B209425CD569A5FC4793,笨姐居民楼火锅龙华店,114.0346221,22.6568658,龙华街道三联社区东环二路美丽家园南区4栋109-111,,114.0295384,22.65961771,POINT (114.02953835110324 22.659617708382033)
B209425DD26FA3F8449B,龙华公园-龙峰塔,114.018033,22.6572575,公园路与景龙中环路交叉口东北120米,,114.0129861,22.66005479,POINT (114.01298606767206 22.66005479098437)
B2094653D26EA2FB429B,成都牛王庙面馆(龙华店),114.01846,22.66078,花园大街14-15号,,114.0134118,22.66357531,POINT (114.0134118200683 22.663575305250273)
B2094355DB6DA0FB469C,大二街粉店·广西小吃集市(清湖店),114.0352114,22.6627098,龙华街道清泉路110号-7号（清湖地铁站C1口西行100米）,,114.0301261,22.66545896,POINT (114.03012608839886 22.665458962401257)
B209425DD46FA5F54798,大二粉店广西小吃集市,114.035235,22.662713,清泉路110-7(清湖地铁站C1口步行190米),,114.0301496,22.6654621,POINT (114.03014964105166 22.665462101936093)
B209425DDA68A2FA4692,大千金齐齐哈尔烤肉,114.034152,22.663322,龙华街道三联社区富茂路1-2号,,114.0290688,22.66607373,POINT (114.02906878135329 22.666073728017352)
B2094352D064A7F9449D,掌柜清溪院子,114.019633,22.6656826,深圳市龙华区大浪南路与建辉路交叉口向西南22米,,114.0145817,22.66847346,POINT (114.01458171744092 22.668473456633706)
B2094350D76DABFC489F,哆米咖柠,114.0014117,22.6668136,深圳市龙华区华荣路三合华侨新村,,113.9964054,22.66965843,POINT (113.99640542474947 22.66965842855661)
B2094752DB6BA2FE439F,福田菲林酒吧,114.02793,22.668657,广东省 深圳市 购物公园B区1楼133号,,114.0228596,22.67142398,POINT (114.02285958163148 22.671423977772367)
B2094252D26DA3FA459B,小阳台山顶,113.981357,22.6517753,福龙路(阳台山森林公园),,113.9764016,22.65468326,POINT (113.97640160236926 22.654683264545792)
B2094251D06BA0FB449B,羊台山森林公园-羊台叠翠,113.981277,22.652037,福龙路(羊台山森林公园),,113.9763218,22.65494514,POINT (113.97632177618405 22.65494514213093)
B2094250D364A1FC459A,阳台山森林公园-七星亭,113.98159,22.652315,小阳台山顶内,,113.976634,22.65522218,POINT (113.9766340121083 22.655222180470783)
B2094251D56EA6FB489E,阳台山森林公园-揽胜台,113.9865891,22.657966,大浪阳台山森林公园内(东侧),,113.9816206,22.66085737,POINT (113.98162063399 22.660857369766948)
B2094250D26EA2F9469A,阳台山森林公园-玻璃栈道,113.9865814,22.6579732,阳台山森林公园内(东侧),,113.981613,22.66086459,POINT (113.98161295244486 22.660864591023355)
B2094251D06CA6F5479E,阳台山,113.980109,22.662463,广东省深圳市龙华区,,113.9751559,22.66537231,POINT (113.97515587853046 22.66537230819047)
B2094251D06FA4FB4798,阳台山东(地铁站),113.9916,22.667894,6号线/光明线,,113.9866185,22.67076827,POINT (113.9866184544818 22.67076826658356)
B2094252D064A2F4429B,阳台山森林公园-棕榈岛,113.9841574,22.6687666,阳台山森林公园内(东北角),,113.9791942,22.67166278,POINT (113.97919417812903 22.67166277743945)
B2094253D26FA1FC479E,阳台山森林公园(大浪入口),113.986067,22.669908,大浪街道布龙路,,113.981099,22.6727983,POINT (113.9810990483782 22.67279830499726)
B2094252D56AA5F84999,希岸酒店(深圳宝安石岩阳台山店),113.9631384,22.6834175,宝石东路88号,,113.9582209,22.68636776,POINT (113.95822086967999 22.68636776483722)
B2094351D76AA0FE4692,盈粤顺德菜(深圳首店),114.0384482,22.6571683,首创商务大厦郎园Garden二层205-207,,114.0333569,22.6599106,POINT (114.03335694117645 22.659910595786787)
B209445CD06DA0F9459F,芙蓉楼(龙华店),114.040886,22.65954,龙华三联路兴万和商业广场1-2层,,114.0357901,22.66227593,POINT (114.03579005359023 22.662275931783668)
B2094251D26CA5F54699,颓记,114.0405127,22.6599911,梅龙大道和景龙建设路交汇处百富汇建材城旁边正西方向180米,,114.0354174,22.66272782,POINT (114.03541740575218 22.662727821213835)
B209425DD06FA7FF459B,粤顺渔坊中山脆肉鲩火锅(华为基地店),114.0579686,22.6603221,坂田街道岗头社区新围仔五和大道4008号全季酒店一楼,,114.0528469,22.66302242,POINT (114.052846874637 22.663022417063473)
B2094357D46DA2FE479F,海底捞火锅(星河ico夜宵主题店),114.0430284,22.6620383,广东省深圳市龙华区东环二路8号星河iCO购物广场2楼A07号商铺(西南门旁),,114.0379285,22.6647687,POINT (114.0379284699025 22.664768695977294)
B2094555D06CABFF479F,清湖西村7巷13号,114.04625,22.66912,清湖新村西八巷7-13,,114.0411442,22.6718416,POINT (114.04114416356394 22.67184159925723)
B2094350D66FA4F5409C,星湖营地StarryLake生态竹炭烤肉·团建·生日(龙华店),114.0377684,22.6710056,清华社区清荣路华爵科技园集装箱1号整套,,114.0326775,22.67374654,POINT (114.03267753785649 22.673746537467203)
B2094354D06CA5F44098,掌柜清湖小院,114.039681,22.671657,龙华和平路26号A栋,,114.0345865,22.67439314,POINT (114.0345864804601 22.67439313712063)
B2094256D464A4F94998,观澜河湿地公园,114.044875,22.682504,G15沈海高速北150米,,114.0397706,22.68522554,POINT (114.0397705684051 22.685225542916644)
B2094251D568A6FC4492,观澜河人工湿地-北门,114.04418,22.68427,新竹街与永顺街交叉口正南方向24米,,114.0390766,22.68699268,POINT (114.03907663072714 22.686992682566665)
B2094557D26EA6FD409B,潮汕砂锅粥大排档(大浪南路店),114.0172,22.66965,大浪南路茶缘茗茶旁,,114.0121543,22.67244701,POINT (114.01215426155244 22.672447010962827)
B2094354D66EA0FC4399,文记虾一跳(龙华汽车站店),114.028741,22.671463,龙华街道玉翠社区清泉路184号良基智汇大厦108-111,,114.0236686,22.67422715,POINT (114.02366862891338 22.674227151506834)
B2094354D768A7FA429E,冯校长老火锅(龙华大浪店),113.9931923,22.6746351,大浪街道大浪商业中心14栋14-33,,113.9882063,22.67750305,POINT (113.98820632259907 22.677503047096522)
B209425CDA69A5FF439A,印象成都老火锅(大浪商业中心店),113.992807,22.675521,大浪街道同胜社区同富裕工业园16栋119号(大浪商业中心4号门),,113.9878219,22.6783899,POINT (113.98782193461537 22.67838990327475)
B2094350D16DA1FB459F,深圳市恒远海立方环游城,113.9929747,22.6781441,深圳市龙华区横郎社区后浪新天地第26栋,,113.987989,22.68101189,POINT (113.98798904413083 22.68101188707529)
B2094253D06EA4FC409F,渝月(后浪新天地店),113.993895,22.6782661,大浪街道横朗社区同富裕工业区22栋2层22201,,113.988907,22.68113108,POINT (113.98890701928077 22.68113108357827)
B2094253D26CA6F84192,湖湘畔渔家小院,114.001462,22.6786724,大浪街道华旺路163号ICC工业园,,113.9964548,22.68151437,POINT (113.99645483213173 22.6815143678652)
B2094354D26BA5FB409B,观天路网红隧道茜坑端(入口),114.0241518,22.688811,观天路隧道茜坑端入口,,114.0190885,22.69158365,POINT (114.01908852107393 22.69158364839653)
B2094354D46CA1FB4599,肯德基(浪荣路店),113.9919756,22.6926656,大浪街道浪荣路大浪万联购物广场F1层,,113.9869915,22.69553287,POINT (113.98699151886159 22.695532873679866)
B2094257D269A2FE489C,深圳绿道,113.999581,22.698943,新岭路93-25号,,113.9945773,22.70178568,POINT (113.99457729505811 22.701785683980088)
B209425DD669A7FA499A,慕野营地,113.936073,22.690591,石岩街道北环路134号,,113.9311947,22.69359449,POINT (113.93119468348746 22.69359449101259)
B2094252D36EA3FB4392,光明文化艺术中心美术馆,113.937683,22.746362,光明街道创投路与观光路交叉口东北100米,,113.9327996,22.74934755,POINT (113.93279960554943 22.749347548626123)
B2094253D165AAFE449A,南粤光明乳鸽(虹桥公园店),113.9527565,22.7485475,虹桥公园北20米(羊川路西),,113.9478533,22.75150406,POINT (113.94785332632034 22.75150406385444)
B2094750D26CAAF44893,刘冰红烧乳鸽店,113.93573,22.74903,宝安区光明新区16栋(招待所大门对面),,113.9308483,22.75201774,POINT (113.93084827614997 22.752017743649894)
B209425CDA6CAAF5499C,味为先光明乳鸽(光明总店),113.9496444,22.7553265,河心北路24号,,113.9447456,22.75828751,POINT (113.94474559759618 22.758287510018622)
B209445CD36AA1F5469F,味为先光明乳鸽店,113.9496753,22.7554049,河心北路24号,,113.9447764,22.75836582,POINT (113.94477644670962 22.75836582218784)
B2094653D26AA3F9499E,光明黎姨乳鸽(光明客运站店),113.94108,22.75664,光明客运站旁,,113.9361923,22.75961676,POINT (113.93619234927024 22.759616758122725)
B209445CDB6DA2FD419F,光明香盈乳鸽光明总店,113.94121,22.75668,光翠路17,,113.9363222,22.75965652,POINT (113.93632219897067 22.759656521562473)
B2094356DB6AA4FE499E,光明乳鸽凤凰海鲜酒楼光明总店,113.9431906,22.75834409,广东省深圳市光明区光明街道光翠路光明广场1-2楼,,113.9383003,22.76131659,POINT (113.93830032906001 22.761316587996486)
B2094252D765A1FE479E,老字号南粤光明乳鸽(光明总店),113.956323,22.758548,广东省深圳市光明区光明街道体育公园路9号,,113.9514132,22.76149354,POINT (113.9514132410491 22.76149353752209)
B209425CDA6BA2F9459B,tastemeta隐食花园餐厅,113.989584,22.684254,大浪街道园富路,,113.9846064,22.68713051,POINT (113.98460643701786 22.6871305099862)
B209425DD568A2F9489F,深圳美术馆新馆,113.970682,22.691778,德政路10号,,113.9657484,22.6947067,POINT (113.96574838506194 22.69470669529089)
B2094252D269A3FC469B,大顶岭山林公园绿道-入口,113.96195,22.733496,X231与华创路交叉口东北方向40米,,113.9570316,22.73643584,POINT (113.95703156927927 22.736435839245186)
B2094253D26FA3FB479D,大顶岭绿道,113.961882,22.733499,大顶岭山林绿道公园,,113.9569637,22.73643901,POINT (113.95696369938446 22.736439005078495)
B2094357D765A6FB409D,碧眼水库,113.9581276,22.7475315,广东省深圳市光明区虹桥公园内,,113.9532154,22.7504763,POINT (113.95321536554616 22.75047629737167)
B2094652DB68A7F9429A,光明滑草游乐园,113.962991,22.754429,清和路旁,,113.9580692,22.75735994,POINT (113.95806921698247 22.757359942329234)
B2094251D369A1F44898,大顶岭山林公园玻璃栈道,113.970082,22.756879,马拉松山湖绿道,,113.9651455,22.75979089,POINT (113.96514550759325 22.759790890996157)
B2094254DA6AAAFF409D,光明农场大观园,113.961929,22.760355,碧水路88号,,113.9570089,22.7632867,POINT (113.9570088908559 22.763286697340533)
B2094251DA6BA5F94498,深圳国家现代农业科技展示中心,113.96839,22.763193,光明街道迳口新村,,113.9634567,22.76610737,POINT (113.96345670121576 22.76610736895048)
B2094257D66BA2F44898,华侨城光明欢乐田园,113.961783,22.776247,楼村一号路,,113.9568622,22.7791739,POINT (113.95686215269401 22.779173898612317)
B209425CD76EA1FD4798,观澜湖生态运动公社-国际网球场B区,114.0796972,22.7172788,观澜高尔夫大道1号观澜湖生态运动公社内(南侧),,114.074557,22.71993682,POINT (114.0745570342388 22.71993682435562)
B2094253D668A2F9409B,卡鲁冰雪世界,114.079478,22.718136,观澜湖生态运动公社内(东南角),,114.0743378,22.72079397,POINT (114.07433781575685 22.72079396942126)
B2094452D465A1FB439C,观澜湖生态运动公社,114.079301,22.718649,高尔夫大道1号观澜湖生态体育公园内,,114.0741608,22.72130698,POINT (114.07416081428453 22.721306975849416)
B209425CD664A3FC4399,观澜湖生态运动公社-游乐场,114.0794821,22.7189317,观澜高尔夫大道1号观澜湖生态运动公社内,,114.0743419,22.72158945,POINT (114.07434186278849 22.721589445197612)
B2094252D46DA2FE4698,深圳观澜海洋世界,114.078431,22.721469,高尔夫大道13号(观澜湖地铁站A口步行50米),,114.0732908,22.72412694,POINT (114.07329080936731 22.724126940362183)
B209425DD765ABFE4992,舟市水产海鲜自助主题(观澜湖店),114.075351,22.7219029,高尔夫大道8号观澜湖新城MHMALL一期4层,,114.0702117,22.72456365,POINT (114.07021171081264 22.724563650909438)
B2094354D16FA2FC4993,山田徽农(观澜店),114.0746668,22.722358,观澜街道广培社区高尔夫大道8号1栋观澜湖新城L328山田徽农,,114.0695277,22.72501933,POINT (114.06952774904364 22.725019331765143)
B209425DD36EA3FA489B,纳瓦新疆音乐餐厅(观澜湖新城店),114.0764161,22.723075,高尔夫大道8号观澜湖新城MH MALL2栋SL210铺位,,114.0712764,22.72573436,POINT (114.07127636091842 22.72573435904677)
B2094557D56AA0FA449F,版画原创产业基地,114.0815824,22.7241289,深圳市龙华区裕新路美联红木艺术博物馆,,114.0764416,22.72678353,POINT (114.07644155506195 22.72678353074651)
B2094757D565AAF84092,深圳观澜湖旅游度假区,114.0739,22.729689,观澜高尔夫大道1号,,114.0687608,22.73234906,POINT (114.06876079466468 22.73234906144937)
B2094354D46CABF84599,全福楼禧筵(观澜店),114.0416629,22.6887823,福城街道新和社区观澜大道72号厂区5栋101,,114.0365636,22.69150968,POINT (114.03656364282045 22.691509678873974)
B2094250D36FA0F8489F,观澜河,114.044459,22.6908057,广东省深圳市龙华区,,114.0393547,22.69352615,POINT (114.03935472917976 22.693526152920672)
B2094252D165AAF84598,米兜欢乐王国(观澜福城天虹店),114.0408787,22.6995253,观澜大道117号福城天虹购物中心L2层,,114.0357802,22.70225182,POINT (114.0357801588541 22.702251819038057)
B2094252D16AA6FE4499,顶鲜料理·居酒屋·铁板烧,114.0472293,22.7012282,大和广场沿河路28号(离茜坑地铁站1公里观澜中心花园旁),,114.0421198,22.70393989,POINT (114.0421197855366 22.70393989486064)
B2094557D669A7FD429E,港湾茶餐厅(大和店),114.0485914,22.7014046,观澜街道大和路锦鲤二村1栋1-2层,,114.0434797,22.70411334,POINT (114.04347973441688 22.704113341074816)
B2094253D165A0FF419D,观澜古墟,114.053592,22.719017,观澜沿河路与布新路交叉口东南,,114.0484719,22.7217109,POINT (114.0484719408325 22.72171090137443)
B209425DDA6AA7F44192,龙华艺廊(观澜古墟),114.054247,22.71948,观澜大街33号,,114.049126,22.72217252,POINT (114.04912603576696 22.722172517878228)
B2094557D569A5FC429E,观澜古寺,114.0536892,22.7196078,广东省深圳市龙华区沿河路观澜古墟西南部,,114.048569,22.72230135,POINT (114.04856897123175 22.722301349759913)
B2094253D664A3FB449F,nicemini网红打卡·光影艺术馆,114.0585139,22.7474538,观澜街道桂花路与企坪西巷交叉口南140米鸿鹄时代产业园4楼401,,114.0533858,22.75013037,POINT (114.05338583845591 22.750130374893885)
B2094255D56EA7FD459B,中国·观澜版画原创产业基地,114.0913,22.7407,裕新路169号,,114.0861596,22.74334473,POINT (114.08615960934375 22.743344729948767)
B2094757D16DA6FC4193,观澜版画村,114.088637,22.741534,裕新路169号,,114.0834957,22.74417945,POINT (114.08349567782777 22.744179446688054)
B209425DD464AAF5429E,深圳现代艺术与设计研究中心关山月美术馆版画研究所,114.091021,22.742097,兴业路东区展览馆附近,,114.0858804,22.7447414,POINT (114.08588040967753 22.74474139718288)
B2094255D56EA3FD439F,观澜版画村国际艺术家村,114.0884323,22.74264336,广东省深圳市龙华区裕新路169号中国观澜版画原创产业基地内,,114.0832909,22.74528856,POINT (114.0832908636874 22.745288556678304)
B2094551D069A6FB429E,深圳大鹏湾奢华海景度假别墅(沙湖大道南分店),114.0669937,22.75131035,广东省东莞市,,114.0618573,22.75397248,POINT (114.06185727838734 22.75397248144049)
B2094653D269A1F8439D,南粤光明乳鸽文化美食园,113.956323,22.758548,光明区光明街道体育公园路9号,,113.9514132,22.76149354,POINT (113.9514132410491 22.76149353752209)
B209475CD365A0F9499D,光明乳鸽农家食府,113.94724,22.763338,光明新区光明农场体育公园路(近碧水路),,113.9423441,22.76630129,POINT (113.942344141519 22.766301292171793)
B2094253D46AA3FD439A,刘冰乳鸽店,113.945236,22.763797,光明新区法政北路16栋,,113.9403428,22.766764,POINT (113.94034281566957 22.766763995825663)
B2094250D365A4F8429F,光明招待所餐厅,113.944829,22.76415,法政北路26号(光明大街地铁站B口步行310米),,113.9399363,22.76711765,POINT (113.93993632219279 22.767117645988087)
B2094351D264A6FE419A,光明招待所(光明老店),113.9451321,22.7644732,法政北路26号,,113.940239,22.76744017,POINT (113.94023900822171 22.767440174364236)
B2094356D369A1F9409B,深圳科学技术馆,113.943249,22.7722591,广东省深圳市光明区光辉大道8号,,113.9383578,22.77522702,POINT (113.93835779360124 22.775227018159512)
B2094252D569A3FA449E,深圳科技馆（新馆）,113.944706,22.773336,广东省深圳市光明区新湖街道光明地铁站C口,,113.9398129,22.77630089,POINT (113.93981289446376 22.776300891246382)
B2094252D56CABFF4693,华侨城光明小镇·欢乐田园-西门,113.951805,22.780577,楼村一号路,,113.9469013,22.78352532,POINT (113.94690128755757 22.783525317778636)
B2094757D66DAAFC4393,光明顶,113.9449741,22.7808832,光侨路3453号,,113.9400802,22.78384508,POINT (113.94008016621112 22.783845084276855)
B2094354DB6AA3F5459F,科学顶(光明顶),113.9449768,22.7808862,广东省深圳市光明区新湖街道光明科学公园北翼西89米,,113.9400829,22.78384808,POINT (113.94008286251575 22.783848078212948)
B2094355D26AA0FA469A,光明欢乐田园,113.9610346,22.7764867,广东省深圳市光明区新湖街道楼村一号路,,113.9561152,22.77941534,POINT (113.95611515988294 22.779415342796042)
B2094257D06DA1FA4898,光明小镇·欢乐田园观景台,113.961362,22.785767,圳园路光明小镇·欢乐田园内,,113.9564413,22.78869173,POINT (113.95644134522321 22.78869173406587)
B2094357D66CA7F54599,光明欢乐田园欢乐采摘园,113.962442,22.7881595,广东省深圳市光明区新湖街道圳园路科学城展示中心旁,,113.9575191,22.79108077,POINT (113.9575191221218 22.791080772668735)
B2094355DA69A4F9419E,光明农趣谷-采摘·野炊·农家菜,113.9558285,22.78095796,新湖街道楼村社区果场一号路7号厂房101,,113.9509182,22.78389732,POINT (113.95091815361883 22.78389731661291)
B2094253D66CA2F4449D,新湖十一烧鸡(总店),113.9490836,22.7816159,新湖街道楼村社区光侨大道3483号第四栋102室,,113.9441839,22.78456952,POINT (113.94418394473318 22.78456952049912)
B2094357D76BA0FE489D,中山大学(深圳校区)相山餐厅,113.9530726,22.7989944,公常路66号中山大学(深圳校区),,113.9481657,22.80193369,POINT (113.94816569285749 22.801933687937925)
B2094257D56EA2FC439F,潮旺渔港(观澜分店),114.02323,22.728498,荣富路桔岭新村入口,,114.0181662,22.73126263,POINT (114.01816624961367 22.731262629866755)
B209425CD66CA1FD429E,沪上阿姨(观澜章阁店),114.016506,22.742961,福城街道章阁社区樟亿路4号,,114.0114572,22.74574066,POINT (114.01145717655814 22.745740659322482)
B2094252D56EAAF9439D,沙井金蚝私房菜(宝安沙井店),113.8132423,22.7320166,沙壆二路1号文华阁F4层,,113.8081775,22.73491681,POINT (113.80817750374912 22.734916809089587)
B2094252DB6DA6FC4099,桃治,113.835089,22.732058,油厂路与华凌路交叉口西北约60米,,113.8300826,22.73499912,POINT (113.8300826419065 22.734999115793343)
B2094256D465A7FF439D,新宝餐厅西荟城店,113.8160997,22.73228,新沙路华盛新沙荟名庭一期L1-09铺,,113.8110424,22.73518534,POINT (113.81104235762372 22.73518534426007)
B2094256DA6FA2F4409D,喜之次日本料理沙井西荟城店,113.8180028,22.7327638,新沙路448号西荟城购物广场A区1层,,113.8129505,22.73567252,POINT (113.8129504524329 22.73567251776453)
B2094357D56FA4FF489B,秦面倌陕西手工大刀面,113.8316263,22.733853,新沙路276号一楼(103-1)集悦汇正门右侧,,113.8266105,22.73678707,POINT (113.82661049934907 22.736787070440776)
B2094252D564A6F84292,不见不散泥炉烤肉(沙井店),113.8166989,22.7339375,沙井街道华盛新沙荟名庭二期1-60号,,113.811643,22.73684346,POINT (113.81164302873172 22.736843463756685)
B2094555D06FABFA4899,拾号牛扒(沙井店),113.8127942,22.7347451,沙井街道万科翡丽郡花园4栋01层商业0662层063,,113.8077281,22.7376437,POINT (113.80772806437541 22.737643702946304)
B209445CD369AAFC409C,新宝烧味茶餐厅沙井店,113.8302,22.735,新沙路沙井人民医院旁,,113.8251803,22.73793104,POINT (113.82518027376211 22.737931036389902)
B2094356DB6CABFE4799,大二街·螺蛳粉地摊广场(沙井店),113.8121425,22.7353898,沙头西园小区20栋103,,113.8070746,22.73828704,POINT (113.80707463690541 22.738287040839893)
B2094252D265A3F5429F,四季厨房(新桥店),113.8406963,22.7353797,沙井镇新桥北环路48号,,113.8357047,22.73833025,POINT (113.83570468381309 22.73833025125802)
B2094252D36FA2FB4499,宝生月子中心(海上田园分店),113.786835,22.736166,沙井街道锦程路2068号千金方大厦一楼,,113.7817082,22.73902335,POINT (113.7817082457692 22.739023346203915)
B2094257D564A2FD419A,清平古墟影视文化园,113.82968,22.737676,新桥街道,,113.8246587,22.74060526,POINT (113.82465869610672 22.740605262593395)
B209445CD364AAF54299,点品集(辛养店),113.8104862,22.738599,辛安路29号德尚居,,113.8054139,22.74149234,POINT (113.80541387178306 22.741492335633826)
B2094253D16AA6FF4593,无界日茶夜酒(智荟公园B2栋店),113.8191631,22.7401421,沙井街道立岗南路智荟公园B2栋101,,113.8141134,22.7430508,POINT (113.81411335576583 22.74305079792807)
B2094253D468A0F5449F,维纳斯皇家酒店(深圳国际会展中心海上田园店),113.7872443,22.7414578,沙井蚝乡锦程路2072号(蚝乡地铁站D口步行330米),,113.782118,22.7443141,POINT (113.78211801918545 22.74431409582281)
B2094356D26BA2FB4592,龙津石塔,113.8088786,22.7417576,深圳市宝安区沙井大街382号,,113.803802,22.74464716,POINT (113.80380197509264 22.744647157909004)
B2094251DB6DA2FB439A,龙津石塔(花塔公),113.808914,22.741802,沙井大街382号,,113.8038375,22.74469161,POINT (113.80383746185602 22.744691606605382)
B2094251DB65A6F54993,江氏大宗祠,113.8125182,22.7533467,沙井镇步涌新村,,113.8074501,22.75623918,POINT (113.80745014224448 22.75623918335943)
B2094753DB6FA0FB4392,维也纳国际酒店(深圳国际会展中心松岗红星店),113.8371331,22.7568425,松岗镇松瑞路2号,,113.8321306,22.75977994,POINT (113.83213062307134 22.75977993645227)
B2094653D268A7FD409C,松岗文化广场,113.848914,22.763539,107国道(松岗街道办对面),,113.8439419,22.76649555,POINT (113.84394188543935 22.766495547538252)
B2094253D269A4FD4399,荣欣湛江生蚝烤吧(松岗红星店),113.838875,22.764123,松岗街道红星社区格布新区一巷五号102荣欣湛江生蚝烤吧,,113.8338767,22.76706136,POINT (113.83387670075022 22.767061358118713)
B2094653D26DABFE4598,华润万家(松岗店),113.842969,22.764764,松岗东方大道鸿盛花园喜港城购物中心1-2层,,113.8379815,22.76770964,POINT (113.83798147343724 22.76770964188615)
B2094257D76DA1F5429A,至美术馆,113.822665,22.765372,沙井街道松安路宝安全至科技创新园2号楼1楼,,113.817623,22.76827943,POINT (113.8176229848473 22.76827942997776)
B2094253D06DA5F8439B,龙凤点心·饼家,113.8450359,22.7661226,松岗街道办沿河南路16B(近中国银行),,113.8400537,22.76907151,POINT (113.84005367349322 22.76907151465606)
B2094252D768A3F84192,龙凤点心,113.845032,22.7661268,松岗街道办沿河南路16B(近中国银行),,113.8400498,22.76907571,POINT (113.84004976310965 22.76907570635245)
B209425DD464A3FB409C,渔尚蒸汽海鲜火锅餐厅(松岗店),113.837312,22.766217,松岗街道松明大道130号正通大厦二楼,,113.8323094,22.76915178,POINT (113.83230939672424 22.769151784813563)
B2094251D06EA4FB499D,海底捞火锅(松岗百佳华店),113.8476399,22.7674943,松岗街道松涛社区广深路293号401百佳华商场4楼4006号商铺,,113.8426643,22.77044736,POINT (113.84266428907533 22.77044736399052)
B2094251D46BABF84798,松岗河两岸滨河景观,113.830423,22.7681558,松河北路与宝安大道辅路交叉口西南20米,,113.8254017,22.77107701,POINT (113.8254017341275 22.77107700625256)
B2094653D26DAAF9469D,肯德基(深圳松岗餐厅),113.847118,22.76827,广深路293号佳华商场1层,,113.842141,22.7712219,POINT (113.84214100366567 22.771221900069296)
B2094757D16EA2FB4399,麦当劳(松岗店),113.8460461,22.76857,松明大道一号松乔酒店首层部分,,113.8410663,22.77151992,POINT (113.84106632845041 22.771519915848696)
B2094257D26AA0FD429D,松岗(地铁站),113.829631,22.772271,(在建)12号线二期;11号线/机场线;6号线/光明线,,113.8246073,22.77518937,POINT (113.8246073279173 22.775189365138832)
8008644030600000016,松岗,113.8462375,22.77225076,"位于：中国,广东省,深圳市,宝安区",,113.8412579,22.77519981,POINT (113.84125794789253 22.775199810769518)
B209445CD369AAFF4298,新宝烧味茶餐厅松岗店,113.8341,22.77339,沙江路199,,113.8290883,22.77631644,POINT (113.82908831532546 22.776316437170955)
B2094652DB68A0FC459B,深圳宝安区松岗人民医院,113.840629,22.776397,沙江路2号,,113.8356346,22.77933459,POINT (113.83563456328348 22.77933458516985)
B2094357DA6CABF5459F,小柴湖·中国湖鲜(松岗满京华店),113.8339132,22.7830862,满京华云著花园一期1号楼营销中心116,,113.8289004,22.78600906,POINT (113.82890038601809 22.786009057928343)
B2094750DB6BA6FC4999,松岗公园,113.84855,22.784013,松岗麒麟山,,113.8435756,22.78696218,POINT (113.84357564490755 22.786962181094907)
B2094252D26DA7F9459A,茅洲河碧道试点段建设项目(宝安段)项目部,113.84663,22.792562,海滨大道乔山尾工业园东北侧约170米,,113.8416502,22.79550491,POINT (113.8416501872502 22.795504913050443)
B2094252D26CA0F94292,茅洲河展示馆,113.8475464,22.7927441,洋涌路与众福路交叉口东南400米,,113.8425689,22.79568856,POINT (113.84256892502634 22.795688556593014)
B2094256DB69AAF84392,燕罗湿地公园,113.849833,22.794115,燕罗街道燕川大桥南端,,113.8448612,22.79706293,POINT (113.84486124039532 22.79706293423569)
B2094757DA6CA1FE4692,维也纳酒店(松岗立业路店),113.854253,22.763187,松岗街道立业路8号,,113.8492942,22.76615262,POINT (113.84929417670784 22.766152616848505)
B2094653D26EA5F4429A,天虹商场(松岗店),113.852083,22.763268,松岗楼岗大道1号宝利豪庭1-3层,,113.8471188,22.76623001,POINT (113.84711884429738 22.76623001370973)
B2094652DB68A2F4429E,松岗汽车站,113.852068,22.769586,松白路37-4号,,113.8471034,22.77254595,POINT (113.84710340122142 22.77254594950444)
B2094257D76DAAFD4398,渡小凤猪肚鸡汤火锅(大仟里购物中心店),113.8932796,22.775287,"松柏路,大仟里综合体五楼L502",,113.8883919,22.77829037,POINT (113.88839189308904 22.778290366958824)
B2094251D065A6F44092,圣丰城酒家(光明大仟里店),113.8935772,22.7755196,松白路4699号光明大仟里四楼,,113.8886898,22.778523,POINT (113.88868980325756 22.77852299784299)
B2094351D264A4FB419A,鲜潭蒸汽石锅鱼(光明大仟里店),113.8940849,22.7755639,松白路4699号光明大仟里购物中心A区4楼445,,113.889198,22.77856746,POINT (113.889198045771 22.77856745852011)
B2094257D46BA2F9489F,曼格海鲜自助西餐厅(光明大仟里店),113.8935999,22.7758485,光明大仟里L3层L301-,,113.8887125,22.7788518,POINT (113.88871250691939 22.77885179710752)
B2094652DB68A1FA449F,深圳市宝安区基督教松岗堂,113.853915,22.778856,燕罗路31号,,113.8489543,22.78181595,POINT (113.84895434686955 22.78181594604811)
B2094357D564A0F8429D,潮潮超级烧(公明店),113.8889183,22.7830778,公明街道振明路142号102,,113.8840249,22.78607657,POINT (113.88402488739088 22.786076568814625)
B2094554D46EA0FC479B,威记烧鹅濑粉店,113.8867286,22.7858832,公明下村路与民生大道交叉口旁,,113.8818321,22.78887973,POINT (113.88183208457578 22.788879727464668)
B2094354DB6EAAF54393,下村新强记烧鹅店,113.8866638,22.7866476,公明街道下村路32号(下村图书馆),,113.8817671,22.78964383,POINT (113.88176714618598 22.789643826704076)
B2094653D26BA3FA4798,松岗富士康公交站,113.85402,22.79178,广东省深圳市宝安区松岗街道松罗路麒麟山公园,,113.8490588,22.79473574,POINT (113.84905877243183 22.794735738771582)
B2094757DB6EA3FC4398,维也纳酒店(松岗燕川路店),113.863078,22.80152,松岗街道燕川红湖路32号,,113.8581373,22.80448622,POINT (113.85813727678818 22.80448622058441)
B2094252DB6EAAF9419D,罗田森林公园游客服务中心,113.889375,22.821951,S31龙大高速北3号附近,,113.8844797,22.82493632,POINT (113.884479689719 22.824936319254174)
B2094256D464A7FA469D,罗田森林公园,113.891049,22.832983,S31龙大高速北33号附近,,113.886155,22.83596506,POINT (113.88615504966754 22.835965059034724)
B209425DD46BABFA479B,光明院子·光明乳鸽,113.9095664,22.807834,西田社区第三工业区(西田康体游泳馆旁),,113.9046884,22.81082646,POINT (113.90468841866307 22.81082646417811)
B2094253D06DA5FE4898,阿娜尔·新疆菜(光明万达店),113.9324896,22.748435,光明区万达广场三楼(3009C-3010)商铺,,113.9276106,22.75142757,POINT (113.92761058938632 22.751427568323816)
B2094253D06BA6F4449E,魔女主厨(光明万达广场店),113.932576,22.7484396,光明大道万达广场二楼2010(凤凰城地铁站C口旁),,113.9276969,22.75143205,POINT (113.92769692396173 22.75143204893535)
B2094350DB6FABFA419D,邑家人光明四合院,113.9312344,22.75133996,广东省深圳市光明区光明街道东周社区高新技术产业园5号一层,,113.9263562,22.75433331,POINT (113.9263561505417 22.75433331213194)
