poiid,title,lon,lat,address,describe
B2094355D36FABFE449C,深圳BREWTOWN啤酒小镇,113.9226676,22.5821831,深圳市宝安区新安街道兴东社区68区留仙大道2号汇聚创新园1栋302号,
B2094251D56EA0FB489C,79号渔船海鲜饭店(宝安店),113.8875737,22.5502653,兴华一路19号前海HOP天地3楼,
B2094253D16FA2F5419E,水牛奶皇后糖水铺(鹏城花园二区店),114.141961,22.579721,东湖路80号(布心中学大门对面),
B2094253D168A3F4499D,深圳市宝安区大渔铁板烧自助餐店,113.8876196,22.5502015,新安街道海丽路前海HOP天地2楼,
B2094253D665A3FE469E,蘩楼(华强北总店),114.0836119,22.5447095,振华路118号(华强北地铁站C口旁),
B2094253D16AA0F5429D,苫也·暮悬崖海景餐厅,114.484084,22.53808,海滨南路33号海贝湾度假村E15,
B2094253DA69ABFB4292,鮨政·Omakase(深圳湾万象城店),113.946254,22.516209,科苑南路2888号深圳湾万象城B1层B175,
B2094357D364A2F9459B,南门涮肉(深圳首店),113.9917258,22.524948,欢乐海岸曲水湾11栋,
B2094352D26FA0F5499B,Kurasu(深圳湾万象城店),113.9430438,22.5152583,广东省深圳市南山区粤海街道海珠社区科苑南路2888号深圳湾万象城F1,
B2094351DB65A1FB4798,庆春朴门(深圳湾万象城店),113.9453875,22.5141464,南山区粤海街道海德一道1218号深圳湾万象城B区BL205、BL301,
B2094357D06FA5F5469F,汐野沙滩营地,114.4497799,22.5685728,大鹏新区大鹏街道下沙社区金沙湾停车场小吃店101,
B2094351DA6FA5F4479C,笨罗卜浏阳菜馆(宝安梦想城店),113.863477,22.5785853,深圳市宝安区盐田街盐田社区悦和路88号旭生和韵大厦1号楼,
B2094350D468ABFA459C,NEED创意韩国料理(卓悦中心店),114.0660917,22.5365049,福田街道福华路346号卓悦中心东区L1层L141号,
B2094757D16CABF4429E,邢老三肉丸糊辣汤腊牛肉加馍劳动西路总店,108.90859,34.26597,劳动路与劳动西路交叉口向西路南侧,
B2094356D06CA6F84099,邢老三肉丸糊辣汤,113.9233724,22.527849,学府路66-10号,
B2094355D16FA6F4429C,邢老三肉丸糊辣汤(西安总店),108.9085532,34.2659571,劳动西路总店,
B2094350DA6CA6FD409F,邢老三肉丸糊辣汤,121.5188422,31.228741,上海市浦东新区陆家嘴街道张杨路595号,
B2094453D564A1FD4692,邢老三肉丸糊辣汤腊牛肉夹馍,108.89089,34.28451,沣惠北路大兴中学南100米,
B2094750D469A0F54793,邢老三肉丸糊辣汤腊牛肉夹馍,108.971618,34.321559,未央区太华北路,
B2094453D564A3FF429D,邢老三肉丸糊辣汤(康乐路),109.009587,34.263592,康乐路2号号,
B2094253D66DA0FC419A,邢老三肉丸糊辣汤(东关南街店),108.9749531,34.255218,枣园巷古迹岭小区负22号楼1号,
B2094354D36BA6FE489C,邢老三肉丸糊辣汤腊牛肉夹馍(名京九合院店),108.942436,34.307047,名京九合院17号楼10108,
B2094453D56BA2F9499D,邢老三肉丸糊辣汤(渭滨路店),108.96527,34.33951,陕西省西安市未央区谭家街道渭滨路300西核公司高层小区,
B209425CDB65AAFA459E,邢老三肉丸糊辣汤(桃园南路店),108.899598,34.2509824,桃园南路38号临街店铺,
B2094453DA6CABFF419E,邢老三肉丸糊辣汤腊牛肉夹馍广安路分店,109.00413,34.31104,广安路8,
B2094453DA6CAAF84399,邢老三肉丸糊辣汤(糜家桥店),108.91162,34.2479,西市北街与劳动南路十字往东200米路南,
B2094554D56BA4F5419B,邢老三肉丸糊辣汤(二环南路店),108.91484,34.23742,南二环西段白庙村公交车站,
B2094555D369A0FC449D,邢老三肉丸糊辣汤,108.84944,34.5284,东大街泾润花园向西100米,
B2094557D369A3FC499C,邢老三肉丸糊辣汤(丰登西路店),108.94357,34.25751,丰登西路(和基听城),
B2094255DB6BA7F9479A,邢老三肉丸糊辣汤腊牛肉夹馍(临潼三店),109.217562,34.382313,临潼区桃源西路中段,
B2094256DA6CA1FB479E,邢老三肉丸糊辣汤腊牛肉夹馍,109.00033,34.04261,烹鲜巷013号,
B2094253D16FA2F5419E,水牛奶皇后糖水铺(鹏城花园二区店),114.141961,22.579721,东湖路80号(布心中学大门对面),
B2094352D16AA7FB4898,水牛奶皇后糖水铺(黄贝岭店),114.1349092,22.5480526,广东省深圳市罗湖区黄贝街道丽斯大厦附近34米,
B2094352DB6BA4FD479D,水牛奶皇后糖水铺,113.923876,22.527113,广东省深圳市南山区南山街道南山大道2019-1号,
B2094352D36AA2FF429F,NEED创意韩国料理(深圳湾万象城店),113.9415039,22.5168141,广东省深圳市南山区粤海街道海珠社区科苑南路2888号深圳湾万象城D区B1层,
B2094354D16BABFE449C,笨罗卜浏阳菜馆(龙华鹏润达店),114.0231514,22.6265373,民治街道大岭社区中梅路润达圆庭北街铺122,
B2094256D76BA7F5479D,新荣记(北塔平安金融中心店),114.055336,22.533289,益田路5003平安金融中心北塔商场楼6楼,
B2094253D569AAFD4699,新荣记(平安金融中心商场店),114.055601,22.5330853,益田路5003平安金融中心裙楼6楼,
B209425DDB65A5FE479B,自在·SWING,114.0623147,22.6047627,坂田街道星河双子塔东塔正背后,
B2094351D165A0F44098,自在swing西餐·咖啡·团建下午茶(星河双子塔店),114.0623166,22.6047687,雅星路8号（双子塔下）,
B2094253D46CA5FD4792,荔芳传统糖水铺,113.923388,22.526345,荔芳一街与南山大道交叉口西40米,
B209425DD065A5F94192,荔芳传统糖水铺,113.327096,23.1284272,体育东路体育西横街190号104房,
B2094354D06AA5FA449A,荔芳传统糖水铺(石竹花园店),113.7548698,23.0117648,朝阳路石竹花园(鸿福路地铁站C2口步行490米),
B209445DD06CA4F54098,海底捞火锅(上河坊店),114.047566,22.5969836,民治街道民塘路书香门第上河坊广场一层1158-1161、1163B商铺,
B209425CD46FA6FA4699,笨罗卜浏阳菜馆(罗湖店),114.1146314,22.5452476,解放路3002号深圳文和友F3层,
B2094356D36FA7F5439F,KCOOKING概念韩餐(深业上城店),114.0697849,22.557359,深业上城南区THESTREETL2层S228号（MUJI对面、索尼旁）,
B2094252D56AAAF54092,万象天地·在梦游的象,113.957184,22.54193,万象天地北区L4层艺术计划场(抱抱象下方),
B2094253D06EA4FC439F,胖明粉馆,113.9206636,22.5304478,南头街道田厦社区常兴路115-5,
B2094354D06BA3FC499A,胖明粉馆(卓悦汇购物中心店),114.060728,22.570318,卓悦汇购物中心入口通往停车场北130米,
B2094354D468A6F94699,胖明粉馆,113.269674,23.0950189,江南西路润汇大厦一楼1036号铺(背面丘大叔旁),
B2094253D765A6FC4799,庆春朴门(华润万象天地店),113.956265,22.542505,华润万象天地北区里巷3层NL323,
B2094355D16AAAFE429B,麦当劳(光华店),114.1180128,22.5458515,解放路西华宫光华楼二楼,
B2094252D56BA7FE4798,麦当劳(曼购城市奥莱光华店),104.014953,30.662545,光华村街42号,
B2094252D465A5FC499D,汶和记粥底火锅(南山一店),113.930836,22.5313838,南头街道桃园路1号西海明珠花园B座裙楼119商铺,
B2094357D46AA4FA489B,文记虾一跳(梅林店),114.0524068,22.5630059,梅村路1号梅林生活中心1层B119-B122号,
B2094350D76CA3F4499E,豌豆福市场,113.8913579,22.5258979,前海嘉里中心T2栋102号铺,
B2094352D165A1FB4498,mulimuli木里,113.9077742,22.5664156,深圳市灵芝园社区19区57栋兴华二路278号,
B209425CD365A1FA439E,Shenzhen City·盐港夜市,114.2523335,22.5727048,青云路空翠台,
B2094357D46FA5FD499E,盐港夜市,114.2523049,22.5727254,青云路空翠台,
B2094252D26DA3F4489D,一乐·烧肉居酒屋(世界之窗店),113.9770615,22.537423,南山区桥城西街22号(世界之窗地铁站A口步行230米),
B2094253D16DA7F94798,寿司郎(壹方天地店),114.0322552,22.6432385,工业路与龙华大道交汇处壹方天地D区B1层,
B2094253D265A7F44799,老长沙手工米粉铺(景田店),114.0445358,22.5555111,景田东路37号101(景田地铁站E口步行270米),
B2094252D46CA7F94593,汤膳脆皮鸡煲,114.0460416,22.5547819,景诚园综合楼39-8(天一名居对面),
B2094252D669A7F9479A,鸟金·炭火烧鸟(福田恒邦店),113.997388,22.540599,香蜜湖街道香岭社区侨香路3088号恒邦置地大厦一层103,
B2094252D064A2FB4098,喜茶(欢乐港湾店),113.886835,22.542717,欢乐港湾东区东L1-043号铺,
B209445CD364AAF54299,点品集(辛养店),113.8104862,22.738599,辛安路29号德尚居,
B2094257D069A6F94399,炳胜品味(卓悦中心店),114.066574,22.536045,广东省深圳市福田区深南大道2005号One Avenue卓悦中心东区L2层L244,
B2094256D76BA7F5479D,新荣记(北塔平安金融中心店),114.055336,22.533289,益田路5003平安金融中心北塔商场楼6楼,
B2094253D569AAFD4699,新荣记(平安金融中心商场店),114.055601,22.5330853,益田路5003平安金融中心裙楼6楼,
B2094254D56AABFD459E,百草堂祖传凉茶铺,113.928505,22.487764,蛇口新街207号(蛇口影剧院对面),
B209445CD365A3FF419F,姊妹豆花,113.927436,22.526063,南山街道南光路南海明珠1栋104D,
B209445CD365A7FB459A,姊妹豆花,113.942444,22.52544,桂庙新村98栋101铺,
B2094350D365A1F9429C,姊妹豆花(南海明珠店),113.92742761852,22.526083525908,南光路75-11,
B2094556DA68A6FD459E,姊妹富顺豆花饭店,102.22506,27.87746,迎宾路12附2,
B2094556D769ABF94599,蕊佳园韩式餐厅,113.9860981,22.5349258,光侨街光侨花园长秀楼1楼104号,
B2094253D16FA1F5459A,Pairedd配德深圳,113.892103,22.525453,前海嘉里中心T8栋3层03室,
B2094250D06DA5FE449A,牛巷番薯粥,114.079034,22.53368,福田路牛巷坊54号楼1层,
B2094252D36EA4F94998,牛巷子番薯粥(新洲店),114.0471,22.522924,新洲二街新洲南村32栋102,
B2094253D56DAAF44593,颓记茶餐厅(坂田店),114.064723,22.645472,坂田街道万科城社区新天下住宅楼1栋1楼117号,
B2094356D26CA3FC4793,天宝兄弟(深圳前海壹方城店),113.8876939,22.5508417,新湖路深圳前海壹方城1层L1-J026号,
B209425CD264A3F84499,ANNND(景田店),114.04637,22.544032,景田南路国泰豪园1层119-120商铺,
B2094352DA6EABFF4698,唐合兴·香港饭店(大运店),114.2155232,22.699692,深圳市龙岗区龙城街道黄阁坑社区大运天地购物中心北区9栋NL110,
B2094352D064A7F9449D,掌柜清溪院子,114.019633,22.6656826,深圳市龙华区大浪南路与建辉路交叉口向西南22米,
B2094352D468A7FC489D,贵厨酸汤牛肉(海岸城店),113.9359959,22.517066,文心五路33号海岸城购物中心一层128-129铺,
B2094354D56AABF8419C,嘉华小吃(蛇口市场店),113.9279723,22.4858272,蛇口街道渔村路1号之二(东角头地铁站A口步行320米),
B2094354D36BA0F94892,哥二广西米粉店,113.9233242,22.5218854,南油第四工业区7栋1楼(南山地铁站C口步行160米),
B209425CDB6FA2FE449A,蟹仙画宴(深圳湾一号店),113.9432784,22.5086436,粤海街道深圳湾一号北区二楼蟹仙画宴,
B2094252D169A5F5459C,老字号蛇口德记烧腊饭店,113.9283523,22.4868823,南水路55号(原南水步行街),
B2094253D46CA7FF469F,新地咖啡馆,114.049526,22.5247944,沙头街道新洲社区新洲中心村45-1号104,
B2094253D169A6F5439F,徐记海鲜·MASTER(侨城一号店),113.9864912,22.548227,沙河街道深云路2号桥城一广场北门,
B2094253D168ABFF4898,黑旨烧肉(深圳万象天地店),113.9569618,22.5411088,深南大道9668号华润城万象天地6层SL612号商铺,
B2094253D168A2F9489C,洪大厨鸡煲(南山旗舰店),113.933014,22.516219,粤海街道海珠社区后海大道2332号,
B2094253D269A5F94998,昌记隆江猪脚饭,114.043762,22.600678,白石龙地铁站惠鑫公寓e180铺,
B2094252D768A1F8469B,丹东特色烤肉(学府路一部店),113.92365,22.528057,学府路荔馨村综合楼南面7号铺,
B2094250D06EA0FD4093,海底捞火锅(同泰时代广场),113.8041221,22.6782248,福海街道宝安大道6259号同泰时代广场4楼,
B2094252D36BA1F8449E,文记虾一跳(龙华店),114.0197934,22.6444251,大为商务时空西北门旁,
B2094354D66EA0FC4399,文记虾一跳(龙华汽车站店),114.028741,22.671463,龙华街道玉翠社区清泉路184号良基智汇大厦108-111,
B2094252D368A7FE409F,萨莉亚意式餐厅(壹方天地店),114.0273568,22.6495065,人民路壹方天地A区B1层,
B2094250D06EA6FB489D,山禾田日料(南山店),113.9242,22.528283,桃苑单身公寓15-18号(桃园地铁站F口步行320米),
B2094252DB6BA0F5419D,山禾田日料(南山店),113.9242,22.528283,桃苑单身公寓15-18号,
B2094356D76AA3FD4693,山禾田·日料小屋(南山店),113.924159,22.5282812,南山大道桃苑公寓1层15号铺,
B2094250D06DAAF5419E,洪大厨鸡煲(福田店),114.026036,22.531207,泰然八路18号安华工业区10栋1层103,
B2094257D56DA4FB419C,沙头四季大排档,114.043442,22.519895,福强路4139号(沙尾地铁站B出口),
B209445CD365A0FB429B,地铁站(雪象店),114.078131,22.654057,坂田街道象角塘社区润昌工业园厂区宿舍C栋一楼7号,
B2094254D665A4F54198,潮香四海·正宗潮汕风味(南山店),113.922941,22.520146,南山大道南海大厦首层105、106号商铺,
B209425DD76DA3FF409D,村西头猪脚饭店,113.920603,22.5303646,南山区常兴路115-4胖明粉馆旁,
B209425DD169A2FC489C,水围夜市,114.0619663,22.5209264,水围村水围九街(皇岗村地铁站B2口步行370米),
B2094356DB6FA2FE429D,何如·东篱小院·茶食·团建·婚礼(新玉路店),113.8719756,22.7253249,新玉路16号,
B209425DD46FA5F54798,大二粉店广西小吃集市,114.035235,22.662713,清泉路110-7(清湖地铁站C1口步行190米),
B2094355DB6DA0FB469C,大二街粉店·广西小吃集市(清湖店),114.0352114,22.6627098,龙华街道清泉路110号-7号（清湖地铁站C1口西行100米）,
B2094356D06BA4F84298,三出山跷脚牛肉火锅(卓悦中心店),114.066293,22.5358347,福田街道岗厦社区福华路346号岗厦城卓悦中心东区L2层L235号,
B2094354D06EA3FC469A,去茶山(深圳大运天地南区),114.2195941,22.695225,龙翔大道3001号深圳大运中心深圳大运天地南区L1层,
B2094352D46BA7FC4798,山野板扎·云贵川Bistro(深圳大悦城店),113.902405,22.569125,深圳市宝安区建安一路一巷宝安25区东南侧约130米,
B2094352D369A2FE4093,王繁星面馆(深圳湾万象城店),113.941639,22.5170016,深圳湾万象城D区B1层DB144号,
B2094352D26BABFE4593,老北市东北烤串,114.039392,22.621707,广东省深圳市龙华区民治街道民治大道333号,
B2094351DA6EA6F9499E,寿司本色·中华寿司传承者(深圳首店),114.0259815,22.532307,沙头街道天安社区泰然四路113号泰然科技园213栋109,
B2094350DA6CA1F84292,晓鸟餐厅,113.9615861,22.5302454,深圳市南山区沙河街道白石洲西社区沙河高尔夫球会俱乐部215号,
B2094256D76BA7F5479D,新荣记(北塔平安金融中心店),114.055336,22.533289,益田路5003平安金融中心北塔商场楼6楼,
B2094253D569AAFD4699,新荣记(平安金融中心商场店),114.055601,22.5330853,益田路5003平安金融中心裙楼6楼,
B2094355DB6BABFC4792,新荣记(平安金融中心店),114.0556057,22.5330826,益田路5003平安金融中心裙楼6楼,
B2094354DB65A3FB4092,螺大二街边地摊螺蛳粉,113.8055877,22.7296384,沙头西园小区20栋103,
B2094354D46FA6F84998,汶和记粥底火锅(车公庙店),114.0264411,22.5371438,深南大道财富广场A座1层7002号,
B2094354D66CA5FC469B,盐田德米肠粉(总店),114.276332,22.5870463,盐田街道盐田社区沙头新村17号盐田得米肠粉店,
B2094355D76DABFB419A,藏巷炉端烧·庭院,113.886255,22.5429624,新安街道欢乐港湾2号东L2-027（近宝华路与海天路交叉口、近商场5号客梯）,
B2094354D66CA6FB469A,NEED创意韩国料理(深圳万象城店),114.1092099,22.5400784,书城路与万象街交叉口西南100米,
B2094352D36AA2FF429F,NEED创意韩国料理(深圳湾万象城店),113.9415039,22.5168141,广东省深圳市南山区粤海街道海珠社区科苑南路2888号深圳湾万象城D区B1层,
B2094252D56FA7F84898,陶陶居.悦海(万象前海店),113.898234,22.530837,南山街道桂湾四路169号万象前海购物中心二层,
B2094252D16BA0FA409E,董太婆老妈蹄花川菜馆(马成时代广场店),114.0531682,22.5211424,福保街道石厦社区石厦北二街西新天世纪商务中心A.B座4层马城时代广场4层402B铺,
B2094251DB69A2FC4299,徐记海鲜(车公庙店),114.0298835,22.5362137,绿景NEO大厦A座2楼,
B2094251DA69ABF8489E,小火璽,113.939959,22.512387,粤海街道蔚蓝海岸社区创业路1777号海信南方大厦302,
B2094354D46BA0FD409A,小火璽,104.0643825,30.5548337,吉瑞二路99号成都保利时光里2F层2061、2062,
B2094256D66AA5FD479C,小喜村火锅(玺云台店),106.296308,38.501318,兴庆区名族北街与景博路交叉口向东100米,
B2094257D46FA2FA419B,小欢玺火锅烧烤餐厅,121.397278,31.087979,都市路3825弄好爱广场10栋103室,
B2094251D26CA4F8429F,繁楼,114.083674,22.544686,振华路118号华丽装饰大厦1楼（平安银行旁）,
B2094252D66BA7FA4398,繁楼(百盛购物中心淮海路店),121.45922,31.21741,淮海中路918号百盛购物中心(淮海路店)F4,
B209425CDB6DA4F8479E,繁楼(苏州金地广场店),120.6235015,31.2914944,新市路1号苏州SUONE金地广场F3层,
B2094252D16AA7FD419C,相城区繁华商业中心(苏州城市生活广场B座1号楼店),120.611023,31.3431314,平泷路251号苏州城市生活广场B座F1层,
B2094253D16DA0FA409A,非繁城品·曹县马金凤大戏楼店,115.569522,34.850467,长江东路351号,
B2094252DB69A6FE439F,繁花商业中心A楼,120.607046,31.361277,江苏省苏州市相城区人民路4555号繁花商业中心A楼,
B2094253D169A5FC449E,繁楼门店,114.083529,22.544665,华强北中航路西华丽装饰大厦,
B2094356D568A5FE449F,繁楼,113.86276835163,22.580983124431,深圳市宝安区金海路盐田股份综合楼,
B2094254D46EA5FD4298,繁荣楼,116.6824,24.5212,茶阳医院门诊附近西北方向150米,
B2094254D46EA4FD4392,繁华楼,116.10581,24.30036,秋苑路28-1号附近西北方向20米,
B2094254D46BA7FA4598,繁裕楼,113.72382,22.85225,陈黄一路17正东方向50米,
B2094254D465A1FD4499,繁华楼,120.89554,28.03993,柳市三里一路繁华路口正东方向30米,
B2094254D465A1FF499A,繁宏楼,120.82006,27.90064,兴工路,
B2094255D769A7FC4392,繁盛楼,104.01601,30.8826,高墙路136,
B2094255DA6DA3F5449F,繁星楼,116.10769,24.30485,梅兴路57,
B2094252D564A6FD469B,雾MIST·鮨(深圳湾店),113.93965,22.497032,蛇口街道深圳湾社区中心路西吉祥龙花园s153(近后海木棉花酒店),
B209425CD16BA5FB469D,EPICE泷涎·高尔夫花园餐厅,113.961494,22.530005,沙河高尔夫球会会所一楼,
B2094253D169A6FE479A,蘩楼(西乡店),113.862719,22.581039,金海路3号盐田股份综合楼2楼,
B2094253D66DA0FF4098,炳胜品味(罗湖万象城),114.1112099,22.5400122,宝安南路华润万象城一期L599,
B2094253D668ABF94393,美人鱼悬崖餐厅,114.606969,22.540054,南澳街道东山社区南澳鹿嘴山庄里面,
B2094356D668A6FE459E,美人鱼悬崖海景餐厅(鹿嘴山庄店),114.60696906969,22.540053609175,大鹏新区南澳街道新东路杨梅坑鹿嘴山庄,
B2094253D66BA4FA4593,老顾客煲仔饭,113.9242098,22.4904673,招商街道招商路140-1,
B2094356D06DA6F8439F,老顾客煲仔饭(蛇口店),113.92426236472,22.490399980733,"招商路140-1号（水煮鱼乡旁,中国银行对面）",
B2094253D56CABFC479F,金铭都酒家(西荟城购物广场店),113.818143,22.731485,沙井街道坣岗社区新沙路南侧华盛智荟大厦2层a区3层,
B2094253DA65A7FB4893,柳州红糖冰沙豆腐花,114.0592895,22.6305377,长发路与里石街交叉口西南20米,
B2094253DB6FA1FB479A,寿司郎(卓悦汇店),114.0599211,22.5701538,梅林路与中康路交汇处1号卓悦汇购物中心L2层,
B209425CD76AABFB4098,王品牛排(欢乐港湾海景店),113.8866494,22.5431436,新安街道欢乐港湾东岸L3-003,
B2094257DA68AAFF419B,黑泽烧肉(宝安店),113.9055565,22.567029,新安街道建安社区前进路南侧冠城世家1栋105,
B2094253DB6AA4FC4292,星龙吟日料放题(深圳福田店),114.06385,22.533384,福田街道岗厦社区福华三路88号财富大厦4层4A,
B2094250D369AAFB489C,芭依珊(宝安大仟里),113.87307,22.571495,新湖路与海城路交叉口宝安大仟里B143-145(地铁1号线坪洲地铁站A出口),
B2094250DA6EA3FB429D,炳胜品味(深圳湾万象城店),113.9455433,22.5162812,海德三道深圳湾万象城A区4层L418号店铺,
B2094257D66AAAFF4492,金牌陶陶居(万象天地店),113.9549629,22.5412695,华润万象天地C座SL186,
B2094653D26AABFF479B,福永海鲜市场公交站,113.81083,22.66251,广东省深圳市宝安区深圳市宝安国际机场机场九道,
B2094556D46FA7FB4392,福永海鲜市场,113.809894,22.662959,宝安大道,
B2094653D26EA2FB429B,成都牛王庙面馆(龙华店),114.01846,22.66078,花园大街14-15号,
B2094653D269A4FE4492,利苑酒家(罗湖万象城店),114.1108515,22.537898,宝安南路1881号万象城二期3楼S348号,
B209425CD568A3FF479A,CAFIEW环保书吧,113.9545646,22.5223882,粤海街道高新南环路8大沙河生态长廊内咖啡书吧,
B2094757D16AAAFC469F,春满园(粤海大厦店),113.9272295,22.513065,南海大道2610号粤海大厦1-3层,
B2094751D36DA7FA489D,玲珑小院(杨美店),114.0792666,22.6273177,坂田杨美村布龙路460号(杨美地铁D出口),
B2094256DB6CA2FC419B,玲珑小院(杨美二店),114.07516,22.628099,龙岗区坂田街道杨美社区金竹18巷1号201-202,
B2094751D56CABFA489F,LAVO,114.057087,22.5353036,嘉里建设广场3座1M层,
B2094251D065A7FE469B,LAVO深圳湾万象城店(旗舰店),113.947485,22.517768,滨海大道3001号华润深圳湾体育中心B105,
B2094252D76BA5FD4893,Lavons,104.009315,30.675732,青羊大道209号附10,
B2094253D469A0FE499C,LAVO深圳湾万象城店,113.9474832,22.517769,滨海大道3001号华润深圳湾体育中心B105,
B2094257D46DA5F9419E,LAVO jazz·funk·soul,114.057079,22.535302,益田路与福华路交汇处嘉里建设广场二期第1M层01B单元,
B2094356D66CA3FB469C,LAVO Italian Restaurant And Rooftop Bar,103.860046,1.284414,新加坡,
B2094354DA69A3FC499A,LAVO(福田嘉里中心店),114.0570843,22.5353051,嘉里建设广场3座1M层,
B2094253D664A7F9499D,lavoir,106.924632,27.716665,南京路遵义公馆靠河边lavoir,
B2094453D56EA6F94498,LAVO国际餐饮,118.77476,32.05724,上海路160号,
B209445CD36AA4FD4599,香稻园胜记海鲜(龙华店),114.024006,22.64812,建设路198号,
B209445CD06CAAFB439E,顺德佬酒楼(学府东店),113.9282011,22.5257388,学府路与南光路交叉口东南角100米阳光华艺大厦A座102铺,
B209445CD06DA1FB4499,顺德佬(学府店),113.9121037,22.528454,学府路西312号天朗风清家园A栋裙楼二楼,
B209445CDA65A2FB4799,從黔,113.83097,22.702724,福永街道稔田社区工业北路50-7号,
B2094551D26CABFA429D,黔东南从江加榜梯田新建宾馆,108.57835,25.58455,加榜乡加车村,
B2094252D06AABFD489B,多彩贵州酒集团从黔酒(全国直营总部),106.39914,27.77863,姜家寨12-1号,
B209425CDB68A5F9479D,从黔故事(黔货出山·南京店),118.788811,32.011045,老门东景区中营42号,
B2094554D36AA1FB4493,先歌山水山庄,113.859162,22.646461,九围路109号先歌科技园内（进入先歌科技园靠左边直走上坡后右拐进入山庄）,
B2094550DB6CA1FE4398,嘉苑饭店,114.058156,22.535872,中心四路嘉里建设广场1座首层,
B2094654D26EA2F5479B,嘉苑饭店中餐厅(大柳树路店),116.3363,39.9534,西直门外大柳树路6号(近北京交通大学),
B2094252D468ABFD499D,北京嘉苑饭店,116.336461,39.953511,西直门外大柳树路6号(近北京交通大学),
B2094452DB6EA6F8479D,利民饭店(玉龙嘉苑西北),116.1387718,40.2320756,亭阳路4号,
B2094257D06BA2FB4292,佳俊八宝牛杂(公园南路南水步行街店),113.9295558,22.4865238,南水步行街南水路38号,
B2094254D66AA2FB4899,79号渔船海鲜饭店(岗厦店),114.068501,22.533474,福田街道彩田南路福建大厦A座裙楼1至3层,
B2094254D664A6FB419B,肥仔夜茶,113.893901,22.564254,新安街道宝安45区五二队南二巷3号103,
B2094254D665AAFB4798,卓悦INTOWN购物中心,114.0647088,22.5319726,金田路2030号(岗厦地铁站D口步行460米),
B2094252D16EABFC4993,前海卓悦INTOWN购物中心,113.8989955,22.5292785,梦海大道5109号(桂湾地铁站E口步行380米),
B2094251D16CA2FA4592,犀先生烧肉餐酒馆(卓悦INTOWN购物中心东区店),114.064669,22.531862,福田街道福山社区福华三路与金田路交界处东南侧卓越世纪中心皇岗商务中心负1层B108B109,
B2094251D56BA4FE429D,gaga(卓悦INTOWN购物中心东区店),114.0650792,22.5318891,金田路2030号卓越INTOWN购物中心一层L131-L132号商铺,
B2094354D064A0F9499A,西塔老太太泥炉烤肉(卓悦INTOWN购物中心店),114.0650211,22.5321278,金田路2030号卓悦INTOWN购物中心东区L2层,
B2094253D669ABFE4693,润园四季椰子鸡(卓悦INTOWN购物中心福田店),114.0654099,22.5316988,福华三路与金田路交汇处卓越世纪中心34号裙楼3楼,
B209425DD36AABFB4799,白玉串城(卓悦INTOWN购物中心东区店),114.064982,22.5317446,金田路2030号卓悦INTOWN购物中心东区L2层L215、L216、L217,
B2094354DA6CA1FC4992,卓悦INTOWN购物中心(福田店),114.0646824,22.5319532,广东省深圳市福田区金田路2030号,
B2094251D569A4FA4493,卓悦INTOWN购物中心东区,114.0650354,22.5318798,金田路2030号(岗厦地铁站D口步行410米),
B209425CD46BABFB4899,鮨大虎寿司·手握赤醋饭(卓悦INTOWN店),114.0649682,22.5318715,福华三路卓悦INTOWN二楼L219号,
B209425CD76CA4FD489A,麺屋猪一(卓悦INTOWN购物中心店),114.065297,22.532132,卓悦in town一楼北门(山禾田对面),
B209425CD56CA7FE449F,松野谷·寿喜烧放题(卓悦INTOWN购物中心东区店),114.0645444,22.5319477,金田路2030号卓悦INTOWN购物中心东区L3层L328,
B2094354D06FA3FA4292,东江顺德(卓悦INTOWN购物中心东区),114.0650762,22.5320138,金田路2030号卓悦INTOWN购物中心东区L3层L325,
B209425CD76FA3F94198,捞王锅物料理(前海卓悦INTOWN购物中心店),113.8991698,22.5296228,南山街道梦海大道5033号前海卓悦INTOWN购物中心T3号楼二层L201-L202号,
B2094253D66AAAF9479B,丝域养发馆(卓悦INTOWN购物中心福田店),114.065019,22.5315,金田路2030号卓悦INTOWN购物中心东区L3层L315,
B209425DD26BA0F54792,D·M梦想男士理发发型设计BarberShop(卓悦INTOWN购物中心店),114.0652675,22.531207,金田路2030号卓悦INTOWN购物中心东区,
B209425DD36EA2FB419B,潮汕茶寮·早茶·烧烤(卓悦INTOWN购物中心店),114.065106,22.532256,福华三路卓越intown四号楼4层L403,
B209425DD36AA6FA489F,陈鹏鹏潮汕菜(卓悦INTOWN购物中心东区店),114.0648853,22.5317542,金田路2030号卓悦INTOWN购物中心东区B1层,
B209425DD565A3FD4898,鸟鸣烧鸟居酒屋(卓悦INTOWN购物中心店),114.0649815,22.5317851,金田路2030号卓悦INTOWN购物中心东区L3层L319、L320,
B2094255DA6DA5F5429C,成都钟姐钵钵鸡(南山店),113.9258567,22.518008,南光商业街10号(南光地铁站A口步行320米),
B2094256DA64A2F44698,79号渔船海鲜饭店(科技园店),113.9364,22.522787,滨海大道赛西科技大厦3层,
B2094256DA65AAF8459E,茑山怀石炭火烧,113.9889973,22.53292,深南大道9001-3(华侨城地铁站D口步行330米),
B2094256DB6AABFA469A,呐咪傣园·云南菜(石厦店),114.0498278,22.5212779,"新洲路石厦西村113-1号(地铁3号7号线石厦站F出口,众孚小学隔壁)",
B2094257DA69ABF94092,小炳胜(卓悦中心店),114.06515,22.536496,深南大道2005号One Avenue卓悦中心(西区)L5层L502,
B2094256DB6BA5F5469F,小炳胜(卓悦中心),114.0651629,22.5364434,深南大道2005号One Avenue卓悦中心(西区)L5层L502,
B2094256DB6BABFF439C,金皇廷酒家,114.0628929,22.5338745,金田路3037号5楼,
B2094257D069A7F44692,马旺子川小馆(深圳湾万象城),113.9463497,22.5167365,科苑南路深圳湾万象城1区2楼L246(北门二楼),
B2094352D064A3F44698,回味黑鸭煲·始于2006(宝安大仟里甄选店),113.8726577,22.5701678,广东省深圳市宝安区大仟里,
B2094350D668AAFA4192,清汤鲜牛腩(灵芝店),113.9081974,22.5668559,新安街道灵芝新村19区兴华二路284-4,
B2094351D36FA3F8409F,鮨冠OMAKASE食べ放题(深圳首店),113.9973156,22.5404354,恒邦置地大厦二楼202,
B2094351D56FA0FC469F,鸟剑居酒屋(西丽万科店),113.9425473,22.5738713,广东省深圳市南山区打石一路万科云城西里L1层CL1号、16号,
B2094351D568A6FD4098,来福农家院子·河豚特色鱼煲(国际会展中心店),113.785559,22.6843233,广东省深圳市宝安区福园一路30号美生云谷福海楼鹏城宴1楼,
B2094352D265A4FC469B,拉玛九和牛船面(万象城二期店),113.942432,22.5161627,广东省深圳市南山区粤海街道海珠社区科苑南路3091号深圳湾万象城B1层D区DB102,
B2094352D365A1FC429F,麻六记(深圳大悦城购物中心店),113.9036276,22.569025,创业2路大悦城L316,
B2094352D16EA1FF439A,文汀(深圳湾万象城店),113.9421881,22.5166098,广东省深圳市南山区粤海街道海珠社区科苑南路2888号深圳湾万象城B1,
B2094357DA6CABF5459F,小柴湖·中国湖鲜(松岗满京华店),113.8339132,22.7830862,满京华云著花园一期1号楼营销中心116,
B2094352D16AA7FB4898,水牛奶皇后糖水铺(黄贝岭店),114.1349092,22.5480526,广东省深圳市罗湖区黄贝街道丽斯大厦附近34米,
B2094352D669A3FE419D,奉天·繁华(深圳湾万象城店),113.9433186,22.5152084,深圳市南山区中心路华润·深圳湾万象城西侧约190米,
B2094352D669A6FA419B,西贝(深圳欢乐港湾店),113.8861534,22.5430227,广东省深圳市宝安区新安街道欢乐港湾2号东L2-028号,
B2094352D768AAFB4192,山禾田·日料小屋(壹方天地B区店),114.029271,22.646503,龙华区龙华街道景新社区龙华人民路4020号壹方天地B区3楼,
B2094352D568A0FC429D,捞鲜门海鲜集市火锅(罗湖口岸店),114.11961,22.534097,罗湖区人民南路1008号环球经贸广场4楼,
B2094352D56AA7F9429B,海底捞火锅(深圳大悦城购物中心店),113.9023264,22.5686271,广东省深圳市宝安区深圳大悦城购物中心4楼(星厨花园内),
B2094352DA6AA6FF4699,胡麻(深圳湾万象城店),113.942946,22.514759,广东省深圳市南山区粤海街道海珠社区科苑南路3256号深圳湾万象城F1层C区CL120,
B2094750D765A6F5479E,鹏城饭馆,114.5136638,22.5960735,大鹏所城东城巷21号,
B2094250D06DABFB4898,鹏城饭馆(惠阳店),114.4143228,22.8422654,秋长街道茶园木公幌,
B2094356D268A1FC479C,渔村·鹏城饭馆(大鹏所城店),114.5137991,22.5961822,大鹏所城东城巷21号,
B209425DD06CA2F94999,悦满楼·西关名点·湛江名菜(东方明珠大厦店),113.8979874,22.5755819,31区前进一路186号东方明珠酒店105,
B2094357DA6AABF5439A,冯校长老火锅(南山大道店),113.9237963,22.526746,南山大道2017号中兴之家1栋东座104号(开车可停亿利达村停车场),
B2094352D468A4FD4892,一滩烂泥酒馆(兴东店),113.9214342,22.5848456,广东省深圳市宝安区群力二路1号,
B2094357D66CA7FE4598,尧熙·湖院(定岗湖店),113.8135475,22.7245537,深圳市宝安区环镇路18号-A,
B2094355D064A0FA4492,郑好好烧麻糬冰,114.03836829643,22.621293834423,广东省深圳市龙华区,
B2094354D26AA0FA4499,很久以前羊肉串(大运天地店),114.2159754,22.6977025,黄阁中路大运天地北区5栋二层NL208号,
B2094354D36DA4FE4199,柳山行螺蛳粉(福田店),114.05942,22.567696,中康路18号西门振业梅苑(上梅林地铁站G口步行80米),
B2094354D169A3FD449C,冯校长老火锅(深圳福田店),114.054448,22.5363457,民田路138号深圳购物公园,
B2094354D668A1FA4793,四季甜糖水屋,113.9280895,22.4882882,蛇口新街124号(东角头地铁站D口步行300米),
B2094357D46FABF9409E,四季甜糖水屋·牛奶冰(蛇口店),113.9281067,22.488297,蛇口街道新街124-2号,
B2094354D46FABF84792,秘野·贝拉礁石海景餐厅,114.4189673,22.6026675,葵涌街道官湖社区官湖西路7号2号楼101,
B2094253D06DAAF5469D,下村新强记烧鹅(大东明店),113.906199,22.768871,马田街道大东明城市广场1栋,
B2094354DB6EAAF54393,下村新强记烧鹅店,113.8866638,22.7866476,公明街道下村路32号(下村图书馆),
B2094253D06BAAFE469A,下村新强记烧鹅店(大东明店),113.906136,22.76889,公常公路732-7号大东明城市广场1栋2楼,
B2094355D26EA5F4479B,喜茶(深圳欢乐海岸LAB店),113.9909417,22.5238592,滨海大道2008号欢乐海岸曲水湾18栋18-1A,
B2094354DA65A0F5469A,苍屿翠(深圳万象城罗湖店),114.1108816,22.540161,宝安南路1881号万象城一期五楼L530（西南电梯厅五楼左拐到店）,
B2094355D36DA7FE4893,凤凰楼酒家·粤宴点心(华强北店),114.0883334,22.5495212,红荔路2012号,
B2094354D66EA5FD4199,蘩楼(东门晒布地铁店),114.121623,22.5482671,东门街道东门中路2071号南海中心三楼,
B2094356D06DA1FF4992,林鲜记鸡煲(万象前海店),113.8993041,22.5312224,桂湾四路万象前海购物中心3楼308号铺,
B2094355D16DA1FE419B,翠华express(宝安机场),113.81034947075,22.630475170666,机场南路宝安国际机场T3航站楼3楼候机厅中庭3C-03-10（39-50登机口旁）,
B2094357D06BA4F44692,步步的冰屋(龙岗坂田店),114.061034,22.6314112,和东街20-14号,
B2094357D365A5FC499B,Begl餐厅(深圳万象天地),113.9566443,22.542295,万象天地里巷地面1楼NL152B,
B2094350D16AA5F44598,BegL餐厅(深圳万象天地店),113.9631732,22.548068,万象天地里巷地面1楼NL152B,
B2094357D264A7FF4792,渔悦荟·中山脆鲩鱼火锅(南山店),113.9236724,22.5020755,南海大道1090号招商花园城L4层,
B2094356D26BA7FD419B,龙城小院,114.2191791,22.7104252,广东省深圳市龙岗区龙城街道龙城公园活力谷,
B2094656D66BA0FC479B,龙城小院,112.57433,37.87839,杏花岭区五一路245号(八一大厦对面),
B2094355DB6EA0FF419D,蛇口吴记·海鲜鸡煲·脆皮鸡(白石洲店),113.9664687,22.5385744,南山科技园白石洲国际市长交流中心101铺,
B2094253D06BA6F4449E,魔女主厨(光明万达广场店),113.932576,22.7484396,光明大道万达广场二楼2010(凤凰城地铁站C口旁),
B2094253D265A4FA4899,四禧潮鸡煲(宝安店),113.8738757,22.5740922,乐群社区南沙新村中二巷一号蜀风路5101号,
B2094252D564A5F84398,深圳市鹿嘴山庄悬崖餐厅,114.57532,22.54437,广东省深圳市龙岗区,
B2094252DA64ABF44198,gaga(蛇口GG创意园GARDEN店),113.9189213,22.4925559,招商街道水湾社区荔园路9号201,
B2094252DB64A2FE4698,B3·Bistro×Brunch×Bar,114.054648,22.533702,福田街道福安社区福华三路268号星河COCOPARK购物广场LIS001-LIS142L1-046、L1-048,
B2094253D26DA1F44398,齐武·日本料理(鹏润达商业广场店),113.941321,22.518009,后海滨路3368号鹏润达商业广场F7层,
B2094253D26EA1FC4299,Fumée拂鳴,113.9360568,22.540357,粤海街道麻岭社区深南大道9968号汉京金融中心303-1,
B2094257D665ABF54093,OBSIDIAN BAR(平安金融中心店),114.05571,22.533272,福华四路16号平安金融中心商场6楼S601-S602,
B2094253D06AA2FC4398,黑曜石.灰Obsidian 西餐厅,121.651634,38.916973,丰阳巷3号清爽街2号2-10,
B2094253D76CA5FB499B,OBSIDIAN(平安金融中心店),114.055814,22.532754,益田路5023号平安金融中心商场6楼S601-602,
B2094253D26BA1FE4093,OBSIDIAN,114.0558593,22.532749,平安金融中心南塔L4层601,
B2094253D669A7F54698,OBSIDIAN BAR,114.055984,22.532085,益田路5023号平安金融中心商场6楼,
B2094354D36DA3FA4793,FLOWER OBSIDIAN花耀石,110.3262083,25.2372815,环城南一路21号万达城E区融创文旅城栖霞府西苑1栋-2号铺,
B2094252D564A6FF479D,水岸十里·江海时鲜(万象前海店),113.898346,22.530937,桂湾四路169号万象前海购物中心L327号店铺,
B2094253D364A3FF469F,翠湖广东乡下菜,113.9725814,22.5602967,龙井村西区103-1号,
B209425DD164A4FA4192,福民翠湖广东乡下菜,114.065375,22.522286,福民路9号福民佳园9-11号铺,
B2094253D06CA1FC499C,鱼逗中山脆肉鲩鱼火锅(前海HOP天地店),113.8877568,22.5500068,新安街道海旺社区兴华一路(延伸段)19号中兴酒店前海HOP国际203,
B2094253D068A1FE429A,陶陶居酒家(万象食家店),114.1104413,22.5608132,笋岗街道笋西社区梅园路75号万象华府第5层L518,
B2094253D068A4F94299,深圳福田卓悦INTOWN店,114.06388,22.53193,福田街道福华三路卓越世纪中心1层L133,
B2094253D064A1FB479A,林记砂锅粥烧烤美食,114.068384,22.652285,坂田街道象角塘西村口(华为地铁站B口步行170米),
B2094253D06CAAFC4593,顺记潮汕桐坑牛肉店(淇腾综合楼店),114.2212124,22.722029,白灰围一路127淇腾综合楼F1层,
B2094252D46CA0FD409A,麦当劳(哈工大荔园),113.968824,22.5866842,深圳大学城荔园生活区1号商铺,
B2094252D364A6FF4998,蚝门九式(莲花店),114.0699869,22.5488511,华富街道红荔西路5002号莲花大厦二楼,
B2094253D16DA2FF429B,粥老大砂锅粥·烧烤·小炒(梅林店),114.0590042,22.5675667,上梅林中康路33-3号,
B2094252D66BA1F94193,海底捞火锅(坪山益田假日广场店),114.3382527,22.692026,坪山街道六联社区深圳汕路168号六和商业广场一期L2-33,
B2094252D76DA2F9429F,半吨酿造所·美式果木烟熏烤肉(车公庙店),114.025582,22.532385,沙头街道天安社区泰然四路泰然科技园212栋一层106号,
B209425DD66DA7FB409B,龙凤荟·传统粤菜点心(新天地店),121.4752069,31.2206287,太仓路181弄8号(近湖滨路与黄陂南路交叉口),
B2094252D768A3F84192,龙凤点心,113.845032,22.7661268,松岗街道办沿河南路16B(近中国银行),
B2094253D06DA5F8439B,龙凤点心·饼家,113.8450359,22.7661226,松岗街道办沿河南路16B(近中国银行),
B2094252D46DA6FE419B,七个烧烤·武汉大排档(翻身店),113.8965818,22.5567085,兴华一路68号鹏兴盛商务中心1楼10号铺,
B2094252D564A2F4409E,醉翁亭宋府菜(琼宇路店),113.94783,22.55062,琼宇路51大厦6楼,
B2094252D16EA5FC479F,大湾区一号,113.913414,22.468613,海运路蛇口邮轮中心,
B2094354DB6CA4F54593,大湾区一号(港珠澳大桥航线),113.9134117,22.4686131,广东省深圳市南山区海运路蛇口邮轮中心,
B2094252D465A3F4459D,gaga(南头古城GARDEN店),113.9199773,22.544777,深南大道南头古城大家乐北广场N-08商铺,
B2094252D56EA4F4459F,炳胜私厨(万象前海店),113.899185,22.531413,前海深港合作区南山街道桂湾四路169号万象前海购物中心L324,
B2094252D56FA0F84099,蚝蚝先生烧烤(前海店),113.88767,22.549915,兴华路和海秀路交汇处中兴酒店大厦一楼L1-45铺,
B2094252D56FA5F8419B,欢欢贝果HHBAGELS(南海玫瑰花园二期店),113.9244973,22.485159,望海路1103-33南海玫瑰园二期,
B2094252D56FA5F8459C,NAYA·亚洲泰菜(欢乐港湾店),113.887032,22.542641,欢乐港湾东区L2-024,
B2094253D46BA1F8459E,BELLOCO倍乐(南京万象天地店),118.779316,32.022747,中山南路666号L1层L167号,
B2094252D569AAF8479B,BELLOCO倍乐(万象天地店),113.956243,22.542498,科发路万象天地NL121,
B2094252D56BA7FA4293,大千里,113.874344,22.569747,广东省深圳市宝安区西乡,
B2094253D06EABF94793,大千炉匠炉端烧日本料理餐厅(卫星里店),117.1864946,39.0963141,气象台路与平泉道交口卫星雅苑去15号配套公建,
B2094253D16CA2FD4193,鸟金·炭火烧鸟(南山前海店),113.892538,22.525833,前海嘉里商务中心T1-101,
B2094257D665ABF54093,OBSIDIAN BAR(平安金融中心店),114.05571,22.533272,福华四路16号平安金融中心商场6楼S601-S602,
B2094253D76CA5FB499B,OBSIDIAN(平安金融中心店),114.055814,22.532754,益田路5023号平安金融中心商场6楼S601-602,
B2094757D06BA0F84992,紫阳富豪大酒楼,121.76453,31.05555,川南奉公路6113号3楼,
B2094654DB64A7F9419C,大富豪酒楼,121.46999,31.23567,黄河路163号,
B2094652DA6FABF4429F,大富豪酒楼,113.60601,24.68007,曲江区马坝镇鞍山路4号,
B2094652DB6AA2F9429B,君富豪大酒楼,113.91867,22.53198,南山区桃园路193号金桃园大厦1-3楼(近南山医院),
B2094652DB6AA5F8459C,大富豪海鲜酒楼,113.90605,22.56671,宝城10区前进路南则,
B2094253D16DA0FD4598,富豪酒楼,114.1294886,22.6812441,华南国际工业原料城北门富安大道1号,
B2094651D36BA4FB449B,富豪大酒楼,117.08468,35.40527,山东省济宁市邹城市大束镇342省道,
B2094656D768A7FB4693,富豪酒楼,111.71155,36.16923,山西省临汾市洪洞县曲亭镇309国道,
B2094653D268A6F8449B,大富豪酒楼(平湖街道),114.1437,22.69392,凤凰大道235号,
B2094650D165AAFA429E,城南大富豪酒楼,121.16795,32.27356,江苏省南通市如东县掘港街道振兴路8号,
B2094655D06CA2FE439F,大富豪盛祥酒楼,117.598045,40.083935,天津市蓟州区马伸桥镇马伸桥宴兴瓷砖店,
B2094653DB6BA3FB459A,大富豪酒楼,102.83583,30.02128,四川省雅安市天全县始阳镇318国道,
B2094757D169A0F4409C,大富豪酒楼,121.5323079,31.270022713,上海黄河路161-169号,
B2094653D06CA4FF459A,富豪酒楼,112.708779,23.342346,建设路239号,
B2094653D068A7F94498,富豪酒楼,110.12331,20.45522,广东省湛江市徐闻县下桥镇化州饭店,
B2094654D46CA4FA4598,东山区大富豪酒楼,113.29879,23.13148,东风东路723号,
B2094451D168A5F4409C,大富豪酒楼,106.65684,26.687119,贵州省贵阳市白云区钢玉路,
B2094453DB64A0FD489D,紫阳富豪大酒楼,121.34325,31.07869,川南祝公路6101号弘基广场3楼,
B2094556D668A7F9409C,富豪酒楼,112.9126,24.41939,大湾镇青坑新街3号正东方向40米,
B2094255D264A6FD4498,大富豪酒楼,128.26251,43.36317,华康大街江南镇正北方向180米,
B209425CD36EA6F44092,深圳蛇口希尔顿南海酒店OPEN开·西餐厅,113.91587,22.47948,望海路,
B2094250D36BA5FE4099,听风竹山灵餐厅,119.900314,30.591364,莫干山镇燎原村31号,
B2094253D468A0FB4193,听山餐厅,113.9336852,22.5286764,南海大道3688号深圳大学(粤海校区),
B2094351D26DAAFB429D,听山餐厅,114.5357936,37.9977321,河北省石家庄市裕华区ICC环球智汇中心B座西塔1层,
B2094256D46FA1FC4099,听风竹山灵餐厅,119.900119,30.595754,燎原村干家组31号,
B2094757D168AAF94898,思慕雪甜品店,127.022839,37.521102,首尔강남구신사동,
B2094757D769A4FD439F,百花甜品店,113.275537,23.122579,文明路210号(近中山图书馆),
B2094656D264A2FC429F,江滨甜品店,110.39115,23.53931,广西壮族自治区贵港市平南县平南街道城顶街18号,
B2094554DB6AA3FF489C,尚品寿司甜品店,112.57119,25.27748,建设局附近东北方向60米,
B2094653D36EA1F4489A,辉记甜品店,113.118698,23.032988,福禄路48号惺台公F1层,
B2094555DB6DA4FF409B,泗阳县众兴镇猫山王甜品店,118.69016,33.71247,嘉联紫金城B1-2-106大润发步行商业街,
B2094653D668A7FA429F,大良民信甜品店东莞分店,113.76002,23.04991,花园路13号,
B2094757D66FA6FB4098,芋贵人甜品店（三钢里店）,121.49503,31.17373,浦东新区上南路1158号三钢里1号(上南路昌里路口),
B2094757D06EAAFA469B,芋贵人甜品店(日月光广场店),121.46858,31.205689,卢湾区徐家汇路618号日月光中心广场B2楼C08号商铺(近瑞金二路),
B2094757D06FA7FB489C,芋贵人甜品店(虹口龙之梦店),121.478397664,31.2707429019,虹口区西江湾路388号虹口龙之梦购物中心B2楼(近虹口足球场),
B2094757DA69ABF44799,糖印甜品店（潮王店）,120.15260146832122,30.28516221669613,拱墅区潮王路255号红石中央大厦1楼(近巴黎贝甜),
B2094654D66CA6F54792,小彻甜品店（东四店）,116.418482,39.927275,东城区东四北大街东四四条78号（近西口）,
B209445CD56DA7FF459B,台湾熊窝窝咖啡甜品店,112.35621,28.55948,福中福・美家居名品建材中心3栋-101号,
B2094757D56CA6FA469E,芋贵人甜品店（长宁龙之梦店）,121.41625,31.218513,长宁区长宁路1018号龙之梦购物中心2楼黄中庭(近凯旋路),
B2094253D468AAFB4593,tpd甜品店,113.915527,22.501799,招商街道工业八路303号壹栈人才公寓门口商铺-tpd甜品店,
B2094750D26CAAF44893,刘冰红烧乳鸽店,113.93573,22.74903,宝安区光明新区16栋(招待所大门对面),
B2094253D46AA3FD439A,刘冰乳鸽店,113.945236,22.763797,光明新区法政北路16栋,
B2094253DA65A5FA4798,顺德佬(荔源广场店),113.9121719,22.5110374,前海东滨路4351号荔源广场F1层,
B2094253DB6CA3FA439A,肯德基(龙悦居KFC),114.031468,22.602684,龙华区民治街道民丰路与致远南路交汇处金众金域阁一楼127-134号商铺,
B2094253DB68A6F94093,食颐水牛奶糖水铺,113.9251357,22.489997,蛇口街道大铲社区公园路52号,
B209425CD06EA7F5429D,植庭寿司(侨城一号广场店),113.9863024,22.5473269,深云路二号侨城一号广场裙楼L1-02,
B2094253D664A3F44992,肥肥虾庄(福田车公庙店),114.0262653,22.5320422,苍松大厦东南门旁,
B209425CD068A2FF499A,pLeace(罗湖万象城店),114.11123,22.540304,宝安南路1881号万象城一期三层L399室,
B209425CD064ABFD4299,王捌院子·深圳首店(欢乐港湾),113.8859934,22.54341,欢乐港湾东岸L3-001,
B209425CD16AA3FB4899,寿司郎(海岸城店),113.9352261,22.5172255,文心五路33号海岸城F3,
B209425CD668A7FD4999,TonTon小屋,114.1030327,22.5555441,园岭新村112栋107号(园岭地铁站B口步行90米)园岭新村112栋笋岗西路路边(园岭地铁站B口直行90米),
B2094252D265A4FC4892,青蓬海上捞蒸品海鲜城(田心店),114.1134199,22.5695618,宝岗路220号,
B2094253D76EA5FB4392,大渔铁板烧(深圳龙华壹方城店),114.032872,22.643688,工业路与龙华大道交汇处壹方天地D区L2层,
B2094253D66BA6FB4899,渔米香砂锅粥,114.0374243,22.517392,沙嘴村三坊18号101,
B2094253D16DAAFF4093,藏巷十酒·炭火居酒屋·炉端烧(红山六九七九商业中心店),114.024877,22.621265,民治街道红山6979商业中心三期11栋33座256,
B2094253D165A6F5489B,肉祭烧肉一番(宝安大仟里店),113.8718917,22.5693014,海城路3号大仟里购物中心宝安店L4层,
B2094253D16EA1FC499B,小煵记·打边炉(西丽店),113.950979,22.572333,西丽街道曙光社区西丽南路31号西丽老计生站1栋101,
B2094354D36FA2F54193,米煮鲜毋米粥(宝安中心店),113.890852,22.556761,创业一路鸿荣源西城上筑1栋AB座1014二楼,
B209425DD26AAAFC499C,米煮鲜毋米粥(永新汇店),113.9193469,22.5093545,东滨路永新汇1号楼3层301(南油西站C出口),
B2094253D16FA7F5489F,元古云境(万象天地店),113.955547,22.542592,科发路19号深圳万象天地L1层,
B2094253D169A7FE439E,湖南老灶台·文记虾一跳(海岸城店),113.9336921,22.517641,粤海街道文心三路9号中洲控股B座2楼,
B2094253D16AA3F84198,老爷鲜酿(粤海城店),114.1354432,22.578587,东晓街道东昌路23号(原金威啤酒厂),
B2094253D66CA3F94992,寿司郎(皇庭广场店),114.060323,22.5339832,福安社区福华三路118号皇庭国商购物广场L楼29A30号商铺,
B2094253D66BA7F94793,费大厨辣椒炒肉(金光华店),114.1202319,22.5397195,金光华广场L6层,
B2094253D66CA1FA459B,小陈记瓦煲鸡(裕和花园店),113.8804756,22.5656981,82区裕和花园4巷1号,
B2094253D66CA5FA4593,黄记福禄烧烤,114.2269489,22.6963011,龙城街道爱联社区新陂路116号101,
B209425CD569A6F5499F,黄记福禄烧烤(宝安店),113.902759,22.561727,宝民一路64-8号,
B2094253D66DA6F8499A,牛百鲜·牛腩煲火锅(白石洲店),113.967017,22.5339121,石洲中路56号,
B2094253D66FA1FF419B,费大厨辣椒炒肉(领展中心城店),114.0602913,22.5353485,领展中心城G层东广场(会展中心地铁站出入口旁),
B2094253D66FAAF54092,华强隆江猪脚饭(深纺店),114.084708,22.5446023,深纺大厦C座100-14号商铺,
B2094253D66AA4F5459D,百年果林椰子鸡(宝安总店),113.9094112,22.5580761,建安一路23号(三区金融街),
B2094253D66BA2FF4299,顺德渔村·传承一方真味(南山店),113.913508,22.4838915,招商街道水湾社区工业二路1号海洋石油大厦B201A101,
B2094354D36DA0F8439A,大渔铁板烧(万丰海岸城购物中心店),113.821666,22.713714,万丰中路245号万丰海岸城购物中心沙井南环路店F5层,
B2094251D06DABFD419F,老干杯(深圳湾万象城店),113.946572,22.5167825,科苑南路2888号深圳湾万象城A区L4层L436、L438,
B2094252D264A7F8409B,老干杯(深圳湾万象城),113.946576,22.5167823,科苑南路2888号深圳湾万象城A区L4层L436、L438,
B2094254D669A6F8409C,点都德(水贝IBC店),114.124287,22.574748,布心路3008号IBC环球商务中心五楼(水贝地铁站B出口),
B209445DD16AA6F4449A,阿翔鲜牛肉火锅(翠竹店),114.1298722,22.5658419,"翠竹街道翠竹路1175-1号一楼,二楼",
B2094556D765A3FE4498,白石龙二区-幸福楼,114.04199,22.60882,广东省深圳市龙华区民治街道幸福楼(民丰路)白石龙2区,
B2094557D669A7FD429E,港湾茶餐厅(大和店),114.0485914,22.7014046,观澜街道大和路锦鲤二村1栋1-2层,
B2094551D76DA7FE4993,海底捞火锅(麟恒广场店),114.1852028,22.6368152,龙岗大道(横岗段)2999号麟恒中心广场二期二层,
B2094652D369A7FA499A,鼓浪屿,118.06702,24.444695,晃岩路35-6号,
B2094652D369A4FF419B,日光岩,118.067137,24.441998,晃岩路62-64号,
B2094652D36AA7F5439C,鼓浪屿码头,118.07341,24.44735,思明区龙头路,
B2094757D16DA3FF489D,鼓浪屿别墅码头,118.07344,24.454458,厦门鼓浪屿鼓声路别墅码头(鼓浪别墅前面),
B2094757D06FA4FB4192,鼓浪屿音乐厅,118.071435,24.44287,晃岩路1号,
B2094557D169A7FC429B,鼓浪屿茶庄(会山路店),118.57512,30.06804,会山路与龙川大道交叉口北100米,
B2094551DA64A7F5449B,鼓浪屿最美转角,118.068211,24.449353,三明路59号,
B2094757D06AA7F54293,鼓浪别墅酒店(鼓浪屿店),118.060776,24.442432,鼓声路14号(近内厝澳码头),
B2094557DA6BA3F4439B,鼓浪屿洗浴会所,118.102748,31.736515,安徽省马鞍山市含山县环峰镇环峰路,
B2094757D069ABF44798,鼓浪屿轮渡码头,118.07321870136168,24.44642082432155,福建省厦门市思明区鼓新路,
B2094657D56EA6FF409B,鼓浪屿酒吧,129.5644,46.314682,黑龙江省哈尔滨市依兰县依兰镇通江路819号巴黎广场购物中心(育红巷),
B2094652D368ABF84493,鼓浪屿钢琴博物馆,118.069799,24.4383,港仔后路7号,
B2094757D66DA2F84598,大德记浴场(鼓浪屿风景名胜区店),118.075125,24.440107,鼓浪屿风景区漳州路3号之2号,
B2094652D368ABFB429D,鼓浪屿商业中心,118.0723676,24.4449331,福建省厦门市思明区龙头路8号,
B2094757D16FA5F54498,鼓浪屿娜娜海岸店,118.07226945,24.445207684,厦门市龙头路,
B2094757D169ABFF459A,鼓浪屿三十年代别墅,118.07003568,24.473402342,厦门鼓浪屿中华路45号,
B2094757D068A5FB4492,鼓浪屿林氏府公馆酒店,118.0740323,24.4437414,"鹿礁路11-19号,近海天堂构",
B209475CD26EA0FF429E,鼓浪屿菽庄花园,118.06948462165255,24.439038530852983,福建省 厦门市 鼓浪屿,
B2094554D06AA5F9429C,鼓浪屿环岛海滨浴场,118.06921,24.439129,厦门市思明区鼓浪屿,
B2094757D56BA4F54092,鼓浪屿健康温泉浴场,118.52242432,31.70172662,中国安徽省马鞍山市区湖北东路,
B2094551DB64A0FA439C,79号渔船海鲜饭店(西丽店),113.94206,22.572972,西丽街道云城万科里西里1楼,
B2094254D76CA2FB439E,海底捞火锅(南山茂业店),113.9303079,22.5195943,粤海街道海德二道258号茂业时代广场8层海底捞火锅FO8010X商铺,
B209445CD06CA5F94392,潮香园牛肉火锅店坂田五和店,114.063487,22.618809,坂田街道光雅园路21号(光雅园地铁站B口步行420米),
B2094254D76BA5F5439A,小梁哥云吞面,114.1355558,22.5505017,华丽路1050-2号黄贝派出所对面,
B2094254DA6BA2FC4898,红盔甲(白石洲店),113.9670731,22.5370375,沙河街道深南大道博耐家居广场1层C-1002号,
B2094255D46FA0FA469F,蘩楼(蛇口大厦店),113.926824,22.488808,蛇口新街152号白云路与蛇口新街交汇处(蛇口大厦对面),
8008681010500000007,尖沙咀,114.17719,22.294678,"位于：中国,香港特别行政区,油尖旺区",
B2094757D06AA1FA4393,尖沙咀,114.1773069,22.294699,尖沙咀弥敦道81号地库全层Harilela Mansion,
B2094752D165A0FD4493,香港特别行政区尖沙咀,114.179581,22.3016,香港特別行政區油尖旺區九龍草地滾球會球場,
B2094757D06EAAFF489B,尖沙咀天星碼頭,114.168746582,22.2937652171,香港九龍尖沙咀梳士巴利道,
B2094757DA6EA6FC4093,香港尖沙咀凯悦酒店,114.1788081,22.2947152,尖沙咀河内路18号,
B2094757D16EA3FB4499,尖沙咀廣東道11號世界商業中心,114.17358496766448,22.294595976116845,香港尖沙咀廣東道11號世界商業中心,
B2094757D16CA1FC479E,Travelex (尖沙咀),120.55579445,31.078086066,香港九龍尖沙咀漆咸道南61-65號百樂酒店地下1號舖,
B2094757D56EA5FF419D,尖沙咀地铁站,114.176929,22.295528,中国香港油尖旺區彌敦道103,
B2094757D06FA1FE4392,尖沙咀海滨长廊,114.182224,22.293603,油尖旺区,
B209465CDB69A4F94693,Neway(尖沙咀),114.179518,22.294566,尖沙咀寶勒巷21-23A號寶利商業大廈1-3層,
B2094554D36EAAF8439B,尖沙咀美食,113.11164,22.55155,乐业三街与东海路交汇处附近,
B2094757D06BA1FC409F,蘭芳園(尖沙咀店),114.172734,22.296191,香港九龍尖沙咀彌敦道36-44號重慶大廈(活方)地庫26號鋪(彌敦道入口),
B2094252D06EA1FF459C,英皇戏院(香港尖沙咀iSQUARE店),114.176823,22.294204,弥敦道与么地道交叉口西40米,
B2094751D36AA1FB469F,兰芳园茶餐厅(尖沙咀店),114.17774,22.29377,尖沙咀弥敦道36-44号重庆大厦活方地库26号铺(近尖沙咀地铁站),
B2094650D168A1F8419C,尖沙咀海鲜舫,120.62897,31.31533,平江区临顿路201,
B2094752D16DA3FF4392,尖沙咀TheOne,114.173161,22.304647,香港特別行政區油尖旺區澄平街38偉景閣(偉晴街),
B2094252D46BAAFD4992,尖沙咀中心,114.182781,22.294987,尖沙咀么地道66号,
B2094751D36AA1FF419D,珍妮曲奇 Jenny Bakery(尖沙咀店),114.17251,22.2965,九龙尖沙咀弥敦道36号CKE商场重庆站2楼203号铺(重庆大厦旁),
B209445CD56BA6FE4293,尖沙咀茶餐厅,113.53378,22.26683,仁恒星园商业街内,
B209465CDB65A5F44092,尖沙咀警署,114.1762737,22.299911,尖沙咀弥敦道213号,
B2094252D069A1FA4899,尖沙咀弥敦道,114.17114,22.310663,香港九龙,
B2094255DA6DA4FD479E,海底捞火锅(方大城店),113.973394,22.5565244,北环大道方大城(一期)2号研发楼2层L210-215号,
B2094256D264A7FA4792,大自然醉鹅龙华店,114.0440359,22.6421869,兴龙富创客园大厦1层8-11号,
B2094256D465AAFE429E,Ensue,114.0570726,22.5363631,益田路4088号(福田香格里拉大酒店40楼),
B2094757D065ABFD4598,金稻园乐记砂锅粥欢乐园总店,114.12747,22.54897,乐园路124,
B209445DD26AA0F44493,金稻园(总店),114.1276856,22.5491971,东门街道湖贝社区中兴路89号欢乐园中兴路103号一、二层,
B209445CD365A6FD429B,万豪中餐厅(中洲控股金融中心店),113.9332492,22.5174986,海德一道88号,
B2094757D168A5FA499F,渝君鸡煲,114.1247913,22.5417779,向西村嘉宾路1012号(向西村地铁站C口步行280米),
B2094652DB65AAF84099,渝君重庆火锅(金色都汇西北),114.124707,22.541504,向西村嘉宾路1012号(向西村地铁站C口步行300米),
B2094750D765A5F44898,渝君鸡煲,114.13016,22.55869,翠竹路1026,
B2094750D765A0F84993,渝君鸡煲(振兴西路),114.08223,22.54596,福田区振兴西路113号1楼(华富路口),
B2094652DB68A4FF459A,蜀香阁天府情火锅城,113.85397,22.73674,广东省深圳市宝安区沙井街道芙蓉大道102号名购百货(芙蓉店),
B209425CD56DA5FD459F,林鲜记鸡煲店,113.928351,22.4877917,蛇口新街199号翠苑小区底层商铺4至5号,
B209425DD46EA6F54698,林鲜记鸡煲(白石洲店),113.9670646,22.5375623,沙河街道白石洲东社区博耐家具石州中路160-14号,
B2094356D06DA1FF4992,林鲜记鸡煲(万象前海店),113.8993041,22.5312224,桂湾四路万象前海购物中心3楼308号铺,
B2094350D169ABFF429A,林鲜记鸡煲(深业上城店),114.0760479,22.5620716,深业上城南区1楼149号商铺（迪卡侬对面）,
B2094357D564A2FE499A,林鲜记鸡煲(宝安大仟里店),113.8726176,22.5710511,深圳市宝安区西乡街道麻布社区码头路1号,
B2094652D36AA4FB4998,广州肠粉,119.90216,27.23364,福建省宁德市柘荣县双城镇六一五东路3号,
B2094556DB6AA7F44698,广州肠粉王(人民西路店),113.0222,25.79464,人民西路靠近竹叶冲路,
B2094757D46EA0F5459E,肠乐坊广州肠粉,104.0436347,30.629695,肖家河街道肖家河西一巷23号(高升桥),
B2094556D26CA0F8429C,广州肠粉皇(金园路),113.73203,23.00855,花园二街与金园路交叉口东50米,
B2094652D16DAAFF459D,广州肠粉(嘉禾南路店),118.127181,27.340991,嘉禾南路与富民路交叉口东南140米,
B2094257D26FA3FB429B,福生记广州肠粉店(怀特店),114.5287023,38.0246163,育才街与槐岭路交叉口东南60米,
B2094652DB6BA3F84992,广州肠粉,113.9269217,22.4917842,花果路雷公岭54号,
B2094253D165A7FC4893,牛聪聪广州肠粉(龙德里店),117.1758528,39.1208181,万德庄大街76号(海光寺地铁站B口步行390米),
B2094253DA6BA6F5439E,广州西关肠粉(双城国际北区店),114.42406,23.129251,双城国际北区西南门旁,
B2094253D764A4FB459F,广州肠粉广式美食(聚乐苑店),104.043609,30.629719,肖家河西一巷27号(永丰地铁站B口步行370米),
B2094354D764A6FF4598,柏芳诗豪广东烧鹅广州肠粉,117.289665,31.867708,宿州路与市侩巷交叉口西南20米,
B2094555D76EA0F4439F,广州石磨肠粉,111.827013,26.6990857,黎家坪镇东正街138号,
B2094555D46CA3FF449D,广州肠粉王(长安路店),115.2588,24.10591,长安路与河边一路交叉口南,
B209445CD36BA2F8449E,广州肠粉,113.92363,22.52106,海德二道409号,
B2094554D568A0FC489D,广州肠粉(湾厦村店),113.9347416,22.4899645,蛇口街道后海大道东角头厂房D21/F/03-A2,
B209445CDB6BA1FB4492,汕头辉记肠粉王广州岗贝店,113.259105,23.1798522,岗贝路4号,
B2094554DB6DA2F5489A,广州西关石磨肠粉,110.34708,22.69845,永安路0358,
B2094556D36AA0FA469D,广州肠粉王(金南路店),112.86083,26.39107,金南路合盛超市门口,
B2094557D06CA3FF4193,广州荔枝湾小笼包肠粉王,110.94359,22.35187,人民中路78号附近,
B2094250DB64A3F5469C,广州石磨肠粉,114.11652,22.92505,沿河路56正西方向20米,
B2094653D26CA0FC4192,新粤塔里木河清真餐厅,114.1002041,22.5373117,滨江新村53号1-2层,
B2094252D76AA7F84999,新粤新疆菜(塔里木河清真餐厅),114.1001865,22.5373457,滨江新村53号1-2层,
B2094653D26EA4F4469A,鹏湾大酒楼,114.0454023,22.5434387,景田南路一号橄榄绿洲家园商业四楼,
B2094653D269AAFD439D,普宁(陈记)食店,114.0745451,22.5345494,福华路福田新村食街7栋(皇岗北路),
B2094757D064A5F9449C,唐宫海鲜舫东门店,114.1168055,22.5457137,东门新园路1号中海商城六楼,
B2094252D46DA7F54998,唐宫海鲜舫(东门店),114.11699,22.545706,新园路1号中海商城六层(近老街地铁F口),
B2094757D16FAAF9449E,国贸旋转餐厅(国贸广场店),114.1196754,22.5407965,人民南路国贸大厦49楼,
B2094757D66FA3F94898,肥妹烧腊店翠竹总店,114.1303561,22.5571799,翠竹路大世界集团1楼,
B209445CD364A5FD419E,有汁有味驴庄(中心城店),114.2296616,22.7189749,龙城街道清林中路95号1层,
B209445DD168A0FF409B,有汁有味驴庄(中心城店),114.239665,22.71927,龙岗街道清林路95号一楼,
B2094757D76BA3F5449C,麦当劳（龙平东路店）,114.266426,22.731241,龙岗区龙平东路,
B2094751DA64A4FB459D,必胜客(水榭春天店),114.025541,22.6291589,民塘路莱蒙水榭春天3期89号,
B209475CD06CA3F44299,海底捞火锅(卓越店),114.0644953,22.532032,福华三路卓悦INTOWN购物中心4号楼L401、L402,
B2094752D264ABFD499E,海底捞卓越店,114.0649173,22.5322594,福华三路卓越世纪中心intown四楼L401L402号,
B209475CD764A6F54392,金果园驰名烧鸡,113.8604221,22.570099,西乡镇劳动村西乡大道旁298-4号,
B209445CD369A5F4499F,潮荣海鲜大饭店(宝安总店),113.8940831,22.5649591,45区自由路16-18号(宝晖大厦附近),
B209445CD36BA1F44698,利宝阁(嘉里建设广场店),114.0569047,22.5352433,中心四路1-1号嘉里建设广场第三座裙楼第2层01室,
B209445CD36BABFA489A,山东老家(龙岗路店),114.2700915,22.7224977,龙岗路创富时代名苑1-2层商铺,
B209445CD364A6F4439E,美景湾中西餐厅,114.11111,22.61485,吉华路250-2,
B2094257D06CA1FD4592,陶陶居(卓悦中心店),114.066022,22.535934,深南大道2005号卓悦中心东区2楼L233,
B2094252D269A3F5459F,无尽夏花园餐厅,113.91848,22.487585,蛇口南海意库6栋,
B2094251D66AA0FF429B,喜茶(深圳喜荟城店),114.1392992,22.5686599,太宁路8号喜荟城L2层248,
B2094251D06EA6F4489E,珍庭潮州菜(深圳卓悦中心店),114.0668736,22.5353788,福华一路348号卓悦中心东区L2层,
B2094251D06EA4FB499D,海底捞火锅(松岗百佳华店),113.8476399,22.7674943,松岗街道松涛社区广深路293号401百佳华商场4楼4006号商铺,
B2094251D06AABFF479A,豪林居餐馆(八卦一路美食街店),114.1010687,22.5570713,八卦一路45号首层(园岭地铁站A口步行380米),
B2094652DB65ABFB419C,豪林居餐馆(八卦一路美食街店),114.101127,22.557069,八卦一路45号首层(园岭地铁站A口步行390米),
B2094251D16AA6FD469D,AVANT,113.99589,22.539859,侨城东路99号109A,
B2094257D064A2F8449B,FIELDS AVANT十域·臻选(悠方店),104.057408,30.583433,交子大道300号悠方购物中心6楼613号,
B2094551DB64A3F8439E,FIELDS AVANT十域(悠方店),104.05874,30.58329,交子大道300号悠方购物中心6楼613,
B2094252DA6CA3FF4399,AVANT CafeBar阿旺咖啡,120.313766,31.562211,泰昌弄31号,
B2094252D765A0FF4192,Avant Apartment,144.961482,-37.808766,60 ABeckett Street Melbourne VIC 澳大利亞,
B209425DD46CA7FA419C,AVANT(创意园深南电路大厦店),113.9958931,22.5398571,侨城东路99号109A,
B2094253D668A7FB419A,FIELDS AVANT十域·臻选(成都悠方购物中心店),104.057781,30.582857,交子大道与益州大道北段交叉口西220米,
B2094457D36BA5FD4399,AVANTI PHARMACY SDN. BHD.,103.230822,3.7702219,LORONG PANDAN DAMAI 2201,
B2094252D168A0F44092,En Avant,104.08111,30.648245,镋钯街47号,
B2094252D16AA0FE4692,Namo Avant Thai Restaurant,114.18358,22.29557,么地道68号帝国中心G2铺,
B2094251D668A1FE439E,PATPONG帕蓬泰国餐厅(南山店),113.9232092,22.5282323,桃厦二街26号(鱼掌勺直入30米),
B2094250DB6CA6F44192,潮汕大目牛肉火锅城(水围店),114.06514,22.519962,"金田路水围嘉意台首层(近福田口岸,福民站D出口直行200米)",
B2094251D76DA6FE409C,三哥茶餐厅(南岭店),114.1462265,22.6106115,南岭村社区健民路37号开欣商业广场侧门一楼三哥烧腊茶餐厅,
B2094251D769A6FE4998,新福楼海鲜舫(深圳永新商业城店),114.1166636,22.5448314,永新街57-6号深圳中泰来大酒店2层,
B2094251D56EABFD4499,百鸽笼,114.123505,22.597948,百鸽路246-2西北90米,
B2094256D76BA1F5409C,百鸽笼[地铁站],114.13036,22.595251,地铁5号线(环中线),
B209425CD76FABF4499E,LANCO蓝蔻酒店(深圳万象汇百鸽笼地铁站店),114.1283679,22.592031,布吉信义假日名城景和园9号楼罗岗路139号,
B2094653D26BA2FB4598,百鸽笼公交站,114.13218,22.5936,广东省 深圳市 百鸽笼地铁站,
B2094252D06FABF8479D,维也纳国际酒店(深圳草埔百鸽笼地铁站店),114.1253912,22.5882165,东晓街道金稻田路1131号培峰苑A座,
B2094252D66DA0F4469F,百鸽笼-D口,114.130595,22.5960532,5号线/环中线,
B2094253D368A7F8419A,酷里篮球公园(布吉百鸽笼店),114.13041,22.598087,布吉百合商业楼b栋3楼平台,
B2094554D06FA1F5479C,多多牛潮汕牛肉火锅餐厅(百鸽笼店),114.12347,22.59779,布吉百鸽路满庭芳花园一楼139号(新一佳对面),
B2094255D16BAAF9449C,青旅联盟都市美宿(深圳百鸽笼地铁站店),114.13616,22.60085,布吉湖西路可园5期14F202,
B2094250D66BABFB499B,深圳市粤港汽车驾驶员培训有限公司百鸽笼地铁口训练场,114.13021,22.59464,布吉街道翔鸽路,
B2094251DA6DA5F4429B,蚝老板生蚝海鲜烧烤(码头店),113.9285634,22.4831982,望海路利安商务大厦B座1楼,
B2094251DA6EA3F94498,冬阴功(蛇口店),113.9197368,22.48828,太子路兴龙大厦1栋1层(水湾地铁站),
B2094551DA69A3FC4399,冬阴功泰国餐厅蛇口店,113.937022,22.538487,广东省深圳市南山区蛇口,
B2094251DA64A2F44698,西北领头羊(清真餐厅),114.069437,22.568253,梅林路金丰花园108号-115号,
B2094251DB64AAF44199,川胖子美蛙鱼头(公园路店),113.899304,22.58109,36区公园路4032号岭下花园17栋一楼,
B2094252D26DA4FA499E,琥珀·烧肉俱乐部(喜之郎大厦店),113.9406363,22.5080066,中心路3033号喜之郎大厦B1层,
B2094251D369A7FB469A,重庆老灶火锅(龙井店),113.9725556,22.5597962,龙井村西区15栋120号,
B2094250DA6FA2FE419C,八合里潮汕牛肉火锅(宝安大仟里),113.8732781,22.5714871,新湖路与海城路交汇处宝安大仟里B152-153,
B2094257DA6EA6FE4493,海底捞火锅(丹竹头星悦天地店),114.1505485,22.619238,龙岗大道东部星悦天地B1层01、03、05、07-08、10-12号商铺,
B2094257D06AA6F8419A,Auvers(卓悦中心店),114.066427,22.535384,福华一路348号深圳卓悦中心L1层,
B2094257D46EA5F5489B,观璟高空日本料理(福田市民中心灯光秀店),114.0636839,22.5422779,金田路安联大厦B座36楼B01-C,
B2094257D56FA1FC4599,京庄·铜锅涮(华侨城店),113.9919927,22.5381758,沙河街道光华街社区香山东街9号华侨城原东部市场三楼,
B2094257D565A2F84293,MAGPIE喜鹊派餐厅(华侨城创意文化园南山特色文化街区北区店),113.9927994,22.539784,文昌街华侨城创意园北区A5-125,
B2094257D565A2F94099,Lodestone吸铁石·日式烧肉(后海店),113.9391811,22.4940085,后海滨路与招商路交汇处恒裕香悦里正门1层,
B2094257D565A4FF4992,蘩楼(黄贝岭店),114.134104,22.54806,凤凰路10号凤山大厦东座1-2层,
B2094257DA6CA2F8469E,协成海鲜火锅(皇庭中心店),114.064232,22.5351989,福华路355号皇庭中心裙楼2层,
B2094250DA6DA2FD4099,金翠皇宫(西丽店),113.963316124,22.582746248,广东省深圳市南山区留仙大道众冠时代广场益田假日里商业裙楼L23,
B2094257DA6FA7FB459E,悦满楼·西关名点·湛江名菜(航空综合大厦店),113.904142,22.56419,新安街道建安社区建安一路250号航空综合大厦一楼,
B2094257DA69ABF94092,小炳胜(卓悦中心店),114.06515,22.536496,深南大道2005号One Avenue卓悦中心(西区)L5层L502,
B2094257DA6AABFF4692,星店餐厅(凤凰城店),114.143575,22.695418,平湖街道平湖社区凤凰大道136号,
B2094250D368ABF8429D,胡须佬鸡煲店(信明生大厦店),113.907726,22.560572,建安一路76号信明生大厦F1层,
B2094753D56CA4FF459F,6号花园,113.9134393,22.4795919,太子南路碧涛苑6栋（迎晖公寓背后、近海上世界、海上世界艺术文化中心、G&G创意社区、南海意库、招商蛇口邮轮母港、深圳蛇口港等）,
B2094250D068A7F4449D,6号花园餐厅,113.913422,22.479538,蛇口太子路碧涛苑碧桦路6栋,
B209445CD36BA7FF449E,Life&Kitchen美式餐厅(蛇口6号花园店),113.91377,22.48031,蛇口太子南路碧涛苑碧桦路6栋(与工业一路交汇处),
B209445DD06DA0FD419E,梅家坞6号花园餐厅,120.0923245,30.1826687,梅灵南路梅家坞6号,
B2094555D365A2FE409C,六号私房菜(内厝澳店),118.063022,24.4470517,鼓浪屿内厝澳路363号(独栋别墅鼓浪屿必吃店),
B2094251D36FA2FB4899,财盛巷6号花园餐厅(滇菜),102.712975,25.040848,"财盛巷6号,金鹰酒店对面",
B2094757D66EA3F8449C,63号花园餐厅,114.3389,30.5929,和平大道63号长江二桥武昌徐东路引桥下近徐东大街,
B2094757D66DA6FE459B,63号花园餐厅,114.30628508,30.562874866,武昌区临江大道55号锦江国际城7号楼6-7号,
B2094250D168A7FA459B,鸟金·炭火烧鸟(喜之郎大厦店),113.94056,22.506917,粤海街道蔚蓝海岸社区中心路3033号喜之郎大厦1-13,
B2094250D66AA1FF429B,海底捞火锅(岁宝百货店),114.2371879,22.7108976,龙城街道龙翔大道路6045号岁宝百货3楼海底捞,
B2094250D66AA5FE4299,刁嘴巴儿重庆粉面(南山学府路店),113.9232363,22.5278147,学府路荔馨村A1栋112铺66-12号,
B209425CD46BA1F5459B,舟市水产自助餐(金光华广场店),114.119959,22.5391156,嘉宾路4号金光华广场L6层,
B2094251D069A0F44899,壮乡全聚福·广西米粉(宝安店),113.8714931,22.5674925,西乡街道码头路60号1-3,
B209425CD565A4FE4698,和味龟苓膏(东和店),114.2331571,22.5506013,东和路61号,
B2094350D76CA1F9449A,很野露营地·求婚·团建·摄影基地,114.1979398,22.5979454,东湖横排岭191号-1,
B2094357DA68A0F4409C,一沙一城(海雅缤纷城店),113.9066167,22.5596191,新安街道5区建安一路99号海雅广场1层L135（小米对面）,
B2094357DA69A2FC409B,萍姨抻面馆·沈阳小炒,113.9266973,22.5202965,登良路3014号,
B2094357DA6AABFD439C,冯校长老火锅(皇岗店),114.0621837,22.5253923,深圳市福田区皇岗上围一村1号,
B2094357DA65A0F84399,寿司処·小志(蛇口店),113.917574,22.4857671,海上世界地铁站A口步行320米,
B2094350D068ABFB4798,德工坊清汤牛腩(华丽路店),114.1348387,22.549324,黄贝街道华丽路1025,
B2094350D66AA4FF489F,pLeace(深业上城店),114.0702719,22.5570544,广东省深圳市福田区华富街道莲花一村社区皇岗路5001号深业上城(南区)商业综合楼THESTREET外街L2层S214,
B2094350D56DA1F84092,渔舶汇蒸汽活海鲜·榴莲自助(创业二路店),113.9035353,22.5691313,广东省深圳市宝安区创业二路与前进一路交汇处深圳大悦城购物中心F4,
B2094357D564A1FB409E,匣倍inBox日风食集(中航城君尚购物中心C区深圳首店),114.082862,22.5422245,中航城君尚购物中心C区2层L273-3号(近鸽子广场),
B2094350D56EA4F5479B,大渔臻选·棠膳(深圳大悦城购物中心店),113.9026291,22.5694292,广东省深圳市宝安区创业二路与前进一路交汇处深圳大悦城购物中心F412,
8008645030000000000,桂林,110.299121,25.274215,桂林 是世界著名的旅游城市、中国首批国家历史文化名城、中国优秀旅游城市，其境内的山水风光举世闻名，千百年来享有“桂林山水甲天下”的美誉。 桂林地处广西壮族自治区东北部，是广西仅次于南宁的第二大城市和最大空港，桂东北地区的政治、经济、文化、交通中心。桂林北接湖南、贵州，西面、南面与柳州市相连，东面与贺州市毗邻，属山地丘陵地区，为典型的“喀斯特”岩溶地貌，遍布全市的石灰岩经亿万年的风化浸蚀，形成了千峰环立，一水抱城，洞奇石美的独特景观。 桂林属亚热带气候，气候温和，雨量充沛，年平均降雨量为1900毫米，全年无霜期300天左右，年平均日照1550小时以上，平均温度19°C，冬无严寒，夏无酷暑。  桂林是联合国世界旅游组织亚太旅游协会旅游趋势与展望国际论坛的永久举办地；世界女子九球锦标赛于2014年在桂林举办。,
B2094757D06FA0FC409D,桂林站,110.2822255,25.2613913,中山南路39号,
B2094757D069ABF8439F,三八广场,121.657285,38.91953,五五路49号A,
B2094757D06FA5F4439E,桂林市正阳路步行街,110.298405,25.277836,正阳路社工巷,
B2094757D06FA5F54393,印象·刘三姐,110.508034,24.766961,广西壮族自治区桂林市阳朔县阳朔镇印象·刘三姐,
B2094653D76FA1FE409E,世外桃源景区,110.388372,24.863414,321国道,
B2094751D26CAAFF4892,海口经济学院桂林洋新校区,110.489143,19.963814,海涛大道1001号,
B2094757D068A6FE4393,银子岩景区,110.438899,24.63753,马岭镇,
B2094653D76FA0FC459B,象山景区,110.296573,25.267579,民主路1号,
B2094455D46EA3F44293,桂林高新万达广场,110.32014,25.242166,穿山东路43号,
B2094757D06BABF94193,遇龙河景区,110.433115,24.77753,090乡道,
B2094757D16EA5FA489B,桂林航天工业学院,110.3735,25.279768,金鸡路2号,
B2094653D76EA6F84993,桂林电子科技大学,110.336874,25.283953,金鸡路1号,
B2094450D56FA2FD489C,桂林漓江景区,110.431685,25.147445,磨盘山,
B2094757D06FA3F44798,桂林公园,121.417929,31.16532,漕宝路188号(桂林公园地铁站5号口步行100米),
B2094757D068A6FB419F,桂林香格里拉大酒店,110.3073164,25.2954379,桂林市七星区环城北二路111号,
B2094757D06AA7FC489E,桂林中心广场,110.295951,25.2750235,依仁路22号(八桂大厦对面),
B2094757D06FABF84599,靖江王城,110.299118,25.281648,王城路1号,
B2094757DA6DA2FB4099,漓江古东景区-古东瀑布景区,110.454631,25.107991,大圩古镇桂林漓江古东景区内(西侧),
B2094757DA6EA3FD4299,桂林市电子科技大学尧山分校区,110.416325,25.31132,灵田镇,
B2094757D06BA5FE409E,榕湖,110.288898,25.275286,广西壮族自治区桂林市秀峰区,
B2094350DA6CA5FB4893,Mavva,113.9215043,22.5181627,广东省深圳市南山区南山大道1065号,
B2094350DA6CAAFE4198,味雀酒馆(梅林店),114.0549718,22.563882,广东省深圳市福田区梅林街道梅华路117号,
B2094350DA6AA6F84692,红灶头炭炉鲜鸡煲(红山店),114.0288552,22.6227098,红木街1-1号,
B2094350DB6AA0FD4499,寿司郎(福华三路店),114.0645436,22.5323768,岗田路福田卓悦Intown购物中心B1层,
B2094350DB6AABFC4199,喜茶(深圳万象城黑金店),114.1109556,22.5390868,宝安南路1881号万象城一期B1层B30、B31号商铺,
B2094351D26FA4F9409B,探鲜渔舫·蒸汽海鲜主题餐厅(国际会展中心店),113.7870083,22.6889737,福海街道福园一路88-1号（朗悦酒店隔壁）,
B2094357D564A0F8429D,潮潮超级烧(公明店),113.8889183,22.7830778,公明街道振明路142号102,
B2094357D468ABFF4599,海底捞火锅(锦泰城店),114.2662942,22.7241819,龙岗大道与碧新路交汇处锦泰城商业广场二层A210、A211、A218,
B2094351D36DA4F54493,山禾田·日料小屋(深圳大悦城购物中心店),113.9025153,22.5687351,大悦城4楼411,
B2094356D465A0FF419E,叙宴(深圳南山店),113.9247081,22.5478479,深圳市南山区南山大道3186号莲花广场B座,
B2094355DB69A5FC4692,蓉悦(罗湖万象城店),114.1113968,22.539111,桂园街道人民桥社区宝安南路1881号万象城一期L4层468号,
B2094356D26EA4FF489F,烧鹅佬·脆皮烧鹅(OneAvenue卓悦中心店),114.066301,22.5356312,卓悦中心东区负一楼B1107,
B2094356D06AA3F9439F,胜华记传统干蒸-鸡煲(蛇口店),113.9160555,22.4872896,太子路与工业三路交叉口北20米,
B2094356D16EA0F4479B,湛记佬海鲜·老字号(白石洲店),113.96714842173,22.532080883346,广东省深圳市南山区石洲中路62号,
B2094356D168ABF54693,蜜悦·圣托里尼海景餐厅,114.4836733,22.53855,深圳市大鹏新区南澳街道海滨南路33号E3、E4、E17栋,
B2094356D668A6FE459E,美人鱼悬崖海景餐厅(鹿嘴山庄店),114.60696906969,22.540053609175,大鹏新区南澳街道新东路杨梅坑鹿嘴山庄,
B2094356DA6CA3FE4698,久邻JOOIN·家常小馆,113.99340846835,22.537643229632,华侨城创意文化南区F1栋104-108号（鹏小馆右侧）,
B2094357D46EA4F54193,神洲扒房(西乡商业步行街店),113.877585,22.5729629,巡抚街12号,
B2094356DB68A6F94499,脆鲜生-脆鲩鱼火锅-万象前海店,113.899328,22.5311717,南头街道桂湾四路169号万象前海L3层（桂湾地铁站A出口）,
B2094357D068A0F5489C,Dudley's意大利面(iN城市广场店),114.0989888,22.5391688,"南园路iN城市广场LG层LM-39-1（商场外围,靠近南园路街铺）",
B2094357D06AABF8409E,花悦庭CHEF(前海壹方汇店),113.9035977,22.5349529,听海大道5059号前海鸿荣源中心B座L4-001号（平台花园）,
B2094357D16BA0F8459D,Dewei·到位营地(深圳官湖沙滩店),114.4210732,22.6024716,葵涌街道官湖社区官湖路1278号,
B2094357D76BA5F4459A,土里土气土鸡煲(宝安大仟里店),113.8741612,22.573432,西乡街道南沙新村东一巷2号,
B2094357D46EA5FE409F,鮨大虎寿司·手握赤醋饭(万象前海店),113.8985745,22.5310758,桂湾四路169号万象前海购物中心B2层B204号,
B2094351D264A4FB419A,鲜潭蒸汽石锅鱼(光明大仟里店),113.8940849,22.7755639,松白路4699号光明大仟里购物中心A区4楼445,
B2094351D36EABF84399,星湖营地StarryLake原生态竹炭烤肉·轰趴团建·生日聚餐(坂田店),114.0890889,22.6382218,坂田街道吉华路中盛大厦7楼（吉华酒店电梯上7楼）,
B2094355D56BA1FA429F,蘩楼(万象城金威大厦店),114.1136055,22.538689,广东省深圳市罗湖区嘉宾路4051号金威大厦二楼,
B2094352DA6DA4F5439F,挽肉与米(深圳湾万象城店),113.944002,22.514387,广东省深圳市南山区粤海街道海珠社区科苑南路2888号深圳湾万象城F2,
B2094352D56FA5F5409E,老乡鸡(深圳雅宝星河店),114.0598817,22.6036496,五和大道与雅宝路1号星河WORLD·COCO ParkB1层,
B2094352D568A1FC4998,天天天妇罗(深圳湾万象城店),113.942516,22.516072,广东省深圳市南山区粤海街道海珠社区科苑南路2888号深圳湾万象城B1,
B2094352D568A6F84598,寿司処·小志(深圳湾万象城C区店),113.943654,22.514417,粤海街道海德一道1218号深圳湾C区B栋B1CB165A,
B2094352D569A0FD469F,三修堂素茶馆(中信国际大厦·信悦汇店),114.0952657,22.539871,深南中路2001号中信国际大厦信悦汇商场L504,
B2094352D569AAFC479A,荣川菜(深圳湾万象城店),113.944093,22.514934,广东省深圳市南山区粤海街道海珠社区科苑南路2888号深圳湾万象城F4,
B2094352DA6EA1F44898,重庆美蛙鱼头·专注纯手工自炒底料(上合宝藏店),113.9007551,22.5796279,广东省深圳市宝安区36区岭下花园1栋怡园路4008,
B2094352D56CA5FF499C,Surfing顺水糕啡,114.096606,22.561061,广东省深圳市福田区八卦岭工业区542栋联创云瑞科技(原通益大厦)东座1楼-113,
B2094352DB68A3FE4393,粉派桂林米粉(iN城市广场店),114.099973,22.538661,广东省深圳市福田区南园街道南园路9-1号,
B209425CDA6FA0FB489F,MEAT吃肉牛排馆Travel(深圳龙华壹方城店),114.028927,22.6462387,龙华人民路与鸿尚路交叉口壹方天地B区L1层,
B2094352D56CA5F8479D,庄周过水鱼(美年广场店),113.9213221,22.5019931,南海大道1115-4号美年国际广场1栋105室（近12号线四海地铁站E口）,
B2094351D365A0F54799,DOU兜·全日轻餐食堂(南山益田假日广场店),113.974256,22.5378511,益田假日广场B1层外围/世界之窗B2出口正对面（八合里旁边）,
B2094351DB65A2FD489F,胡恰·景德江西菜(深圳罗湖万象城店),114.111106,22.5395328,深圳市罗湖区万象城一期四楼L465,
B2094351D165A5FC489F,哥哥的深夜食堂(深圳大悦城购物中心店),113.90373,22.568893,前进一路大悦城购物中心L409号（哥哥の深夜食堂）,
B2094351D46FA7FD4998,东方墨兰(龙华6979店),114.0255274,22.6214339,深圳市龙华区民繁路红山六九七九商业中心负一楼派派park（盒马鲜生对面）,
B2094351D465A3F84593,潮发潮汕牛肉店(皇庭广场店),114.0587124,22.533784,广东省深圳市福田区福田街道福安社区福华三路118号皇庭广场L2(西门旁),
B2094351D568A5FA449B,平成屋·午肴夜酒(BREWTOWN啤酒小镇店),113.9225295,22.5828827,新安街道东社区70区创业二路526号深圳啤酒小镇E6栋EL136,
B2094351DA6FA5FD469C,puunana蒲雾(深圳大悦城购物中心店),113.9027395,22.5691684,广东省深圳市宝安区创业二路与前进一路交汇处深圳大悦城购物中心LG,
B2094351DA69A5F94593,囍食(坂田店),114.071513,22.628999,广东省深圳市龙岗区坂田街道坂田北路2号一楼,
B2094352D26DA0FF479D,千户岛じま·日料放题(福田店),114.0657249,22.5391275,深圳市福田区华嵘大厦5楼整层-观光梯上(近卓悦中心北区、岗厦北地铁站6A口),
B2094352D56CA3FD4793,奇妙川境川菜酒馆,114.0531283,22.5361961,深圳市福田区城建购物公园北园101号,
B2094352D26FA4F84699,我杯茶(深圳湾万象城店),113.9431875,22.5145328,广东省深圳市南山区粤海街道海珠社区科苑南路2888号深圳湾万象城F1,
B2094352D069A2F5409C,果椿食堂(鑫海公寓店),114.0431228,22.6033552,深圳市龙华区民治街道民泰社区梅龙公路127号鑫海公寓C、D、E、F区E区白石龙路21号,
B2094352D16DABF4419F,三出山(深圳湾万象城店),113.9429012,22.5146883,广东省深圳市南山区粤海街道海珠社区科苑南路2888号深圳湾万象城F3,
B2094352D76DA5FA429E,calix(深圳湾万象城店),113.9438686,22.5153782,广东省深圳市南山区粤海街道海珠社区科苑南路3194号深圳湾万象城B1层,
B2094352D46BA7FC409B,九孔煨·湖北老手艺藕汤(深圳KKONE店),114.027054,22.527692,广东省深圳市沙头街道滨河大道9289号KKONE商场四楼,
B2094352D46BAAFE4298,深大粥底火锅·鲜活小排档,113.9360587,22.5247385,学府路怡化金融科技大厦1F（地铁9号线深大南站A出口）,
B2094355DB6FA1F4469A,先记烧鹅王·本地粤菜酒楼(立新湖分店),113.81314809366,22.675537037377,福州大道三星工业区二区1栋1、2楼106号,
B2094351D569A7F9479C,耶耶象·泰国餐厅(布吉店),114.1168267,22.6065049,布吉街道凯旋荟购物中心布华路19A301,
B2094355D568ABFE449C,庭悦餐厅(华侨城店),113.98503652907,22.535306298186,兴隆街6号,
B2094354D26CA4FF4392,Seaone海壹·海景长廊餐厅,114.4837372,22.5377846,海滨南路33号E16栋101,
B2094253D16FA1FE489E,慕野营地,113.294276,22.218979,井岸镇桥北三路96号A区,
B2094356D06AA6F5459B,慕青野营地,114.42848160586,23.022249826514,惠州市惠城区鸿润叠韵西北侧约210米,
B209425DD26DA6FE4199,文山市慕野营地,104.2540455,23.3595912,外滩路一号,
B209425DD669A7FA499A,慕野营地,113.936073,22.690591,石岩街道北环路134号,
B209425DD669A6FA4698,深圳康莱德酒店·胤呈中餐厅,113.897126,22.5278526,听海大道5001号(桂湾地铁站E口步行460米),
B209425DD765ABFE4992,舟市水产海鲜自助主题(观澜湖店),114.075351,22.7219029,高尔夫大道8号观澜湖新城MHMALL一期4层,
B209425DD56FA5F4429B,鮨政·Omakase(平安金融中心店),114.0559966,22.5341718,益田路5033号平安金融中心(北塔)B1层B13,
B209425DD565ABFB4498,蛇口吴记·脆皮鸡·生蚝鸡煲(蛇口店),113.928464,22.488544,蛇口新街112号,
B2094354DA68A6FB4493,陈氏人家豆米火锅(会展城店),106.6527418,26.6453042,国际会议展览中心D区D3（会展东路、近地铁国际会议中心D口约700米）,
B2094257D76DABFB499E,苗岭人家贵州米粉,121.4673073,31.2447292,天目中路391号,
B2094653D36DA6FA489D,贵州人家,113.1189867,23.0060319,金桂园金澜北路152号,
B2094355D068A5F94793,陈氏人家豆米火锅(甲秀楼店),106.7159731,26.573843,贵州省贵阳市南明区富水南路泰祥国际负3楼,
B2094554D369A2F5409E,贵州人家,113.744263,22.787974,厦岗福海路4巷6号,
B2094357D76EA4FB409D,陈氏人家贵州豆米火锅(北京首店),116.4232754,39.9807097,惠新东街紫光发展大厦一层南侧巷子,
B209425CDB6BA0F44899,贵州人家(九堡家苑二区店),120.2724281,30.3125629,九堡家苑二区7排2号101、102,
B2094556D16EA5FA4199,贵州人家七秒鱼,117.3808478,32.9343825,蓝天路223号,
B209425CD76DA4FC469E,渔樵人家·贵州酸汤鱼·烙锅(美食城店),117.0265315,25.0741587,曹溪北路与莲花南路交叉口西北300米,
B209425DD66DABF4459D,贵州人家,113.838568,22.590339,规划一路与文昌路交叉口东北20米,
B2094357D36DA6F9489D,陈氏人家贵州豆米火锅(六道口店),116.354347,40.0089665,学清路甲8号新辰里5层,
B2094253D36BA0F8429D,贵州人家(晟都假日宾馆东南),120.27485,30.313065,九堡街道九堡家苑二区6排27号101,
B209425CDA6EA6FF409A,贵州人家小豆腐,106.6147663,29.6962953,一碗水颐泰巷59号(双龙地铁站2号口步行460米),
B2094453D56CA0F9419B,贵州人家,103.28571,24.755531,青少年活动中心往东,
B2094554D364A4FF469A,贵州苗圃人家(花溪湿地公园店),106.678601,26.45144,十里河滩麦翁布依古寨3068,
B2094554D46CA7F94899,贵州人家(学府北路店),119.18646,26.0677,学府北路6号,
B2094555D56FA0F44698,贵州布依人家,104.70333,34.6676,老北街与老蔬菜街交叉口西北100米,
B2094556D768A7F44493,贵州人家,119.61945,30.62498,递铺镇东浜社区山湾桥村棋牌室对面,
B2094255D46CA7FD4098,贵州土灶人家,105.32811,24.78227,幸福西街20-6,
B2094256DA6FA7FA419F,贵州人家,106.74302,26.40235,孟关国际汽车城西南方向130米,
B2094354D269AAFA469D,深圳市福田区那达慕蒙古风味酒楼,114.069699,22.554589,笋岗西路莲花一村那达慕,
B2094354D26AA6FA469A,也是大排档(前海HOP天地店),113.8858711,22.5504958,兴华一路与海秀路交界处前海HOP天地L1-52-53,
B2094354D368A0F8469B,山河屯铁锅炖·非遗东北菜(梅林店),114.048081,22.564969,梅华路154号梅林邮政综合楼二楼,
B2094354D368A7FD489E,城南香饭店,113.9152432,22.538255,3228号,
B2094354D36BA7FE4898,eueu.nest(深圳大运店),114.2186583,22.6957996,黄阁路200号(大运中心地铁站C口旁),
B2094354D06CA5F44098,掌柜清湖小院,114.039681,22.671657,龙华和平路26号A栋,
B2094750DB68A5FF4893,鸿福记港式茶餐厅,121.435897,31.196582,徐汇区华山路2038号百联徐汇购物广场3楼(近广元西路),
B209445DD66AA5FC419D,鸿记港式茶餐厅,120.20863,30.20836,江南大道228号星光国际广场4号楼2楼,
B2094354D068A6F4449F,港鸿茶餐厅,114.0244459,22.6556567,三联山咀头小区一区东南门西80米,
B2094654D36FA0FF4892,鸿星日升港式茶餐厅,116.472,39.9103,建国路93号院万达广场6,
B2094757DA6CA1F44198,鸿轩港式茶餐厅,114.41720866,23.0637698,中国广东省惠州市-惠城区石湖路,
B209425DD66FA7FD4999,乐卅市集·泰式火锅(壹方城购物中心店),113.887317,22.55262,壹方城购物中心(宝安中心地铁站F口步行300米),
B209425DD16BA6FB4498,曲家社区小火锅,113.806329,22.728937,沙头三区一巷3-1号,
B2094354D064A6F5439E,Mee泰面,113.925402,22.5206037,海德二道鸿瑞花园382号-21,
B2094254D668ABFA4499,拾号牛扒(宝安壹方城店),113.8872296,22.5527851,新安街道新湖路99号壹方城L3层012,
B209425DD26DA4F94992,拾号牛扒(宝安壹方城店),113.8871866,22.5527243,新安街道新湖路99号壹方城L3层012号,
B209425CDA68ABF84692,子午路张记(学府路店),113.919949,22.527845,荔芳街道学府路135号锦福苑6-7栋裙楼1-19,
B2094355D46BA0F8489D,靓阿珍·南宁老友粉(学府店),113.923518,22.527726,广东省深圳市南山区学府路66-4号,
B209425CDB6BA5F44898,顺心顺意小食院,114.2206149,22.6681875,园山街道荷坳社区龙岗大道7033号金公馆1楼,
B209425CDB64A7FC419A,董苗苗鲜货火锅(青年城邦园店),114.021129,22.6516163,龙发一路410号(龙华地铁站C口步行100米),
B209425DD26CA6F54898,泰古莲·泰国餐厅(红山6979店),114.0250094,22.6227478,民治街道红山社区红山六九七九三期11栋1层134室,
B209425DD26BABFF4193,十德家居酒屋(南光商务大厦店),113.9241074,22.5182835,创业路南光城市花园2栋E22号,
B209425DD16AA0FC499D,三生AFFINITÉ,113.916902,22.480197,望海路1187号海上世界文化艺术中心1楼105A,
B2094354DB6DA5FB419A,三生AFFINIT07,113.9176391,22.4797531,望海路1187号海上世界文化艺术中心一楼105A（1楼入口近东门处）,
B209425DD36EA3FF4793,老碗会(海岸城购物中心东区店),113.936139,22.517141,文心五路33号海岸城购物中心东区L1层125,
B2094252DB6EAAFE489D,Pennehut畔尼意面(万象城店),120.2158268,30.2512733,四季青街道富春路701号杭州万象城5楼L507商铺附D02号,
B2094253D26AA5F94399,Pennehut畔尼意面(万象城店),120.6853562,27.9533883,温瑞大道999号温州万象城L5层L531a,
B209425CD26EA5FC469B,Pennehut畔尼意面(长春万象城店),125.3263953,43.8788495,人民大街3388号(人民大街与解放大路交汇)长春万象城B2层,
B209425CD56AABF9489F,Pennehut畔尼意面(济南万象城店),117.0996023,36.6587221,济南万象城LG202食集入口处,
B209425DD36EA7F44993,Pennehut畔尼意面(万象城店),114.110764,22.540332,宝安南路1881号万象城一期4层,
B2094355D768A4FE429C,Pennehut畔尼意面(青岛万象城店),120.3785413,36.0663868,山东省青岛市市南区山东路6号甲万象城1期B239a号,
B2094253D16CA6FE499C,Pennehut畔尼意面(汕头万象城店),116.717046,23.362739,长平东路58号万象城6层,
B2094350D56CA7F94093,Pennehut畔尼意面(呼和浩特万象城店),111.6751527,40.8047473,呼和浩特市玉泉区锡林郭勒南路电管局小区北侧约110米,
B2094350DB6DA4FD4899,Pennehut畔尼意面(泰州华润万象城B馆店),119.92207345626,32.44201644313,泰州市海陵区永定路华润万象城,
B2094355D664A7F44198,Pennehut畔尼意面(长沙万象城店),112.95089280023,28.218799156591,银盆岭街道桐梓坡路11号长沙万象城B112号,
B2094352DA65A3F4499F,Pennehut畔尼意面(淮安万象城店),119.04287,33.59984,江苏省淮安市清江浦区淮海街道淮安万象城B1层,
B209425DD36AA7F4499B,金稻园砂锅粥(星河iCO店),114.0365169,22.656466,龙华街道富康社区东环二路8号中执时代广场B座1层L1S-015A、L1S-015E,
B209425DD36AABFB4799,白玉串城(卓悦INTOWN购物中心东区店),114.064982,22.5317446,金田路2030号卓悦INTOWN购物中心东区L2层L215、L216、L217,
B209425DD16DA2FD499E,憨孃孃重庆火锅罗湖店,114.1261285,22.5371079,东门南路1017号文锦渡向西商业大厦102,
B209425DD16EABF9489E,星店餐厅(融湖广场店),114.121645,22.692608,平吉大道408号融湖广场1F层L1-02、L1-03,
B209425DD168A6F54799,奥庐Aolu(金地威新中心店),113.95202,22.527481,金地威新中心A座3602,
B209425DD168ABFD479D,八分音符音乐餐厅(红山六九七九商业中心店),114.027013,22.621395,民繁路16号(红山地铁站D1口步行430米),
B2094354D06BAAF4489E,黔有财.贵州地摊酸汤火锅(深圳二店),113.951393,22.5810887,西丽街道新围社区留仙大道旁腾飞苑120,
B209425DD165A3FF419F,蜜悦·秘野仙踪半山森林餐厅(天麓八区店),114.3033924,22.6153469,东部华侨城天麓8区一号岗5栋,
B2094354D16CA5FB479A,隐厨·中国菜馆(深圳万象天地店),113.956625,22.541705,粤海街道深南大道9668号华润万象天地中心五层SL580,
B2094355D26FABFA499F,北村韩食·活烤鳗鱼·大片烤肉(国贸店),114.1185694,22.5421057,人民南路3009号新安大厦,
B2094354DA68A7F44893,HULU麵屋(南光店),113.9240911,22.5180721,创业路98号南光城市花园2栋南光商务大厦1层3116附8,
B2094354DA6AA4FF4898,西海花港茶院,113.9362559,22.5977072,西丽街道深港花卉中心S05号,
B2094354DB6FA3FC489B,tea'stone(万象天地店),113.95581354214,22.54167503997,科发路大冲华润置地万象天地SL218铺（华为旗舰店旁）,
B2094354DB68A0FB499D,愉家烧鸡(黄贝岭店),114.1409828,22.551392,黄贝岭村上村67-5号,
B2094355D26EA5F8439A,Fuego手工意面·木火碳烤餐酒吧(GnG创意社区店),113.9184511,22.4918247,荔园路9号G&G创意社区南区一樓（正門拐左黑色雨棚）,
B2094355D26EA4FA4598,牛百鲜·牛腩煲火锅(南头街店),113.9172272,22.5361035,南头街道丽乐美居A栋103-104,
B2094355D268A0FB419A,YES也是大排档(深圳福田华强北店),114.098676,22.5506978,华强北振华路50号中联大厦401栋L1-08-09（燕南站C出口）,
B2094354DA6EA1FD429D,PINTXOS西班牙餐馆(万象天地店),113.955956,22.5422873,广东省深圳市南山区粤海街道深南大道9668号华润城万象天地里巷NL160号商铺,
B2094355D06AABF4429A,何如·南乔小院·庭院下午茶·团建·空间,113.91593729104,22.659891002344,塘头大道29号骏业工业园内（要进工业园里面）,
B2094355D06BABFF4093,鸟剑居酒屋(罗湖万象城店),114.1120918,22.5396299,宝安南路1036号鼎丰大厦一楼大堂（浙商银行旁边）,
B2094355D168AAFA4393,黔有财·贵州地摊酸汤火锅(保利店),113.93917875961,22.517357555606,保利文化广场A区二楼A2-12（黔有财）,
B2094355D66DAAF4449D,畔山牛排馆(罗湖店),114.10441,22.5932378,文化二路凤仪山谷深圳雅诗阁凤仪山服务公寓G层大堂,
B2094355D66BA5FA449E,冯校长老火锅(梅林店),114.0586745,22.568234,梅林路87-13号（4/9号线上梅林站G出口直行50米）,
B2094355D76EA7F4409C,众二酒馆-日咖夜酒,114.0747192,22.6867814,深圳市龙华区观盛东路下围新邨西北侧约210米,
B2094355D46BA3FA4592,Kypiiza(大运天地店),114.2190623,22.6954964,黄阁路大运天地购物中心南区4栋1层SL112,
B2094354DA68A2FA409A,谭厨中山传家菜(华强北中航城店),114.0829335,22.5431551,华航社区中航路君尚购物中心B区L5层（近3、4号电梯）,
B2094354DB6BA6F84999,pLeace(深圳湾万象城店),113.9468671,22.5180045,滨海大道3001号深圳湾体育中心负一楼大地广场负一层B107号,
B2094354DA6CA1FC4492,林鲜记鸡煲(卓悦中心店),114.065064,22.5364733,广东省深圳市福田区福田街道福华路348号卓悦中心西区B2层(脆鲜生旁),
B2094354D76DA4FB489D,叻爆海鲜大排档(红山六九七九商业中心店),114.025122,22.6205739,红山六九七九商业中心(红山地铁站D1口步行200米),
B2094354D66DA4FD439F,蚂蚁洞·首尔烤肉·创意料理(皇庭广场店),114.0602953,22.533841,皇庭广场L2(会展中心地铁站C口步行200米),
B2094354D669AAF9429B,酩玥轩,114.055606,22.5314566,益田路5013号平安金融中心C座L3,
B2094354D66BA1FB4298,舟市水产蒸汽自助(福田店),114.060094,22.5691441,中康路卓悦汇购物中心3层L3-28号,
B2094354D169A1FF4893,巴奴毛肚火锅(深圳卓悦中心店),114.0662617,22.536127,福华路与岗厦一路交叉口西北角卓悦中心东区二楼L231号(晚上22点以后从商场东区4号门走扶梯上来2楼就可以看到门店),
B2094354D66BA1FB4598,哥哥深夜食堂(kkone店),114.027589,22.526362,滨河大道9289号滨河时代裙楼京基百纳时代南区一楼127b号商铺,
B2094354D169A5F4479E,颓记茶餐厅(上合花园店),113.90447,22.579526,32区上合花园2栋H座1楼43号,
B2094354D569ABF9419F,山葵烤肉bySHANKUIBBQ,113.9256528,22.5200331,海德二路正东名苑(南山书城地铁站D口步行400米),
B2094354D768A5FE499F,菓子屋Sumi,113.873884,22.575539,西乡街道共乐路86号A107,
B2094356DB65A1FB459F,Mint·放户外花园餐吧,121.4661638,31.1622646,龙腾大道2266号2号楼3楼308,
B2094354D46FA3FB489B,MINT·放,114.0535972,22.5331367,福华三路268号福田星河COCO Park商场北区一楼L1-080B号,
B2094354D468ABFE4892,绿茶餐厅(坪山悦阾space店),114.341388,22.679406,马峦街道坪环社区比亚迪路4045号悦阾购物中心4层409,
B2094354D46BA4F4469D,香港新发烧腊茶餐厅(皇岗店),114.0615312,22.5253096,福田街道皇岗社区皇岗下围二村62号市场北102,
B2094354D169A3FC4592,Meater(海上世界店),113.915759,22.485316,海上世界B出口汇港一期商场B1-10,
B2094354D464A7FC4492,翻身夜市,113.895867,22.559197,富御花园东北门东南70米(翻身地铁站B口步行290米),
B2094354D56DA0FA429C,雪乡情东北菜(壹方城店),113.8871626,22.5515056,新湖路99号壹方城购物中心(原北京银行)临街商铺,
B2094355D569A1F94493,奉天小馆(壹方城店),113.8885288,22.5522136,壹方城北区5层5009（海底捞旁）,
B2094253D168A0FE479D,裕华海鲜(沙井店),113.800257,22.719143,沙井街道西环路2004之3第1层(汉庭酒店旁),
B2094253D16AA3FC419B,茶百道(桃源居店),113.8612581,22.6152477,西乡桃源居前进二路196号,
B2094253D168A1FB469E,甬府小鲜(深圳万象天地店),113.9563071,22.5412715,科发路19号深圳万象天地L6层SL617,
B2094253D16FABFF459A,幻樂園·咖啡,113.941353,22.576107,西丽街道万科云城设计公社B207,
B2094253D16FA4FB499C,桃桃厨房(深圳市光明区分店),113.9020675,22.7754722,公明街道公明社区红花路25小区1栋,
B2094253D16FA6F44099,怂重庆火锅厂(茂业天地店),114.086259,22.5458053,华强北路2009号茂业天地8楼,
B2094253D16FA0FF479F,光明乳鸽·凤凰客家酒楼(凤凰店),113.9333958,22.7359175,凤凰街道塘家社区张屋新村十八巷7号1-3层,
B2094253D16AA1FB4093,东洞烤肉大排档(来福士店),113.9257849,22.5121069,南海大道2163号来福士广场4楼-22,
B2094253D16AA6FF4593,无界日茶夜酒(智荟公园B2栋店),113.8191631,22.7401421,沙井街道立岗南路智荟公园B2栋101,
B2094253D16AA5FC429D,麦当劳(香梅北店),114.0359688,22.553186,香梅路天然居商业中心一层L1-5/6-1号商铺,
B209425DDA68AAFE4193,Thaimix泰面·南山,113.9276763,22.5261296,南光路75-7号,
B2094253D165AAFE449A,南粤光明乳鸽(虹桥公园店),113.9527565,22.7485475,虹桥公园北20米(羊川路西),
B2094253D66CA0FD429C,敏华冰厅(笋岗万象食家店),114.1106983,22.5622279,笋岗街道梅园路75号万象食家负一层B1-101,
B2094253D16FA1FD4692,浙里荟·品质浙菜(红山6979商业中心店),114.0260833,22.6220392,红山6979商业中心三期23栋二楼(正恩口腔楼上)旁边11号客梯上202.203,
B2094253D66CA2F4449D,新湖十一烧鸡(总店),113.9490836,22.7816159,新湖街道楼村社区光侨大道3483号第四栋102室,
B2094253D16FA0FE419F,常虹·铁板料理(后海汇店),113.9399588,22.5153452,粤海街道海珠社区后海滨路3288号后海汇L3-24,
B2094253D16CA3FE489B,陈记糟粕醋,114.1479324,22.6193958,丹竹头地铁站A出口龙岗大道3032-1-3号,
B2094250DA68A1F8449F,陈记糟粕醋,110.4742259,19.1453673,中兴南路10-1,
B2094253D16FA3F4499B,青松宇大汗·碳烤羊腿(红山店),114.025731,22.6228064,民治街道红山6979一期5栋206二楼,
B2094253D16DA3FA449A,松饼爷爷烘焙坊(锦绣江南四期店),114.0312064,22.6368947,梅龙大道2778号锦绣江南四期1049铺,
B2094253D064A4FC469F,膳富贵黄油蟹体验馆(欢乐港湾店),113.8926685,22.5463528,熙龙湾花园二期五栋A座115,
B2094253D66DA1FF449C,顾记老贵阳肠旺面花溪牛肉粉,113.9466033,22.5481069,粤海街道科技园社区6号科技园34区9栋110(深夜有居楼下铺面),
B2094253D06BA0FB449B,波胖胖烧烤屋,113.9089555,22.5631122,新圳东路67号(新安公园地铁站C1口步行180米),
B2094253D065A0FB429F,水东城串烧鸡,114.1026221,22.557392,八卦岭工业区10栋装饰大厦107,
B2094253D16CA3FD4793,东部华侨城云深夜阑(夜市),114.2938294,22.6154625,东部华侨城云中部落,
B2094253D16CA1FC4399,加星海南鸡饭·(东南亚风味菜·天安云谷店),114.0699,22.660097,坂田街道岗头社区天安云谷产业园一期3栋ABCD座A106-107,
B2094253D16CA6F8469C,湘田田湖南土菜(宝安新安店),113.9072592,22.5777066,新安三路95号(洪浪北地铁站C口步行450米),
B2094253D16CA5FC469B,星美乐(前海壹方城店),113.8865443,22.5527818,前海壹方城星辰街L1-015b/016,
B2094253D16DA2FE419B,肉祭烧肉一番(卓悦汇购物中心店),114.0602226,22.569103,梅林路与中康路交汇处1号卓悦汇购物中心L5层,
B2094252D46FA1FD479B,怂重庆火锅厂(深圳龙华壹方城店),114.0311293,22.643263,壹方天地C区壹方城3楼032号商铺,
B2094253D16EA3F94398,怂重庆火锅厂(龙华壹方城店),114.0311268,22.6432698,壹方天地C区壹方城3楼032号商铺,
B2094253D16EA3FB429D,烹湘.鲜炒湖南土菜(梅林店),114.0377172,22.5636081,梅林街道梅京社区梅林路154号尚书苑101,
B2094253D16EA2FD459C,荣满精细菜(常平楼店),114.076247,22.5450436,振华西路15号,
B2094256DB6AABFA469A,呐咪傣园·云南菜(石厦店),114.0498278,22.5212779,"新洲路石厦西村113-1号(地铁3号7号线石厦站F出口,众孚小学隔壁)",
B2094253D16EA2F8429A,呐咪傣园·云南菜,113.9381977,22.5179925,海岸城东座152号铺(后海地铁站D1口步行240米),
B2094354DA6EAAFD419D,傣来来·呐咪傣园·云南菜·小桌烧烤(科技园店),113.9466686,22.54804,粤海街道科技园社区科伟路6号饭多多美食汇104号,
B2094253D16EA7FE419D,徐记海鲜(科技园店),113.9517758,22.5378136,高新南一道13号赋安科技大厦B座,
B2094253D16EA7F4439B,阮三孃重庆老火锅(固戍总店),113.8522892,22.6044469,富通v都会瑞翔居1栋112号,
B2094253D66DA1FC4092,肥佬永鑫现宰猪杂汤,114.359863,22.755134,龙兴北路49号,
B2094253D765A7FF469D,乐宴·老北京铜火锅(华侨城大厦店),113.983074,22.534818,华侨城大厦商业B座2层202,
B2094252D36DA5FB4693,Pa-Sento百分炸牛(深圳首店),113.976906,22.537462,沙河街道华夏街社区潮州西街22号华侨城公交公司综合楼201,
B2094253D765A1F4469D,pa-sento百分炸牛,113.976748,22.537417,沙河街道华夏街社区潮州西街22号华侨城公交公司综合楼201,
B2094253D76FA4FD459F,牛角烧肉专门店(印力中心店),114.011086,22.544735,农林路69号印力中心f3层,
B2094253D76FA4FF4392,FINDESSERT,113.942347,22.575921,具体设计公社C区B1层下沉广场蓝色2层,
B2094253D768A1FC419C,郭掌勺重庆老火锅老川味江油肥肠(龙岗坂田店),114.0612351,22.6189629,龙岗区坂田街道五和社区光雅园路2号102,
B2094253D768AAF9469B,摩打食堂(壹方城购物中心店),113.8877636,22.5523143,新安街道新安湖社区新湖路99号壹方城购物中心(前海店),
B2094253D76AA5FE489E,鸟剑居酒屋(景田店),114.047866,22.541568,莲花街道紫荆社区新闻路1号中电信息大厦105,
B2094253D764A2F94099,TAPS精酿啤酒·茶饮(南头古城店),113.920451,22.544088,南头古城简阅大楼A1栋101,
B2094253D764A5F9499F,莆鲜味卤面(泊林花园店),114.1260278,22.5713389,水贝二路38号泊林花园,
B2094253D764A4FD4098,粤顺渔坊(融创荟店),114.019583,22.6422888,民治街道上芬社区龙胜路融创智汇大夏C座,
B2094253D764ABF4469A,大有利茶餐厅(福民总店),114.063648,22.522889,福民路15号(福民地铁站D口步行190米),
B209445CD264A1FC479C,财记潮汕流沙白菜肠粉,113.5422585,22.2245534,夏湾路160德全苑A栋首层1号铺,
B2094253D16AA7FD479C,赵财记·肠粉·煲仔饭(鲁能城店),117.176121,39.0948072,水上公园鲁能城购物中心B1层(天塔地铁站D口步行330米),
B2094253D26BABF44498,赵财记·肠粉·煲仔饭(水游城店),117.1700286,39.148478,大丰路12-24号鹏欣·水游城A座3F层,
B2094252D46DA4FF499E,赵财记肠粉煲仔饭(万象城店),117.212906,39.090424,乐园道9号万象城F5-L5-008,
B2094253D765A5F9429D,财记肠粉,113.879715,22.564699,和丰路与玉竹路交叉口东北40米,
B2094253D36FA0F8439E,赵财记·肠粉·煲仔饭(太原万象城店),112.52798,37.80763,万象城长兴北街5号万象城购物中心6层609,
B2094253D76DA6F8469C,赵财记·肠粉·煲仔饭(梅江永旺店),117.2187735,39.0275496,友谊南路111号A区1层区域NO.166,
B2094252DB6DA7F44598,赵财记·肠粉·煲仔饭(天佑城店),117.173044,39.1379122,鼓楼街道南马路1618号天佑城B1,
B209425CD36FA6FE419F,赵财记·肠粉·煲仔饭(博荟广场店),121.4799577,31.1968012,中山南一路788号博荟广场ONE EASTB1-12,
B209425CD66BA5FD489E,赵财记·肠粉·煲仔饭(大港油田幸福广场店),117.4908792,38.7191286,开发道与港南路交叉口西北220米,
B209425CDB6FA1FD4892,赵财记·肠粉·煲仔饭(公元时代城购物中心店),112.508615,37.8568688,迎泽西大街120号公元时代城五楼028,
B2094355D56EA6FF4898,财记潮汕流沙白菜肠粉(围基店),113.55143051491,22.217291837726,围基路与侨光路交叉口东南约200米,
B2094555DB6DA4F8499A,财记肠粉店,113.01487,22.97028,吉利购物广场西面,
B2094253D76EABFF4999,探鱼·鲜青椒爽麻烤鱼(深圳东门1234space店),114.1159997,22.5447919,建设路3018号东门1234space商场五楼L511,
B2094253D46CABF8489C,老板不在小龙虾总店,113.8069639,22.7293254,沙头三路15-2号(京基百纳东北门斜对面巷子120米),
B2094253D46DABFB429F,广州肠粉(花果路店),113.927073,22.4917889,花果路54号,
B2094253D46FA7F84898,寿司郎(KKONE店),114.026721,22.527642,滨河大道KKONE负一层(下沙地铁站B口步行190米),
B2094253D46AA1FE4198,芸山季·云南野生菌火锅(海雅缤纷城店),113.9060995,22.5605725,新安街道新安湖社区建安一路99号海雅广场5层L510-8号,
B2094253D464A6FA489B,子午路张记(华强北店),114.089393,22.546314,华强北华发大厦41-2(华强北地铁站B口步行420米),
B2094253D464ABFA4592,港湾宴会厅(南山京基·百纳广场店),113.9687816,22.5306934,白石路168号京基·百纳广场2层,
B2094253D56EAAF9489A,江南厨子(印力中心店),114.011652,22.544896,农林路69号印力中心f2层,
B2094253D06AA2FB4198,峰景台亚姨牛杂(第二分店),114.141369,22.553926,黄贝街道怡景社区黄贝路25栋103,
B2094253D56CA1FC469E,阿叔秘制牛杂王(学府路店),113.9200847,22.5277363,南新路2028号仓前锦福苑南苑,
B2094253D76FA6F94892,好袍火南昌水煮店,113.9240523,22.5281135,南山大道2039号桃苑公寓11号铺,
B2094253D669A5F4469A,氿间房·现代粤菜(恒邦置地大厦店),113.9971316,22.5403731,香蜜湖街道侨香路恒邦置地大厦三楼,
B2094253D66FA7FF479D,老成都小滋味,114.0599336,22.5659943,梅林街道广夏路16号(上梅林地铁站H口步行340米),
B2094253D66FABFA4698,杨记柳州螺蛳粉(塘尾十三区店),113.8045887,22.7017738,福海街道塘尾社区13区3巷1号103铺(外围),
B2094253D668A2FC459A,肖锅锅•湖南下饭菜(观湖店),114.084274,22.704641,25km · 观澜新联大厦153号,
B2094253D668A5F9429E,臻颐潮菜(深业中城店),114.023339,22.5406249,红荔西路深业中城5栋301,
B2094253D668A4FE429A,头牌小厨(新安店),113.907927,22.560722,新安街道新安湖社区建安一路74号华南工贸大楼宝农北巷88号,
B2094253D668ABF54392,潭记烧腊,114.0467369,22.5478362,莲花街道凯旋豪庭b座113号,
B209425DD06DABFF4893,潭记烧腊(太宁路喜荟城店),114.141944,22.566441,太宁路1号,
B2094253D668AAFC429F,大富烧鸡大牌档(南山店),113.9161,22.5156231,南新路1032号(大富烧鸡南山店),
B2094253D669A4FC469F,柿合缘(万象天地店),113.9560535,22.5425186,科发路19号深圳万象天地里巷L2层,
B2094253D76CA0F44092,阿润传统打边炉(上梅林店),114.0477622,22.5671811,梅林街道新兴社区梅林路133号上梅林文体公园梅秀路58-6,
B2094354DA6EA7FC4498,o'eat(深圳万象天地里巷店),113.9557144,22.542197,广东省深圳市南山区粤海街道大冲社区深南大道9668号华润万象天地F1,
B2094253D66AA2FE419E,大葉日本料理·龍蝦任食放題(皇庭中心店),114.0642311,22.5351422,福华路350号皇庭中心F1层,
B2094253D66AA0F44692,汕佬头黄牛坊,113.9163812,22.5280459,学府路153-3号,
B2094253D66AA6FB4193,朱光玉火锅馆(深圳南山店),113.923519,22.521044,南山街道南光社区海德二道411号,
B2094253D065A4FA499F,Luneurs(上海苏河湾万象天地店),121.4800467,31.2428195,福建北路100号上海苏河湾万象天地F1层,
B2094253D66AA5FD499F,Luneurs(万象天地店),113.955497,22.542409,科发路19号深圳万象天地L1层,
B209425CD464A7F9459E,Luneurs(万象天地店),113.9555572,22.54256,科发路19号深圳万象天地L1层,
B209425CD164A0FF4199,LUNEURS(南京万象天地店),118.7794523,32.022276,中山南路666号南京万象天地F1层,
B209425DDB6BA4FF439C,Luneurs(上海苏河湾万象天地店),121.4800413,31.2428176,福建北路100号上海苏河湾万象天地F1层,
B2094355D269AAFD4699,LUNEURS月乐诗冰淇淋咖啡(南山万象天地店),113.95552949555,22.542205688977,科发路万象天地里巷一楼,
B2094253D66AAAF94893,蚂蚁洞•首尔烤肉大本营(壹方城店),113.887698,22.552646,新安街道海旺社区N12区新湖路99号壹方中心北区2层032,
B2094253D664A1FC4199,嘻螺记柳州螺蛳粉(龙光玖钻北区店),114.0214288,22.6237374,民治街道红山社区龙光玖钻北甲期A座二单元1A47,
B2094257D069ABF8439A,卡朋西餐(龙华壹方天地店),114.0294,22.647259,人民路壹方天地B区L2层001,
B2094253D664A1FB4893,卡朋西餐(壹方天地店),114.029055,22.647316,人民路4022号壹方天地B区L2层,
B2094250D368ABF94199,鸟鹏烧鸟居酒屋(南光路1号店),113.9276076,22.521988,南山街道南光路122-7号,
B2094253D665A3F44693,鸟鹏烧鸟居酒屋(南光路1号店),113.9276071,22.5219815,南山街道南光路122-7号,
B2094253D76CA3F4449F,鸟鹏烧鸟居酒屋(笋岗店),114.107212,22.558459,笋岗街道笋西社区梨园路8号halo广场一期二层L2-3号铺,
B2094253D06AA6FB439E,大唐靓汤私房菜(红荔西路店),114.04682,22.547873,红荔西路113号凯旋豪庭108号,
B2094252D56AA5FC479F,八合里海记牛肉店(天虹购物中心龙华店),114.021225,22.625938,人民路2020号天虹购物中心(龙华店)L1,
B2094252D564A6F84292,不见不散泥炉烤肉(沙井店),113.8166989,22.7339375,沙井街道华盛新沙荟名庭二期1-60号,
B2094252D565A2FF4798,鸟沢(华润城万象天地),113.95645,22.542545,粤海街道深南大道9668号华润城万象天地L1-NL125N02,
B2094252D565A1FD4193,麦当劳(万象前海店),113.903275,22.514881,南山街道桂湾四路169号万象前海购物中心B184-185号商铺,
B2094252D565A0FC4099,三巴佬澳门猪骨煲,114.02774,22.534962,沙头街道泰然科技园201栋10铺,
B2094252D565ABFD429B,润园四季椰子鸡(宝安宝华店),113.8859864,22.551007,新安街道海旺社区兴华一路(延伸段)19号中兴酒店前海HOP国际209,
B2094252DA6CA6FD469D,火车大碗菜,114.059088,22.5223315,皇岗新村181栋(皇岗村地铁站A口步行130米),
B2094252DA6CA4FE4993,仙隐小鹿中华の日料(光明蓝鲸世界店),113.93382,22.743359,凤凰街道东坑社区龙光玖龙台6栋B座L4-22A-21B,
B2094252DA6DA7FC459B,客语-客家菜(印力中心店),114.0109537,22.5446315,农林路与侨香路交汇处印力中心负一楼52/54/55/56号号铺,
B2094252DA6BA3F44998,给你一点甜手工糯米糍,114.04718,22.52467,沙头街道新洲社区新洲九街89号102,
B2094252D564A1F4429D,牛排家(深圳万象前海店),113.8991498,22.5310638,桂湾四路169号万象前海购物中心二层L251,
B2094252DA64A3F5459A,隐厨(华润城万象天地店),113.9571693,22.542666,粤海街道深南大道9668号华润万象天地中心五层SL580,
B2094252DA65A6F9409C,阿昌茶档(总店),114.238463,22.5580265,海山路28号广富百货F1层,
B2094252DB6CA7FD439B,云朵朵•云南牛肉火锅,114.059956,22.564938,梅华路8号民浩楼,
B2094252DB6DA6FC4099,桃治,113.835089,22.732058,油厂路与华凌路交叉口西北约60米,
B2094252DB6FA5F5489C,奈雪的茶(深圳宝安壹方城2店PRO店),113.888425,22.5520825,壹方城购物中心四层,
B2094252DB69A0F4459A,丁叮小排档·八道江湖菜·酒档,114.02576,22.53207,广东省深圳市福田区沙头街道天安社区泰然六路31号泰然科技园213栋(车公庙地铁站F出口),
B2094252DB6AA1F5449C,红荔村肠粉科技园店,113.9423818,22.5405631,粤海街道科技园社区科兴路10号汇景豪苑303,
B2094252D564A7F5419C,坪山比亚迪D2食堂,114.3636025,22.6757312,中央大道比亚迪汽车工业有限公司,
B2094252DB6BA0F44399,顶峰(明蓝鲸世界店),113.9328128,22.7462849,凤凰街道凤凰城地铁站B出口光明蓝鲸世界,
B2094256D46EA3FE449B,八合里潮汕牛肉火锅(龙之梦购物公园长宁店),121.41599,31.21928,长宁路1018号龙之梦购物公园(长宁店)L8-8059-8063,
B2094252D56EA0FD469F,八合里牛肉火锅(购物公园店),114.0544045,22.536507,福田街道民田路138号购物公园北园2层,
B2094252D465A4FE409D,克茗冰室(宝安大仟里店),113.8730762,22.5705256,海城路大仟里购物中心负一层142号商铺(坪洲站A出口),
B2094252D465A4F9479D,蟹叁寳(南山店),113.941436,22.5183355,粤海街道海珠社区后海滨路3368号鹏润达商业广场,
B2094252D465ABF8499B,混果汁卓悦中心店,114.066798,22.536084,福保街道福田街道岗夏社区福华路346号夏城L1层152A商铺,
B2094252D56CA0F44599,华师傅过桥米线(华发南路店),114.0891824,22.5375056,华发南路下步庙北区22栋一楼,
B2094252D56CA4F8489D,舟市水产海鲜自助餐(宝能环球汇店),114.1096056,22.5646943,笋岗街道田心社区宝安北路3008号宝能环球汇F栋5层5007-5008,
B2094252D56DA2FB409E,椰皇四季椰子鸡餐厅(金田路店),114.06513,22.519932,福田街道水围社区金田路1009号嘉意台1层2层,
B2094252D56DA4FC449A,ÉPICE泷香(东南亚菜·万象天地店),113.95646,22.542309,粤海街道深南大道9668号华润城万象天地NL156号铺,
B2094252D56DABF9419B,李记湛光蚝庄(西丽十二分店),113.947845,22.584606,西丽镇新围村石岭工业区1栋106,
B2094252D56DAAFC419C,粤顺渔坊中山脆肉鲩火锅(坂田店),114.070864,22.639272,吉华路535号-2(粤顺渔坊),
B2094252D56EA6FE4593,毛记·海南东山羊(梅林店),114.05344,22.56309,梅林生活中心(北环大道北),
B2094252D56BA4F84692,JoesBistro舟石威士忌餐吧(深圳龙岗万达广场店),114.1311159,22.6742816,平湖街道禾花社区华南二道1号万达广场(华南城店)6F层6020、6021,
B2094252D56EA5FD439A,雪乡情淳朴东北菜,113.9226995,22.5128999,登良路与南光路交叉口龙佳园小区107号铺,
B2094252D56EAAF9439D,沙井金蚝私房菜(宝安沙井店),113.8132423,22.7320166,沙壆二路1号文华阁F4层,
B2094252D56FA3FC4798,伏林哥猪杂粥(皇岗店),114.0622218,22.5228722,福田街道皇岗社区皇岗新村6号1层,
B2094252D56FA2F4439C,HIDING(华润城万象天地店),113.95694,22.542408,深南大道9665号华润万象天地里巷NL151号商铺,
B2094252D568A3FF4999,徐记海鲜(新世界中心店),114.0557511,22.5451851,益田路6009号新世界商务中心401,
B2094252D568A2FE4292,堂本家·二代目(万象汇店),114.131714,22.593712,布吉街道萝岗社区信义荔景御园E区1栋L383号商铺,
B2094252D569A7F84498,吴庄(喜荟城店),114.141079,22.5678394,太宁路8号喜荟城二楼,
B2094252D56AA0F9429E,郭老三传统大碗麻辣烫(固戍地铁站店),113.8484996,22.5989596,西乡街道固戍社区宝安大道4734号,
B2094252D56BA6FE459C,怀德酒楼(福永怀德店),113.819145,22.660526,立新南路86号怀德新安中学对面,
B2094252DB6AABF84992,伤心鸭头(三联分店),114.11497506526,22.626504926872,广东省深圳市龙岗区联布北路龙景二区五巷5号楼,
B2094252DB6BABF8489E,正宗湖南麻辣烫,113.8645394,22.5775968,盐田新一村四巷15号(西乡地铁站A口步行400米),
B2094555D06DABF8489F,正宗湖南麻辣烫,110.92333,21.65385,求雨岭香乐门巷子里走15米(高歌后面第二巷左转即到),
B2094557D66FA1FF4093,正宗湖南麻辣烫(还珠东路店),109.20336,21.66087,还珠东路41号(电视局往老豪情方向200米),
B2094253D069A1FD4592,郭老倌三盆菜(翻身店),113.897192,22.557234,新安街道安乐社区翻身路89号-101-102-104,
B2094253D369A1F5479D,三两三民谣酒馆,113.8592381,22.5713347,宝源路星巴克一直往里走100米,
B2094253D36CA1F84699,泰炙·乐卅市集泰式火锅(深业上城店),114.069496,22.5567116,深业上城小镇3楼T3063,
B2094253D36CA5FF449F,日落酒馆(田寮店),113.9045376,22.7307359,田湾路80号,
B2094757DB6FA4F94292,LIAN尚莲.越泰料理,113.327065,23.136166,广东省广州市天河区天河南街道天河体育中心露天网球场广州天河体育中心,
B2094252D56BAAF54298,Lian尚莲越泰料理(前滩太古里店),121.4815657,31.152089,东育路与杨思西路交叉口南约120米,
B2094753D56FA2FE439E,LIAN 尚莲越泰料理,113.3325488,23.1344538,天河路383号太古汇商场L303,
B209445CD36BA0FC439B,尚莲越泰料理(万象城店),114.1109636,22.5394616,宝安南路1881号华润万象城一期5层562,
B2094253D069A1FB4399,Lian尚莲.越泰料理(兴业太古汇店),121.462579,31.22907,石门一路288号兴业太古汇3楼19号,
B2094253D76AA6FF439A,Lian尚莲越泰料理(迪士尼小镇店),121.6601127,31.1408018,申迪西路255弄785号,
B2094252D665A2F8489F,尚莲·越泰料理,113.3311332,23.1157533,兴民路222天汇广场IGC商场L5层L501L601号,
B2094253D36CA5FA4493,尚莲越泰料理,113.8921215,22.526065,前海嘉里中心T1栋,
B209445CD06DAAFB419D,尚莲泰国料理,104.0844147,30.653681,中纱帽街8号成都远洋太古里东里2层2320号,
B2094354D565A6FC4099,尚莲·越泰料理(三亚免税城店),109.7498084,18.3758046,三亚免税城二期L1-03A号商铺,
B2094355DB6AA3F4439A,Lian尚莲越泰料理(海棠湾云戒岛店),109.74932865158,18.375024937906,海棠北路海棠湾云戒岛1楼03A号铺,
B2094554DA6BA0FD489A,尚莲越泰料理(天河南二路店),113.33256,23.13108,天河南二路31号,
B2094253D36CA4FB459F,四季椰林海南椰子鸡(万象天地店),113.956619,22.542515,"广东省深圳市南山区大冲华润城万象天地(高街北)北区NL505(原诚品书店,捞王隔壁)",
B2094253D36FA4FC469F,宋宋象·东南亚菜(蓝鲸世界店),113.93302,22.7465595,凤凰街道光明蓝鲸世界G层52号(凤凰城地铁站A口旁),
B2094253D36FA4F84999,天屿水·茶蔬(卓悦中心西区店),114.065116,22.535997,福华路348号卓悦中心西区L5-506,
B2094253D36FABF5419D,庭留SDEi·家庭料理,113.8214426,22.6755328,福永街道白石厦社区横巷十二巷2号,
B2094253D368ABF8409F,头牌小厨.蛇口大排档,113.91564,22.487399,招商街道水湾社区太子路83号发胜大楼107-6,
B2094253D368AAFB419E,大二街边粉店,113.805524,22.729697,民福路42号,
B2094356DB6CABFE4799,大二街·螺蛳粉地摊广场(沙井店),113.8121425,22.7353898,沙头西园小区20栋103,
B2094253D369ABFD4192,外婆家(领展中心城店),114.0593398,22.5361928,福田街道福安社区福华一路3号领展中心城L1层FL1026,
B2094253D364A5FC469A,四季椰林(欢乐海岸店),113.989948,22.5252283,沙河街道东方社区白石路东8号欢乐海岸购物中心L1-070,
B2094253D364AAFA4499,马记永兰州牛肉面(欢乐港湾),113.888558,22.543409,欢乐港湾B1(临海地铁站B2口步行260米),
B2094253D06DA5FE409D,女朋友爱吃烤肉,113.84637,22.604086,航城大道,
B2094253D06EA4FC409F,渝月(后浪新天地店),113.993895,22.6782661,大浪街道横朗社区同富裕工业区22栋2层22201,
B2094253D06FA6FC439F,奔来旺·公爵府,113.972959,22.5559879,龙珠四路方大城一楼L106-L107号,
B2094253D06FA4FD4499,珮姐重庆火锅(龙华直营店),114.0275818,22.6486079,人民路4022号壹方天地A区L2层,
B2094253D068A1FA439D,阿内哥-古早味(青春家园店),113.9290732,22.51729,南海大道2718青春家园,
B2094253D068ABFE419E,滨水茶室,113.961262,22.540714,深南大道与深南沙河立交交叉口东280米,
B2094256D56FA0FC459E,滨水茶室,120.97111,31.92161,江苏省南通市崇川区竹行街道龙腾路能达生态通廊,
B2094253D068ABF4469B,串掌门砂锅串串香(后瑞店),113.8356826,22.6304124,瑞盛百货(后瑞地铁站B口步行140米),
B2094253D265A3FE459F,鮨·富藏日本料理(光明蓝鲸世界店),113.9336745,22.7475257,蓝鲸世界(凤凰城地铁站B口步行100米),
B2094253D26FABFC4593,鲜潭.蒸汽石锅鱼(卓悦中心),114.0663229,22.5358533,福华一路348号卓悦中心东区B1层,
B2094252DB64A6F84799,京鼎香铜锅涮羊肉,113.9193012,22.4992771,沿山路71-6号(四海地铁站F口步行390米),
B2094354D16FABFB4599,京鼎香·铜锅涮羊肉(宝安店),113.903476,22.560677,新安街道甲岸社区宝民一路52号101,
B2094254D66FA5FF469F,兴业证券大厦,121.5518968,31.2254441,丁香路858号上海丁香国际商业中心,
B2094757D564A2FC499B,兴业证券大厦,119.3101864,26.0943798,福州市鼓楼区湖东路268号,
B2094652D16DA3F4479B,兴业证券公交站,117.63659,26.26724,福建省三明市梅列区列东街道列东街541夏商百货(列东街店),
B2094652D26AAAFC439C,兴业证券(湖东路),119.30073,26.092173,湖东路99号标力大厦2-3层,
B2094757D66EA7F5489F,兴业证券股份有限公司西安朱雀大街营业部,108.939210213,34.2437101182,西安朱雀大街北段25号,
B2094652D16EABF9489A,兴业证券,118.180993,26.635401,滨江中路399号,
B2094251DB6CABFC4392,兴业证券(深业上城店),114.0711288,22.5562525,皇岗路5001号深业上城T2办公楼51-52层,
B2094252D068A6FF4198,兴业证券股份有限公司湖北分公司,114.33732,30.555069,平安国际金融大厦5层A区,
B2094253D265A5FE489D,兴业证券,113.756857,34.761442,农业南路51号楷林中心10座,
B2094253D364A5FD459F,兴业证券(黄山路营业部),117.203557,31.840739,黄山路612号,
B209425DD16EA0FA419F,兴业证券深圳东海国际营业部,114.02125,22.536837,东海国际中心A座3301B,
B2094252D568AAFF419C,兴业证券古田投资者教育基地,116.8253639,25.220428,礼灿屋路２２,
B2094252DB65A4FE489E,鲜潭蒸汽石锅鱼(万科广场店),114.2437946,22.7142756,龙翔大道7188号深圳龙岗万科广场F4层,
B2094253D26CA6F84192,湖湘畔渔家小院,114.001462,22.6786724,大浪街道华旺路163号ICC工业园,
B2094253D26DA1F8449A,珮姐老火锅(南山直营店),113.939539,22.517687,粤海街道海珠社区后海滨路3019凯宾斯基酒店裙楼2层珮姐老火锅,
B2094253D26DA4FD4199,秦小月酸汤臊子面(中心书城店),114.0591035,22.5480064,福中一路2014-23号,
B2094253D26DA4FE4099,大梅沙京基洲际行政俱乐部-蔚蓝阁餐厅,114.315734,22.5981681,盐梅路与云水路交叉口东180米,
B2094253D26DABFD439D,小蜇屋日韩食堂·茶歇(福田一店),114.050546,22.537193,国际商会大厦B座0102室,
B2094253D26FABFD4498,海安安·越南粉,114.148356,22.6192488,南湾街道丹竹头恋珠东三巷1-2,
B2094253D264A2FB4699,湘里人家(和健云谷店),114.2809838,22.7485781,新生社区新城路8号和健云谷3栋1楼,
B2094354DA68A4F8439B,湘里人家(水岸新都和健云谷店),114.2875793,22.7541668,新生社区新城路8号和健云谷3栋1层,
B2094253D268A2FA4192,木屋烧烤(福田皇庭广场店),114.0604919,22.5342411,福田街道福安社区福华三路118号皇庭广场G-92、92A、92B,
B2094251D564A0F94999,香港阿一猪扒酸辣米线(华强北店),114.089676,22.544199,振华路111号中电迪富大厦102铺,
B2094253D268A0FE459D,香港阿一猪扒,113.9513235,22.5421549,粤海街道大冲一路大冲新城花园2栋1C座047商铺,
B2094253D269A4FD4399,荣欣湛江生蚝烤吧(松岗红星店),113.838875,22.764123,松岗街道红星社区格布新区一巷五号102荣欣湛江生蚝烤吧,
B2094253D26AA6FA419D,步画楼(宇宏·健康花城店),114.1355079,22.6259144,科技园路宇宏健康花城西门141一147号铺,
B2094253D26BA1F8419F,Chaplin卓别林电影主题餐酒馆(生态广场A座店),113.9836985,22.5380472,侨城西街8-9号,
B2094251DA69A0FD479E,阿娜尔新疆菜·风情餐厅(ICC环贸中心店),114.26215,30.590338,ICC武汉环贸中心二楼,
B2094253D06DA5FE4898,阿娜尔·新疆菜(光明万达店),113.9324896,22.748435,光明区万达广场三楼(3009C-3010)商铺,
B2094253D56CAAFC489D,阿娜尔·新疆菜(皇庭广场店),114.059167,22.534372,福华三路118号会展中心站C出口皇庭广场L1层L1-36,
B2094253D46BA6F94698,阿娜尔·新疆菜(壹方天地黑金店),114.033878,22.643981,壹方天地D区L2-025,
B2094252D56BABFF4998,阿娜尔新疆菜.风味餐厅(汉阳万科未来中心店),114.244125,30.55367,汉阳大道北五里墩地铁c口万科未来中心VFC,
B2094253D26BAAF9449B,阿娜尔·新疆菜,114.1314549,22.673754,平湖街道禾花社区华南二道1号深圳龙岗万达广场6F层6006,
B2094253D36AA6FC409A,阿娜尔·新疆菜(金地广场店),114.3840156,30.6038622,团结大道1335号金地广场3楼,
B2094253DA6DAAFC439F,阿娜尔·新疆菜,113.3875752,22.5208969,孙文东路28号(中山石歧万象汇四层1401店铺),
B2094253D26BAAF94498,阿娜尔·新疆菜(龙岗万达店),114.1314534,22.6737559,禾花社区华南二道与一号路交汇处东北角华南城4号龙岗万达广场6F6006铺,
B2094354D06DA0F4419A,阿娜尔·新疆菜(民发广场店),112.1357296,32.0389834,长虹路13号民发广场4层,
B2094253D66FA0FF499B,阿娜尔·新疆菜(人信汇店),114.205106,30.551543,人信汇A馆3楼(龙阳村地铁站D口步行100米),
B2094355D16DA3F4479F,阿娜尔·新疆菜(佰港城店),114.32639489079,30.503233908592,维佳·佰港城4楼,
B209425DD269A1F94698,阿娜尔·新疆菜(揭阳万达店),116.3964957,23.5616697,榕东南厝村临江南路揭阳万达广场4F层40754 076号商铺,
B2094354D769A6F84092,阿娜尔·新疆菜(华强时代广场店),113.816096,22.699688,福海街道塘尾社区华强时代广场L5-37,
B2094253D26BAAF54998,四季椰林椰子鸡(罗湖宝能环球汇店),114.1100285,22.564846,宝安北路3008号宝能中心L6层,
B209425CD46DA1FD4192,泰香米(深圳万象城三期店),114.1091751,22.5398998,宝安南路1881号万象城2F-T240号商铺,
B2094253D569A3F94993,春满园(时代科技大厦店),114.0238172,22.537244,深南大道7028号时代科技大厦F4层,
B209425DD06FA3F44198,洪牛坊牛肉粿条汤(福胜阁店),114.0823279,22.5331376,福星路108号(赤尾地铁站D口步行260米),
B209425DD265A4FA439B,逸八仙,113.970417,22.5247948,沙河街道白石洲东社区白石三道深圳湾睿印RAILinL315-2,
B209425DD265ABFE4598,潮发潮汕牛肉店(万象食家店),114.110651,22.5627445,梅园路71号(笋岗地铁站A口旁)深圳万象食家L2层,
B209425DD36EA3FA489B,纳瓦新疆音乐餐厅(观澜湖新城店),114.0764161,22.723075,高尔夫大道8号观澜湖新城MH MALL2栋SL210铺位,
B209425DD36FA0F8419E,壹号粥火锅·海鲜煲仔粥(水围店),114.0639955,22.5243871,金田路与皇岗一街交叉口西南60米,
B209425DD36FA6FB4993,曼谷街角东南亚风味小馆(红山6979店),114.024367,22.6231951,民繁路红山6979负1层北广场(开心麻花楼下),
B209425DD36AA5FF459D,陈鹏鹏潮汕菜(机场卫星厅店),113.8059124,22.640712,福围社区宝安机场卫星厅3D011,
B209425DD365A7F9459F,北京羲和雅苑烤鸭坊(KKmall店),114.1063447,22.5443879,红岭中路KKmall商场北门二楼210号铺羲和雅苑烤鸭坊,
B209425DD06FA7FF459B,粤顺渔坊中山脆肉鲩火锅(华为基地店),114.0579686,22.6603221,坂田街道岗头社区新围仔五和大道4008号全季酒店一楼,
B209425DD265A2F94499,鸟鹏烧鸟居酒屋(仁恒梦店),114.22538,22.730011,仁恒梦中心L1层W11号商铺(仁恒理想汽车左侧),
B209425DD06FA5FE439C,谭厨中山传家菜(深业上城老佛爷百货店),114.070142,22.5567981,华富街道莲花一村社区皇岗路5001号深业上城L3层T3030A,
B209425DD068ABFB4698,裕莲茶楼(深圳万象天地店),113.9544521,22.5415562,粤海街道深南大道9668号华润城万象天地B1-B107,
B209425DD06AA5FA469B,Sopoong笑风韩国料理(山东大厦店),113.9287526,22.5216157,南山街道南光社区南海大道2309号山东大厦假日酒店主楼2层,
B209425DD06BA0FD499B,烧肉公社,114.058884,22.567322,梅林街道上梅林中康路31号,
B2094355D46AA2FD419E,燒肉公社(海岸城店),113.93555909497,22.516758754963,文心五路33号海岸城购物中心负一层037-038号店,
B209425DD064ABFA459F,国隐小院·鲜渔农庄·粤菜,113.9184046,22.7499488,鹏凌路与东福路交叉口西南180米,
B209425DD064ABF54792,红盔甲(前海hop天地店),113.8858916,22.5508697,海秀路hop天地(宝华地铁站B2口步行110米),
B209425DD065A1FE439D,茉莉奶白(创城·ccone店),114.303264,22.7650424,坪地街道中心社区龙岗大道2098号2栋109,
B209425DD264A2F5479E,阅莲轩手作甜品(八卦岭店),114.1024947,22.556943,园岭街道玛盛社区八卦一路39号鹏盛村6栋,
B209425CDB6AA0F5429F,春满园(海景湾店),113.9164221,22.4803424,望海路1187号文化艺术中心302、401、402号,
B209425CDA69A2F84992,卡朋西餐(宝安大仟里购物中心店),113.872407,22.5703571,宝安大仟里3楼(坪洲地铁站A口步行300米),
B209425CDA69A6F94093,大渔铁板烧(仁恒梦中心店),114.224746,22.73013,愉龙路223号仁恒梦中心L3-08,
B209425CDA69A5FF439A,印象成都老火锅(大浪商业中心店),113.992807,22.675521,大浪街道同胜社区同富裕工业园16栋119号(大浪商业中心4号门),
B209425CDA69AAF4499E,十二月私人订制蛋糕甜品轻食概念店,114.366268,22.749265,龙兴南路与大水湾一街交叉口西100米,
B209425CDA6BA2F9459B,tastemeta隐食花园餐厅,113.989584,22.684254,大浪街道园富路,
B209425CDA6BA1FE4798,湛江鸡雷州羊肉(油松店),114.0432419,22.638257,龙华街道油松路油松综合市场住宅楼B1栋1层,
B209425CDB6DA5F9479D,礼薏烧肉(上合店),113.9066,22.579204,广东省深圳市宝安区,
B209425CDB6EA2FA489F,庆华年螺蛳粉火锅(壹成中心第六区店),114.0328758,22.6485972,龙华街道东环一路267号,
B209425CDB6EA2FB479C,禾粤枫茶楼(欧景花园店),114.2331933,22.727142,回龙埔地铁站D口步行390米,
B209425CDB6AA6FD449E,楚采(壹方城店),113.88693,22.553249,新湖路99号壹方城购物中心L3层L013,
B209425DD26BA5FA409C,奈雪の茶(创城·ccone店),114.303603,22.765247,坪地街道中心社区龙岗大道2098号2栋106-1,
B209425CDB6AA6F5439E,八合里牛肉火锅(壹方城店),113.8870136,22.5525148,新安街道海旺社区N12区新湖路99号壹方中心北区负1层,
B209425CDB6BA3F44399,潮汕海鲜捞面,114.079662,22.533201,福田村牛巷坊,
B2094253D669A7FC439B,潮汕海鲜捞面(京溪店),113.3279776,23.1825245,京溪街道京溪中路30号108铺,
B2094253D46BAAFE429D,潮汕海鲜捞面(鹅掌坦店),113.235144,23.156742,同德街西槎路123号C1F-3-1,
B2094354D568A7FC4499,小余潮汕海鲜捞面,116.708463,23.36194,长平路梅园23栋105号,
B209425CDB64A3FC479A,清潮·潮菜,114.215635,22.699531,龙城街道黄阁坑社区大运天地购物中心北区7栋NL211,
B209425CDB65A4F9429C,炽茶·新式茶饮(皇庭广场店),114.059756,22.5330933,福华三路118号皇庭广场L2,
B209425DD26DA5F8419F,光明蓝鲸世界啫火啫啫煲,113.9336352,22.747394,L4-02-03(凤凰城地铁站B口步行330米),
B209425DD268A3FF419D,深铁铂尔曼酒店·星璞全日餐厅,114.0308456,22.6124285,民塘路385号深圳深铁铂尔曼酒店46楼(邻深圳北站),
B209425DD269A1F94198,泰尚臻餐厅(中航城君尚购物中心B区店),114.082756,22.542989,中航路1号中航城君尚购物中心B区L3层,
B209425DD269A0FC499B,九如创新融合菜(汉瑜商业中心店),114.0804412,22.5394031,深南大道3031号汉瑜商业中心L305,
B209425DD26AAAF5449C,点都德(皇岗村店),114.062015,22.523858,皇岗村下围二村66号2-3楼5号铺,
B209425DD26BA7F5409D,柴火饭店(塘尾店),113.8085072,22.7002052,尾凤塘大道5171柴火饭店,
B209425DD16FA0FD4899,璞肴·中餐厅(深铁皇冠假日酒店),113.94489,22.538933,深南大道与科苑路交汇处金融科技大厦深大地铁口D出口(皇冠假日酒店47楼),
B209425CDA68A7F5469E,鸭小七·北京烤鸭·融合菜(向西村店),114.1270351,22.5427361,春风路2022号(湖贝地铁站A口步行200米),
B209425DD56DA0FA4198,老乡鸡(深圳壹方城店),113.8873835,22.5530473,新湖路99号壹方城购物中心(宝安中心地铁站F口步行310米),
B209425DD46CABFE4493,正宗重庆天福麻辣烫(南航店),113.923826,22.5267191,南山大道2017-10号(南山地铁站F口步行380米),
B209425DD46DA5FF449F,北村韩食·活烤鳗鱼·大片烤肉(壹方天地A区店),114.028061,22.648286,人民路4022号壹方天地A区L1层,
B209425DD46EA3FB4198,锦堂春想·广州粤菜(深圳南山店),113.9443599,22.518486,海德三道1236号大成基金总部大厦4楼,
B209425DD46EA6F54698,林鲜记鸡煲(白石洲店),113.9670646,22.5375623,沙河街道白石洲东社区博耐家具石州中路160-14号,
B2094355D268A0FB419A,YES也是大排档(深圳福田华强北店),114.098676,22.5506978,华强北振华路50号中联大厦401栋L1-08-09（燕南站C出口）,
B209425DD46AA0FF4599,也是大排档(华强北店),114.0921435,22.544675,华强北荔村社区振华路50号中联大厦401栋L1-08-09,
B209425DD46BA2F8479C,CHIC1699远洋私厨(平安金融中心店),114.0554361,22.5337624,益田路5033号平安金融中心北塔L5层1699远洋私厨,
B209425DD46BABFA479B,光明院子·光明乳鸽,113.9095664,22.807834,西田社区第三工业区(西田康体游泳馆旁),
B209425DD464A3FE479D,星级名厨(新洲同创汇店),114.045927,22.5143046,福保街道新港社区新洲同创汇E栋三楼E302,
B209425DD464A3FB409C,渔尚蒸汽海鲜火锅餐厅(松岗店),113.837312,22.766217,松岗街道松明大道130号正通大厦二楼,
B209425DD464A6F4459F,蘑界·野生菌石锅鸡(深业上城南区3期店),114.0686254,22.5564251,深业上城三楼外街西广场T3080号靠近莲花山出入口处,
B209425DD765AAFB459B,潮鲜记鸡煲·脆皮鸡,113.9538574,22.5837429,西丽街道同沙路1号中泰商住楼108,
B2094354D769AAF9499C,潮鲜记鸡煲·脆皮鸡(翻身店),113.895893,22.559889,新安街道翻身路326号109,
B209425DD568A4F5489C,辣可可·小炒黄牛肉(深圳华侨城益田假日广场店),113.975226,22.537543,深南大道9028号益田假日广场深圳华侨城店L3层,
B209425DD568ABFE4293,八合里牛肉火锅(福田cocopark黑金店),114.0536027,22.5342315,福华三路268号星河COCOPark3层,
B209425DD568AAFA449C,闽南古早味小吃(城龙花园店),114.249647,22.725985,龙城街道尚景社区龙福路156号城龙花园3栋42号,
B209425DD564A0F5449F,王捌院子(中航城君尚购物中心店),114.08282,22.543315,华强北街道华航社区中航路1号中航城君尚购物中心A区5楼,
B209425DDA6EA1F5469D,一叶一世界藏茶素火锅(万科云城东里店),113.9458151,22.5735996,打石一路云城D绿廊负一层B1-22,
B209425DDA6EAAF8419C,鱼本膳中山脆肉鲩火锅(云城万科里店),113.9433816,22.5745241,万科里2楼,
B209425DDA68A2FA4692,大千金齐齐哈尔烤肉,114.034152,22.663322,龙华街道三联社区富茂路1-2号,
B2094252D46BA4F8479A,亚参鸡饭(深圳万象天地店),113.957674,22.5423138,深南大道万象天地LG层水广场NLG08(地铁高新园站A出口),
B209425DD46CA7FA419C,AVANT(创意园深南电路大厦店),113.9958931,22.5398571,侨城东路99号109A,
B209425DD169A4FD4098,瓦尔登湖小院,113.9402599,22.6093086,西丽街道百旺社区白石岗森林小院2号楼103,
B209425DD16AA4F4469C,面道鲜师蟹黄面(深圳湾万象城店),113.946074,22.516184,科苑南路2888号深圳湾万象城A区B1层B145,
B209425DD16BA7F94499,CKLMT仓库手打柠檬茶(高嘉花园店),114.1300263,22.543696,高嘉花园高庆楼18栋地B(文锦地铁站D口步行220米),
B209425DD16BA4F4489B,新疆西域沙漠烧烤,114.1081812,22.606131,布吉街布吉社区东心岭209号101,
B209425DD16BABF5419B,大富烧鸡大牌档(布吉店),114.1126165,22.6085933,吉华路与西环路交叉口西40米,
B209425DD165A3FA469E,夜幕炭火烧鸟(华盛珑悦店),114.031658,22.6494815,鸿尚路华盛珑悦小区南门旁右边第一间商铺(华盛珑悦大厦后面),
B209425DD165A0FC419A,鸟剑居酒屋(缤纷天地店),114.021537,22.536262,香蜜湖街道东海社区深南大道7888号东海国际中心一期A栋101A1-2101A2号,
B209425DD66CA2FD4393,WESTWOOD(前海壹方汇店),113.896035,22.528864,壹方汇L3层006(3楼户外),
B209425DD66FA3F4469C,老何太太鹤岗小串(罗湖店),114.1266063,22.5374786,阳光新干线家园119-120号,
B209425DD668A1FA4399,潮汕鑫现宰牛肉火锅城,114.3515974,22.758516,坑梓龙兴北路120号,
B209425DD668A0F9429A,几韵味-望城餐饮会馆(清凤·荣盛创投大厦店),114.1008575,22.5628237,八卦三路88附8号(红岭北地铁站A口步行470米),
B209425DD764A1F54799,瑧滋味武汉小吃(梅林店),114.0431115,22.5635465,梅林街道梅河社区下梅林河背村137栋102,
B209425DD665A2FE489F,中记港式大排档,114.3619129,22.7033732,金牛西路与四号路交叉口东北100米,
B209425DD76CA2FB469E,老杨家亚克西·20年新疆菜,114.1325889,22.5424627,春风路与文景南路交汇处联城联合大厦首层(文锦地铁站旁),
B209425DD76CA6F54092,素满香·全民食养自助(深圳·金中环店),114.0620055,22.5344691,金中环大厦负一楼(E出口)麦当劳对面,
B209425DD76DA4FD489F,泓0871臻选云南菜(深圳万象天地店),113.955881,22.542487,万象天地里巷NL-323,
B2094354DB6DA6FE4193,泓0871臻选云南菜(万象天地店),113.956043,22.5425552,科发路万象天地里巷三层NL323号,
B209425DD76DA4FB4198,白玉串城.朝鲜族烤串(壹城中心店),114.0306682,22.6523659,星潮泰未来城,
B209425DD76EA3FA449C,胖老友·南宁老友粉,114.051949,22.521146,福保街道石厦东村263-1(石厦篮球场旁),
B209425DD76EA0FE4392,乡情客家(客家特色菜),114.383528,22.7421157,坑梓街道宝梓中路60号,
B209425CDA68ABFF4893,境在茶舍,114.0535676,22.5322448,福田街道福安社区福华三路269号星河国际花园1层L1-059,
B2094253D56AABF5469F,悦得闲广式点心茶楼(欢乐颂购物中心店),113.9198457,22.5353411,南新路3030号欢乐颂购物中心F4层F4-30,
B2094251D26AA4FE419D,More than bread不止是面包,121.52515,38.85807,高新园区礼贤街39A号柏悦国际公寓东门一楼(文思海辉大厦南邻),
B2094356D66AA0FA4499,餖士·不止窑烤面包,104.2361734221,30.427006419044,成都市双流区天府新区太平街道桃源村1组94号,
B209425CD068AAFE4992,不止面包,113.9214424,22.4867918,蛇口街道海昌街92号不止面包,
B209425CD369A2FC489F,阿一豆腐新安总店,113.8967066,22.5708275,"建安一路619-8号(近万达广场,距灵芝地铁站800米)",
B209425CD369A2FF4992,不巧·巧克力专门店(顺发商厦店),113.9135494,22.478621,工业一路顺发商厦103铺,
B209425CD369AAFE469D,喜茶(深圳华强北茂业天地店),114.086106,22.5456382,华强北路2009号负一层115号铺,
B209425CD364A0FA429F,上品餐餐厅(南联店),114.2696599,22.7226514,龙岗路东森商业大厦19号1层,
B209425CD364ABF9409B,南都咖啡西餐厅(横岗大厦Hone商场店),114.208101,22.6462412,龙岗大道5008号横岗大厦Hone商场F1层,
B209425CD365A2F8489F,金稻园砂锅粥(海岸城店),113.9337255,22.5181986,海德二道A座105,
B209425CD365A2F9429B,烹湘·鲜炒湖南土菜(莲花店),114.0703928,22.5543467,华富街道莲花一村社区笋岗西路4001号莲花一村17栋,
B209425CD365A6F54792,螺欢喜螺蛳粉火锅,114.2440857,22.7114089,西埔路5号(吉祥地铁站C口步行260米),
B2094354DB6BA6FF4192,螺欢喜螺蛳粉火锅(布吉店),114.11681279341,22.605760982076,金利路65-8,
B209425CD06EA3FE4598,探鱼烤鱼(蓝鲸购物中心店),113.9343552,22.746078,龙光玖龙台光明蓝鲸世界A座L4-15A,
B209425CD06EA4FC429F,青松宇大汗·碳烤羊腿(南油店),113.9222332,22.5131844,南山街道登良社区登良路27号龙佳园118,
B209425CD069A1FF4292,宝安区西乡西园饮食店,113.877449,22.57175,宝安大道西乡市场综合楼17号,
B209425CD36DABFC439B,潮江春(深航店),114.0190666,22.5341875,深南大道6035号深航大厦深航国际酒店3层,
B209425CD06AA0FA4293,新胜九屯小小铁锅炖(南山大冲店),113.952351,22.542152,粤海街道大冲社区科润路新城花园2栋1D1-336-3,
B209425CD064A0F54298,芸山季·傣·云南野生菌火锅(皇庭广场店),114.0592874,22.533366,福华三路118号会展中心站C出口皇庭广场L2层,
B209425CD065A2FB4393,炙焰FLAMES扒房餐吧,113.9151027,22.4836173,招商街道太子路20-33,
B209425CD065A4FC4999,先启半步颠小酒馆(深圳保利文化广场店),113.938335,22.5174625,保利文化广场B区二楼N208,
B209425CD065A4FA469B,汕头鱼粥(吉祥花园南),113.9171514,22.5365827,关口下街74-1号(吉祥花园南),
B209425CD16CA2FB449A,渔语鱼川宴(深圳天河城购物中心店),114.1345049,22.5784425,太白路深圳天河城购物中心(布心地铁站B口步行500米),
B209425CD16CA2F44693,米八外石橄榄鸡煲·生腌(红山6979店),114.025926,22.623432,民治街道红山六九七九商业中心1期三栋A座,
B209425CD16CA0F5409B,坪兴饭店,114.341134,22.676173,坪兴路18号,
B209425CD16CA5FF479A,有料·日料小聚(绿景佐阾虹湾购物中心店),114.0382319,22.5603158,北环大道6098号绿景佐阾虹湾购物中心L1层L1015-L1016,
B209425CD368A6FD4799,正宗桐坑阿松牛肉店,114.0259646,22.6387033,民治街道东二村龙峰二路143号,
B209425CD36CA3FD479F,天桥下肠粉(景田综合市场B座店),114.0452284,22.5488129,景田综合市场B座(景田地铁站B口步行500米),
B2094253DB68A4FF429D,盛香亭转转热卤(南山来福士店),113.924259,22.512098,南山街道登良社区登良路26号公园大道B栋111 122,
B2094253D565A6FE4399,啫苑.头牌啫啫煲(蛇口店),113.9160792,22.4872666,太子路83号(海上世界地铁c出口直走20米),
B2094253DA6EA3FF469D,凑凑火锅·茶憩(深圳万象食家店),114.110367,22.561521,梅园路71号(笋岗地铁站A口旁)深圳万象食家L6层,
B2094253DA6FA2FD449C,红荔村肠粉(园岭店),114.1010881,22.552828,园岭五街1号园东花园裙楼1层-49号,
B2094253DA69A0F44498,老肥冒烤鸭,114.039511,22.621555,民治第一工业区3栋1楼449-3号,
B2094253DA6BA0FF429C,SipUp西皮葡萄餐酒馆(南头古城店),113.919503,22.542752,南头古城西集小绿洲Sip Up西皮葡萄餐酒馆,
B2094253DA64A7F9459D,川味里(益田假日里购物中心店),113.9640512,22.5827892,西丽留仙大道益田假日里5层(大学城地铁站D口旁),
B2094253DB6FA5F8449C,信长寿司(龙岗店),114.2402396,22.7211551,龙潭路111号,
B2094253DB68A6F9479E,鹿鸣·茶舍·私宴,114.087827,22.7314731,观澜街道启明街216号,
B2094252D16DA0F8499D,野妹经典火锅(龙华红山6979店),114.025039,22.6207437,民治街道红山6979-36座2层(地铁站D出口前行120米左手侧),
B2094253DB6AA3F4449F,野妹火锅(龙华店),114.020218,22.654101,人民北路美丽AAA花园商务酒吧街B03铺,
B209425CD264A4F9469E,佛洛力斯牛扒馆(深圳市妇儿大厦店),114.044774,22.553017,景田路78深圳市妇儿大厦F1层,
B2094253DB6BAAFD4498,慢灵魂花园餐厅,113.908284,22.565176,灵芝园新村62栋101,
B2094253DB64A5FA4298,狮·拾久·现代新加坡料理(壹方城店),113.888453,22.552466,新湖路与圣洁路交叉口西80米,
B2094253DB65AAF4459F,街边巷里潮汕牛肉火锅,113.9231151,22.64124,石岩街道创维创新谷5号楼2层街边巷里潮汕牛肉火锅店,
B209425CD26FA2FB499C,柳山行螺蛳粉(顺恒利大厦店),113.908559,22.57709,新安三路118号顺恒利大厦F1层,
B209425CD26FA5FD469E,黑牛の店(罗湖万象城店),114.1090257,22.5401858,万象街万象城三期二楼(大剧院地铁站F口步行240米),
B209425CD26BA0F54493,阿嬷手作(天安云谷店),114.0697429,22.6593289,坂田街道天安云谷产业园一期2栋205-1单元,
B2094250D36EA2FE469E,gaga(深圳湾万象城店),113.9465157,22.5159197,粤海街道海珠社区科苑南路2888号深圳湾万象城L380,
B209425CD264A3F5459E,gaga(深圳万象城店),114.1108834,22.5407073,宝安南路1881号万象城一期四楼L422(距大剧院地铁站F出口213米),
B209425CD264A1FF429A,柳大二地摊螺蛳粉(多加福淘宝商城店),114.3744538,22.7436233,梓街道坑梓社区育新街33-5号,
B209425CD264A0FC4292,gaga(深业上城店),114.068613,22.5562835,富华街道莲花一村社区皇岗路5001号深业上城南区商业综合楼5栋3楼T3058号商铺,
B209425CD16DABFC4993,HULU面屋,113.9240943,22.5180856,创业路98号南光城市花园2栋南光商务大厦1层3116号附8号,
B2094354DA68A7F44893,HULU麵屋(南光店),113.9240911,22.5180721,创业路98号南光城市花园2栋南光商务大厦1层3116附8,
B209425DD36DABF9499C,HULU面屋(汉京国际店),113.9239424,22.5118638,登良路23号汉京国际正门右手第二间铺,
B209425CD169A1FC4699,千芋本铺(深业上城写字楼B座店),114.0690469,22.5571069,莲花一村社区皇岗路5001号深业上城(南区)商业综合楼一单元负2层D01,
B209425CDA6FA6FE419B,长安亭院火锅(深圳店),113.918652,22.52718,南新路2081号,
B2094354DA6AAAFC4593,长安亭院重庆火锅(深圳总店),113.918623,22.5271288,南新路2081号（锐斯特酒店旁边）,
B209425CD465A2F5469F,堂本家二代目蛋包饭专门店(万象前海店),113.9005217,22.5315567,桂湾四路169号(地铁5号线桂湾站A出口直达)万象前海B1层,
B209425CD46CA0FB4498,笨姐居民楼火锅岗头店,114.0690729,22.6545079,坂田街道岗头社区禾坪岗坂雪岗大道183号,
B209425CD46EA1FE439C,西关兰姐竹升云吞面(园岭店),114.1003128,22.5503852,园岭新村39栋一单元101室,
B209425CD46EA4FC4892,白玉串城·朝鲜族烤串(万科云城店),113.942181,22.572679,万科西里负一楼B25-B29,
B209425CD46FA0FF469F,观海膳厨(南山金地店),113.9519727,22.5281275,金地威新中心C座L211,
B209425CD469A7FD4698,芸山季·云南野生菌火锅(KKTIME店),114.1236888,22.5705254,文锦北路与水贝二路交叉口东南60米KKTIME4楼,
B209425CD46AA0FD4698,张丛丛·重庆老火锅(蛇口直营店),113.913463,22.4786372,工业一路3号顺发商厦105,
B209425CD46AA5FC469D,fufu喫茶店,114.039135,22.611799,樟坑三区84栋101,
B209425CD46BA1F54292,懂爱小面(总店),113.9098963,22.5734615,勤诚达·22世纪和园西北门东北140米,
B209425CD46BA7FC449B,龙园里咖啡阅读生活馆,114.270351,22.738737,锦安路36号,
B209425CD465A1FF489C,大橘果汁冰,114.0461519,22.5234357,沙头街道新洲七街44号绿景新苑4铺,
B209425CD76BA3FB429F,肯德基聚龙花园餐厅,114.386552,22.722246,龙田街道聚龙花园二期二栋103,
B209425CD465ABFE489D,记忆串城烧烤(南油店),113.9286933,22.5110881,粤海街道南油生活B区73南商路71-73栋108号,
B209425CD56DABF9409D,十二煌·羊肉馆(隆昌楼店),114.037386,22.636634,民治大道728号隆昌楼F1层,
B209425CD56FA3F4409D,懒人业余餐厅(下梅林店),114.0396356,22.564044,梅丽路9号A park深圳数字艺术公园D栋,
B209425CD569A3FF4393,朱光玉火锅馆(深圳龙华店),114.02559,22.623836,民治街道民繁路红山六九七九商业中心一期3栋1楼(渤海银行旁),
B209425CD569A5FC4793,笨姐居民楼火锅龙华店,114.0346221,22.6568658,龙华街道三联社区东环二路美丽家园南区4栋109-111,
B2094253D56DA5F94299,蒲匠和牛烧肉蒲烧活鳗放题,113.323466,23.148778,林和西路157号,
B209425CD564A4F5429D,蒲匠和牛烧肉蒲烧活鳗放题,114.027428,22.529923,滨河大道辅道博今国际205号商铺,
B209425CDA6CA3F94492,七湘·湘西黄牛肉(好又多深圳翠竹分沃尔玛店),114.1297434,22.5706588,翠竹街道翠达社区布心路2083号旭飞华达园一期-1层、2层,
B209425CDA6EA5FA489D,铭门盛宴艺术海鲜姿造(鹏润达广场店),113.941251,22.5183551,后海滨路3368号鹏润达商业广场F7层,
B209425CDA6FA6FC449B,八里铜锅涮肉,114.0620791,22.522906,皇岗新村8号102(皇岗村地铁站B2口步行90米),
B209425CD76BA7FD4298,白玉串城(水贝KKTIME店),114.1240526,22.5688945,水贝京基时代广场负一楼B1-154商铺,
B2094355D165A2FA439F,水货之光·海鲜烤肉·团建聚餐(徐汇万科店),121.4326044,31.1574474,沪闵路9191号12幢地下一层B1-19a号,
B209425CD76AAAFE469F,水货之光·海鲜烤肉,114.1040378,22.5378215,东园路28号御河堤南门(红岭南地铁站C口步行230米),
B209425CD668A1FD499C,COMMUNE幻师(海岸城店),113.935102,22.517783,粤海街道海珠社区文心五路33号海岸城广场243,
B209425CD16AA1FB489B,今夜大排档(卓越·世纪中心店),114.0650922,22.5311849,金田路2030号卓悦INTOWN购物中心南门,
B209425CD16AA5FA4599,本地肥姨餐厅,114.129754,22.688974,平湖街道平安大道国泰街40号,
B209425CD165A0FB4698,yasuma,114.070211,22.522584,福港路30号(福民地铁站H口步行280米),
B209425CD165A6F9479D,新螺说螺蛳粉,113.9196769,22.4882559,招商街道水湾社区兴龙大厦一层76-2号铺,
B209425CD66CA1FD429E,沪上阿姨(观澜章阁店),114.016506,22.742961,福城街道章阁社区樟亿路4号,
B209425CD66CA7F9469A,巴奴毛肚火锅(万象天地店),113.9545943,22.5423274,科发路华润置地大厦D座L2层NL205巴奴毛肚火锅,
B2094355D66CA3FF4598,巴奴毛肚火锅雨花万象天地店,118.7332498,31.9606127,七贤街与华新路交叉口万象天地东区5楼508号,
B2094352D66BA1FC449F,巴奴毛肚火锅(亚奥万象天地店),120.247617,30.2555512,浙江省杭州市萧山区莲莲路亚奥万象天地F5,
B209425CD66EA3FA409F,顺德佬智园店,114.0012541,22.593079,桃源街道福光社区学苑大道1099号华晖云门1栋一层商铺135A,
B209425CD66BA3FB4099,文华冰室(8号仓店),114.055304,22.6185173,明治街道明康路1号深国际华南物流园8号仓奥特莱斯3层,
B209425CD76AA6FA4299,冯校长老火锅(深圳总店),114.1187018,22.5434719,深南东路123号罗湖区东门町百货广场大厦F2层,
B209425CD66BA5F4419D,新宝餐厅(马安山店),113.8132351,22.7152282,南环路306号102(马安山地铁站B口步行470米),
B209425CD664A2F5499F,鲜潭蒸汽石锅鱼(深圳布吉万象汇店),114.131404,22.593893,布吉街道罗岗社区翔鸽路2号深圳布吉万象汇B1层,
B209425CD664A1FE459A,四海之家(蛇口店),113.917398,22.490107,招商街道蛇口荔园路5号水湾公交站旁,
B209425CD665A6F54993,顶峰香港茶餐厅(福永怀德城市花园店),113.8206258,22.6696353,福永街道怀德社区福永大道126号城市花园113,
B209425CD76CA3FB4999,西塔老太太烤肉西乡天虹店,113.8643688,22.5746433,西乡大道与新湖路交汇处天虹商场(合正汇一城店)L2层,
B209425CD76CA2F5459C,哥二广西米粉,114.118553,22.5379413,南湖街道罗湖桥社区人民南路2059号熙龙大厦2051、2059,
B2094354D36BA0F94892,哥二广西米粉店,113.9233242,22.5218854,南油第四工业区7栋1楼(南山地铁站C口步行160米),
B2094350DA6AA4FE4993,哥二广西米粉(京基KK-ONE店),114.0273483,22.5264488,广东省深圳市福田区沙头街道KKONE购物中心-南区,
B2094351D268A4FA489B,哥二·广西米粉(国贸店),114.1185473,22.538092,南湖街道人民南路2059号熙龙大厦2051、2059,
B2094351D56EA6FD4899,哥二·广西米粉(东门店),114.1188056,22.5440922,人民北路永新街东门町第一层A027铺,
B209425CD76CA4F5429C,蓝姐螺蛳粉(深圳固戍店),113.8420325,22.598818,西乡街道南昌社区南昌旧村A区2号101-102,
B209425CD768A6F8439E,深圳市·蘑界·野生菌火锅(卓悦中心东区店),114.0669162,22.5356181,福华路与岗厦一路交叉口西北角卓悦中心东区二楼,
B209425CD76AA3F5449D,成都瓜串串(华强北店),114.092853,22.5454843,华强北街道燕南路87-1号,
B2094252D464ABFB469F,对面川菜馆,113.926285,22.525013,南山街道桂庙路22号向南瑞峰花园一楼104(瑞峰幼儿园旁菜鸟驿站隔壁),
B2094554D468A5FB489E,老刘家椰子鸡南山信和店,113.924575,22.5057575,粤海街道南海大道2088信和购物广场二层L2-12号商铺,
B2094252D469A1FB489E,汕头辉记肠粉王(荔林店),114.0180973,22.5407286,红荔西路荔林苑商铺102D,
B2094554D068A7FD4192,润园四季椰子鸡(梅林卓悦汇店),114.0601257,22.5689534,梅林路交汇处卓悦汇购物中心5楼L32,
B2094354D469A6FF4292,润园四季椰子鸡火锅(梅林卓悦汇店),114.060125,22.568952,梅林路交汇处卓悦汇购物中心5楼L32,
B2094453D168A1FC479A,合嘉乐茶餐厅凤岗店,114.14661,22.74941,三正财富新地14-103,
B209445DD66EA4FE4093,合嘉乐茶餐厅(凤岗店),114.226121,22.696838,龙城街道爱联陂头背新陂路220号,
B209445DD66FABF8469E,新起点脆肉鲩火锅,114.1099933,22.5551961,笋岗东路2127号华通大厦三楼,
B2094355D16BAAF4449D,新起点脆肉鲩火锅(宝安南路店),114.1099687,22.5552913,笋岗东路华通大厦三楼（亚朵酒店三楼）,
B209445DD769A4F54793,南门一坊商业街,113.928,22.514,东滨路南门一坊商业街,
B209445DD769ABFC489C,八哥酸辣粉(旺记总店),114.1214086,22.5461898,东门中路2031号旺角购物广场1层,
B2094757DA6FA3FC499B,大渔铁板烧(永利广场店),120.57567,31.290127,高新区 运河路28号永利广场(玉山路口),
B2094757D06FA7FD4793,大渔铁板烧(三里屯店),116.453669146,39.935329483,北京市朝阳区三里屯路19号三里屯太古里(南区)F3,
B2094757D46CABFB409C,大渔铁板烧(南京1912店),118.7954756,32.043994,太平北路54号6单元1层,
B2094757D46BA4FE429A,大渔铁板烧极地海洋世界店,120.4417081,36.0674174,金家岭街道东海东路58号E座极地金岸娱乐港(近海游路),
B2094650D66BA3FE409D,大渔铁板烧,119.45243,32.3842,南通东路128号6号楼3单元,
B2094757D16FA1F5439D,大渔之观(蓝色港湾店),116.4778932,39.9501266,朝阳公园路6号SOLANA蓝色港湾K146号东侧入口,
B2094253D168A3F4499D,深圳市宝安区大渔铁板烧自助餐店,113.8876196,22.5502015,新安街道海丽路前海HOP天地2楼,
B2094757D065A6F8489E,大渔铁板烧(上谷店),117.176611,39.092254,天塔道11号(上谷商业街C座),
B2094757D16FA2F5459F,大渔铁板烧玄武门店,118.78744,32.0694,昆仑路3号2号楼,
B2094757D764A4FD499A,大渔铁板烧,117.0259859,36.6652218,历下区泉城路188号恒隆广场西塔4楼469铺,
B2094655D768AAF8439A,大渔铁板烧（明城汇店）,118.783862,32.044744,中山路57号(近管家桥),
B2094757D068A4FA409F,上海大渔铁板烧万柳店,116.2970443,39.9666254,万柳中路15号,
B2094757D06FA2FA499F,大渔铁板烧 日月光中心店 TAIRYO,121.46785,31.206732,卢湾区徐家汇路618号日月光广场4楼(近瑞金二路),
B2094451D56FA1F8429B,大渔铁板烧,119.39818,32.38058,邗江中路358号三盛国际广场4楼,
B2094757D06FA0FD4198,大渔铁板烧(五角场店),121.515526,31.301514,上海杨浦区淞沪路8号百联又一城7楼(近邯郸路)  ,
B2094757D06FA7F8499B,大渔铁板烧(龙之梦店),121.41625,31.218513,长宁区长宁路1018号龙之梦购物中心6楼红中庭(近凯旋路),
B2094757D06AA2FE4792,大渔铁板烧(心海广场店),120.396,36.055788,燕儿岛路1号心海广场内(百丽广场),
B2094757D064ABF8489A,大渔铁板烧天一广场店,121.55403,29.87037,�\闸街179号国际购物中心2层,
B2094750D76EA0FB4198,大渔铁板烧大悦城店,117.1797277,39.1357826,南门外大街2-6号大悦城4层21号,
B2094757D06FA0F4479B,大渔铁板烧(96广场店),121.5254,31.22737,浦东新区东方路796号96广场2楼(近宝安大厦),
B2094757DA6CA4F9419B,裕华海鲜酒楼,113.77224,23.04761,学院路66号,
B2094554D369A5FB499B,裕华海鲜酒楼,113.819266,22.6687195,福永大道128号,
B2094752D26BABF4429B,梁记粥铺,111.7495119,30.4191647,北公园路与沿江大道交汇处西行50米路北景江华庭旁,
B2094554D365A2F84598,十二道海味,113.896138,22.5019522,南山街道港城路中海阳光玫瑰园3栋102铺,
B2094253D46AA1FF489F,十二道海味(中海·阳光玫瑰园店),113.8961321,22.501953,南山街道港城路中海阳光玫瑰园3栋102铺,
B2094554D06CABFC4792,蔡记汕头鲜牛肉火锅(近海店),113.932282,22.498519,招商街道近海路69号,
B2094554D06FA1FD469C,潮汕大目牛肉火锅(罗湖春风店),114.120883,22.536848,春风路3068号置地广场一楼,
B209445DD56CA4FC4393,黟县春满园客栈,117.92119,29.918,碧阳镇五里村黟山书院,
B2094654D56DA5F9429A,春满园,121.467721,31.276322,同心路1115弄1-10号,
B2094652D56AA6FA409A,春满园大酒店,112.37216,28.84009,湖南省益阳市沅江市琼湖街道沅江市广播电视台,
B2094757D064A1F4479D,春满园酒楼,114.0238171,22.5372444,深南大道7028号时代科技大厦F4层,
B2094653D26FA4FB439E,春满园东方世纪大酒楼,114.0874675,22.5504316,华强北路4002号圣廷苑酒店世纪楼2楼,
B2094557D36FA6F84293,春满园(普宁店),116.1630674,23.2911489,流沙镇玉华路中段(哈哈酒吧往大南山方向200米处),
B2094757D16AAAFC469F,春满园(粤海大厦店),113.9272295,22.513065,南海大道2610号粤海大厦1-3层,
B2094757D16FABFE499F,春满园(御景华城酒楼),114.085519,22.533256,滨河大道3001-6号京基御景华城商业广场2层201号,
B2094752D46AA2FE479C,春满园大酒楼,113.9126864,22.5122928,东滨路4096号濠盛商务中心3-4层鸿丰大酒店,
B209465CD464A1F5439D,春满园,106.296061,38.475653,清河北街499号(近北门旅游汽车站),
B2094653D26DA4F9409B,春满园(万科金域蓝湾店),114.02465,22.52418,福田区福荣路78号万科金域蓝湾一期商铺01号,
B2094656D36FA7FD409A,春满园,114.519245,36.60127,和平路450号滏东美食林三层,
B2094556D065A1F4419E,春满园早夜茶(信合路店),116.1789159,23.2891869,信合路名香温泉酒店西北侧约70米,
B2094650D06FA5F4459E,春满园,120.213438,31.599575,水岸花城对面(苏庙地铁站2号口步行450米),
B209445CD369A7FB459E,春满园集团(龙楹湾酒楼),113.986351,22.520843,滨海大道1018号蓝楹湾度假酒店一栋,
B2094653D16DA5F54092,春满园大酒楼,112.382294,24.796028,连州镇番禺路265号,
B2094750D26CAAF8469D,春满园山海轩店,113.91207,22.48602,沿山路1-4,
B2094554D06FA0F94393,春满园,113.90598,22.5713321,广东省深圳市宝安区新安街道大浪社区创业二路89号中洲购物中心A区3楼301、302、333号商铺,
B2094251D36BA5FE429C,春满园(深圳蓝楹湾度假酒店店),113.9867941,22.5213746,滨海大道2018号蓝楹湾度假酒店1栋,
B209445CD36AABFB479B,春满园(龙源盛世店),114.24287,22.71284,龙翔大道7188号万科广场4楼39号(吉祥地铁站C出口),
B2094554D069A2FF429A,稻香酒家(龙华天虹购物中心店),114.020577,22.627376,人民路2020号天虹购物中心L2层,
B209445DD068A7FC4599,德米火锅(罗湖店),114.1206623,22.5410098,南湖路3005号(国贸地铁站C口步行310米),
B2094554D164A4F44892,喜茶(万象城黑金店),114.1109035,22.5393563,万象城B1楼(大剧院地铁站F口步行320米),
B2094350DB6AABFC4199,喜茶(深圳万象城黑金店),114.1109556,22.5390868,宝安南路1881号万象城一期B1层B30、B31号商铺,
B2094554D46DA5FA409D,东门老街(解放路店),114.125562,22.551378,深圳市罗湖区东门,
B2094554D46EA0FC479B,威记烧鹅濑粉店,113.8867286,22.7858832,公明下村路与民生大道交叉口旁,
B209425DDA69AAFC4199,胜记酒家(宝安店),113.882109,22.581926,宝民二路泰华豪园1栋,
B2094653D269A1F8439D,南粤光明乳鸽文化美食园,113.956323,22.758548,光明区光明街道体育公园路9号,
B2094252D765A1FE479E,老字号南粤光明乳鸽(光明总店),113.956323,22.758548,广东省深圳市光明区光明街道体育公园路9号,
B2094253D16FA0FF479F,光明乳鸽·凤凰客家酒楼(凤凰店),113.9333958,22.7359175,凤凰街道塘家社区张屋新村十八巷7号1-3层,
B209445CD36AA1F5469F,味为先光明乳鸽店,113.9496753,22.7554049,河心北路24号,
B209475CD365A0F9499D,光明乳鸽农家食府,113.94724,22.763338,光明新区光明农场体育公园路(近碧水路),
B2094253D165AAFE449A,南粤光明乳鸽(虹桥公园店),113.9527565,22.7485475,虹桥公园北20米(羊川路西),
B209425CDA6CAAF5499C,味为先光明乳鸽(光明总店),113.9496444,22.7553265,河心北路24号,
B2094253D469AAF8419D,南粤光明乳鸽(龙岗仁恒店),114.2259588,22.7300561,龙城街道仁恒梦中心东门入口处(库迪咖啡对面),
B2094653D26AA3F9499E,光明黎姨乳鸽(光明客运站店),113.94108,22.75664,光明客运站旁,
B209445CDB6DA2FD419F,光明香盈乳鸽光明总店,113.94121,22.75668,光翠路17,
B2094554DA6AA5FA4493,南粤光明乳鸽,114.053946,22.6011953,民乐村梅坂大道滢水山庄二区九栋116-117商铺,
B2094253D56FA2FE479B,南粤光明乳鸽(石岩店),113.9236934,22.6428863,塘头一号路创维创新谷3幢3楼,
B209445CD06CA4FA4492,光明乳鸽,113.921196,22.502443,广东省深圳市南山区招商街道兴工路8号龙电花园B区,
B209445CD06DA0F9429D,回味轩光明乳鸽,113.92081,22.53289,桃园路92,
B209425DD46BABFA479B,光明院子·光明乳鸽,113.9095664,22.807834,西田社区第三工业区(西田康体游泳馆旁),
B2094356DB6AA4FE499E,光明乳鸽凤凰海鲜酒楼光明总店,113.94319057615,22.758344086139,广东省深圳市光明区光明街道光翠路光明广场1-2楼,
B2094554D06FA2F4409D,南粤光明乳鸽,114.0224422,22.6492155,龙发路215正东方向20米,
B2094554D469A6F9439C,光明乳鸽,114.25423,22.73286,龙城街道盛平社区楚丰广场禾田小筑南16铺,
B209445CD06DA3F5429A,回味轩光明乳鸽,113.9302,22.48701,蛇口新街86,
B209445DD26BA4FB4099,光明乳鸽(蛇口水湾店),113.920415,22.488279,广东省深圳市南山区招商街道太子路92-7号长青购物广场,
B2094554D464A7FD459E,鄱阳湖土菜馆,114.0375,22.60467,广东省深圳市龙华区民治街道民塘路59号,
B2094453D46DA6FB479F,很高兴遇见你(太仓万达店),121.138626,31.459829,太仓市上海东路188号太仓万达三层3022A,
B209445DD66AA3FD4099,遇见你主题花园(南坛路店),104.13948,29.981638,南坛路二段317号附近,
B2094557D269A6FC459C,遇见你,117.74517,34.57623,箭道街北首(枣庄二中南288米路西),
B209445CD765A3F84293,很高兴遇见你(南通万达店),120.834173,32.037402,深南路9号万达广场三楼3012,
B2094450DA6CA7FE4998,很高兴遇见你长江路店,118.79335,32.04511,石婆婆庵1号旁曼度广场对面,
B209445CD764ABF94699,很高兴遇见你(华强北店),114.08413,22.54222,中航路1号中航华强北九方购物中心南区3层L333号铺,
B2094451D46BAAFA4499,很高兴遇见你(湖滨银泰店),120.1660981,30.2557265,延安路255号1幢101室,
B2094453D069A2FF449B,自从遇见你咖啡,108.1657,29.30084,彭水县黔龙阳光国际售楼部旁中业太阳城二楼(黔龙阳光售楼部),
B209445CD765A0F5429B,很高兴遇见你,112.96951,28.18935,湘江中路二段36号海信广场7层,
B2094452DB68A1F54298,很高兴遇见你西单大悦城店,116.37353,39.91084,西单北大街131号西单大悦城6层6F-02B,
B2094455DA65A3F94993,很高兴遇见你(淮海路旗舰店),121.46295,31.21871,淮海中路776号栗时代3楼(近瑞金一路),
B209445DD264A0FD469B,芳庭·美好体验所（很高兴遇见你旗下书吧）,120.605287,29.994624,浙江省绍兴市越城区剡溪路256号,
B2094454D26BA0FB4493,很高兴遇见你(定西路店),121.422462,31.215366,定西路1273号4楼(近安化路),
B2094452D665A7FB429E,很高兴遇见你广州维多利广场旗舰店,113.32087,23.13489,体育西路101号维多利广场5楼58单元,
B209445CD764AAFB459E,很高兴遇见你(武汉朗汇店),114.333654,30.532638,武珞路518号朗汇68广场,
B209445DD064A7FA4599,很高兴遇见你(苏州圆融时代广场店),120.711132,31.32123,苏州市右岸街诚品书店对面,
B2094554D369A5F54493,很高兴遇见你,121.60897,38.90741,五四路66号OLYMPIA66恒隆广场6层608,
B209445DD66FA4F8499D,转角遇见你,120.87942,30.03662,百官街道王充路511—515号,
B209445CD765A2F84498,遇见你的时候所有星星都落在我的头上,113.849667,34.78017,河南省郑州市河师大新联学院,
B2094451D06AA6FD479B,很高兴遇见你南京德基店,118.78467,32.04533,中山路18号德基广场二期8层801,
B2094554D568A2FB4998,香港北角鸡蛋仔,114.02873,22.52386,下沙村一坊7-2(KKone购物广场),
B2094554D369AAFF499D,香港北角鸡蛋仔(石狮泰禾店),118.64498,24.73864,宝岛中路339号石狮泰禾广场3层L330,
B2094554D568A0FC489D,广州肠粉(湾厦村店),113.9347416,22.4899645,蛇口街道后海大道东角头厂房D21/F/03-A2,
B2094554DA6CA5FA429E,木屋烧烤草铺(金稻田路店),114.11933,22.58508,金稻田路1199号,
B209445DD16AA0FA499C,小龙坎老火锅深圳店,113.929024,22.5124016,粤海街道龙城路与南商路交叉口龙珠阁101号铺（地铁9号线南油站B出口直行100米左转300米）,
B2094252D46AABF94592,小龙坎老火锅(深圳东园店),114.10083,22.537361,南园街道东园路57号-1(台湾花园往西200米),
B209445DD06EAAFE409C,孙记粉面店(福田村祠堂坊店),114.0790416,22.5355369,福安街55号,
B2094554DA64A3FD4392,老佛爷炭火蛙锅深圳八卦岭店,114.1002357,22.5573245,园岭街道八卦一路七栋首层A3号,
B209445CD06CABF4419C,真功夫(福永为盛店),113.8383419,22.694633,福永街道凤凰社区岑下路育才花园商业楼一层(为盛百货),
B209445CD365ABF4419A,天鹰兄弟无人机,114.10559,22.65378,甘李路3号恒特美大厦,
B2094450D169A2F84899,南海万科广场,113.153723,23.036415,桂城街道桂澜中路23号(近地铁南桂路站B1出口),
B2094750D564A5FA4792,万科广场(长安店),113.799718,22.800602,长安镇长青南路1号,
B209475CDA65A1F4409C,金隅万科广场,116.2393052,40.2122058,北京市昌平区南环路10号,
B2094254D569A6FA499E,智慧城广百广场,113.404775,23.16669,华观路1932号天河万科广场,
B2094452D36FA1F4459F,大学城生活广场,112.7284251,37.7370389,定阳路720号,
B2094452D06FA6FB4698,悦荟,116.239161,40.212115,南环路10号院1号楼,
B2094255D56EA6FF469F,合肥万科广场,117.234201,31.892247,四里河路与固镇路交叉口,
B2094750D56AAAFB409F,万科广场,119.294202,26.066664,交通路160号,
B2094254D664A0FA4293,昌发展万科广场,116.315847,40.066232,龙域中街1号,
B2094455DB6DA5FB459E,美景龙堂・万科广场,113.7190549,34.7218626,河南省郑州市管城回族区中州大道与航海路交叉口,
B2094252D76DA6FF4392,长安万科广场,108.895452,34.158382,西长安街与书香路交汇处西北角,
B2094252D16BA7F44793,天山万科广场,87.62789,43.758411,大湾南路299号,
B209425DD76FA5FE4892,坂田万科广场,114.069256,22.6282553,坂田街道杨美社区东坡街3号(坂田地铁站D口接驳),
B2094253D16FA2F5449B,洪山万科广场ViviLand,114.275416,30.482996,白沙洲大道与白沙二路交汇处,
B209475DD768A7FD479A,厦门万科广场,118.075447,24.631607,岩顺路与珩山街交叉口东北角,
B2094557D06FA7F9439F,宁波1902万科广场,121.624162,29.928205,庄市大道1088号,
B209445CD76EA2FB439D,新唐万科广场,114.26199,30.623342,常青一路218号,
B2094256DB64A7FD4192,首铸万科广场(东江之星店),113.727036,23.020643,万江街道鸿福西路万江段8号东江之星商业中心15栋,
B2094253D764A3FB4298,西安浐灞印象城,108.9969789,34.3076119,北辰东路700号(辛家庙地铁站D东北口步行220米),
B209475CD565A1FB419F,深圳龙岗万科广场,114.24373,22.714333,龙翔大道7188号,
B209445CD06CA1F9469D,幸福西饼(福永塘尾公园分店),113.80837,22.70647,塘尾社区九区接福路60号,
B209445CD06CA6FF4399,饭饭之辈餐厅,113.93629,22.55725,南头街道明珠荔景2栋6号,
B209445CD06CA5FE409A,粒上皇(西丽店),113.9508822,22.5811194,西丽街道留仙大道嘉兴苑东座(原腾飞苑附楼)1号店,
B2094653D26EA7FD4899,拾味馆翠竹店,114.130173,22.559017,翠竹苑西门旁(翠竹地铁站C口步行370米),
B209445CD06CA4FE439E,原味主张椰子鸡翠竹店,114.1302163,22.5591134,翠竹路1032号(翠竹苑小区西门入口旁),
B209445CD06CA4F4489F,必胜客(星河盛世店),114.0462948,22.6025969,"梅龙路2号龙华星河COCO City L1C-029-1,L2C-025A",
B209445CD06CABFF499C,金龟明月山庄,114.4042333,22.6590584,坪葵路金龟村金龟半坝老围30号,
B209445CD06CABF94392,新高记湛江鸡饭店,113.9293619,22.5487737,南头街道马家龙大新路90号,
B209445CD06CABF4419A,麦当劳(大运中心店),114.2190249,22.6963465,黄阁路大运中心旁,
B2094253D468AAFC449B,麦当劳(大运河购物中心店),113.5671688,22.1447656,澳门路凼填海区威尼斯人度假村大运河购物中心3楼847铺,
B209445CD06CAAFF4393,盐田海鲜食街,114.2773681,22.5840166,广东省深圳市盐田区北山道44,
B209445DD06EA3F8449B,万豪中餐厅(金茂深圳JW万豪酒店),114.0322848,22.5362651,深南大道6005号金茂深圳JW万豪酒店2楼(车公庙地铁站J1出口),
B209445CD06CAAF54299,韩盛苑(鸿基花园东区店),114.2420418,22.7110897,鸿进路9号(吉祥地铁站D口步行370米),
B209445CD06DA3FC4793,世界之窗阿尔卑斯冰雪世界,113.979179,22.541475,深圳市南山区深南大道9037号,
B2094257D26EA3F8409E,深圳世界之窗阿尔卑斯冰雪世界,113.972755,22.534376,深南大道9037号世界之窗内,
8008644030600000016,松岗,113.84623746308432,22.772250757627578,"位于：中国,广东省,深圳市,宝安区",
B2094653D26EA5F4429A,天虹商场(松岗店),113.852083,22.763268,松岗楼岗大道1号宝利豪庭1-3层,
B2094652DB68A0FC459B,深圳宝安区松岗人民医院,113.840629,22.776397,沙江路2号,
B2094757DB6EA3FC4398,维也纳酒店(松岗燕川路店),113.863078,22.80152,松岗街道燕川红湖路32号,
B2094750DB6BA6FC4999,松岗公园,113.84855,22.784013,松岗麒麟山,
B2094653D06CA3FF439E,松岗,113.10367,23.14238,广东省佛山市南海区狮山镇松岗大道79南海第一职业技术学校,
B2094757DA6CA1FE4692,维也纳酒店(松岗立业路店),113.854253,22.763187,松岗街道立业路8号,
B2094653D26DAAFA439A,松岗中学,113.867154,22.759364,东方大道26号,
B2094652DB68A2F54192,宝安区松岗街道富裕工业园,113.841972,22.813396,塘下涌工业大道与松塘路交叉口西南50米,
B2094257D26AA0FD429D,松岗(地铁站),113.829631,22.772271,(在建)12号线二期;11号线/机场线;6号线/光明线,
B2094757D16EA2FB4399,麦当劳(松岗店),113.8460461,22.76857,松明大道一号松乔酒店首层部分,
B2094652DB68A2F4429E,松岗汽车站,113.852068,22.769586,松白路37-4号,
B2094653D26BA3FA4798,松岗富士康公交站,113.85402,22.79178,广东省深圳市宝安区松岗街道松罗路麒麟山公园,
B2094653D268A7FD409C,松岗文化广场,113.848914,22.763539,107国道(松岗街道办对面),
B2094653D26DAAF9469D,肯德基(深圳松岗餐厅),113.847118,22.76827,广深路293号佳华商场1层,
B2094653D364A0FF489F,松岗商业广场,113.1027313,23.1448148,狮山镇松岗松石路,
B2094654D765AAFD4098,松岗小区,113.300832,23.121956,寺贝通津,
B2094251D46BABF84798,松岗河两岸滨河景观,113.830423,22.7681558,松河北路与宝安大道辅路交叉口西南20米,
B2094657D364A2FB499B,松岚工业园,121.8149154,39.077029,辽宁省大连市金州区学府大街三期10号楼,
B2094653D06CA3FF439D,松岗医院,113.0992,23.14105,松岗镇兴隆大街,
B2094653D26DABFE4598,华润万家(松岗店),113.842969,22.764764,松岗东方大道鸿盛花园喜港城购物中心1-2层,
B209445CDA6BA3FC4792,还在想,113.93838,22.51804,海德三道15号海岸城(东座)1层121,
B209445DD068A1FA429B,还在想酸笋面,118.100485,24.586651,侨英街道孙厝乐安东路195号之三,
B2094253DB6DA3FE4599,名字还在想电竞馆,105.83368,30.190335,东风大道与兴潼大道交叉口西北50米,
B2094254D16DA1F5429C,和吉还在想米线,117.156806,34.302169,鼓楼区九里办事处万科城二期22幢1-111,
B2094257D369A0F84399,名字还在想,119.84484,32.91764,英武南路168,
B209445CD36BA0FC409E,同仁四季音乐主题餐厅(南山LOFT店),113.92274,22.53371,金鸡路1号田厦翡翠明珠1楼C5室(近圣淘沙酒店翡翠店),
B209445CDB69A6FC4499,同仁四季,114.1203034,22.5406562,嘉宾路湖心大厦2栋1单元1、2层,
B209445CDA6BA3F5479B,同仁四季音乐主题餐厅,114.03725,22.65573,东环二路8号ico时尚购物领地2楼L2C-016,
B2094251D56AA0F84793,同仁四季音乐主题餐厅(潮州店),116.62721,23.670015,新洋路418号宝妮大厦首层,
B2094554DA6FA2FA409B,同仁四季音乐主题餐厅(海岸城保利店),113.9375,22.51662,海岸城保利文化广场2楼保利来觅C6(近地铁后海站E出口),
B2094554D56FAAFD419C,同仁四季音乐主题餐厅(峡门店),116.40825,23.2511,峡山街道嘉盛广场庆弘园火锅城正对面,
B2094257D76CAAFF499E,同仁四季音乐主题餐厅(国贸旗舰店),114.12025,22.54075,"南湖街道嘉宾路湖心大厦2栋一,二层",
B2094257D56AA4FD4498,同仁四季(壹方城店),113.889183,22.552028,新湖路交汇西南处壹方城B1层073/073A号商铺,
B2094556D26DA2FD449D,四季椰林椰子鸡(华强北九方店),114.0838485,22.5423959,振中路中航城君尚购物中心D区3楼L333号（近9号客梯）,
B2094551D365A2FF449C,同仁四季·椰子鸡音乐餐厅,118.31890001085,35.089327256944,山东省临沂市兰山区临沂市兰山区育才路与通达路交汇西500米路南,
B2094551D56CA6F54992,同仁四季音乐主题餐厅(汇艺店),113.77031521267,34.754401041667,河南省郑州市管城回族区东风南路商鼎路交叉口东南角汇艺·银河里二层 A204,
B2094254D56AA5FB429B,同仁四季椰子鸡(龙城万科里店),114.251492,22.7176916,龙城大道3999号龙城万科里L1层46-47号,
B2094251DB68AAF54199,同仁四季音乐主题餐厅(峡山店),116.41007,23.251755,峡山街道洋林村石尾路5-12号铺,
B209425CD768A6FF4092,同仁四季椰子鸡(苏州仁恒仓街店),120.639493,31.312277,平江街道仓街1号仓街商业广场LG1层131号商铺,
B2094251D165A2FE4193,同仁四季音乐主题餐厅(万科云城店),113.9454382,22.5741834,打石二路云城万科东里商业区L2-023-025号(东里街边铺位),
B2094253D669A4F9499C,同仁四季椰子鸡(宁波万象城店),121.5550248,29.898915,万象城二楼S211-212,
B2094253D56EA4F8499F,同仁四季椰子鸡(南京景枫中心店),118.820282,31.9294167,双龙大道1698号景枫中心商业购物中心F430-431号铺,
B2094253D669AAF84793,同仁四季椰子鸡(沙隆达广场店),112.248076,30.306647,便河西路楚天明珠一层,
B2094253D66FA1FA449F,同仁四季椰子鸡(合肥之心城店),117.2572943,31.8541284,长江西路189号之心城6楼同仁四季椰子鸡火锅,
B2094554D06AA1FB409D,同仁四季(车公庙店),114.1177163,22.5344716,建设路1024-4号(人民南地铁站A1口步行80米),
B209445CDB64AAFC4998,云味馆(景田店),114.044257,22.5539,莲花西路万科金色家园一期106号商铺,
B209445DD26FAAF8469D,肯德基(春风餐厅),114.1268231,22.5409362,春风路2021号长丰苑首层,
B209445DD26FAAF54993,麦当劳(梅龙路餐厅),114.030237,22.6264932,民治街道梅龙路西侧公馆1866花园裙楼23号N-L117、N-118,
B209445DD268A2FE499C,麦当劳(滨海大道得来速餐厅),113.923691,22.523972,南山区滨海大道东南区地景坡地南面,
B2094554D36EA7FB499E,厦门沙茶面,118.633232,24.748435,镇中北路26号,
B2094556D664A1F94393,厦门沙茶面(土耳其烤肉饭),119.82102,28.89843,白洋街道东升东路21号,
B2094256D46AA6FC479C,贡糖沙茶面(厦门总店),118.07532,24.4569676,开元路99号一楼,
B2094555D26CABF8469E,厦门营养馄饨(沙茶面),113.76717,34.4011,西亚斯国际学院校友4店,
B2094757D069A6F44792,龙庭老厦门沙茶面,118.07095,24.44481,龙头路276,
B2094757D16EAAF9429D,厦门沙茶面,121.383235586,31.2067039709,长宁区仙霞路792号(近威宁路),
B2094255D56BABFD409D,贡糖沙茶面·一碗传承三十八年老厦门味道的好面(莲前西路店),118.14445,24.477839,莲前西路615-5,
B2094453D664ABF4449B,厦门沙茶面,116.95104,36.66343,张庄路茶城西东方大酒店向南200路西,
B2094253D26EA2FC4798,厦门八市老店沙茶面,118.246311,24.610102,新兴街道新兴路176号,
B2094252D66DA1FA439C,厦门沙茶面(南西五路店),118.03136,36.78235,南西五路红星茶城B9-04号,
B2094652D368A7F44598,厦门风味小吃沙茶面,118.07971,24.45798,思明北路106-1,
B209425CDA68A0FA429A,Shanghai City·兰厝厦门沙茶面(松江商城店),121.2336762,31.0074618,中山中路168-188号松江商城,
B209445CD16EA6F54892,厦门沙茶面,119.350266,25.99569,福建省福州市仓山区螺洲镇福建信息职业技术学院杜园校区图书馆福建信息职业技术学院杜园校区,
B2094253D66DA2F8409C,张永面馆 厦门沙茶面,125.26533,43.88877,皓月大路2450号万达小区4栋101号,
B2094253D36DA7FB4993,老厦门大同沙茶面,118.074323,24.45499,镇邦路25-101号,
B2094757D66DA7FF4693,兄弟行厦门沙茶面,121.382027586,31.2075991884,上海仙霞路792号,
B2094555D569A4F44199,厦门沙茶面,117.41706,31.83765,华东国际建材中心A区105栋04东南方向30米,
B2094453D56FA2FB4098,厦门辉记海鲜沙茶面,118.75341,32.01895,所街101号,
B2094255D468A5FD4498,阿奇厦门正宗沙茶面,118.7211168,24.8791358,朝盛东街正新鸡排旁,
B2094253D06BA1FB4992,沙茶哥厦门沙茶面义乌店,118.0204713,36.8231182,淄博义乌小商品城一期南门西120米,
B2094554DB68A3F9459A,友信茶餐厅,113.801848,22.6893091,福永街道桥头社区鸿德园17-19号,
B209445CD365A6F94592,吃了没餐厅,114.04047,22.61931,广东省深圳市龙华区民治街道沙元路,
B2094254D665A5FB4898,四季椰林海南椰子鸡(金光华广场店),114.1197688,22.5396517,人民南路2028号金光华广场第L7层L7-001号商铺,
B2094551D56BA0FC439D,傲盧,114.05547,22.53281,益田路5033号平安金融中心117-118层,
B2094255D56EA0F84493,宏敏冬阴功泰国菜(南山店),113.92401,22.527817,南山大道2039号桃苑单身公寓南座101-103号,
B2094551DA69A1FA4698,冬阴功泰国菜(南山店),113.9238213,22.5279558,南山大道2039号桃苑单身公寓南座101-103号,
B2094551DB6CA5FF4093,陶陶居(海岸城购物中心店),113.935464,22.5175888,文心五路海岸城购物中心五楼自编,
B2094552D26DA3FA419B,蔡澜港式点心(海岸城店),113.9354968,22.5172357,文心五路33号海岸城购物中心1层172号,
B2094254D069A6FE449E,蔡澜港式点心专门店(海岸城店),113.935497,22.5172358,粤海街道海岸城购物中心一楼西区1楼172号铺,
B2094254D369A5FB4693,海底捞火锅(京基KKONE购物中心店),114.027434,22.5262744,下沙京基KKONE购物中心南区1-2层海底捞,
B2094757D06AA4FA429D,聚福苑,120.5510095,31.2135028,越溪街道旺山生态园钱家坞1至5号楼,
B2094653D369ABFC439E,福苑酒楼,112.581812,22.782662,更合镇更楼工业大道39号,
B2094554D46FAAFA4199,福苑海鲜酒楼,118.1232,24.4831,嘉禾路102号厦门庐山智选假日酒店3层,
B2094254D16DA3FE4799,福苑酒楼,114.1228273,22.7040264,平安大道96号山厦大厦1层,
B2094254DB69A3FC459A,福苑海鲜大酒楼,112.23297,22.70508,广兴大道中23号3楼,
B2094255D36DA6F4419D,德福苑酒楼,113.71064,34.52231,郭店镇五里口一零二省道,
B2094255D764A4F94692,聚福苑酒楼,114.94153,33.52358,零零四乡道与零一九县道交叉口东100米西南方向170米,
B2094255D46DA3F5449B,喜福苑酒楼,107.47568,31.21433,凤西街道好一新办公楼2楼正南方向30米,
B2094255D46BA2F54792,福苑酒楼,99.51549,24.47542,更戛乡,
B2094254D16BA4FE449C,日日香鹅肉饭店(深圳湾万象城店),113.946004,22.5159373,粤海街道科苑南路2888号深圳湾万象城B1层B141,
B2094254D164AAFB4798,永盛隆汕头牛肉,114.476114,22.5906179,大鹏新区大鹏街道建设路30-2号103,
B2094254D66EA5F4429C,胖子烧烤牛骨头,113.806408,22.6882,深圳市宝安区福海街道桥头社区黄屋九巷5号101,
B2094254D66BA2F8489F,海底捞火锅(天玑城店),114.2664949,22.7238392,龙岗大道与碧新路交汇处锦泰城商业广场二层A210、A211、A218,
B2094254D764A3FC4298,菜忠潮州牛肉店(岗厦牌坊街店),114.0687911,22.5374134,彩田路3016号(岗厦北地铁站10号口步行120米),
B2094254D564A4F94598,太二酸菜鱼(金光华广场店),114.1203691,22.5397721,人民南路2028号金光华广场第L6层L6-003B号铺,
B2094255D765A0F4499A,靠山(壹方城店),113.8873228,22.5538762,新湖路99号壹方城5层L5-012,
B2094255D56CABF4429D,木屋烧烤(学府路),113.9299274,22.5263222,学府路与南海大道交汇处东北角厚德品园ABC裙楼108号房,
B2094255DA65A7F5409F,溪通海鲜餐厅(溪涌店),114.3609293,22.6088699,溪涌沙头1059号,
B2094255DB6AA0FF4592,陈鹏鹏鹅肉饭店(宝安国际机场T3航站楼店),113.80945,22.629496,福永镇宝安国际机场T3航站楼F3-3W-05-04,
B2094255DB6AA4FA449D,张姐烤肥牛(车公庙店),114.0270157,22.5322211,苍松大厦102楼1层(车公庙地铁站F口步行450米),
B2094255DB6BA6FC419B,豪客来(深圳龙岗锦荟park餐厅),114.177403,22.633742,"龙岗大道1018号【锦荟广场】购物中心二层L201-1,L211号",
B2094255DB6BAAF5479F,妃子音乐烤吧,114.12394,22.551455,罗湖区东门街道东门中路2084号商铺童乐天桥旁东门中2公交站后,
B2094551D66BA1FA4693,海底捞火锅(时代城店),113.867783,22.566676,海城路与宝源路交叉口时代城5楼,
B2094551D16EAAFA469D,麦当劳(深圳民田路分店),114.052546,22.5433794,莲花街道福田中心区黄埔雅苑会所二期及商场1层05号,
B2094555D26EAAF5469E,喜宴又一村(光浩国际中心店),114.0297453,22.628266,民治街道441号光浩国际中心,
B2094556D068A1FC449C,顺德佬华侨城店,113.9916665,22.5375957,沙河街道汕头街19-2,
B2094555D265ABFF4099,在哭,114.11825,22.59591,布吉镇湖南立交,
B2094555D365A7FC499C,权仔农家菜馆,114.3245096,22.7800862,六联社区刘屋村六联路95号,
B2094555D06CABFF479F,清湖西村7巷13号,114.04625,22.66912,清湖新村西八巷7-13,
B2094555D06FABFA4899,拾号牛扒(沙井店),113.8127942,22.7347451,沙井街道万科翡丽郡花园4栋01层商业0662层063,
B2094555D069A1FB4293,葵潭手工面店(同富路店),114.2869426,22.7359819,深圳市龙岗区同富路利民肉菜市场,
B2094555D665ABF9469E,2046湘味厨房,113.9418096,22.5406577,科技园海王银河科技大厦2层206,
B2094750D46CA6F4499B,2046湘味厨房,113.91415,22.48626,南海大道1019-9,
B2094256D66EA1FE449A,2046湘味厨房(新海宜3店),113.939382,22.5226164,海天二路19号盈峰大厦103号202,
B2094252D66DA7F94099,2046湘味厨房(深圳湾店),113.9402385,22.5070828,粤海街道蔚蓝海岸社区兰香一街2号海王星辰大厦201,
B2094255D068A2F8459B,2046湘味厨房(海王银河店),113.9417,22.54064,深南大道海王银河科技大厦一层北向108铺港安驾校对面(深大地铁A3出口),
B2094251D265A2F5469D,2046湘味厨房(蛇口汇港店),113.91566,22.485613,工业三路1号汇港购物中心1期2层209A,
B209445DDB68A6FE489A,乌鲁木齐南山庄园,87.4062155,43.4687959,南华路105号,
B2094651D26BA7FF479B,南山庄园高尔夫,120.473587,37.584958,南山旅游景区(西北角),
B2094650DB6CA6FF4192,伊丽南山庄园,120.874922,36.393093,田横镇巉山村,
B209475CD36DAAFB479B,大秦岭尚耕南山庄园,108.94635934,34.1557146,鸭池口村环山路南(子午收费站西一公里),
B2094651D26BA7F8419F,南山庄园酒堡,120.47396,37.57891,山东省烟台市龙口市东江街道庄园路南山旅游景区,
B2094555D76CA1F44899,南山庄园,114.03804,22.63944,民冶大道1083号展滔科技大厦1层,
B2094251D668A0F4459A,南山庄园,119.9058532,30.7755466,浙江省湖州市长兴县和平镇施村完全小学,
B2094256D56BAAFC4499,南山庄园生态酒店,116.7453,36.40139,山东省济南市长清区马山镇南山庄园生态酒店,
B2094253D76FAAF8449B,东崖南山庄园,118.210384,36.688621,南海路附近,
B2094453DA6DAAF9449A,南山庄园铁板烧,120.196106,35.953106,开发区阿里山路88号,
B2094254DB64A5F5439F,南山庄园,116.72052,23.70725,广东省潮州市湘桥区意溪镇,
B2094555DB6DA1FD439F,小肥象泰国餐厅,114.1229879,22.5491355,东门中路2088号东门中心城负一楼星空里桌球旁边01-02,
B2094556D268A1FE4898,麦当劳白石龙店,114.0418681,22.6015035,玖龙荟A入口旁(白石龙地铁站B1口旁),
B2094251D069A7F9499A,麦当劳(白石龙店),114.04181,22.60147,民治街道玖龙玺花园二期北区半地下1N53-1N,
B2094556D264A7F84493,地铁站(白石龙店),114.04252,22.60838,龙华新区金龙路白石龙村136栋1号,
B2094253D265ABFE429B,中影数字影城(白石龙地铁站店),114.0419153,22.6014925,4号线白石龙地铁站B出口二层玖龙荟3楼,
B209445CD365A4FC419C,地铁站(白石龙店),114.038994,22.604069,民治街道白石龙村一区,
B2094556D06BA0F5469F,集口福吃货小厨馆,114.0793648,22.5324028,福宁街141号,
B2094551D16EAAFA4192,麦当劳(深圳湾科技生态园5栋D座),113.95245,22.52925,高新南环路26-07,
B2094555D06EA2F4419A,老街土菜馆(清高公路店),115.38114,28.40766,清高公路(高安二中旁),
B2094556D76DA4FF409F,兄弟土菜馆(锦丰路店),114.93583,28.22679,锦丰路3号-2008KTV斜对面,
B209445DD765AAFA4198,上饶市阿婆土菜馆,117.44581,28.36548,龟峰景区门口附近(售票处正南200米),
B2094556DA6EA4FA459F,柴火灶土菜馆,115.38229,27.72273,新干华兴箱包公司斜对面,
B2094555D764A6FB409C,土菜馆(公园路店),115.68989,29.68404,公园路喜利来蛋糕店旁,
B2094556DA69A3F9479C,美食街,116.0176391,26.4722054,环西南路惠苑大厦附近,
B2094453D46BA1FA439A,民间灯火土菜馆,115.8975792,28.6929039,五纬路38号,
B2094252D26BA6F8429A,江西风味土菜馆,121.3726299,31.2534171,祁连山南路2227号(真新新村地铁站2号口步行240米),
B2094556D16CA7FD439A,江西土菜馆,113.9478618,22.5851319,西丽石鼓路4003-7号,
B209425DD168A4F9419B,江西弋阳土菜馆(兵兵店),120.056119,29.267291,九联黄古头27,
B209425CD66AA1F8449A,百姓厨房江西土菜馆,114.0399997,22.5592141,梅富村69号(梅景地铁站A2口步行140米),
B209455CD269A0FB419B,两杰村,114.0857,25.7264835,赣州市崇义县,
B2094653D765A0F84193,衢州鸭头店,115.917351,28.625954,三家店街道井冈山大道148号,
B2094556D469A5FE4099,大米果江西土菜馆江北分店,114.42655,23.11967,新湖一路67号西南方向123米,
B2094253D66BAAF5479F,弘赣宴·江西土菜馆(安定门店),116.3987362,39.9631767,外馆斜街42号(鼓楼北大街和黄寺大街交叉路口向东300米路南),
B2094453DB6BAAFA4699,江西土菜馆(步行街),121.38749,31.11347,莘庄镇莘建东路399弄26支弄7号,
B209455CD36DA7FB499A,两杰,114.0857022,25.7264851,赣州市崇义县,
B2094253D36BA5FD4999,江西土菜馆,113.464194,22.27186,坦洲镇德秀路31号76号商铺,
B209425CD56AA4FE459F,江西土菜馆(新城商会大厦店),122.2075668,29.9936963,合兴路101号新城商会大厦F1层,
B2094351D06FA4F4409B,弘赣宴·江西土菜馆(朝阳门店),116.4409036,39.9289221,新中街68号7号楼一层（聚龙花园南门）,
B2094452D269A1F84299,嗨贝海鲜吃货餐厅,120.38471,36.08201,宁夏路122号中联广场G栋106A,
B209445DD369AAFE4492,嗨货海鲜吃货俱乐部,119.54127,35.39358,海滨三路与黄海一路交汇处西南角(石臼利群商场),
B2094556D56BAAF9489C,嗨!吃货,114.06854,22.53876,南大街178号振华国际东单元603号(振华商厦),
B2094557D36FA7FF4699,嗨吃货(飞跃路店),125.3245,43.88684,吉林省长春市朝阳区重庆街道人民广场,
B2094257D468A1FB4693,吃货们嗨起来,113.587316,37.862332,河边街华林美食城西区美食城3号,
B209445CDA6BA0F4409A,九号渔港海鲜主题饭店(八卦一路店),114.099261,22.558103,园岭街道八卦岭610栋,
B2094557D26DA4FD489F,九号渔港,114.09945,22.55789,八卦路610栋首层,
B2094750D76FAAF8499E,九号渔港,106.39986,29.801058,北碚区云清路234号(近城南公交枢纽站),
B2094557D26FABF4499E,下午三点(唐美商场店),113.80151,22.70127,福永塘尾唐美商场门口安踏对面(塘尾农贸市场),
B2094557D369AAF94299,周太靓汤(龙泰苑店),114.0488573,22.5233343,新洲南村101栋B座(石厦地铁站E口步行420米),
B2094453DA6FA1FE409F,港东渔码头,120.6755718,36.2790525,王哥庄街道港东社区,
B2094757D06FAAFE4193,东方渔人码头国际中心,121.532213,31.251967,平凉路街道杨树浦路1088号,
B2094757D165A1FE479C,東石漁人碼頭,120.138000488,23.4570655823,台灣嘉義縣東石鄉東石村彩霞大道420號,
B2094557D06FABF54193,东渔码头,114.5274013,22.5543221,南澳大鹏新区大鹏新区南澳街道东渔村冰厂,
B209425DD56BABFB469A,东方渔人码头,121.531604,31.252207,杨树浦路1088号(丹阳路地铁站2号口步行50米),
B2094257D46AA1F5469B,东澳渔人码头,119.846855,25.4635,澳前镇澳前村民文化活动中心西北侧,
B209445CD364A0FF4499,东渔码头,114.474976,22.59504,南澳大鹏新区大鹏新区南澳街道东渔村冰厂,
B2094254D56BA5FB459A,东山码头深水渔排,114.527426,22.563712,广东省深圳市龙岗区,
B209425DD364A1F4459B,东水港渔码头,110.0746883,19.9783829,东水港村委会北侧240米,
B2094757D768A5FA489C,渔人码头（福新东路店）,119.33555,26.081717,晋安区福新东路8号(近永辉),
B2094252D76AA5F4499B,嘴东渔码头,118.37414,39.038593,中日唐山曹妃甸生态工业园,
B2094252D56CA6FE4299,东方渔人码头美术馆,121.53156,31.252193,杨树浦路东方渔人码头A区2层,
B209475CD068AAFB499E,东海渔村海鲜码头大排档(金水路店),120.43333,36.17709,金水路817-1号(近百通馨苑二区),
B2094254D16EA1FD4599,东方渔人码头B区,121.5323927,31.251751,上海市杨浦区杨树浦路1088号,
B209425DD76AA0F44498,港东渔码头(南门),120.675685,36.276162,妈祖庙南侧210米,
B2094757D46EA7FC4493,渔人码头（天泉春东店）,104.05104,30.68981,新津县正东街近沙湾路近美好家园购物中心,
B2094254D16EA2F4409E,东方渔人码头A区,121.53139,31.25247,杨树浦路1088,
B2094354D26EA3F5499B,东方渔人码头华夏影城,121.532601,31.251554,安浦路615号东方渔人码头D区负一层,
B2094354D06EA6FD4499,港东渔码头海鲜火锅·刺身,120.675868,36.2793342,王哥庄街道,
B209445DD668AAF9459E,港东渔码头(黑龙江中路店),120.43475,36.156838,黑龙江中路2649号,
B2094557D16CA5FD4992,双月湾渔港,114.04452,22.60087,澳门新村66-1,
B209465CDB6FA5F44899,翠華餐廳(加拿分道),114.17724,22.295006,尖沙咀加拿芬道2號地下閣樓,
B2094555D56EABFA429D,小香港自助餐厅(晴岚路店),112.56484,25.27538,晴岚路milan号,
B2094453D368A7FB439A,厚生香港小吃餐厅,119.4581132,32.7894591,通湖路世贸金街1层外围商铺127号,
B2094554D46DA2FE419C,穆苏记香港烧味茶餐厅(天宁锦瑞旺府店),119.99427,31.80044,锦瑞旺府花苑1-9号,
B2094556D16FA1FD439A,穆苏记香港烧味茶餐厅(勤业店),119.91811,31.78803,平岗星苑9幢名园大酒店1楼,
B2094554DA6DA2FE4792,香江荟.香港餐厅,120.15412,32.4919,蓝岳相府1号楼,
B2094757D16AAAFF479F,港庭·香港茶餐厅,121.280213,28.652941,台州黄岩引泉路,
B2094757D46BA2F84492,表妹香港靓点餐厅,113.28303,23.12265,较场西路11号,
B209465CDB6FA3FE4492,翠華餐廳(謝斐道),114.1877,22.2784,香港铜锣湾謝斐道493-495號,
B2094257DB6CA3F44093,肥韬·香港金牌茶餐厅,114.08938,22.543317,广东省深圳市福田区振华路109号桑达南区109栋,
B2094654D765A2F54599,香港表哥茶餐厅(中山三路),113.28103,23.12681,广东省广州市越秀区大东街道中山三路4号黄金庭宾馆(中华广场店),
B2094757D065A4FB499A,翠華餐廳(佐敦店),114.17566,22.30242,佐敦白加士街77-83号地下,
B2094757D06BA0FA439E,香港新发烧腊茶餐厅NO.4,114.1099589,22.539162,深圳市罗湖区万象街9号,
B2094757D16CABFA479E,龙记香港茶餐厅金谊广场店,121.51355,31.14001,上南路4467号1层132,
B2094757D069A0F94398,翠華餐廳,114.16899871,22.318399429,香港旺角砵蘭街240-244號旺角文華地下,
B2094757D068A4F5489C,翠华餐厅(中环店),114.16075,22.278965,香港岛中环威灵顿街15-19号地下,
B209445CD565ABF5459E,厚生香港小吃餐厅,120.14577,32.50493,人民中路586,
B2094757D168A4FA4093,香港旺角茶餐厅,115.98712737,29.726634867,浔阳区滨江路联盛浪井店旁,
B209465CDB69A6F9459C,阿甘蝦餐廳,114.15476,22.26851,山頂道128山頂凌霄閣4層304-05,
B2094653D46DA1FD409B,佐敦香港烧腊茶餐厅(象山南路店),115.89156,28.67492,象山南路430号,
B2094551D36AA3FF409B,陈鹏鹏鹅肉饭店,113.9556558,22.542392,深南大道9668号万象天地NL163,
B2094255DB6AA0FF4592,陈鹏鹏鹅肉饭店(宝安国际机场T3航站楼店),113.80945,22.629496,福永镇宝安国际机场T3航站楼F3-3W-05-04,
B209445CD365A4F5419B,洞庭湖湖南农家菜,113.927396,22.4908989,招商路与花果路交汇处米兰公寓一楼9号铺,
B209445CD364AAF44099,老货客家私房菜馆(港莲路店),114.1723286,22.5589069,港莲路17-7号,
B2094256D26FABF8449B,屋里家延边朝鲜族料理店(总店),114.0993832,22.5384039,南园路埔尾新村43栋104号,
B2094757D16BA6FD4893,牛家庄牛肉面(蛇口老街),113.9279018,22.4857287,蛇口老街88号(东角头地铁站A口步行360米),
B2094757D06AA4FC459A,五谷芳乳鸽王(海景店),114.3074514,22.5948321,大梅沙盐梅路98号腻宠酒店2号楼1楼塔斯汀旁,
B2094757D06BA0F4489B,小贝壳餐坊,114.0454154,22.5418144,新闻路12号五洲星苑A栋2层(近星巴克),
B2094255D26FA7FE459F,小贝壳餐坊,106.38317,39.00753,朝阳东街219号,
B2094757D064A1F4479D,春满园酒楼,114.0238171,22.5372444,深南大道7028号时代科技大厦F4层,
B2094653D26FA4FB439E,春满园东方世纪大酒楼,114.0874675,22.5504316,华强北路4002号圣廷苑酒店世纪楼2楼,
B2094757D16FABFE499F,春满园(御景华城酒楼),114.085519,22.533256,滨河大道3001-6号京基御景华城商业广场2层201号,
B2094752D46AA2FE479C,春满园大酒楼,113.9126864,22.5122928,东滨路4096号濠盛商务中心3-4层鸿丰大酒店,
B209445CD369A7FB459E,春满园集团(龙楹湾酒楼),113.986351,22.520843,滨海大道1018号蓝楹湾度假酒店一栋,
B2094653D16DA5F54092,春满园大酒楼,112.382294,24.796028,连州镇番禺路265号,
B2094251DB6EA5FA419C,春满园(万科广场),114.2436574,22.7146688,龙翔大道7188号万科广场4层39号,
B2094252D168A2F54992,春满园(前海大酒楼),113.8810765,22.5463277,宝兴路8号前海华侨城JW万豪国际酒店3层,
B2094653D26EA1FD4098,春满园时代大酒楼,114.066228,22.519676,金田路1008号时代广场3层,
B209425DD76BA3FE4799,春满园集团(东方世纪大酒楼),114.0874747,22.5505133,华强北路圣廷苑世纪楼一、二、三楼,
B2094254DB68A5FF409B,春满园大酒楼,119.34028,34.32404,老宋路210东南方向113米,
B2094757D064A7F5439A,味千拉面(中心书城店),114.0591872,22.5471277,福中一路2014号深圳书城N128,
B2094757D065ABF8479B,静颐茶馆,114.1087879,22.5518985,宝安南路国速世纪大厦409号四层,
B2094255D765A6FB409F,静颐茶馆,114.0311882,22.6028044,民丰路金众金域阁五楼,
B2094757D16CA4FC4799,蛇口康乐快餐鱼仔档(翠苑小区店),113.9282689,22.4879099,蛇口新街219号,
B2094757D168A3FD4693,东煌海鲜酒楼(盐田总店),114.278554,22.5854186,海鲜街18号(盐田墟地铁站B口步行320米),
B2094757D169A7FE469D,中心书城24小时书吧,114.059135,22.547051,广东省深圳市福田区福中一路2014号中心书城2楼中厅西侧,
B209425CD665A1FE4499,24小时书吧(中心书城店),114.0598228,22.5474271,福中一路2014号中心书城2楼中厅西侧,
B2094757D169A5F44493,金稻园(南油店),113.9283421,22.5126831,南山区南商路91号深蓝公寓1楼,
B2094757D16AA7FA439A,美极鲜,114.1094289,22.5463632,红宝路15号鹏威酒店2楼,
B2094652DA6FA5FA4793,美极鲜,113.591794,24.800863,武江北1号武江桥底中间,
B2094253D564ABFF4798,戈记美极鲜(鹏威大厦店),114.1095021,22.5464228,桂园街道红宝路15号鹏威大厦2楼,
B2094554D568A2F8449C,美极鲜餐厅,112.9757,22.94822,下坦开发区28,
B2094557D36AA3F8489A,美极鲜宵夜(解放路店),114.06733,24.94518,解放路(近永安南城),
B2094554D56FA1FC469F,美极鲜羊肚粉(金华路店),112.04622,22.92298,金华路(锦绣路三小斜对面),
B2094254DB6FA6FB489A,美极鲜鱼庄,85.36378,44.60432,141团6小区农业银行南20米东南方向170米,
B2094255D76BA2F5489D,美极鲜饭馆,94.91031,36.39406,江源南路5-7,
B2094255D46BA6FD429D,美极鲜烤鱼店正宗盈江火烧猪,99.17896,25.02459,辛街中心学校旁边东北方向120米,
B2094757D66EAAFB419A,肯德基市民中心餐厅,120.21042,30.24536,富春路市民中心H座1层,
B2094250D36EA5FA449D,松啲港式茶餐厅(市民中心店),113.75954,23.01395,鸿福路199号市民服务中心南门负一层美食广场,
B2094251D06FA6FC499E,湘·Beer精酿鲜啤美式餐厅(市民中心店),113.114944,27.828463,神农大道399号株洲市民中心富一楼(商场南2入口左侧),
B2094757D66CABFC4393,市民中心餐厅,114.0595631,22.5429861,莲花街道福中社区福中三路2010号市民中心B区负一层,
B209425DD66DA6FF429D,汉堡王(深圳市市民中心餐厅),114.061691,22.5424661,福中三路地铁市民中心站物业区a29a30铺位,
B2094757D069A5F8439B,丹桂轩(华侨城店),113.9747726,22.5462031,香山中街1-11号波托菲诺会所1层,
B2094750D26CAAF8439D,丹桂轩（华侨城店）,114.27902,22.632679,盐田区大梅沙东部华侨城茶溪谷茵特拉根小镇商业街D栋(近湿地花园),
B209445DD26AA7F44793,邱哥手工吐司(华侨城丹桂轩店),113.974771312,22.5465770938,南山区华侨城香山街波托菲诺会所一楼,
B2094757D76DA2F9489D,肯德基（中心书城店）,114.0600153,22.547245,红荔路深圳中心书城首层,
B2094757D764AAFE419C,三郎碳鱼田鸡,113.8270592,22.6482497,东福围东街52号(近机场信息大楼),
B2094757D46CA2F44593,麦当劳（坂田店）,114.0611379,22.6218865,布吉坂田五河大道阳光湾畔百货首层,
B2094757D464A3F9419C,龙发餐馆(嘉宾路店),114.1240043,22.5414549,嘉宾路1026号,
B2094557D16CA0F9409E,醉翁亭酒店,117.03902,32.66007,锦源时尚街6号,
B2094757D16FA7F5459A,琅琊山景区-醉翁亭,118.288017,32.283433,琅琊山半山腰琅琊古道旁,
B2094255D06EA5F4409E,锦江之星品尚酒店(滁州中都大道店),118.3258425,32.2743129,中都大道768号,
B2094757D56DABFE439B,醉翁亭,113.9478546,22.5505414,"琼宇路51大厦6楼（地铁13号线B出口,往北步行300米）",
B2094252D065ABF4419B,琅琊山醉翁亭,118.283770124,32.113953248,安徽省滁州市全椒县吴敬梓路与大石潭路交叉路口往东北约50米,
B209465CD069A6F94893,醉翁亭(钰桥路),103.14993,24.918003,钰桥路105号,
B2094650D56DA5FF459A,醉翁亭酒楼,119.92345,31.76787,清潭西路与长江中路交汇处正西方向60米,
B2094757D469A6FD409B,醉翁亭便宜坊,117.1622297,39.149184,复兴路先春园隆春里底商,
B2094351D168A4F4409A,醉翁亭,118.288019,32.283435,琅琊山半山腰琅琊古道旁,
B2094552D36EA1F5409F,醉翁亭作业区,118.29089,32.28493,安徽省滁州市琅琊区琅琊街道琅琊古道,
B2094252D564A2F4409E,醉翁亭宋府菜(琼宇路店),113.94783,22.55062,琼宇路51大厦6楼,
B2094650D06FA6F5419A,醉翁亭(龙池路店),119.798951,31.35834,龙池路501-502号(丰泽园旁),
B2094252D36BA7FA4493,醉翁亭,117.2178775,31.7828676,繁华大道276号(欢乐岛对面)徽园内(西南角),
B209425DD16CA7FD4092,北京醉翁亭,116.37209,39.950556,冰窖口胡同8号院10号楼一层二层,
B209445CD16BA0F44498,醉翁亭便宜坊白堤路店,117.16248,39.12517,白堤路42号,
B209445CD464A7F4489E,醉翁亭记,118.09937,24.46374,将军祠路28号群鸿商业城,
B2094557DB65A5FD469C,九仙山农家乐醉翁亭客栈,119.3486,35.6899,九仙山风景区靴石村,
B2094253DA6FA4FF4998,醉翁亭休闲山庄,116.2703048,30.4486732,花亭湖风景名胜区,
B2094652D565A1FE439C,醉翁亭记,110.04344,27.57604,湖南省怀化市鹤城区坨院街道船林路7,
B2094556D769A6FA449F,北湖醉翁亭,112.60662,31.17875,体育馆内停车场靠北湖边,
B2094757D565AAFA429D,揭阳三兴砂锅粥宝安总店,113.894715,22.5642835,新安街道45区幼儿园综合楼2、3、4、5、6、7号,
B2094757DA6CA2F84692,李师傅脆肚(梅林店),114.0407551,22.562275,下梅林梅华西路238-1号锦林新居16幢(百家乐超市对面),
B2094757DA6CA6FD4299,心怡哈尔滨饺子馆(民福楼店),114.0353282,22.6210646,民治街道民强社区民田路民福楼115,
B2094757DB64ABF9459D,京基・粤菜王府(罗湖店),114.1066216,22.5449933,深南东路5016号京基百纳空间4层L422/L423,
B2094750D26CAAF9409E,圣丰城酒家,114.1391354,22.5688642,太宁路8号喜荟城购物中心1楼101号,
B2094757D065ABFA439D,圣丰城酒家(桂花路店),114.058495,22.510317,福田区保税区桂花路9号帝涛豪园1楼(近口岸),
B2094250DA6DA6F84492,圣丰城酒家·宴会厅(宝安大仟里店),113.87263,22.570395,新湖路与海城路交汇处宝安大仟里L440-441(地铁1号线坪洲地铁站A出口),
B2094757DA6CA5FB479E,圣丰城酒家(东晓路店),114.13817,22.583384,罗湖区东晓路北青橙时代公寓1楼(近东湖路),
B2094555D76EA2FD4199,圣丰城酒家(福田coco Park店),114.05486,22.53284,福华三路星河cocoPark商场3楼L3S-015-016,
B2094252D36DAAF9499E,圣丰城酒家(横岗麟恒店),114.1849068,22.6371721,龙岗大道六约社区麟恒广场2期2层,
B2094251D065A6F44092,圣丰城酒家(光明大仟里店),113.8935772,22.7755196,松白路4699号光明大仟里四楼,
B209445DD365A7FD479C,圣丰城酒家盐田广富店,114.2386,22.5573,海山路28-5,
B2094251D36BA4FA4793,圣丰城酒家(布吉万象汇店),114.13152,22.591719,布吉街道翔鸽路2号布吉万象汇L4层L440号,
B2094253D76FA1F84693,圣丰城酒家(水贝壹号店),114.125541,22.5729369,布心路3033号水贝壹5楼,
B2094357D56FA6FE409E,圣丰城酒家(罗湖益田店),114.131675,22.555003,华丽路2040号,
B2094551D76BA4FA4193,圣丰城酒家,114.13189,22.59147,翔鸽路2号万象汇4楼L440,
B2094757D06AA1FD429C,师公会海鲜酒家(盐田店),114.2790995,22.5860482,盐田街道海鲜街8号(盐田墟地铁站B口步行380米),
B2094757D069A3FD479C,凤凰楼(长盛大厦店),114.088356,22.549669,红荔路2012号(华新地铁站C口步行110米),
B2094750D26DA3FD4492,1881中餐厅,114.11125,22.536919,罗湖区宝安南路1881号君悦酒店1楼(近万象城),
B209425CD16AAAFB469C,深圳君悦酒店-1881中餐厅,114.1111682,22.5371735,宝安南路1881号深圳君悦酒店1层,
B2094653D26CA6FF459D,宜宾海鲜酒家,114.089427,22.541583,华发北路6号(华强北地铁站D2口步行370米),
B2094652DB6AA6F8479B,东江海鲜私房菜,113.952783,22.572985,珠光苑2栋7号(茶光地铁站B口步行230米),
B2094253D56DAAFE429A,东江海鲜私房菜(西丽店),113.9526847,22.5729925,西丽南支路77号,
B2094652DB6AAAFA469B,益康堂鱼仔码头港式风味餐厅,113.931455,22.486275,蛇口街道蛇口新街58号(东角头地铁站B口步行200米),
B2094757D46CA4FA419A,宁波梅龙镇酒家有限公司（梅龙镇）,121.55308,29.85615,宁波鄞州长丰舟宿夜江樟溪北路68号,
B2094453DA64ABFC4598,宁波梅龙镇酒家,121.5444626,29.849163,长丰舟宿夜江樟溪北路58号,
B2094252D468A1FE4592,文兴酒家(宁波国贸天地店),121.6165694,29.8697063,宁波国际金融服务中心B座东南门东北250米,
B2094653D26DA5F8409E,宁波酒家,114.0955323,22.5428416,"振中路20号（靠深圳科学馆旁,地铁科学馆A口出）",
B2094652DB64A6FA489D,深圳宁波酒家嘉汇店,114.08068,22.538954,福田区福明路3号嘉汇大厦4楼,
B2094554D564A6F9449E,宁波酒家(环城南路店),119.13655,34.82153,环城南路(七二化红绿灯往东三百米),
B209425CD564ABFB409F,利苑酒家(宁波国际金融服务中心店),121.6142472,29.8676191,民安东路国际金融中心E栋2层,
B209425DD16DA3FD4892,梅龙镇酒家状元楼宴会中心(宁波舟宿夜江店),121.54492,29.849087,樟溪北路58号,
B2094453DB64A4FF429D,宁波小酒家,121.227715,31.31589,方德路100弄45-46号,
B2094652DB64A6FB429D,老大昌酒楼,114.082431,22.539959,深南中路福田大厦3019号(上海宾馆对面),
B2094652DB65A3F9439E,香港新发烧腊茶餐厅(水围店),114.063288,22.522911,福民路水围村306号1层(肥仔记对面),
B2094750D26DA1FE4298,香港新发烧腊茶餐厅 水围店香港新发烧腊茶餐厅,114.06276,22.52292,福民路水围村306号1楼肥仔记对面近益田路近皇都广场,
B2094652DB65A2F5409F,中发源清真餐厅景田店,114.043498,22.552783,莲花街道万托家园101(景田地铁站A口步行100米),
B2094652DB65A0F4489B,向阳社农家炖菜馆,114.060342,22.565119,上梅林梅华东路旭区华安园115号,
B2094652DB65A0F54293,潮兴牛肉店梅林店,114.052534,22.5648,上梅林梅华路100号综合楼壹楼中间,
B2094557DB6FA7F54099,上海滩足疗,117.164629,37.318978,新庄路巨人学校附近,
B209445DD66AA6F5439F,1931上海滩主题餐厅(金茂大厦店),120.53717,31.88218,人民路金茂大厦底楼碟中蝶KTV旁,
B2094554D06EA4F9469D,1931上海滩主题餐厅2号店,120.54605,31.85226,金港大道280,
B2094757D568A7F54498,上海滩·大宁城,121.455586,31.261355,中山北路899弄,
B209475CD564A7F8439E,上海滩中信泰富店,121.45602,31.22851,"""南京西路1168号中信泰富广场，店铺号221.
""",
B2094557D665A3FD479F,上海滩渔港大酒店,113.80635,27.87666,浏万路66号,
B2094757D06FA5FD4493,上海滩花园洋房,121.533465,31.239063,乳山路506弄1-58号,
B2094757D068A7FE419D,上海滩・新昌城,121.4658325,31.2379683,上海市黄浦区新昌路477弄1-18号,
B2094757D068A7FA469E,上海滩花园,121.499954,31.219139,紫霞路199弄(小南门地铁站3号口步行370米),
B209475CD564A7F84498,上海滩东方君悦店,116.4176,39.9087,"""东长安街1号东方君悦大酒店内，店铺03&05
""",
B2094255D76BA2F94992,上海滩运动公社,121.5912228,31.307312,高行镇张杨北路2700号,
B2094650D664A2FD4493,上海滩城隍庙美食,119.79372,33.47246,江苏省盐城市建湖县近湖镇湖中路119都市假日宾馆,
B2094557D26BA6FD4693,上海滩大牌档(永宁西路店),120.81906,27.92874,永宁西路与龙海路交叉口(永宁西路183号旁边),
B2094757D564A6F84092,大华・上海滩花园,121.4541126,37.449882,莱山区庆祥路200号,
B2094651DB6BA4FC439F,上海滩,119.48424,28.44506,浙江省丽水市松阳县西屏街道新华路94号,
B209475DD768A6F94599,绿地城·上海滩花园,106.0749681,30.8488932,潆华工业集中区潆华工业园区,
B2094753D76FAAFA449C,上海滩国泰旗舰店,121.466011,31.216125,淮海中路868号,
B2094757DA6DA0FB449D,上海滩公馆,108.3305196,22.8102953,七星路一巷路口30号,
B2094555D06CA0FD409D,上海滩新派餐厅,117.13638,28.95914,乐平大道望江花苑17-19号,
B2094257D06FA6FE4793,上海滩餐厅(BFC外滩金融中心店),121.497536,31.227201,中山东二路600号BFC外滩金融中心5F层,
B2094653D26CA3FB4492,新凯利港式茶餐厅,114.12141,22.53978,南湖路2064,
B2094653D26CA5FC4099,李师傅脆肚华强北店,114.0846412,22.548599,红荔路与工发路交汇处上步工业区201栋首西（华新地铁站A口）,
B2094257DB65A7FC499C,李师傅脆肚(华强北店),114.084652,22.548517,红荔路与工发路交汇处,
B2094653D26AA2F94798,热浪岛马来餐厅,114.0637882,22.5225469,福民路水围村308栋1楼,
B2094653D26DA5F9479E,凤凰楼(凤凰路总店),114.1335278,22.547338,凤凰路京基凤凰印象商场2楼18号,
B2094750D764A7FA489C,太清甜品凉茶前海店,113.9177739,22.5327074,桃园西路122号前海金岸大厦11号商铺,
B2094750D764A7FB429F,太清凉茶甜品店(龙华地铁中心店),114.021186,22.651564,宝安区龙华街道和平路青年城邦园1栋144号,
B2094757DA6CAAFC4692,太清凉茶甜品福祥店,114.08187,22.53334,福祥街24,
B2094653D26DA4FC429E,太清凉茶,114.057,22.52389,福田区益田路3002号皇达东方雅苑9铺(福田区委斜对面),
B2094653D26EA4F44599,太清凉茶甜品店（皇御苑店）,114.07633,22.52443,福田南路7号皇御苑A区19B铺(与滨河路交汇处),
B2094750D764A7FB4792,太清凉茶甜品店(西丽店),113.950731,22.583405,新高路留仙居366大街1-7,
B209445CD36BAAFD479F,太清凉茶甜品店(沙头角店),114.23096,22.551,沙头角官下路37号(沙头角中学侧门对面，沙头角招商银行附近),
B2094652DB64A5F84498,太清凉茶(福星路),114.08195,22.53326,福田区复星路福祥街24号,
B209475CD064A1F4439B,太清凉茶甜品店（福祥街店）,114.08195,22.53326,福星路福祥街26号,
B209475CD66BA5FF429F,太清凉茶甜品店（梅林店）,114.05522,22.56598,福田区上梅林新村156号101铺(梅华路肯德基对面路口进),
B2094351D764A5FD489F,太清凉茶甜品(国贸店),114.11382478231,22.537858284392,嘉宾路城市天地广场东座写字楼大门右侧商铺（每周一店休）,
B209445CD369A0FB459E,太清凉茶甜品新洲一街店,114.04764,22.52555,新洲一街45,
B2094257D46DA5FB499A,深圳市盐田区太清凉茶甜品壹海城店,114.237516,22.554636,海山街道鹏湾社区深盐路2039号壹海中心183,
B2094653D26DABF5419A,安天民北方饺子八卦岭店,114.09562,22.55885,八卦二路198,
B2094653D26DAAFE4299,江南厨子(深圳万象城一期店),114.111192,22.540232,宝安南路1881号华润万象城一期4层L499,
B2094654D769ABF54798,湛江鸡饭店(华泰大街),113.34776,23.072065,华泰西街与华泰西街一巷交叉口西50米,
B2094654D46CA2F84599,湛江鸡饭店,113.27004,23.06876,南箕北九巷1,
B2094654D764AAF44099,华姐湛江鸡饭店,113.36546,23.19495,龙洞迎龙商业街F07档,
B2094654D46FA3F5459B,金旺旺湛江鸡饭店（粤垦路店）,113.3329678,23.1537592,广州市天河区粤垦路瑞心苑,
B2094757DA6CA3F94698,和和湛江鸡饭店,113.36669976,22.93124376,中国广东省广州市-番禺区南堤西路,
B2094654D76FAAFA4593,光头仔湛江鸡饭店,113.32073,23.10039,艺景路238,
B2094757D065ABF8419E,瑞记湛江鸡饭店(粤垦店),113.3331647,23.154857,粤垦路148号,
B2094757D665A7FA4898,民聚湛江鸡饭店,113.26407,23.09839,海珠区南田路(近邓世昌纪念馆入口),
B2094654D768A3F9429C,顺发湛江鸡饭店,113.32289,23.09477,广东省广州市海珠区赤岗街道川味麻辣烫(艺苑南路)珠影大院,
B2094654D46FA1FC4493,温记湛江鸡饭店,113.259346,23.175493,白云区机场路225号,
B2094757D664A4F94699,裕德源湛江鸡饭店,113.31258,23.02359,番禺区南国奥园悉奥商业街1座3-8号(近市广路),
B2094654D765A5FD4099,黄B湛江鸡饭店,113.334158,23.151326,粤垦路8号(华文学院东门对面),
B2094757D66AA5FB4392,泰记湛江乡下鸡饭店（小北店）,113.271787,23.132875,越秀区小北路52号省粮贸大厦2楼(近法政路口),
B2094757D46CA0F4489F,周姨湛江鸡饭店（合群西路店）,113.29332,23.11745,越秀区合群西路3号1楼(近东湖公园北门),
B2094750D768A0FC4699,金旺旺湛江鸡饭店(海珠店),113.301,23.0689,海珠区盈丰路(广医二院南院对面),
B2094654D768A5FA4199,湛江鸡饭店(王园路),113.40999,23.123486,东圃桃园路自编号1号,
B2094757D768A4F54792,安铺湛江鸡饭店（龙骧大街店）,113.26174,23.10381,海珠区宝岗大道龙骧大街5号(近海珠区政府斜对面),
B2094654D46FA2FE409B,瑞记湛江鸡饭店（沙太路店）,113.32935,23.17195,白云区沙太路163号(天虹宾馆旁),
B2094757D565AAFE469F,品香居湛江鸡饭店,113.382019,23.125898,中国广东省广州市-天河区中山大道西,
B2094757D76EA2FD439F,鸿云阁湛江鸡饭店,113.31346,23.14893,广州大道北6号,
B2094653D26EA3F54599,好好味面家,113.920845,22.532922,桃园路南贸市场2栋A座5号,
B2094252D46FABF9499E,好好味面家(南头古城店),113.920555,22.543098,中山南街南头古城垣西71号,
B2094653D26FAAF8419D,李连贵熏肉大饼店华侨城店,113.98361,22.53516,华侨城铜锣湾广场2楼,
B2094750D16AA1FC409B,李连贵熏肉大饼店(华侨城店),113.98652,22.53504,华侨城美食街109铺(华侨城海景奥斯廷酒店后侧美食街)(近沃尔玛),
B209465CDB6AA6FC469F,福苑火鍋海鮮酒家,114.1749,22.31573,旺角西洋街51號友誠商業中心,
B2094653D26FAAF4409D,福苑海鲜酒家,114.11807,22.54487,罗湖区永新街43号,
B2094757D169A5F8429E,福苑火锅海鲜酒家,114.17496,22.316017,九龙旺角西洋菜南街51号友诚商业中心2-3楼,
B2094653D268A3FF4992,丹桂轩(罗湖商业城店),114.1192992,22.5303776,火车站广场路25号罗湖商业城5层,
B2094653D268A3FA499B,嘎达梅林蒙古酒家,114.05832,22.56693,黄祠巷92,
B2094653D268AAFC459E,麦当劳（华南城店）,114.130965,22.694295,守珍街道114号,
B2094750D26CAAFA419E,深圳君悦酒店-主席楼,114.11125,22.53692,宝安南路1881号君悦酒店35/36层,
B2094750D26DA0F8429C,Paletto意大利餐厅,114.0615592,22.5330576,福华三路116号星河丽思卡尔顿酒店2楼(近会展中心),
B2094252D26DA4F4409C,丽思卡尔顿酒店Paletto意大利餐厅,114.061511124,22.533072248,广东省深圳市福田区福田中心六路,
B209445CD364ABFB449A,龙华大浪华繁路189号,114.06635,22.519352,大浪时代广场对面,
B209445CD36BA7F9449E,南澳渔村,114.49614,22.474043,广东省深圳市龙岗区南澳街道大鹏半岛,
B209445DD468A0FA4299,南澳逸发渔村,117.081069,23.4676958,深澳镇乌岩头村,
B2094251D26AA3FF4292,南澳渔村酒楼(沙头角店),114.22689,22.551666,沙深路138号群利大厦1-2楼(沙头角海关对面),
B2094554D364A0FC4199,南澳渔村,113.34515,23.23958,黄庄北路169,
B2094253D264A3FC459B,南澳好主题渔村,116.67679,23.473115,新安大道交警路交叉口旁边,
B2094354D06FA4F54993,南澳渔村(侨怡园店),113.5417786,22.2200382,拱北夏湾粤华西路409号,
B209475CDA69A2FE419F,京基·百纳广场(沙井店),113.806089,22.727849,沙井街道沙头社区沙井路168号,
B209445DD66BA6FA4692,慕尚酒吧(沙井京基百纳店),113.806062,22.728027,沙井街道沙井路168号中熙广场沙井京基百纳广场1楼L1-L155,
B209445CD369ABF54398,京基百纳(沙井店),113.93571,22.51801,宝安沙井京基百纳沙井店,
B2094556D169A6FA459E,沙井京基百纳华润万家店,113.8278,22.72816,沙井京基百纳二楼华润万家超市出口,
B2094253D265AAF54292,悦得闲广式点心茶楼(沙井京基百纳店),113.806494,22.728662,沙井街道沙头社区沙井路168号京基百纳广场六层610号,
B2094254D56BAAFF4198,欢乐魔方激速卡丁车俱乐部(京基百纳广场沙井店),113.80547,22.727722,沙井路168号京基百纳广场(沙井店)F7,
B2094251D06EA5FC4898,GOGIYA韩国传统烤肉店(京基百纳广场沙井店),113.805786,22.727367,沙井路168号京基百纳广场(沙井店)F5-L526,
B209445CD36BA5F5449B,卡玛王子(沙井京基百纳店),113.80579,22.72722,沙井街道沙井京基百纳广场一楼101号(南门入口处),
B2094250D369A0F8499F,外婆家(京基百纳广场沙井店),113.805824,22.727854,沙井路168号京基百纳广场(沙井店)F6-L620b,
B2094252D66EA2FE419C,翠君冰室(京基百纳广场沙井店),113.805824,22.728199,沙井路168号京基百纳广场(沙井店)F5-L519a,
B2094253D26FA6F4479A,沪上阿姨鲜果茶(沙井京基百纳店),113.807409,22.729485,沙井街道沙井路407号沪上阿姨,
B209445DDB6FA7FB469E,八方精品酒店(深圳沙井京基百纳店),113.8045,22.7269,沙井民福路39号(沙井京基百纳旁),
B2094253D265A6FF4393,风雨故人(京基百纳广场沙井店),113.806305,22.728233,广东省深圳市宝安区沙井路168号京基百纳广场(沙井店)F5-L510,
B209445CD36AAAF54693,麦当劳沙井京基百纳店甜品站,113.80659,22.72757,沙井路168号沙井京基・百纳广场1楼106A,
B209445DD764A7FC4093,深圳深大快捷酒店京基百纳店(沙井路店),113.806858,22.727461,深圳宝安区沙井路与沙头七路交汇处(沙井京基百纳左侧),
B2094253D26DA2FE4998,春润大地(京基百纳广场沙井店),113.806401,22.727562,沙井街道沙井京基百纳广场六楼L601602,
B2094251D769A4F4469C,美吉姆国际儿童发展中心(京基百纳广场沙井店),113.80673,22.728518,沙井路168号京基百纳广场(沙井店)F3-L311,
B2094252DB6BABFF4392,胖哥俩肉蟹煲(沙井京基百纳店),113.806151,22.727275,沙井路168号中熙广场沙井京基百纳广场五楼530号商铺,
B209445CD06DA0FB489B,舞茶道(沙井京基百纳店),113.80705,22.72889,沙井镇沙头七路8号(即京基百纳广场东北门旁),
B2094554D369ABF8449B,Caffe bene咖啡陪你(沙井京基百纳店),113.80758,22.72854,沙井街道沙井路168号中熙广场沙井京基百纳广场一楼L1-103a、二楼L2-243,
B2094653D26CA6F4449C,成记潮汕番薯粥,114.09219,22.55436,百花三路28,
B2094654D668A4FD479D,潮汕番薯粥(德康路),113.24547,23.17957,德康路63号,
B2094252D56FA5FC439E,鑫天易潮汕番薯粥,114.079016,22.5336934,福田村牛巷坊120-1号,
B209445CD36AA3F9449A,潮汕番薯粥,114.12872,22.57681,太白路3038-6,
B209445CD36AA3F54998,潮汕人家番薯粥(凯成一路店),113.83399,22.63326,广东省深圳市宝安区航城街道新瑞路恒金大厦,
B209445DD164A0FB449B,黄记潮汕番薯粥海鲜砂锅粥迎宾分店,114.08321,22.80729,迎宾小区15,
B2094554DA68A2FE4398,潮汕番薯粥(平安大街),113.27221,23.16638,平安大街10巷3号铺,
B209445CD368A5F4439B,潮汕打冷番薯粥,113.266975,23.163406,广东省广州市白云区三元里街道松柏东街广州市交通运输职业学校(广园校区),
B209445DD06EAAFE4498,宜记潮汕番薯粥,113.85912,22.56613,兴业路2078号,
B2094554D06FA3FC4398,生记潮汕砂锅粥番薯粥(卢屋店),113.687316,22.826345,虎门镇卢屋太宝路9号,
B2094554DA6AA6FC4699,潮汕番薯粥(富通城店),113.85924,22.56606,西乡街道兴业路2078号,
B209445DD36FA1FA439C,潮汕番薯粥,113.53673,22.21683,夏湾豪骏批发市场旁,
B2094254D16BA2F5469E,海明潮汕番薯粥,113.528945,22.228941,广东省珠海市拱北港一路168号之二,
B2094255D365A7FF4292,潮汕番薯粥,113.36453,23.02696,南村镇新基村桥北街新明巷5号正东方向200米,
B2094256D56DA4F5429D,潮汕番薯粥,113.48567,22.26866,永兴路27号正东方向110米,
B2094256DA6EA4FC449C,潮汕郑记番薯粥大排档,114.22974,22.67776,金源路188东南方向20米,
B209445CD36AA0FF459A,化州肥仔大排档开屏店,113.8831538,22.570014,五十区开屏花园38栋1层,
B209445CD36AABFA4293,木屋烧烤大润发店,114.0399386,22.6216266,民治街道280号（民治地铁站D出口北方向400米）,
B2094252DA6BA4F94693,潮悦牛肉火锅店(龙井综合楼店),113.973137,22.559555,西丽街道龙井路龙井综合楼17-18号铺(近西丽车管所),
B209445CD36AAAFF4999,潮悦牛肉店,113.9730989,22.5595885,龙井路龙井综合楼1楼96号外围商铺,
B2094251D464A7F8489D,潮悦牛肉火锅城(水贝店),114.1281643,22.5727391,翠竹路特发保税大厦3栋1楼,
B209425CD564AAF4499F,潮悦牛肉火锅城(景田店),114.0484814,22.5481316,红荔西路7002号第一世界广场裙楼A座106,
B209425CD16EA2FB449C,潮发潮汕牛肉店(黄埔大悦汇店),113.4293814,23.1645914,科学大道46号大悦汇商场内301房-08号商铺广州黄埔大悦汇L3层,
B2094254D364ABFA439C,牛很鲜潮汕牛肉火锅(青悦城店),121.4099397,28.6579582,中心大道青悦城4楼409室,
B2094252D468ABFC439F,牛很鲜潮汕牛肉火锅(黄岩吾悦店),121.261246,28.654245,劳动北路吾悦广场3楼,
B209445CD365A5F5409F,潮悦牛肉广场(西丽珠光路店),113.96685,22.56858,"西丽珠光路74号(近珠光江南百货,珠光花半里小区旁)",
B209425DD164A1FD409A,欢喜牛潮汕牛肉火锅(西青大悦汇店),117.091027,39.1405734,中北镇万卉路58号西青大悦汇A馆L4层L4-14,
B2094555D764A4FC4192,蜜悦士潮汕鲜牛肉火锅定福庄店,116.55309,39.92214,定福庄北路甲15,
B2094252D468A1FF419F,春记潮汕牛肉火锅(悦辰里店),116.1423613,39.740263,良乡拱辰大街12号悦辰里C-1,
B2094354D069ABFC479B,潮悦牛肉火锅店(西丽店),113.973216,22.559511,西丽街道龙井路龙井综合楼17-18号铺(近西丽车管所),
B2094354D769A7FC409B,潮憨记首创鲜牛肉自选火锅(宜悦里店),118.7728,32.078563,南瑞路宜悦里2楼,
B2094254D065A3F44299,潮悦牛肉馆(大涌店),113.5610165,22.754934,环市大道西176号塘坑商贸城B区101、102、103号铺,
B2094557D16FABF44093,潮汕贤诚牛肉店(香悦路店),113.55635,22.27289,香悦路好又佳超市西侧(近紫东阁),
B2094551DB6BA5F5459E,善鲜记潮汕牛肉火锅(黄岩吾悦店),121.26156,28.655,大桥路1号黄岩吾悦广场3层3032,
B209445DD76AA2FC4392,潮悦潮汕鲜牛肉火锅(黄河道店),117.16621,39.1373,天津市南开区广开街道台北花园,
B209445CD36AAAF9459E,金苑肥牛火锅,114.1182165,22.538929,人民南路人民南路金光华广场对面广信酒店2层,
B209445CD36BA3FD489E,金丽盈港式茶餐厅,114.028433,22.5242139,下沙村六坊公司楼二栋一楼,
B209445CD36BA0F54798,大中华希尔顿酒店“念”全日制自助餐厅,114.070130405,22.539190809,广东省深圳市福田区深南大道1003号大中华国际金融中心B座2楼,
B2094750D46CA4F4479B,香港维景茶餐厅,118.079,24.4532,思明区思明南路175号中华城2楼(老虎城对面),
B209445CD36BA7F54292,香港维景茶餐厅,113.9148073,22.530411,前海路港湾丽都商铺138-139号（大新地铁站c2南150米）,
B2094253D66DA2FA459E,香港维景茶餐厅(前海路),113.9148644,22.5308542,南头街道前海路西桃园路南港湾丽都花园商铺138-139号,
B2094651DA69A2F84999,芙蓉楼,121.36962,28.37813,浙江省台州市温岭市太平街道东辉北路296京都·珑悦府,
B2094452D264ABF4459E,黔阳古城-芙蓉楼,109.815377,27.192051,黔阳古城西北隅,
B2094650D06AA3FB499B,芙蓉楼,119.409595,32.214033,金山路62号金山公园内(西侧),
B2094654D46CA5FA4298,芙蓉楼（体育西路店）,113.32112,23.12879,天河区体育西路1号峰源大厦1-2楼(近黄埔大道),
B2094757D165A7FD429A,芙蓉楼,113.9212179,22.5315263,常兴路98,
B2094757D464A5FF499D,芙蓉楼（万达广场店）,113.26688,23.171421,云城东路505号万达广场327铺(近沃尔玛),
B2094652D565A7FD469F,怀化芙蓉楼,109.8146,27.19418,怀化市洪江市湘西古镇黔城西北隅,
B2094253D265A5FC449C,芙蓉楼·尚熹(海湾旗舰店),113.8606549,22.5719975,西乡大道和宝源路交汇处海虹工业场区(东南1门)进入中央大道B座2楼层,
B209445DD36FA0FE499C,豫江南芙蓉楼店,113.36583,23.19438,环村南街6号之5栋09铺,
B2094757D764A1FA479E,芙蓉楼(龙洞美食广场),113.365795,23.194297,天河区龙洞路环村南街6号C栋09号,
B2094653D26AA3F94098,芙蓉楼龙岗店,114.2626426,22.7294134,碧新路2208-3号,
B2094652D469A7F84399,芙蓉楼,112.997792,28.199733,五里牌街道省委宿舍韶山北路8号,
B2094757D165A6F9419B,芙蓉楼,114.06658172,22.522150039,福田区福民路龙秋一街停车楼物业1-2楼(近水都国际),
B209465CD76EA2F4469F,芙蓉楼,108.71741,34.33203,陕西省咸阳市秦都区华泰旺座华泰·湖境尚都,
B209445CD06DA0F9459F,芙蓉楼(龙华店),114.040886,22.65954,龙华三联路兴万和商业广场1-2层,
B2094653D269A3F8489B,芙蓉楼,113.897344,22.570744,建安一路30区百合苑(鑫诚玩具店附近),
B2094652D468A4F4499E,芙蓉楼(韭菜园路),112.98841,28.19414,韭菜园路101,
B2094757D06BAAFC439B,三湘大廈二樓芙蓉閤,121.417652126,31.1940587338,上海中山西路1243號,
B2094252D76FA4FA4893,芙蓉楼(南山常兴店),113.92119,22.531548,常兴路如意家园综合楼98号,
B209425CD76FA4FA4299,金山公园-芙蓉楼,119.4095956,32.2140372,金山路62号金山公园内(西侧),
B209445DD06EA2F54493,新宝烧味茶餐厅臣田店,113.8756427,22.5928519,深圳市宝安区西乡街道宝田一路臣田工业区综合楼D栋1楼,
B209445CD36BA6FC449D,新宝烧味茶餐厅,113.8296463,22.7143211,新桥街道上星南路景盛豪庭一层(丽莎花都南门对面),
B2094554D06AABF5469E,新宝烧味茶餐厅(流塘店),113.885463,22.5819384,西乡街道建安二路泰华明珠1栋1层101-104号（一乐会商场）,
B209445CD369AAFC409C,新宝烧味茶餐厅沙井店,113.8302,22.735,新沙路沙井人民医院旁,
B209445CD369AAFF4298,新宝烧味茶餐厅松岗店,113.8341,22.77339,沙江路199,
B2094554DA6AA4FA479E,新宝烧味茶餐厅(兴华二路店),113.90644,22.56568,兴华二路73-3号,
B209445CD36BA5FA429E,嘟嘟生蚝,114.063071,22.515701,福强路骏皇名居一楼D6,
B2094255D765A6F4499B,嘟嘟生蚝,114.02311,22.53325,泰然九路21皇冠科技园,
B2094451D165A4F4409D,唐阁影城(亦庄力宝华联店),116.5014312,39.805967,荣华街道荣华中路北8号BHGMall北京华联力宝购物中心F4层,
B2094757D16DA2FC429B,唐阁,121.47691,31.23313,黄浦区汉口路740号朗廷扬子精品酒店2楼(近云南路),
B209445DD264ABFB439B,唐阁 T’ang Court(深圳东海朗廷酒店),114.084119,22.540667,广东省深圳市福田区深南大道7888号深圳东海朗廷酒店3楼,
B2094654D468A0FC419F,唐阁村总站,113.24182,23.2671,广东省广州市白云区白云湖街道夏花二路,
B2094654D66FAAFC459F,唐阁涌头工业区,113.239444,23.255919,唐阁北街以南西南方向200米,
B2094556D16CA0F44192,朗廷酒店唐阁,114.174823,22.293774,尖沙咀北京道8号朗廷酒店2层,
B2094256D669AAF4409B,唐阁(兴安路),121.4743083,31.221802,马当路99号新天地朗廷酒店5层(近太仓路),
B2094656D56CA6FD479C,唐凤阁徐记饼夹肉(丰乐路店),113.64941,34.78203,丰乐路南丰街向南80米路西(南丰街口南侧),
B2094654D468A0FC419E,唐阁公交站,113.24255,23.26616,广东省广州市白云区白云湖街道夏花二路欧御广场,
B2094251DB6AA5FF459C,唐阁影城(绍兴上虞店),120.752595,30.129797,沥海街道滨海新城延德路379号东森商业广场C栋301号,
B2094251D26AA3FC4893,海口朗廷酒店-唐阁中餐厅,110.316009,20.0297952,滨海大道77号海口盛华朗庭酒店43层,
B2094257D765A5FB4392,栢景朗廷酒店·唐阁中餐厅,117.22385,31.79939,怀宁路栢景朗廷酒店2楼,
B2094252D564A4F4439F,星典巨幕影城怀柔店(原唐阁影城),116.6509771,40.3239927,开放东路13号院2号楼1层01,
B209445DD76BAAFF499D,珠海唐家阁丽海岸公寓,113.617207,22.349384,唐家情侣北路3333号格力海岸,
B2094251D56EA7F94998,唐阁影城北京丰台店,116.25089,39.880688,小屯村梅市口路北侧133号京荟广场B座301房间,
B2094757D564A7FA479E,唐普桂阁,117.236046,36.677967,中国山东省济南市-历城区,
B209445CD364A3FD4393,唐阁,114.0205021,22.5361652,深南大道7888深圳东海朗廷酒店3层,
B209445DD26FA0FA489A,唐风阁肉夹馍(二七美食广场),113.666049,34.752158,二七广场地铁站D口,
B2094456D26FA0F4419D,唐津城天守閣,129.97861,33.454202,,
B2094757D46DA5F54593,唐圣阁酒店,108.931,34.2734,莲湖区习武园8号(近省农业厅),
B209445CD364A3FF4998,香港—海洋公园,114.05001,22.56498,梅华路国际电子商务产业园1栋621室,
B209445CD364A2F9419D,喜记潮牛庄牛肉店西丽店,113.950206,22.5811146,留仙大道嘉兴苑1栋2104号,
B209445CD364A1FD4393,豫东全羊汤馆,114.028032,22.6523088,建达路华侨苑复式楼1009(金侨花园后门),
B209445DD66CA3F54199,刘记全羊鲜汤烩面馆,113.6996541,34.7748146,黄河路120号,
B2094251D26CA0F54598,豫东全羊汤馆,114.47428,22.75992,新兴路25正东方向20米,
B209445CD364A1F9449B,文华香港餐厅,114.05915,22.54814,深圳市书城中心城北区2楼,
B209445CD364A7FE439B,大芬商城美食广场,114.13812,22.61448,龙岗大道(布吉段)2241,
B209445CD364A7FE499E,电白鸭粥店,113.952512,22.583682,西丽街道同沙路新围村188栋底商,
B2094757D768A0FF439B,正宗电白鸭粥店,114.0244215,22.526167,下沙广场路下沙村二坊84号,
B2094652DB65A3FA4099,皇岗电白鸭粥店,114.0603723,22.522876,福民路皇岗新村109号楼1楼,
B2094653D064A1F5409C,电白鸭粥店,113.49764,22.270825,坦洲镇同胜村市场大街1号之89号,
B2094652DB6AA4FF469E,电白鸭粥店,113.917678,22.536393,南头街100-6号旺海怡苑一楼(近大新小学),
B2094255D365A4F9429C,电白鸭粥店,113.1568,23.01197,季华东路北侧(季华路与桂澜路交汇处)西南方向90米,
B2094453D16BA7F94792,电白鸭粥店,113.2208388,22.8733248,伦教茘村丁字路49号,
B2094556D26EA0FB499A,电白鸭粥店(运昌路),113.84003,22.60087,南昌二队西十巷10号附近,
B2094255D365A2FA439A,电白鸭粥店,113.22207,23.14036,河沙中路16号2楼正北方向130米,
B209445CD364A5FF489D,跳跳蛙(宝安西乡店),113.87021,22.568657,海城路114号,
B209445CD369A4F54393,好天地大酒楼(坪山乐安居店),114.3387158,22.6831261,中山大道3002号乐安居国际酒店,
B209445CD369A5F5449B,顺德佬酒楼(粤海店),114.1205319,22.543198,南湖街道深南东路3033号粤海酒店3-4楼(门诊部公交站旁),
B2094750D76BABFC4498,金翠皇宫(翡翠店),113.922373,22.533996,广东省深圳市南山区金鸡路3号圣淘沙酒店翡翠店3楼,
B209475CD06CA3F44299,海底捞火锅(卓越店),114.0644953,22.532032,福华三路卓悦INTOWN购物中心4号楼L401、L402,
B2094750D76BABFD4892,金茂JW万豪酒店西餐厅,114.024,22.5373,深南大道6005号金茂JW万豪酒店2楼(广场路口),
B2094253D165A4FB4298,金茂深圳JW万豪酒店·Cafe Chinois万豪西餐厅,114.0323,22.53654,"深南大道6005号金茂JW万豪酒店2楼(近地铁车公庙站,安徽大厦旁)",
B2094253D36BA2FF409B,Café Chinois西餐厅·自助餐(金茂深圳JW万豪酒店),114.0323,22.53654,"深南大道6005号金茂深圳JW万豪酒店2楼(近地铁车公庙站,安徽大厦旁)",
B2094750D764A0FE4492,争鲜回转寿司(怡景中心店),114.0591694,22.5351593,益田路连城新天地1期C区负1层23号(近会展中心地铁站B口),
B2094750D765A0FC4392,浪记面店长龙NO.1,114.1181196,22.6084222,长盛路24号,
B2094750D568A1FD419A,麦当劳(华强北分店餐厅),114.0862261,22.5479647,"华强北路上步工业区102栋部分一层,部分二层",
B2094750DB68A1FE429D,天鹅堡香舍会,113.982,22.54591,香山中街2-2,
B2094751D36DABFF4192,公鸡和龙(南海玫瑰花园一期店),113.9209613,22.4844519,望海路91号南海玫瑰园1期108号铺,
B2094357D36BA2FA4898,LA MAISON公鸡和龙(蛇口店),113.9210285,22.4844945,望海路1903-10号（南海玫瑰花园1楼）,
B2094751DB64A4F94399,汕头姐妹小吃,114.08943,22.53882,华发南路36,
B2094653D26FA4FB439E,春满园东方世纪大酒楼,114.0874675,22.5504316,华强北路4002号圣廷苑酒店世纪楼2楼,
B2094752D46AA2FE479C,春满园大酒楼,113.9126864,22.5122928,东滨路4096号濠盛商务中心3-4层鸿丰大酒店,
B2094653D16DA5F54092,春满园大酒楼,112.382294,24.796028,连州镇番禺路265号,
B2094251DB6EA5FA419C,春满园(万科广场),114.2436574,22.7146688,龙翔大道7188号万科广场4层39号,
B2094252D168A2F54992,春满园(前海大酒楼),113.8810765,22.5463277,宝兴路8号前海华侨城JW万豪国际酒店3层,
B2094653D26EA1FD4098,春满园时代大酒楼,114.066228,22.519676,金田路1008号时代广场3层,
B209425DD76BA3FE4799,春满园集团(东方世纪大酒楼),114.0874747,22.5505133,华强北路圣廷苑世纪楼一、二、三楼,
B2094254DB68A5FF409B,春满园大酒楼,119.34028,34.32404,老宋路210东南方向113米,
B2094752DB6BA2FE439F,福田菲林酒吧,114.02793,22.668657,广东省 深圳市 购物公园B区1楼133号,
B209475CD36DA7FD4998,香港新发烧腊茶餐厅(凤凰总店),114.1337063,22.5479478,凤凰路凤山大厦1层152号,
B209475CD069A0FF409D,紫苑山庄大酒店,117.04496578,32.64401305,朝阳东路D1街区,
B2094757DA64A6FE479C,兆顺第一城紫苑小区,101.544587,25.027216,鹿城南路343号,
B209445DD56AA2FD4499,新平睿雅紫苑酒店,101.97897,24.06111,团山路6号新平大道与团山路交叉口,
B2094653DA6FA6F84298,紫苑・阳光丽都,106.416056,31.017996,紫苑街6号,
B2094654D069AAF44493,圆明园西路3号院,116.2794785,40.0227844,北京市海淀区圆明园西路3号,
B209465CD269ABFA4998,南乔・紫苑,106.6765061,26.4204898,贵阳市花溪区南乔紫苑位于花溪清溪路369号,
B2094750DB6EA4F54792,茂华紫苑公馆,119.071676,36.71355,东风西街3518号,
B2094652DB65A1F5449D,香榭里花园紫苑,114.020063,22.543603,丰田路2(农林地铁站C口步行360米),
B2094757D06FA3FE4799,星巴克(静安紫苑店),121.4550659,31.234873,昌化路68号,
B209465CD16BA3FF459B,玉溪矿业医院紫苑医疗点,102.54447,24.36693,云南省玉溪市红塔区李棋街道紫苑路,
B2094453D36FA7FC4592,紫苑菜铺(八一路店),101.68255,36.94923,八一路125号附近,
B2094450D56AA2F54899,紫苑第5季,116.2497899,39.8667425,北京市丰台区小屯路108号万科紫苑第五季,
B209475CD26BAAFF409E,全兴紫苑,109.921527,33.870307,通江路中段,
B2094554D16EA3FA489A,华山紫苑酒店,110.09882,34.55892,华岳南路,
B2094450D569ABF94998,翠紫苑小区,119.8237818,30.2496127,青山湖街道天柱街187号,
B2094250D265A1FB489F,紫苑小学,112.150959,34.7334856,畛河路32号正东方向150米,
B2094654D06AA3FE479B,万科中粮紫苑,116.2506276,39.8685167,北京市丰台区大瓦窑北路与小屯路交叉口西北,
B2094757D068A1FB479D,静安紫苑,121.4533127,31.2339612,江宁路356弄,
B2094656D56DABFF4193,紫苑小区,113.6744725,34.7325095,河南省郑州市管城回族区陇海里6号院,
B209465CD465A7FC4698,紫苑新居,106.355486,39.000853,长庆西街60号,
B209445CD369A7F54693,潮汕楚兴大排档(西丽南支路店),113.9527341,22.5730441,西丽南支路1071号1楼,
B209475CD064A0FC449C,麦当劳(长安分店餐厅),114.0899461,22.552718,园岭街道百花四路长安花园裙楼首层,
B209475CD764A5F44298,必胜客（中心书城店）,114.0590849,22.547519,红荔路深圳中心书城北区3号门旁,
B209475CD764ABFF499C,肯德基(福民路餐厅),114.0528067,22.5225783,天虹商场(星河明居店)(石厦地铁站F口旁),
B2094750D16BA6FC4392,意式百年咖啡,103.8199,36.057159,城关区永昌路(近张掖路),
B2094454D368A3FB469C,百年意式咖啡,113.91568,22.52844,学府路220-13,
B2094653D26AA1F8439D,百年意式咖啡店,114.067314,22.537651,福田区彩田路3069号星河世纪1楼(近COCO购物公园),
B209475CD06CA5F84498,意式百年咖啡厅,114.10870873,22.56316497,宝安北路3019号好百年家居1楼中庭(梅园路口),
B2094451D264A0F8449C,澳门威尼斯酒店,114.04234700521,22.612638346354,澳门海岸路威尼斯酒店,
B2094452D26EA6FF489A,卓记米粉,114.110369,22.545147,宝安南路2051号,
B2094757D665A4F54498,卓记米粉店（北门店）,87.62232,43.801697,天山区健康路28号(近北门转盘),
B2094257D568ABFD4592,卓记米粉(地王总店),114.11037,22.54513,桂园街道宝安南路商住楼B栋新门牌广场北2栋18,
B2094252DB69A7FE459A,新疆卓记米粉,104.127105,30.666358,四川省成都市成华区衫板桥南五路14号,
B209445CD26FA4FA419B,卓记米粉(幸福路对面),87.638614,43.789179,幸福路812号卓记米粉(大湾北路),
B209445CD26FA5F5449F,卓记米粉,87.61854,43.79354,文化路7巷8号,
B2094554D46CA1FB4698,卓记米粉,87.6184774,43.7933764,文化路149号,
B2094556DB69A2FE4898,卓记米粉喀什分店,75.97529,39.4667,西域大道6号附8号,
B2094252D46DA0F94193,卓记米粉(长江路店),87.5943,43.78799,长江路278号,
B209445CD26FA4FD409A,卓记米粉,87.60015,43.78334,吐鲁番路165,
B209445CD26FA4F94693,卓记米粉,87.605892,43.8150427,西虹东路195,
B209445CD26FA4F54293,卓记米粉,87.59229,43.77906,乌市商贸城27号,
B2094554D46FA3FE469E,卓记米粉,87.59217,43.83544,银川路20号,
B2094555D765A7FE4993,马俊杰卓记米粉米线,81.30178,43.93598,解放西路十三巷内,
B2094556D169A4FA409C,卓记米粉阿克苏店,80.26081,41.16741,西大街与小南街交叉处南侧路西,
B2094556D569A1FF439B,卓记米粉（天百店）(清真),81.32649,43.91676,铜锣湾天百旁边,
B2094556DB69A2FE489F,卓记米粉(伊宁六中店),81.30195,43.93127,公园街与利群陆交叉口南,
B2094557D06FA7F8499A,卓记米粉,80.74207,44.1868,三环路18号1-16,
B2094254DB6FA5F54493,卓记米粉尼NO.1,82.50597,43.79212,唐布拉路与团结路交汇处,
B2094256D568A3FE409B,卓记米粉,87.50701,44.05805,君豪御园二期C区S12号商业楼224号商铺正东方向60米,
B209445CDA6AA4F4479F,海底捞,119.417751,36.85492,山东省潍坊市昌邑市利民街三和苑沿街楼,
B2094757D06EAAF84899,海底捞火锅张杨路店,121.51973,31.22782,张杨路620号中融恒瑞国际大厦东楼6层,
B2094655D26DA3FF4098,海底捞火锅(长寿路店),121.436819,31.240117,长寿路468号中环大厦4层(长寿路地铁站1号口旁),
B2094757D06FA1F4499E,海底捞火锅(中山南路店),118.780984,32.019825,中山南路501号通服大厦四楼,
B2094554D06AA1FF4599,海底捞火锅总店,104.54126,30.40727,雄洲大道南段391号旭海时代广场4楼A01,
B2094654D068A5FD419F,海底捞火锅(西单店),116.3729021,39.9142318,西单北大街109号西单婚庆大楼7楼,
B2094750D66FA4F9489A,海底捞,120.6267133,31.2766734,东吴北路181号双银星座商务广场A幢四层,
B209475CD16DA4FA4098,海底捞火锅(泉城路店),117.028019,36.665781,泉城路77号希努尔大厦5层,
B2094757D06EAAFE459C,海底捞火锅上海五角场店,121.51464,31.29877,邯郸路585号苏宁生活广场五角场eXPO超级店5楼,
B2094750D46EABF5449E,海底捞火锅苏州NO.1,120.59992,31.30969,广济南路219号天虹CCMALL石路店7F705,
B209445DD26CA7FB4692,海底捞火锅捞品城店,120.7465126,31.6301983,江苏省苏州市常熟市白雪路7号捞品城3层,
B2094757D06EAAFD429A,海底捞火锅(北京西路店),121.454407,31.230262,北京西路1068号食博汇3层,
B2094757D06FA4F4439A,海底捞,121.4712236,31.2053642,打浦路1号金玉兰广场四层,
B2094757D06FA0FF489E,海底捞火锅(吉利大厦店),117.1961691,39.1187445,南京路209号6F层(营口道地铁站B1口旁),
B2094757D06FA3FD4099,海底捞火锅(王府井店),116.4117754,39.9167316,王府井大街银泰in88三层北侧311号,
B2094654D268A0F4419C,海底捞火锅(三里屯店),116.4536433,39.931235,工体北路8号院三里屯SOHO6号商场内1-2层,
B2094752D364A2F4489D,海底捞火锅凯德广场店,114.26773,30.56907,中山大道238号凯德广场5/6楼,
B2094757D068ABFB4292,海底捞火锅(西大街店),113.674639,34.750502,管城回族区西大街与南大街交叉口向西50米路南196号,
B2094757DA6FA3FD4192,海底捞火锅(金光华店),114.1206069,22.5394431,人民南路金光华广场6-7层海底捞,
B2094757D06EAAFC459D,海底捞火锅(铜川路店),121.384514,31.253254,铜川路1868号,
B209445CD369A7F9429D,三哥港式茶餐厅(南园店),114.0936155,22.5393328,松岭路75号(科学馆地铁站C口步行140米),
B209445CD369A7F9489D,如意轩茶餐厅(爱联店),114.2329538,22.6970435,龙城街道爱联社区如意路昌盛百货一楼110,
B2094256D26AA1F9419F,江味龙虾馆(南山店),113.9227217,22.524722,南山大道2009号亿利达综合楼一层,
B2094252D469A3FA439D,伐木餐厅,113.9900124,22.600313,学苑大道1066号深圳大学丽湖校区,
B209445CD56DAAFB499B,伐木累休闲餐厅(横岗店),114.1941,22.65211,深圳市龙岗区横岗街道四联路349号四联商业广场152号商铺,
B2094555D16BA1F5499E,小蜜蜂伐木累餐厅,112.87191,28.20218,湖南涉外经济学院,
B2094252D264AAFC4993,荣川菜(华侨城店),113.9833779,22.5347346,深南大道9018号华侨城大厦B座B-303A,
B2094251DB6BAAF4419D,MEAT吃肉酒肆·牛排馆(龙岗万科店),114.2463651,22.715993,龙翔大道阳光里2楼,
B209425CDA6AA7FD4998,MEAT吃肉酒肆·牛排馆(龙岗万科店),114.2509488,22.7166117,龙城万科里L1-20号,
B2094252D26CAAFA4692,驴甜品花园餐厅(海上世界店),113.914007,22.4824284,招商街道太子南路碧涛苑公寓一区怡景阁一楼,
B2094252D26DA0FF4193,爱碗亭(桃源假日店),113.96357,22.582563,留仙大道众冠时代广场益田假日里L4-04铺,
B2094252D26EA1FB4593,德米火锅(沙高店),113.9629593,22.5332379,棕榈泉国际中心一楼109,
B2094254D668A2FE4099,DOORS多思西餐厅,113.32877000003,23.120740000025,广东省广州市天河区兴盛路6号尚东君御一层20号商铺,
B2094252D26FA6F9479A,DOORS多思餐厅,113.915991,22.4831832,海上世界船前广场A区2号楼2-1-005-006,
B2094252D269AAFB469D,先启半步颠小酒馆(深圳首店),114.0260675,22.534679,天安社区泰然二路泰然科技园107栋1层109号,
B2094252D26BA1F44493,鸟鹏烧鸟居酒屋(宝安店),113.8886328,22.5482793,熙龙湾花园N23区5栋106号,
B2094252D264A6FB479E,鑫霖美食坊,113.9266551,22.6817666,石岩街道龙腾社区松白路桥西2401号,
B2094252D265A3F5429F,四季厨房(新桥店),113.8406963,22.7353797,沙井镇新桥北环路48号,
B2094251DB68A0F5469B,SHARK鲨鱼餐吧(欢乐港湾店),113.88628,22.542978,宝华路华侨城欢乐港湾商业街东岸L1-053,
B2094251D36CA1FD409E,大随求素食美食城(宝体店),113.879906,22.563929,新湖路与玉律路交汇处华美居商务中心D区2号楼1号铺(地铁1号线宝体站B出口),
B2094251D464A3FD4493,大随求素食(德信商务中心店),113.8730599,22.5731836,宝安大道3061号德信商务中心F2层,
B2094253D16EABFC4693,大随求素食龙华店,114.0172913,22.6514141,工业路3号六度大厦B201(二楼),
B2094252D36CA3F8439D,大随求素食,113.800358,22.7050787,福永街道塘尾社区永福路254号2层,
B2094252D36CA1F9499F,黄晓猫剁椒大鱼头(汉京金融中心店),113.9365573,22.5404614,粤海街道麻岭社区深南大道9968号汉京金融中心B102-2,
B2094252D36DAAF9499E,圣丰城酒家(横岗麟恒店),114.1849068,22.6371721,龙岗大道六约社区麟恒广场2期2层,
B2094252D36EABF8489A,肯德基(西丽宝能城店),113.9994458,22.5914988,桃源街道福光社区留仙大道3288号(塘朗地铁站D口旁)宝能环球汇(西丽店)B1层B1053-C,
B2094554D068A4F44892,在巷子里,113.3249119,23.130821,天河南一路82号,
B2094255D26DA3FD419F,酒馆名字不够长躲在巷子里不容易被人们发现(紫金分店),113.27056,23.095749,江南西路紫龙大街23号101铺,
B2094253D36FA2FB4792,在巷子里的烤肉店,121.622507,29.876527,和美城广场32号1-3号,
B2094252D36FA1FD4498,在巷子里,114.065683,22.652429,马蹄山村六巷二号(华为地铁站D口步行250米),
B2094252DB6EA5FC439F,在巷子里(天河南一店),113.324872,23.130815,天河中心天河南一路82号104档,
B2094256DA6DA7FF4199,在巷子里螺蛳粉,110.59574,27.90808,警予东路129正东方向150米,
B2094256DA6FA3FA4892,在巷子里,114.71887,23.77167,永康路坚基越王广场第1层,
B2094252D369A4FC439E,德记源发炖汤(兴华二路冠城商业步行街店)肠粉,113.9032289,22.5652632,建安一路安华楼110号(灵芝地铁站A2口步行450米),
B2094252D365A2F44499,Reiko居酒屋·丽禾料理店,114.12037,22.542032,南湖路3009号国贸商住大厦一楼(近富苑酒店对面),
B2094252D365A4FA479E,达美乐比萨(留仙大道店),113.9644989,22.5826258,桃源街道平山社区留仙大道4168号众冠时代广场L1层,
B2094251DB69A0FA4699,MetPetal遇见花瓣,113.8875,22.542572,新安街道海旺社区欢乐港湾2号东L2-022A,
B2094252D06EA2F5479C,麦当劳(腾龙路分店),114.0255393,22.6222687,大岭社区红山6979红木街20-9,
B2094251DA6EA7F4499A,好好滋味茶餐厅(下沙店),114.026,22.527216,东涌路下沙村一坊13号1楼,
B2094251D76DA7F44299,菌园农庄(横岗店),114.1850381,22.6214349,横岗牛始埔金塘路南落马石2号,
B2094251D76EA4FD469E,大快乐面包店(西乡分店),113.8793048,22.5750573,西乡镇真理街54-56号(近北帝古庙),
B2094251D464A3FD4493,大随求素食(德信商务中心店),113.8730599,22.5731836,宝安大道3061号德信商务中心F2层,
B2094251D464A3F84099,大话三城重庆火锅(向银路店),114.2562248,22.7167524,区龙岗南联社区恒昌商务大厦一楼,
B2094251D56FAAFD4993,达美乐比萨(上合路店),113.9029332,22.5776863,新安街道上合社区32区上合花园1栋A、B、C、D座104,
B2094251DA6EA5FB4099,留仙洞美食城A区,113.928657,22.5859685,留仙村路与创业东路交叉口西北20米,
B2094251DB6DA6FA409C,为么斯·武汉特色烧烤(坂田总店),114.06228,22.64083,贝尔路黄金山临街商铺17号,
B2094251DA6FA3FA499C,鸟鹏烧鸟居酒屋(车公庙店),114.026691,22.532622,沙头街道天安社区泰然六路泰然科技园苍松大厦101号04-05单元,
B2094251DA6FA4F4409B,牛排家(深圳福田绿景NEO店),114.0296779,22.5359822,深南大道6011号NEO绿景纪元大厦A座M层A2,
B2094251DA68A0F9489B,粤菜王府(深圳大梅沙店),114.3142691,22.5975391,盐葵路9号深圳大梅沙京基洲际度假酒店首层,
B2094251DA68A5F4419F,翠华餐厅(深圳机场店),113.81097,22.630032,航城街道后瑞社区T3航站楼3C-02-09,
B2094251DA69A0FC4492,颐静园,114.1042615,22.5374115,南园街道东园路一号(红岭南地铁站C口步行230米),
B2094354D36BA2FF4899,颐静园韶关风味·早茶(东园大厦店),114.1042698,22.5374199,南园街道东园路一号,
B209425DD064A0F4429E,颐静园足道SPA养生汇,113.4024067,22.5097581,东裕路97号三层,
B2094257D065A5F94898,中国邮政储蓄银行喀左县颐静园支行,119.73927,41.12571,清安路9-21,
B2094251DA6AA0F54193,点都德(前海HOP店),113.887112,22.550719,新安街道兴华一路19号HOP天地二楼点都德,
B2094251DA6BA4F94799,乐宴老北京铜火锅(大富豪广场店),113.9051588,22.567384,前进一路161号大富豪广场,
B2094251DA65ABF4409C,龙发鸡煲(佳兆业店),114.1309893,22.6065855,布吉街道木棉湾社区龙岗大道佳兆业新都汇家园2栋L311-312,
B2094251DB6DA2FD4598,陶陶居(壹方中心),113.8871881,22.5528523,新湖路99号壹方城购物中心5层,
B2094252D06DABFF4992,八月堂小酒馆(松坑路店),114.29861,22.777748,金城路1号一栋104,
B2094252D06FABFE479C,徐记海鲜(京基一百店),114.1065385,22.5431015,深南东路京基一百大厦B栋三楼L325,
B2094251D665A1FC469A,喜茶(红山6979店),114.0249654,22.622464,民治街道红山六九七九商业中心(三期)11栋8座118、119,
B2094252D769AAFC409B,煮鲜·下酒菜·小酒馆(万科云城店),113.9429449,22.5729266,西丽社区留新二街万科云城泊寓商铺L1-09号,
B2094252D664A6F5449C,先启半步颠小酒馆(宝安坪洲店),113.8708044,22.5694162,海城路110号2层(坪洲地铁站B口步行90米),
B2094252D665A0FD469B,肥韬·香港金牌茶餐厅(华强北总店),114.0893668,22.5435094,华强北街道华发北路40-3号,
B2094252D665A6F54699,润园四季椰子鸡火锅(海岸城),113.9356987,22.5171347,粤海街道海珠社区文心五路33号海岸城广场401,
B2094252D665AAF9459C,孔境茶室(泰华梧桐岛店),113.83785,22.60599,泰华梧桐岛16A练实野,
B2094252D76CA7F9489A,炭舍·炭火干锅(深圳北店),114.03241,22.611723,深圳北站缤果空间购物中心2楼2A-06-A,
B2094252D76FA4F5479E,金椰壳新加坡海鲜(印力中心),114.0121098,22.5446546,农林路69号印力中心2层02-07A,
B2094250DA6DA6F84492,圣丰城酒家·宴会厅(宝安大仟里店),113.87263,22.570395,新湖路与海城路交汇处宝安大仟里L440-441(地铁1号线坪洲地铁站A出口),
B2094252D768A7F4439C,圣丰城(宝安大仟里店),113.87257,22.5705072,西乡街道海城路3号宝安大仟里4楼L440-441,
B2094252D768A5F44099,一盒叉烧(油画村店),114.1381846,22.6106417,布吉街道大芬社区大芬村简贝二巷3号101,
B2094252D76AAAFD4892,廊桥港湾,113.8881465,22.542609,新安西路华侨城欢乐港湾东区三楼,
B2094252D66BA4F5489A,米彩料理(西丽店),113.9491177,22.5842645,同沙路24号,
B2094252D76AAAF4499A,田也日式刨冰,114.056155,22.630013,坂田街道大发埔社区大发埔东村七巷4号105,
B2094252D76BA3FE459B,松鹤楼(深圳万象天地店),113.9559632,22.5414886,粤海街道深南大道大冲社区华润万象天地SL530(五楼)三巡海南鸡饭和国瓷永丰源对面,
B2094252D764A6FE4993,LIMTASTE(鹏基五星公寓店),114.1665257,22.566369,仙湖路108-2号(仙湖路地铁站C3口步行190米),
B2094356D06DA7FD429D,LIMTASTE绿门头甜品研究所(鹏基五星公寓店),114.173043,22.5721634,仙湖路108-2号,
B2094252D764A5FD439A,石磨竹窝肠粉(富怡花园店),113.8993874,22.5596852,新安街道43区兴华一路富怡花园1栋106号,
B2094252D764A5FB429F,老农民豆花饭,114.2236984,22.6995712,爱联陂头背村三巷2号,
B2094252D46CA0FD4893,大渔铁板烧(卓悦汇购物中心店),114.0599242,22.5691013,中康路卓悦汇购物中心3层L3-05号,
B2094252D46CA5F94698,台湾牛肉面微热山丘,114.13764,22.697393,横岭路31号,
B2094252D46CA4F8429A,味吉彩·日式拉面(罗湖店),114.121834,22.5428349,南湖街道嘉北社区深南东路3019号金城大厦121,
B2094252D46FA1FD479B,怂重庆火锅厂(深圳龙华壹方城店),114.0311293,22.643263,壹方天地C区壹方城3楼032号商铺,
B2094252D66BAAFF459B,麦当劳(深圳麦当劳大冲分店),113.9517832,22.5425633,科发路大冲新城花园2栋1D座裙楼,
B2094252D66BA6FD439C,欢乐牧场(iCO时尚购物领地店),114.036736,22.656067,东环二路8号iCO时尚购物领地F4-L4C-006,
B2094252D068A2FB499A,黑牛的店(欢乐港湾店),113.88788,22.542349,欢乐港湾2号东L2-020,
B2094252D169A2F84199,渝月(八卦岭店),114.1005947,22.5573382,八卦一路18-5号(园岭地铁站A口步行430米),
B2094252D068AAF9419F,家里头·潮汕味道(亿利达村店),113.922894,22.5255176,南山大道2009号亿利达村3栋107铺,
B2094252D065A5F4479B,一个锅韩式小馆(西乡店),113.8643633,22.5729435,西乡大道天琴阁14号一个锅韩式小馆,
B2094252D065AAF8469B,微公子韩式特色烤肉店(兴东店),113.9175357,22.5808818,新安街道兴东社区71区创业二路331号(兴东地铁站D口步行120米),
B2094252D16CA1F5409A,凯利港式茶餐厅(国贸店),114.1213396,22.5397298,"南湖路2064号1楼(凯利宾馆1楼,黄金海岸楼下)(金光华后面对面)",
B2094252D56CA3FE419E,老干杯(华侨城欢乐时光店),113.986972,22.544345,侨香路天鹅湖花园(三期)欢乐时光L2-24号,
B2094252D16DAAF5499B,八合里牛肉火锅(南湖店),114.12037,22.54199,南湖街道南湖路国贸商住大厦首层南侧,
B2094252D16EA5FD4792,钟华三叔公手工糯米糍,114.1410722,22.5505249,黄贝街道黄贝岭社区深南东路1002号黄贝岭上村30栋102,
B2094252D16FA2FC429B,蔡澜港式点心(深圳书城南区店),114.0593897,22.5465311,福中一路深圳书城中心城南区首层,
B2094252D16FAAF8479F,碧源农庄,114.1233762,22.6468142,布澜路129-1(即宝福珠宝路口),
B2094350D364A6FB4299,碧源农庄(龙岗店),114.1298215,22.6532385,布澜路129-1号,
B2094252D168A1F84298,Knockcup一楼半(卓悦中心东区店),114.066901,22.535745,卓悦中心东区一楼L151铺(岗厦地铁站B口步行50米),
B2094252D16AA6FE4499,顶鲜料理·居酒屋·铁板烧,114.0472293,22.7012282,大和广场沿河路28号(离茜坑地铁站1公里观澜中心花园旁),
B2094252D66BA0F5419D,蜑家菜,114.0633288,22.5242944,皇岗村下围一村4棟一楼(福民地铁站C口步行180米),
B2094252D16BABF4439A,野迹·石橄榄鸡·烧烤(新洲店),114.0465059,22.523606,中心村77号大榕树对面,
B2094252D16BAAF54899,玉椿烧鸟居酒屋(车公庙),114.025003,22.532747,沙头街道天安社区泰然四路泰然科技园211栋1A,
B2094252D165A3F94998,肖三胖老湖南土菜(科技园店),113.94464,22.536543,科苑南路综合服务楼1楼,
B2094252D66CA7F8479E,木屋烧烤(罗湖国贸店),114.1191997,22.5429266,人民南路与深南路交汇处汇金广场一楼,
B2094252D66DA5F4459A,闽和南(深圳万象天地店),113.956209,22.5414245,粤海街道大冲社区深南大道9668号华润万象天地SL336A,
B2094252D66DA4FB429C,寒野柴火鸡90分店,113.810899,22.6704794,福二路110号101鹏飞大厦一楼,
B2094252D668AAF8419A,香港新发烧腊茶餐厅(金光华店),114.12079,22.540408,嘉宾路湖心大厦1栋102、202,
B2094252D669A1FC4298,吴·现代潮菜(深圳店),113.9832496,22.5342617,深南大道9018号华侨城大厦E座E-101A,
B2094252D669ABF94893,巴奴毛肚火锅福田卓悦中心店,114.066201,22.536125,卓悦中心东区二层,
B2094252D66AA0F8479C,合气屋·糖果居酒屋(上海宾馆店),114.081812,22.54132,华富路1002-2(华强路地铁站B口步行360米),
B2094252D66BA1FD4999,喜茶(壹海城·玺湾店),114.2388243,22.5524629,海山街道办事处深盐路南面海山路北面壹海MallL1层008号(海山站A出口),
B2094251D76DA2F8499F,深圳本地菜小煵记·30年老字号,113.918992,22.520779,南山街道南新路1173号,
B2094251D66BA1F9429B,傲庐·飨酌,114.05563,22.533192,益田路5033号平安金融中心118层,
B2094256D668A2FA409C,木屋烧烤(南山万科云城店),113.9455852,22.572838,西丽留仙洞总部基地打石二路南侧云城万科里D绿廊(项目)L1层20号、L2层21号、L1层22号,
B2094556D26AA4F84599,乡村发现木桶饭,113.39828,22.95502,开发路1-9东北方向60米,
B209445CD16CA6F44099,乡村木桶饭(江南大学店),120.34087,31.4806,震泽路27号,
B2094556D26AA2F94393,乡村木桶饭云阳店,108.7068,30.92588,云江大道1097,
B2094257D56CA5FB4992,乡村木桶饭,113.792824441,22.685398391,广东省深圳市宝安区福海街道和平社区永和路骏丰工业园D栋8号,
B2094557D36FA7FD429A,乡村人家木桶饭,117.18353,34.26611,富国街2号(红跑车负一层),
B2094557D36AAAFE449E,乡村农家木桶饭(西丽店),113.95388,22.58193,留仙大道鼎新大厦附近,
B2094254D06AA7F8409B,乡村人家木桶饭,113.01137,23.12464,狮城路狮山广场内,
B2094254DB69A4FB429F,小乡村木桶饭,112.91729,23.20768,南丰大道104号黎北村A座8号西北方向110米,
B2094254DB69ABF8499C,乡村木桶饭,113.48565,22.26834,永兴路七村市场A28,
B2094254DB6AA3FD429E,乡村木桶饭,112.8419312,23.0637467,富景一路60,
B2094254DB64A0FB429A,乡村木桶饭,114.11184,23.1147,龙桥大道1280,
B2094254DB64A5FA4393,乡村木桶饭,114.47327,23.06973,马安镇新乐路口东北方向100米,
B2094255D268A2F44399,乡村味道木桶饭,114.06932,22.9747,司马小学附近东南方向90米,
B2094255D268A0F84493,乡村发现木桶饭清湖分店,114.06009,23.03831,企石环镇路528号102,
B2094255D365A5FC4092,乡村木桶饭,113.24591,23.34721,镜湖大道石塘工业园自编46号东北方向20米,
B2094255D16AA3F54398,乡村木桶饭,113.35439,22.66616,生发路15号正北方向10米,
B2094255DA6AAAFB4892,乡村木桶饭(建设西路店),104.274638,26.867938,威宁彝族回族苗族自治县建设西路岔会展中心岗亭下面18号,
B2094256D56AAAFC4098,乡村木桶饭,113.61883,22.98188,洪尧路25号101,
B2094256DA6DA0FE4098,乡村木桶饭,114.92696,27.00748,井冈山开发区德逸国际10栋1-14正西方向10米,
B2094257D76DAAFD4398,渡小凤猪肚鸡汤火锅(大仟里购物中心店),113.8932796,22.775287,"松柏路,大仟里综合体五楼L502",
B2094257D76EA0FC4099,米芝莲(深圳万象天地诚品店),113.958904,22.542981,粤海街道大冲社区万象府国际公寓LG40-41(诚品生活)华润万象天地NL133号铺,
B2094257D76EAAF4449D,八合里牛肉火锅(水围店),114.062597,22.5205161,水围七街178栋1层底商,
B2094257D769A6F54193,胖子牛蹄店,113.9305519,22.48525,湾厦路42-3号(东角头地铁站A口步行120米),
B2094257D46DA3F5439F,旺顺阁鱼头泡饼店(海上世界店),113.91561,22.482042,招商街道水湾社区工业二路海上世界广场海上世界船尾广场1栋305,
B2094257D468A1F84398,海底捞火锅(南山京基百纳店),113.9687425,22.5311022,沙河街道白石洲东社区白石路168号御景东方L3-01,
B2094257D468AAFC4098,香港新发烧腊茶餐厅(书城店),114.108634,22.540093,书城路一号都市名园综合楼首层101-A2,
B2094252D468A3F9419D,香港新发烧腊茶餐厅·宴会厅(书城店),114.108634427,22.540077854,广东省深圳市罗湖区书城路一号都市名园综合楼首层101-A2,
B2094257D468AAFC4199,香港新发烧腊茶餐厅(万象店),114.10993000003,22.539080000031,广东省深圳市罗湖区万象街9号,
B2094257D46BA2F9489F,曼格海鲜自助西餐厅(光明大仟里店),113.8935999,22.7758485,光明大仟里L3层L301-,
B2094257D56CA6F5479A,泰珍荟(深圳湾万象城店),113.946291,22.516529,科苑南路2888号深圳湾万象城三楼L301,
B2094257D56DA3F5459D,海底捞火锅(益田假日里店),113.9631971,22.5828621,留仙大道4168号益田假日里5层6号,
B2094257D569A7FE459E,海底捞火锅(益田假日里店),108.882454,34.194951,锦业路7号益田假日里4楼402-404号,
B2094257D06EAAF84893,费大厨辣椒炒肉(深圳卓悦中心),114.0600635,22.5697167,上梅林中康路卓悦汇购物中心6楼612,
B2094257D56EA2FC439F,潮旺渔港(观澜分店),114.02323,22.728498,荣富路桔岭新村入口,
B2094257D56FA3F84598,BEZZA白札·烤芝士工作室,114.139534,22.55029,黄贝岭二路黄贝岭中村676栋西堤公寓,
B2094257DA6FA7FB459E,悦满楼·西关名点·湛江名菜(航空综合大厦店),113.904142,22.56419,新安街道建安社区建安一路250号航空综合大厦一楼,
B2094257D569A7F94092,悦满楼·西关名点,113.9040943,22.5641635,新安街道建安社区建安一路250号航空综合大厦一楼,
B209425DD06CA2F94999,悦满楼·西关名点·湛江名菜(东方明珠大厦店),113.8979874,22.5755819,31区前进一路186号东方明珠酒店105,
B2094257D565A3FA439B,乐宴老北京铜火锅(中航店),114.08289,22.54134,深南中路3024号(华强路地铁站B口步行180米),
B2094257D565A2F44298,百味石磨肠粉,113.8366167,22.6315245,航城街道后瑞社区七巷八号102,
B2094257D565A6FA489C,野妹经典火锅(宝安大仟里店),113.873656,22.571204,西乡街道海城路大仟里购物中心二楼L237-238室(上河坊楼下),
B2094257DA6EAAF44192,八合里海记(KkOne店),114.0271077,22.527671,沙头街道下沙社区滨河路9289号下沙村京基滨河时代广场四楼L401,
B2094452D36AA6FA499E,79号渔船罗湖店,114.1117934,22.5414261,宝安南路1054号湖北宝丰大厦1-3楼,
B2094257D664A0FE489C,79号渔船海鲜饭店(宝丰店),114.1117787,22.5413917,宝安南路1054号湖北宝丰大厦2-3层,
B2094257DA68A1FC439A,岩盐日本料理(嘉里店),114.0574149,22.5354182,中心三路嘉里建设广场3座1层103A室,
B2094256D565A6F8489D,鮨一日本料理(大中华店),114.0688759,22.5392367,深南路1003号大中华国际金融中心C座1层,
B2094256D664A1FF4198,79号渔船海鲜饭店(龙华店),114.029397,22.647078,壹方天地B区3层,
B2094256D665A5FE4792,蔡澜Pho(深圳湾万象城店),113.9463022,22.5163995,海德三道华润深圳湾万象城B1层177号,
B2094256D76DA3F94098,肥韬茶餐厅(深圳总店),114.089363,22.543504,华强北街道华发北路40-3号,
B2094256D76DA0FB4192,小炳胜(海岸城店),113.934725,22.517235,粤海街道文心五路33号海岸城购物中心负一层045号商铺,
B2094256D46CA7FF429D,海底捞火锅(新沙天虹店),113.80014,22.730865,沙井西环路2105号新沙天虹购物中心7层712号商铺,
B2094256D46DA7FA469D,合气屋·居酒屋,113.9228985,22.5252387,南山大道亿利达村3栋(南山地铁站H口步行170米),
B2094251D06AABFF4999,合气屋·糖果居酒屋(三里屯店),116.45095,39.931526,工体东路东侧中国红街6号楼美林大厦1层背面0110(小龙坎楼下),
B2094252D66AA0F8479C,合气屋·糖果居酒屋(上海宾馆店),114.081812,22.54132,华富路1002-2(华强路地铁站B口步行360米),
B2094251D364A1FD439B,合气屋·糖果居酒屋(下沙店),114.02574,22.528032,滨河大道下沙花好园125号,
B2094250D368AAFF449B,合气屋居酒屋,113.92292,22.525204,南山大道2009号亿利达村3栋112,
B2094256D464A4F54499,深圳四季酒店·卓粤轩,114.0581386,22.5329651,福华三路138号四季酒店3层(近会展中心),
B2094256D465A7FF439D,新宝餐厅西荟城店,113.8160997,22.73228,新沙路华盛新沙荟名庭一期L1-09铺,
B2094256DA6EA5FD479E,点都德(卓悦汇店),114.0607036,22.5701126,梅林街道中康路卓悦汇商城商铺L1-37L2-35L2-36一二楼,
B2094257D36AA4F9459A,汕头潮德阿水牛肉店白石洲直营店,113.9670995,22.533084,石洲中路38号(世纪村东门对面),
B2094256DA6FA2F4409D,喜之次日本料理沙井西荟城店,113.8180028,22.7327638,新沙路448号西荟城购物广场A区1层,
B2094256DB6DA0F8469D,希尔顿逸林酒店開海鲜自助餐厅,114.0358,22.65658,龙华区龙华街道东环二路8号维雅德酒店A座,
B2094256DB6EA0F9469A,八合里海记牛肉店(海岸城西座),113.9361666,22.5180313,南山街道文心四路34号海岸城西座3楼301A-302A,
B2094256DB6EA7FD479A,白塔牛肉粿条汤(罗岗店),114.1289915,22.5917473,罗岗路91号,
B2094256DB6EA6FF499B,海底捞火锅(沙井京基·百纳广场店),113.8053087,22.728539,沙井街道沙井路168号中熙广场沙井京基百纳六楼618a号商铺,
B2094256DB6FA7FA4493,一安料理(网红拔草店),114.02435,22.649578,龙发路130号碧波花园12栋,
B2094256DB68A7FD499E,蔡林记(深圳福田地铁店),114.058572,22.5350266,福华路连城新天地一期负一层,
B2094257D268A6F4409C,荞上人活鳗日本料理(购物公园店),114.0540119,22.536428,福华一路购物公园北园A区306号,
B2094257D269ABFE419C,gaga鲜语(华润城万象天地),113.9566187,22.5416689,粤海街道深南大道华润万象天地L3层SL309号商铺,
B2094257D36CAAFF4799,莱佛士云璟中餐厅,113.94242000003,22.506240000032,广东省深圳市南山区中心路3008号深圳湾1号T7鹏瑞莱佛士酒店70楼,
B2094257D36EA3F84298,香港新发烧腊茶餐厅(靖轩豪苑店),114.1390096,22.5478295,黄贝街道黄贝岭社区深南东路1002号黄贝岭三路1号靖轩豪苑102铺,
B2094257DA6FA4FF459A,海底捞火锅(石岩星城店),113.9484227,22.6797049,石岩街道宝石东路与羊台山路交汇处星城购物中心四层L411/L412号,
B2094257DA68A6F8439D,汤姆大师傅(深圳保利文化广场),113.938653,22.5174262,文心六路4号深圳保利文化广场A区F1层,
B2094251D36CA1F8459B,八合里牛肉火锅(壹海店),114.238561,22.5520396,海山街道深盐路南面海山路北面壹海MallL4-001号商铺,
B2094251D368A2FB489D,农耕记(福田边防大厦店),114.0839288,22.5359533,华强北街道福景路5号广东边防大厦1层(领袖KTV1层),
B2094251D368A7F44493,绿茶餐厅(马成时代广场),114.0530379,22.5200322,石厦北二街西新天世纪商务中心马成时代广场4层407,
B2094251D36AA7F8499C,大东海海鲜烧烤广场,113.8085777,22.6633696,广东省深圳市宝安区福海海鲜市场C栋101,
B2094251D36BA5FE4792,陶粥记(梅林店),114.053611,22.5639948,梅村路1号梅林生活中心1楼玻璃房102号,
B2094251D364A4F4479A,纳瓦新疆音乐餐厅(红山六九七九商业中心店),114.0253066,22.62156,红木街红山六九七九三期11栋264号(红山地铁站D出口),
B2094251D365AAFC489C,广德记手制甜品·椰子冻·糖水·酸奶,114.06358,22.518612,福田街道福强路水围村49栋102,
B2094251D06DABFD419F,老干杯(深圳湾万象城店),113.946572,22.5167825,科苑南路2888号深圳湾万象城A区L4层L436、L438,
B2094251D06EA3FB439D,点都德(华强北店),114.0929161,22.543626,燕南路13号宝树台CICCI MALL二楼(燕南地铁站A出口),
B2094251D06BA1FB4292,王品牛排(深圳华侨城益田假日广场店),113.975344,22.537348,深南大道9028号益田假日广场3F,
B2094251D36CA1FD409E,大随求素食美食城(宝体店),113.879906,22.563929,新湖路与玉律路交汇处华美居商务中心D区2号楼1号铺(地铁1号线宝体站B出口),
B2094251D16DA0FE479A,丰豪烧烤大排档·生蚝(学府店),113.92336,22.52746,学府路66-11(近南山11号线地铁H口),
B2094251D16DA7FD429E,海底捞火锅(塘朗城店),114.000479,22.589407,桃源街道福光社区塘朗车辆段旁塘朗城广场(西区)A座B座C座商业514-515,
B2094251D16DABFD489B,四叶寿司(华侨城店),113.988937,22.5328559,深南大道9001号锦绣中华大门东侧50米(大水车后面),
B209445DD66FABFD4999,四叶寿司(华侨城一号店),113.929548,22.53132,西海明珠大厦西侧200米,
B2094251D16EA0F54198,羊妈妈(桂园总店),114.11324,22.548347,桂园路果园东8号七天酒店1楼,
B2094251D16EA7FB469A,悦得闲广式点心茶楼(龙岗中心城店),114.232491,22.721205,禾田路52号上影影城1楼,
B2094251D168ABF54092,喜茶(壹方天地A区店),114.027508,22.6488882,人民路与八一路交汇处壹方天地A区L1-015/016层商铺,
B2094251D169A0FF429D,鹤隐山房,113.9832327,22.588792,桃源智谷A区29栋一楼,
B2094251D165A2FE4193,同仁四季音乐主题餐厅(万科云城店),113.9454382,22.5741834,打石二路云城万科东里商业区L2-023-025号(东里街边铺位),
B2094251D165AAFD499D,海底捞火锅(太子广场店),113.9142931,22.4844913,招商街道太子路太子广场四层L4-36-37号商铺,
B2094251D165AAF5409B,波仔炒粉档(鹤洲市场店),113.8605841,22.6239419,西乡街道101鹤洲市场4号铺,
B2094251D66EA1FD4992,拾号牛扒(KKmall店),114.107005,22.5441514,桂园街道老围社区深南东路5016号蔡屋围京基一百大厦A座裙楼四楼417号铺,
B2094251D36CA1FD4993,石岩美食文化街,113.93154,22.677002,359省道瑞兴旁,
B2094256D464A2FF4799,全汁全味驴庄(前埔南路店),118.17004,24.457937,前埔南路260号之2,
B2094453D169A7FF489A,全汁全味驴庄常平分店,113.95965,22.94756,常平镇美景东路1号,
B2094252D168A1F44199,全汁全味驴庄(沙井店),113.85765,22.729181,新桥社区新玉路湾景商务中心4栋1-169号,
B2094252D764A6FD4399,全汁全味驴庄(观澜店),114.09781,22.74494,裕展四路大水田村生态园农庄(观澜版画基地旁),
B2094556D765A2FA449F,全汁全味驴庄,113.9032841,22.7828181,红花北路红花山58号,
B2094251DB6CA3FD449B,全汁全味驴庄,113.32501,22.515549,隆兴中路30号(富邦汽车维修中心往沙溪镇中心小学50米方向),
B2094251D26CABF44998,全汁全味驴庄,114.0985187,22.556908,鹏程社区八卦一路123号盛世鹏程东区二楼210号,
B209425CD36CABFF439B,全汁全味驴庄(陆河店),115.681795,23.302262,河田镇河东下半径村18号,
B2094355DA65A3FF4293,全汁全味驴庄(北逻店),110.93795035174,22.384396849959,北逻村村委会,
B2094255D365A4F8499A,原汁全味驴庄,113.13374,23.04552,桂城南一路13西南方向190米,
B2094256D56AA5FC4399,原汁全味驴庄寮步店,113.8544,22.99496,寮步富兴路70正北方向70米,
B2094251D26CA4FB4893,全汁全味驴庄,114.2495917,22.6607989,横坪路简清园1号,
B2094257DA68A4FB459F,老吉士上海菜(深圳湾万象城店),113.946319,22.5165995,科苑南路2888号深圳湾万象城A区L4层L401,
B2094250D265A4F9449D,银茶·遇见茶社,113.9832981,22.5902272,桃源街道塘朗社区学苑大道大沙河生态走廊塘朗地段咖啡厅101,
B2094257DA68AAFB4292,探唐烧烤(横岗银信店),114.2040179,22.6472364,四联路43号一楼,
B2094257DA69A6FC4798,农耕记(宝安大仟里),113.873208,22.571392,西乡街道海航城路3号前城滨海花园2栋L431-433,
B2094257DA64A5FB499D,茶二·精萃茶店(壹方天地店),114.02756,22.648853,人民路4022号2栋壹方天地A区L1-017,
B2094257DB6DAAFB459C,21天的秘密·干式熟成牛排餐吧,113.9163952,22.4854077,兴华路汇港购物中心一层东门118-120,
B2094255DA6EAAFC449E,21天的秘密・干式熟成牛排餐吧,113.91653,22.48548,兴华路汇港购物中心1层东门118-120,
B2094254DA64A3FD4699,北京羲和雅苑烤鸭坊(华润城万象天地店),113.95711,22.541174,粤海街道深南大道9668号华润城万象天地L2-SL257,
B2094257DB69AAF9419D,北京羲和雅苑烤鸭坊(万象天地店),113.956927,22.5413892,粤海街道大冲社区华润万象天地SL614,
B2094257DB65A5F5459F,佳友重庆乌江活鱼店(燕南总店),114.092427,22.545485,燕南路403栋8-9号,
B2094257DB65A4FD429D,一安寿司刺身(龙华店),114.024339,22.6495746,碧波花园12栋3铺,
B2094250D26EABF5469C,石居日式料理(坂田星河店),114.059596,22.604039,坂田街道南坑社区雅宝路1号星河cocopark2层L2C-019,
B2094453D46EA0FB449A,六婆串串香,120.99689,31.35931,富华路134-144号,
B209445CDA68A0F5499E,六婆串串香火锅,122.9748,41.10908,民生西路9,
B209445DD66AA5F8449F,六婆串串香火锅八七路店,118.6376385,24.727391,房地产大厦1楼,
B2094453D664A2FA469C,六婆串串香火锅(文化东路店),117.061692,36.6550615,文化东路51-7号,
B209445DD66EABF44593,六婆串串香火锅(石狮分店),118.641744,24.743304,湖滨狮城帝苑一期3号楼D101号,
B2094655DB6FA7FF439E,六婆串串香(王府井店),104.081551,30.658367,锦江区华兴东街56号,
B209445CDA68A4FF449E,六婆串串香火锅,119.1453,36.7099,公安巷祥河苑网点,
B209445CD56CA4FF449E,六婆串串香火锅四平路店,119.115768,36.7180068,四平路与福寿街交叉口南约50米路西,
B2094556D46FAAFD4692,成都六婆串串香火锅(抚顺店),123.91026,41.8783,宁远街21号,
B2094753D464A3F9499F,延安六婆串串香,109.494049,36.595859,宝塔区中心街治平大厦10楼,
B209445DD364A5FC459F,六婆串串香抚顺店,123.9529,41.88259,印象新城・购物中心3层,
B209445DD36CA7F84798,六婆串串香火锅盘锦旗舰店,122.05109,41.12148,鑫园小区A,
B209475CD06FA4FF4292,六婆串串香火锅(公园路店),107.14305509003,34.358023930503,公园路74号,
B2094757D468A5F94998,六婆串串香（东升街店）,104.078,30.65001,锦江区东升街(近红星路隧道南出口),
B209445DD264A0F8439E,六婆串串香火锅圣熙八号店,116.35544,40.00892,学清路甲8号商业广场2号楼1层6号-2,
B209445CD165AAF44699,六婆串串香,123.40368,41.86872,北固山路12-13,
B209475CD564A5FC4998,六婆串串香司门口店,114.29874,30.541573,武昌区解放路338号ATM潮流百货五环峰广场2楼(直达电梯旁),
B209445DD365A4F9419D,六婆串串香火锅,116.68419,39.53618,万向城1/2层,
B2094757D46EA3FA489F,六婆串串香（浆洗街店）,104.0575,30.642288,武侯区浆洗街(近中信银行),
B2094557D26BA2FF439B,六婆串串香火锅(安庆店),117.05181,30.52419,市府路17号正西方向160米,
B2094250D264AAFC499C,ouur偶屋(金梅花园店),114.0422951,22.5656475,梅林街道梅河社区梅林路159-13号,
B2094250D36EA2FE469E,gaga(深圳湾万象城店),113.9465157,22.5159197,粤海街道海珠社区科苑南路2888号深圳湾万象城L380,
B2094254D66BA1FB429B,颓记茶餐厅(夏湾店),113.54222,22.219854,夏湾粤华路371号2商铺,
B2094252D46CA7FB4092,颓记茶餐厅(美景店),113.5614324,22.2277987,拱北水湾路221号美景花园19栋首层A号旁,
B2094252D064A7FE499F,颓记茶餐厅(横琴店),113.549375,22.114873,横琴新区天河街9号,
B2094253D56DAAF44593,颓记茶餐厅(坂田店),114.064723,22.645472,坂田街道万科城社区新天下住宅楼1栋1楼117号,
B2094256D469ABFC469E,颓记(亮珠百货店),113.555045,22.223684,莲花路245号亮珠百货F1层,
B2094257D568A1FB4199,颓记饮品,113.56135,22.22767,广东省珠海市香洲区水湾路221美景花园,
B209425DDB6AA0F44793,颓记茶餐厅(吉大店),113.5808715,22.2525652,景园路15号珠宝大厦,
B2094250D36CA5FE479C,颓记冷热饮品精美小吃,113.542200899,22.219831799,广东省珠海市香洲区粤华路371号附近,
B2094253D46CA5FA4093,颓记(香洲店),113.52392,22.270873,敬业路51-009号创想公社,
B2094354D169A5F4479E,颓记茶餐厅(上合花园店),113.90447,22.579526,32区上合花园2栋H座1楼43号,
B2094355D16EA1F4439B,颓记茶餐厅(美景总店),113.5614527,22.2277995,拱北街道拱北水湾路221号美景花园19栋,
B209425CD569A4FD439C,颓记茶餐厅(新香洲店),113.52374,22.270802,敬业路新香洲创想公社·火花SPARK(旺角百货西),
B2094251D26CA5F54699,颓记,114.0405127,22.6599911,梅龙大道和景龙建设路交汇处百富汇建材城旁边正西方向180米,
B2094250D368ABFB489E,靓靓蒸虾(南山店),113.9225293,22.5247677,桂庙路46号(南山地铁站H出口),
B2094250D365A4F8429F,光明招待所餐厅,113.944829,22.76415,法政北路26号(光明大街地铁站B口步行310米),
B2094351D264A6FE419A,光明招待所(光明老店),113.9451321,22.7644732,法政北路26号,
B2094250D06CA6FE4093,南街清补凉(黄贝岭店),114.13318,22.546632,清平路11-6号(黄贝岭地铁站F1口步行210米),
B2094250D06EA3F4489A,露两手顺德菜(龙华旗舰店),114.0208354,22.6499977,龙华街道和平路307号(龙华地铁站D口步行200米),
B2094250D664A3F4449F,润园四季(卓悦汇INJOY购物中心),114.0605,22.568983,中康路126号卓悦汇INJOY购物中心L5,
B2094250DA6EA6F9419F,一个锅(海岸城东座),113.9377224,22.5178367,粤海街道海珠社区海德三道15号海岸大厦东座169,
B2094256DB68A3FF459C,Titalk cafe踢桃咖啡,116.647217,23.6615271,灶巷19号,
B2094253D368A6FD479B,踢桃屋·猫狗休闲,116.640242,23.568552,299乡道与下阁洲南路交叉口西180米,
B2094354D668A4FE4699,踢桃咖啡制造,116.6472213,23.6592478,太平路家伙巷23号,
B2094253D16DA0FE4892,拉踢桃LATITAO东南亚餐吧,116.1716441,23.2949141,人民公园东门光明路20-21号商铺,
B2094250D36EAAF4419C,踢桃无限公司,116.718903427,23.355652854,广东省汕头市龙湖区中信海滨花园西区西二门15栋10-11车库,
B2094251D66CABFC4992,乐踢桃LATITO,116.6069485,23.252531,文光桃园钟厝地新路南三横8号铺,
B2094354D269AAF84093,踢桃演艺空间(保利广场店),113.3837121,23.098757,新港路10号保利广场6M层01商管办公室隔壁,
B2094251D66BA0FA4192,Titao踢桃露天吧,115.65211,22.943434,金碣路48号,
B2094251D26CA0F44493,踢桃,114.1467462,22.6048135,南新路12正西方向50米,
B2094251D26CA7F54498,道清茶社,114.0428562,22.5410332,莲花街道办深茂商业中心一楼101道清茶舍,
B2094251D26CA6FB4498,待续茶人,113.9262438,22.4869857,石云路3-4号兴业银行旁,
B209425DDA69A7FC4999,潮发潮汕牛肉店(万象前海店),113.8995359,22.5311267,桂湾四路169号万象前海F3层,
B209425DDB6EA1F9489C,CherryPop%喫茶店,114.0638616,22.6329771,长坑路东一巷6号B座一楼店面,
B2094453D46BA7FF419A,永新独一家乡村土菜馆,115.90707,28.67383,江西省南昌市西湖区丁公路街道北京西路74号南昌城市便捷酒店(八一广场中心店),
B2094555D664A1F9449A,永新土菜馆,114.16439,26.57419,五井路6号20栋,
B209445CD36DA7FE4898,鲜一味肠粉(富华中路店),113.36459,22.947,富华中路58号,
B2094253D66AA1FD419F,茶满方庭(中华城店),118.081768,24.453146,思明南路127号之3号,
B209425CD168A3FF449C,茶满方庭,118.5906092,24.9124816,开元街道西街8号,
B209425CD165ABFA4898,茶满方庭(烟台山店),119.311385,26.0444949,仓前街道仓前路7号M5-L1-05,
B209425CD46CA4FD489F,茶满方庭(厦门湖里万达广场店),118.1773225,24.5055355,仙岳路4666号万达广场厦门湖里店F1层,
B2094357D16CAAFF4599,茶满方庭(三坊七巷店),119.29568443835,26.085847768184,杨桥东路46号店面,
B2094350D064A1F44393,茶满方庭(新世界百货2期店),116.4172452,39.896476,崇文门外大街3号新世界百货二期1层进大门直行30米,
B2094253DB6DABFE459E,茶满方庭(果壳街区店),118.106255,24.470744,梧村街道后埭溪路22-2-(果壳街区出入口旁),
B209425CD765A3FD419D,茶满方庭(五缘湾天虹店),118.1603919,24.510083,金湖路516号乐群大厦五缘湾天虹商场负一楼B032c服务台对面,
B209425DDB65A1F94399,茶满方庭(仓山欢乐颂店),119.268074,26.033911,浦上大道306号福州仓山欢乐颂F1层,
B2094354D469A2FE479D,茶满方庭,119.8258541,25.581606,北港新门前,
B2094355D76EAAFF479D,茶满方庭(砂之船奥莱店),118.19136605914,24.528239201636,环岛东路2488号砂之船奥莱b馆中庭,
B2094356DB6AA4F9449F,茶满方庭(集美银泰店),118.10770517193,24.589430310074,福建省厦门市集美区侨英街道银泰百货(厦门集美店),
B2094357DA6DA4F8419B,茶满方庭(漕河泾印象城店),121.40005435245,31.162298282313,上海漕河泾印象城,
B2094255D36BA0F84193,方满庭茶坊,106.59127,29.58202,弹子石新街1号7幢3-1东南方向20米,
B2094253D26BA7F5479B,京樱日料·铁板烧,118.583436,24.832666,双龙西路88号爱乐国际酒店一楼京樱旗舰店,
B2094357D66BABFE409B,温德莱·WONDER LIFE ·中西餐,113.14452455971,23.048878696331,桂城街道街岐健南路3号致越优城广场A栋7楼,
B2094554D66EA3F8409A,莱昂马克斯中心温德姆嘉登酒店(Wyndham Garden León Centro Max),-101.636266,21.101777,"BlvdAdolfoLopezMateos2510,Col.JardinesdeJerez",
B2094554D66CAAF44392,北卡莱尔温德姆戴斯酒店(Days Inn by Wyndham Carlisle North),-77.1315,40.23423,1255 Harrisburg Pike,
B2094252D46AA7F84092,毛球烫成都串串,118.78849,32.036766,抄纸巷6-13号,
B2094256D46DA6F84699,海记石磨肠粉,113.588071,23.533046,江埔街海塱村156号106-107铺,
B2094256D56AA6F9409D,海记石磨肠粉,113.09017,23.00339,三友南路17东南方向140米,
B2094656D46EABFE4898,金盛扁食坊·家宴(金水公安分局家属院店),113.677804,34.766667,经五路与纬一路交叉口1-16,
B209425CD765ABFC4393,笨豆腐居民楼菜馆(老火站对面江特店),114.389724,27.7874357,江特电商文化创业园东风大街10号,
B209425CD665A4F44399,笨豆腐居民楼菜馆(枣树园店),114.413584,27.820703,明月北路1098号枣树园A6栋20号,
B2094354D26DABFE469A,笨豆腐居民楼菜馆(学府路店),114.370946,27.7908755,学府路145号金沙广场对面,
B2094354D66FA6FD409F,笨豆腐居民楼菜馆(天津首店),117.2238672,39.1390393,新浦路未来里底1号增2号,
B209425DD569A3F5459F,笨豆腐居民楼菜馆(柳园花园店),113.8423314,27.6429961,,
B209425DDB6DABFA479A,笨豆腐居民楼菜馆,113.1455365,29.382958,金电花园东北门旁,
B2094252D26FA4F4479C,鱼味正浓笨豆腐鱼火锅(创始店),108.96823,34.321854,凤城三路曹家庙社区二号楼112-02号商铺,
B2094354D36BABF4429E,笨豆腐居民楼菜馆(樟树店),115.5420317,28.0465081,杏佛路88号曼哈顿32栋132号,
B2094355D468A5F84298,笨豆腐居民楼菜馆·江西小炒(天津开发区店),117.7066253,39.0294518,第三大街32号（好利来和星巴克中间）,
B2094355D76FAAFA489D,笨豆腐居民楼菜馆·江西小炒(南开店),117.172735,39.1344843,南开三马路8、10号名特购物中心首层104、105AB-6,
B2094354D66EA5FE4699,芦溪县武功山笨豆腐居民楼菜馆,114.0485987,27.636718,站前二路,
B2094354DA65A5F4469B,笨豆腐居民楼菜馆荆门店,112.2034437,30.982492,深圳大道天安财险隔壁,
B2094356D76AA3FD489E,笨豆腐居民楼菜馆(抚州临川店),116.35124345181,27.965212343682,南门路888号,
B2094354D56AA4F5419C,笨豆腐居民楼菜馆,114.523716,29.006609,义宁镇良塘新区万象新城B栋1号楼一层111-112号铺,
B2094350D564A6F5459D,笨豆腐居民楼菜馆(慧学道店),117.1154788,39.0590648,天津市西青区精武镇文博园,
B2094354D66AABF4409E,万载笨豆腐居民楼菜馆,114.451226,28.10019,康乐街道宝塔路71号-1号(万载宾馆内一楼),
B2094354D46CA1F8459D,萍乡市世家冲笨豆腐居民楼菜馆二店,113.8746166,27.6225027,崔三疯渣渣牛肉火锅米线锦江华庭,
B2094357D66FAAF4499B,笨豆腐居民楼菜馆·江西小炒(天津空港店),117.3997133,39.1637181,空港经济区瑞航广场D3-6号-107A（铂悦酒店旁）,
B2094350D069A7F5489B,笨豆腐居民楼菜馆(太湖路店),117.23590772521,39.081668638434,天津市河西区-太湖路17号-增3号,
B2094350D569A0FD4099,辣伯说笨豆腐居民楼菜馆,113.8506575,27.6534013,雍华庭西2门旁,
B2094352DA64A2F54399,ÉPICE泷莚·空中花园餐厅(平安金融店),114.05572,22.53333,平安金融中心PAMALL（L6层）,
B2094651D46EAAF9429E,泰阳通信手机连锁市心广场北大门店,120.26954,30.16454,浙江省杭州市萧山区城厢街道香江大厦潇湘公寓,
B2094253D668AAFB459E,探海.潮汕砂锅粥海鲜大排档(岗顶店),113.3381,23.133838,尚品天河F2,
B2094757DA6CA6FC4899,肥佬潮汕砂锅粥大排档,113.886955,22.985334,中国广东省东莞市区香市路,
B209445CD36BA3FA479C,钟记潮汕砂锅粥大排档,114.05834,22.52551,皇岗吉龙二村37-1号,
B209445DD069AAF8489D,潮汕明兴砂锅粥冰鲜海鲜大排档,114.03394,22.62989,民安路64,
B2094554D06DA3F54193,耿记潮汕大排档砂锅粥蕃薯粥(信达美食广场店),114.108347,22.608526,布吉街道西环路6号综合楼c栋一楼c31c32号,
B2094354D56FA6FA4193,潮汕砂锅粥大排档,113.1444241,23.0395174,桂城街道西约雷岗环山路26-28号,
B2094554D06EA5FC4593,阿土伯潮汕砂锅粥·广东海鲜大排档(安乐林路店),116.41901,39.86562,安乐林路8号，安乐林路与蒲黄榆二巷交叉口,
B2094355D064AAFD419B,门兴记潮汕砂锅粥·大排档(奥体店),123.46714064344,41.745004239248,富民南街6-15号15-2门,
B2094453D169A5FD469A,宝记潮汕大排档砂锅粥,113.92888,22.93474,长塘长顺街293号101,
B209445CD06DA3FA4992,如意好粥道潮汕砂锅粥大排档,114.10327,22.57378,金湖路8-15,
B209445CD06DA1FE479B,潮汕砂锅粥大排档(宝丽路店),114.11288,22.5959,广东省深圳市龙岗区布吉街道宝丽路粤宝市场,
B2094554D06AA1F44293,波记潮汕砂锅粥大排档,114.03502,22.62303,民治塘水围宝山工业区八栋104号铺(皓源酒店旁边),
B2094555D26CA4F8489E,东盛潮汕砂锅粥大排档,114.16932,22.83971,清溪镇鹿鸣路101号东南方向30米,
B2094555DB6DA7F5489B,尚客潮汕砂锅粥大排档,114.02218,22.65616,骏华北路7,
B2094555DB68ABFD479B,潮汕大排档-宵夜砂锅粥,113.3695,23.13411,"上社胡岗大街四巷28号(阿强酸菜鱼旁美食街内,直走500米,上景园宾馆旁边)",
B2094557D26EA6FD409B,潮汕砂锅粥大排档(大浪南路店),114.0172,22.66965,大浪南路茶缘茗茶旁,
B2094557D169A1FE499E,潮汕砂锅粥宵夜大排档(铁昌路店),106.07911,30.80428,铁昌路312号,
B2094254DB69A6FD459E,德记潮汕砂锅粥大排档,113.35923,22.31964,神湾大道中126号之1B正北方向80米,
B2094254DB69ABFA469B,新安大排档潮汕砂锅粥,113.37206,22.69247,广东省中山市黄圃镇启业北路,
B2094254DB64A7FA4598,景记潮汕砂锅粥大排档,113.9184,22.73078,公明街道甲子塘市场旁边(盛世华联百货侧门旁边),
B2094352D768A6F94098,春山煮叶(深圳大悦城购物中心店),113.9013354,22.5692869,广东省深圳市宝安区创业二路与前进一路交汇处深圳大悦城购物中心F1,
B2094352D66FAAF84999,来呷潮汕生腌,114.0620012,22.5193171,公园一街水围1368文化街区南一街157栋1楼2号,
B2094352D668A6FD489D,那时新疆(深圳湾万象城店),113.9438131,22.5154517,广东省深圳市南山区粤海街道海珠社区科苑南路2888号深圳湾万象城C区B1层CB130号,
B2094352D76CA4FA4498,彭年万丽酒店·云景轩旋转餐厅·云端聚会约会,114.122601,22.541055,嘉宾路2002号彭年万丽酒店50楼（金光华、万象城旁）,
B2094352D76DA2FC4198,柴米多CHIMIDO·农场餐厅(深圳湾万象城店),113.943242,22.514605,深圳市南山区粤海街道深圳湾万象城二期C区L3层CL305,
B2094352D768ABF54493,春风民谣烧烤·酒馆(同泰时代广场店),113.8038717,22.678101,深圳市宝安区福海街道桥头社区同泰广场L1层-59号,
B2094352D768AAF54692,潮八珍橄榄鸡煲(万象汇店),114.1313283,22.5922265,翔鸽路布吉万象汇购物中心L3层L372号,
B2094352D76AA3F4459E,来菜·湖北头牌藕汤(深圳大悦城购物中心店),113.9024025,22.5691281,前进一路77号中粮大悦城3层L311,
B2094352D76AA7FF429A,七甜三秋(阳基商业广场店),114.045927,22.5142092,新洲南路2008号E108号铺位,
B2094352D76AA6FE479C,福和面馆·上海现炒浇头面(万象天地店),113.9569877,22.5423492,深南大道9668号华润万象天地LG层NLG-11号商铺,
B2094352D76AA5FF4498,五里关火锅(车公庙店),114.02548,22.531879,深圳市福田区泰然六路泰然体育中心北侧约50米,
B2094352D76BA0FB469E,罗大厨肥肠煲·地道湘菜·夜宵(车公庙店),114.0249385,22.533149,沙头街道天安社区泰然四路113号泰然科技园211栋泰然四路115号,
B2094352D764A0F5489C,桂姐广西米粉小吃店,114.1090635,22.5513753,广东省深圳市罗湖区桂园街道宝安南路3074号,
B2094352D46CA2FA499F,兴启料理店,113.9152453,22.4870962,深圳市南山区招商街道水湾社区太子路71号振兴大厦A101,
B2094453D46AAAFC409C,民和轩饭庄二部,114.522996,38.047715,谈南路与广安街交叉口东北角,
B2094555D56EAAF5429F,河北特色小吃,106.28053,38.47401,光明小区73号正西方向13米,
B209445CDB65A0FE4892,福建沙县特色小吃(河北师范大学桃李阁店),114.51638,37.99929,河北师范大学新校区桃李阁,
B2094255D364A3F9489D,河北特色小吃,120.54262,30.03225,商务楼99,
B2094554D46FA7F94093,正源洪阳鱼粥鲜牛肉粉面,114.15319,22.60603,布沙路105,
B209445CDB6DA3FC469C,佬湘楼大鱼头主题餐厅,113.26496,23.20583,黄园路33号,
B2094352D164A6F94598,潮八公鸡煲,114.1196293,22.5429571,汇金天琅大厦107铺,
B209425CD76BA0F54798,蚂蚁洞·首尔烤肉·大时代(万象汇店),114.130906,22.594083,布吉街道罗岗社区翔鸽路2号深圳布吉万象汇L2层,
B209425DD46DABFC479E,围满停车场烧烤(成都总店),104.0716413,30.6228991,盛隆街5号附1号(川大望江校区地铁站C口步行420米),
B2094653DB68A2FD429A,马道停车场烧烤城,102.21579,27.83865,四川省凉山彝族自治州西昌市马道镇030乡道,
B2094354D46FA7FE499E,围满停车场烧烤(航空港店),104.003066,30.570684,临港路四段4段,
B2094253D664A4F44492,淄博烧烤海月龙宫体验地7号停车场,117.931666,36.850061,淄博海悦瑞景酒店东北侧240米,
B2094354D668A7FB419E,围满停车场烧烤(东门市井店),104.126251,30.617144,锦江区佳宏路32号,
B2094354D36AAAFE4992,停车场烧烤,105.3512396,30.0994221,岳城街道秦韶路南段18号,
B2094354D069A1FC4892,围满停车场烧烤(福机新苑店),119.292873,26.056485,西环南路107号福机新苑,
B2094355D264ABF94699,围满停车场烧烤(南湖逸家店),104.0244375,30.4891722,四川省成都市双流区剑和路一段374号,
B2094357D26DA6FE479C,围满停车场烧烤(成都万象城店),104.114483,30.6436812,万年场街道双成二路39号(近双福二路与双成二路交叉口),
B2094357D76DA2FE459F,围满停车场烧烤(簇桥店),103.9846246,30.6199685,四川省成都市武侯区武侯大道铁佛段35号,
B2094253D669A7FC499E,停车场烧烤,105.053734,29.609255,北环路888号一幢14,
B2094253D764A3FE459A,停车场烧烤(中交王府景店),106.775805,31.843963,中坝小区中交王府景二期20-21幢F1单元28号一楼,
B209425DD164A4FD499B,停车场烧烤威远店,104.653635,29.522869,顺城街西外段130号,
B2094354D669A3FA419F,围满停车场烧烤(白土坝店),106.081671,30.815581,凤凰台,
B2094357D365AAF9409B,围满·停车场烧烤(华润路店),104.094787,30.614908,成都市锦江区-华润路163号1楼(锦城印象旁10米),
B209425CD76DA4F9449A,停车场烧烤(紫金时代店),106.729849,31.8593341,巴州大道434号紫金时代3号楼副楼一层5号,
B2094354D56AABFA459A,围满停车场烧烤(渭南店),109.484161,34.50587,天斗小区3号,
B2094355DA68A7FE499F,围满停车场烧烤(永川三转盘店),105.93033424284,29.346819443122,重庆市永川区中山路街道学府美墅,
B2094356D56CA6FF459B,围满停车场烧烤(燕楠国际店),103.93569307309,30.594411420213,四川省成都市双流区楠园街13号,
B2094357D26DABF94492,围满停车场烧烤(中坝店),103.9657459,30.6743836,光华东一路198号光华北三路238号2栋附1065.1066号,
B2094353D36EA4FC449C,醉江春湖北菜(沙井店),113.818375,22.712408,深圳市宝安区南环路锦胜财富广场,
B2094353D36EAAF5419A,陆丰特色刨冰(裕林花园店),114.041884,22.562725,梅华路339号裕林花园（下梅林地铁站A口步行340米）,
B2094353D36FA2FE459A,生野集,113.955595,22.63599,深圳市南山区西丽街道麻磡社区丽康路774号,
B2094353D36FA1F54893,沁渡西餐厅,113.907552,22.558605,5区市场3栋宝农南巷41号,
B2094353D36FA0F9459D,老三样·旧食新味(常兴广场天虹商场常兴店),113.921858,22.532701,深圳市南山区常兴路126号常兴广场首层103、102-2号,
B2094353D36FA0FB429F,清腩坊·清汤鲜牛腩(新安店),113.913436,22.567729,洪浪二村19区26栋103清汤鲜牛腩店,
B2094353D36FA7F94092,合兴潮菜(扬马小区店),114.070863,22.628844,坂雪岗大道2004号扬马市场公交站旁,
B2094750D36BABFF479B,PCC深圳龙岗摩尔城店,114.268166,22.723003,深圳市龙岗区深惠公路860号摩尔城购物中心一楼S150Z号商铺,
B209445CD56EA0FD489D,英伦时光烘焙房(任丘店),116.137406,38.690436,怡然居小区门口左手边,
B2094453D46AA4FD4798,英伦时光面包烘焙坊(尚都店),115.23299,37.94205,市府街与教育路交口南行50米路东(尚都门店西门5号),
B209445DD164A2FA419E,英伦时光面包烘焙坊(长寿路店),121.42967,31.23408,长寿路与武宁路交叉口豪浦广场1楼,
B2094556D669A2F4499A,英伦时光 咖啡 西点烘焙坊(建国路店),122.26995,43.62997,建国路北苑小区东门北侧20米路西交通小区西门正对面,
B209445CD169A2FC429F,英伦时光面包烘焙(大都会店),117.18627,39.13119,华安大街大都会5号楼底商,
B209445DD164A6FB489A,英伦时光烘焙坊(淮海路店),119.43112,32.39887,淮海路185号(扬大附中斜对面),
B2094557D368A2FA429C,英伦时光面包烘焙坊(沃尔玛店),115.99788,29.70857,庐山南路265号(欢乐士牛排),
B2094557D36AABF44592,英伦时光面包烘焙(黄海一路店),119.54123,35.39426,黄海一路友谊商店一楼(石臼利群),
B2094557D364A1F84093,英伦时光面包烘焙坊(万润店),119.1907,34.60809,"万润街(大润发对面,泰源市场对面)",
B2094256DA69A5FC4693,程记逍遥镇牛肉胡辣汤,113.86409,34.74767,富康嘉苑二期内东南方向70米,
B2094256DA69AAF9489D,程记逍遥镇胡辣汤,113.41082,35.36578,二三三省道赵记胡辣汤旁,
B2094457DB6AA1FC419C,Jula Poland Sp. z o.o.,22.599853,51.2501916,Mełgiewska,
B2094551D26CA2F9459C,JulaService公寓(JulaService Apartment),98.334146,8.037122,,
B2094251DB6BAAF4419D,MEAT吃肉酒肆·牛排馆(龙岗万科店),114.2463651,22.715993,龙翔大道阳光里2楼,
B209425CDA6FA0FB489F,MEAT吃肉牛排馆Travel(深圳龙华壹方城店),114.028927,22.6462387,龙华人民路与鸿尚路交叉口壹方天地B区L1层,
B209425CDA6AA7FD4998,MEAT吃肉酒肆·牛排馆(龙岗万科店),114.2509488,22.7166117,龙城万科里L1-20号,
B2094352D66CA5FA4493,空艺茶书院,114.0650025,22.5629422,深圳市福田区彩云路20号3栋,
B209425DDB6AA4F8499A,界三口碳火烤肉餐酒馆(爱联店),114.235454,22.6979341,爱联地铁站B口恒大城市之光1097-2商铺,
B2094355D26EA0FF4998,荣川菜(平安金融中心店),114.0557165,22.5334898,益田路平安金融中心北塔5层NL502,
B2094355D26FA0FE419D,阿嬷手作(深圳梅林卓悦汇店),114.06067521726,22.56958111095,中康路卓悦汇商场L1-35A（4号线上梅林地铁D口步行200米）,
B2094355D26BA7F8469E,辣可可·小炒黄牛肉(科技园店),113.94247042323,22.548407113296,科苑路科兴科学园A栋G层18、19、20号,
B2094355D36DA3F8459F,鹏湾餐厅,114.40651193909,22.614004553671,土洋中路27号,
B2094355D36DAAFF449B,新印尼酒家,113.9829312,22.5380262,沙河街道侨城西街10号鸿波酒店202,
B2094355D36EAAFB4298,大董烤鸭店(深圳湾万象城店),113.94615599677,22.516967921996,粤海街道海德三道深圳湾万象城4层L428-L430号,
B2094355D368A6F5449C,舟记·河豚鱼翅火锅(华强北店),114.08202283005,22.543178639228,广东省深圳市福田区华强北街道华富路1018号中航城君尚购物中心A区5层L512号铺,
B2094355D36AA5FA429B,张记老广味排骨饭,114.3471779836,22.689068070341,新兰街21号,
B2094355D26DABF8479D,Wagas沃歌斯(深圳天河城店),114.13498304442,22.577922102867,太白路3058号深圳天河城购物中心一楼143-144,
B2094355D365A2F4439F,八合里牛肉火锅(深圳软件产业基地店),113.94030594914,22.523885420723,海天一路软件产业基地5栋B座1楼9-10号,
B2094355D06EA3F5459C,茉莉奶白(深圳宝安宝壹创意园店),113.9094564,22.5761616,新安三路14号(洪浪北地铁站C口步行160米),
B2094355D06FA2FA409B,宴慧·悦享(深业上城店),114.06977573117,22.556742582737,深圳市福田区华富街道莲花一村社区皇岗路5001号深业上城THESTREET外街三楼S307号,
B2094355D068A1FF429A,8桂·广西菜(深圳前海壹方城店),113.8884248,22.5523145,前海壹方城4楼（电影院隔壁）,
B2094355D269A6FB499F,8桂·广西菜(宝安壹方城店),113.8884233,22.5523149,前海壹方城4楼（电影院隔壁）,
B2094355D068A6FD489A,肯德基(大冲店),113.95152910731,22.542564136254,大冲新城花园一楼2栋1C,
B209425CD265A3F9459C,Champions格鲁吉亚餐厅(新视艺创客公园A座店),113.9460284,22.5817341,留仙大道2188号悦方广场F2层(4号5号门出来左手边),
B2094355D068A6F9479D,Champions格鲁吉亚餐厅,113.9460447,22.5817693,"留仙大道2188号悦方广场2层L242-1号外围（4号,5号门左手边）",
B2094355D069A5F54599,一沙一城·岩烤牛扒(深圳首店),114.2312972,22.7359911,愉龙路与龙平西路交口东北角深圳仁恒梦中心LG,
B2094355D069ABFC489F,隅乐胡椒虾·台湾菜·生日聚会(皇岗店),114.0632411,22.5234981,"福民路22号皇安大厦1楼1号商铺（近皇安大厦停车场,近福民地铁站C口）",
B2094355D26EA2FB469D,粤香亭·清远脆皮鸡火锅·鸡煲(莲塘店),114.1741596,22.5611345,深圳市莲塘街道莲塘路58号莲南商住楼一期A栋聚福路72号,
B2094355D26DA7FA479E,知物·潮厝饮咖(南头古城店),113.92073732472,22.542890544824,南头古城中山南街72号A101,
B2094250D06DA1FC479E,萃轩冰室(宝安店),113.87769,22.563751,新安街道海裕社区82区新湖路佳华名苑103,
B2094252D465A4FE409D,克茗冰室(宝安大仟里店),113.8730762,22.5705256,海城路大仟里购物中心负一层142号商铺(坪洲站A出口),
B2094253D16CA5FD4599,克茗冰室(宝安天虹购物中心),113.8647013,22.5748034,西乡大道与新湖路交汇处天虹商场(合正汇一城店)L1层,
B2094355D064A1FE4393,宝安冰室,113.90983112278,22.5624065228,宝前巷26号河边海信花园c栋1楼商铺（近海雅缤纷城）,
B2094354DB6CA4F44592,水塔糕徽州人家(龙河路一巷店),114.2587434,22.7233729,南联龙河巷与龙园路辅路交叉口西北80米,
B2094354DA6CA7FD499C,gaga(华润万象天地店),113.956527,22.5418725,深南大道万象天地商场南区3楼SL-309号（一尚门服装店对面）,
B2094354DA6DAAFE4699,PINTXOS品巧思西班牙小馆(大运天地店),114.2159366,22.6976953,青春路大运天地北区5栋NL105（靠近北区湖畔舞台）,
B2094354DA6EA2F84993,三出山火锅(深圳cocopark店),114.0542273,22.5333066,福华三路268号星河COCOPARK购物广场L2118,
B2094354DA68A3F8439B,马厂老火锅(壹方天地店),114.0330984,22.6448686,鸿光路与鸿发路交叉口东北80米（江苏银行停车场出入口旁）,
B2094354DA68A2FC4498,旅乌食堂(梅林店),114.057933,22.5710937,梅林街道梅都社区广康路1号御锦公馆B栋1楼106号,
B2094354DA68A4F8439B,湘里人家(水岸新都和健云谷店),114.2875793,22.7541668,新生社区新城路8号和健云谷3栋1层,
B2094354DA69AAF94998,深圳航空尊鹏阁三号厅,113.8188478,22.632391,深圳市宝安区深圳宝安国际机场-T3航站楼,
B2094354DA6AA0FE459D,瑰茶厅·冷泡茶·复兴粤菜(深圳首店),113.970124,22.5392131,白石路2288号超级晚高乐地一楼3号高尔夫球打位旁,
B2094354DA64A6FB449E,上海笑鱼(深圳店),113.9503318,22.5287779,高新南十道16号金地威新中心B座2楼L206室,
B2094355D26DA2FB4493,07PICE泷香·东南亚菜(万象天地店),113.9563882,22.5423279,深南大道9668号华润城万象天地里巷NL156号铺,
B2094354DB6EA2F84893,荆九爷桥头三嫩(南山田厦店),113.9227882,22.5340223,金鸡路1-18号（地铁桃园站B出口80米）,
B2094354DB6FA2FB469B,IVEEN·意未(梅林卓悦汇店),114.06010137363,22.569356400202,卓越梅林中心广场(南区)卓悦汇商场L1-08A,
B2094354DB6FAAFA409A,蔡澜港式点心(龙岗大运天地店),114.2193386,22.6948448,龙城街道黄阁坑社区大运天地购物中心3栋SL05,
B2094354DB69A7F9479B,潮发潮汕牛肉店(大运天地店),114.2178153,22.6963013,广东省深圳市龙岗区龙翔大道3001号深圳大运天地中区2栋2层SL259号,
B2094354DB69A7FB499B,潮汕大目牛肉火锅(岗厦店),114.0749444,22.541829,广东省深圳市福田区彩田南路3002号彩虹新都裙楼一楼,
B2094354DB69A7F4439A,豪情炭炉鸡煲,114.1175458,22.6071758,长盛路3号,
B2094354DB6AA0FD4793,潮香四海·家传潮汕菜(高新花园店),113.9517056,22.5344567,高新南七道安居高新花园北区1楼（高新南站C出口）,
B2094354DB6BA2FF469A,客家本色·有机餐厅(水贝京基店),114.12374878966,22.570632901103,广东省深圳市罗湖区翠竹街道水贝社区文锦北路2090号京基水贝城市广场4楼401,
B2094355D065ABFA489A,森田关西风寿喜烧(深圳湾万象城店),113.9462141,22.5161328,科苑南路2888号深圳湾万象城B1层B172,
B2094354D569AAFB4598,70年代-江西乡下菜(西乡彩虹城店),113.882061,22.590265,西乡大道与前进二路交汇处彩虹城2楼(彩虹城麦当劳),
B2094355D46AA2FD419E,燒肉公社(海岸城店),113.93555909497,22.516758754963,文心五路33号海岸城购物中心负一层037-038号店,
B2094355D46AA0FF4699,Eleatery大象里(嘉里建设广场店),114.05794157858,22.535847997452,广东省深圳市福田区福田街道福安社区中心四路1号嘉里建设广场T1座102号,
B2094355D465A3F9499A,原汁原味驴庄(宝龙店),114.28505685317,22.692464589717,深圳市龙岗区宝龙街道高科大道与宝龙一路交叉口西180米竹园山庄,
B2094355D465A6F9449C,潮八珍橄榄鸡煲(学府店),113.9209194,22.5276344,广东省深圳市南山区常兴路39号,
B2094355DA6DA0FD409C,潮德阿水·潮汕老字号牛肉火锅(深圳总店),113.967053,22.5330316,广东省深圳市南山区沙河街道石洲中路194,
B2094355DA6DABFD4392,山缓缓火锅(深圳万象天地店),113.9558241,22.5424984,科发路万象天地北区里巷3楼NL363号,
B2094355DA69A4F9419E,光明农趣谷-采摘·野炊·农家菜,113.95582849418,22.780957955292,新湖街道楼村社区果场一号路7号厂房101,
B2094355DB6DA0FB469C,大二街粉店·广西小吃集市(清湖店),114.0352114,22.6627098,龙华街道清泉路110号-7号（清湖地铁站C1口西行100米）,
B2094356D26AA3F9459D,菉小苑·湛江菜(南山保利店),113.9375325,22.5166871,文心六路保利文化广场C区三楼L3-07室,
B2094355D46FA6FA429A,小龙坎火锅(天河城店),114.13473565506,22.576340172699,布心路2018号粤海置地大厦深圳天河城南区四层N406-N407,
B2094356D26BA6F44093,天台精酿·烤肉·电影·烧烤(平湖店),114.1406287,22.6706751,平湖街道田社区平安大道309号1栋6A-616室,
B2094356D36CA5FC479F,肆娴·河豚蟹黄捞面捞饭(红山6979店),114.0252796,22.6217094,民治街道红山6979负1层B123铺,
B2094356D36CAAF54999,校村炸鸡(万象前海店),113.8995058,22.5309617,桂湾四路169号万象前海购物中心B176,
B2094356D36DA6FB4799,味千拉面(深圳龙岗大运天地店),114.2191312,22.6953719,龙城街道黄阁坑社区大运天地购物中心南区4栋SL111号商铺,
B2094356D36EA7FE449D,牛鼎云南特色烧烤(深圳首店),114.03976722638,22.564614129881,深圳市福田区下梅林街道apark数字艺术公园L1-105,
B2094356D36FA0FA489F,点都德(海上世界店),113.9143669,22.4843348,太子路22号汇港购物中心二期太子广场四楼33-35号（近地铁D出口）,
B2094356D369A4FC429D,马子禄牛肉面(常兴广场店),113.9214542173,22.532880021488,常兴路126号常兴广场西侧一楼21号铺,
B2094356D365A3FE4692,山缓缓火锅(深圳啤酒小镇店),113.92333074154,22.583875825728,70区创业二路526号深圳啤酒小镇EL221号商铺,
B2094356D365A1FF449B,姐妹豆花(南海明珠店),113.9274377,22.5260681,南山街道南光路南海明珠1栋104D,
B2094355D46FA7FE4399,费大厨辣椒炒肉(大运天地店),114.2195269,22.6946234,龙翔大道3001号大运天地南区LG层118号,
B2094355D66AA3FA479B,七八冷面·延边朝鲜族美食(大运店),114.2192669,22.6950682,广东省深圳市龙岗区龙城街道大运中心南区3栋108室,
B2094355D16EA2FC4099,姜胖胖首尔自助烤肉·街头小吃大排档(万达广场深圳光明店),113.93274959989,22.748406438011,观光路万达广场2楼2011号商铺,
B2094355D16FA3FE4492,啫火啫啫煲(万象天地店),113.95622154125,22.541796600335,万象天地北区(HAUSNOWHERE)楼上5楼NL505室(百老汇后面过天桥抱抱象旁)Gentlemonster(巨人展)可电梯直达五楼,
B2094355D16FA4F9419A,CHAGEE霸王茶姬超级茶仓·万象前海店,113.90039432734,22.530987349647,广东省深圳市南山区南山街道万象前海,
B2094355D168ABFC419D,王勝记避风塘海鲜,114.0674979,22.523752,福民路2号皇庭居(福民地铁站H口步行210米),
B2094355D16BA6F44892,意拉拉·全日西餐(壹海城店),114.23834842263,22.552651073533,深圳市海山街道鹏湾社区海景二路1039号北侧V公馆ONEMALL3-009,
B2094355D165A1FB419F,陈鹏鹏潮汕会馆(海上世界店),113.9163248,22.482187,广东省深圳市南山区望海路1128号(海上世界明珠)环船广场F1,
B2094253D765A6FC4799,庆春朴门(华润万象天地店),113.956265,22.542505,华润万象天地北区里巷3层NL323,
B2094355D66CA2FF479E,庆春朴门(万象天地店),113.9622114,22.5479379,万象天地里巷3楼NL323A庆春朴门,
B2094355D46EAAFB489E,南澳新大农庄,114.51405008382,22.537129837117,南澳街道新大社区新大路大岭村北区27号,
B2094355D66BA1FA439E,张想想-美蛙鱼头(西乡店),113.86029632329,22.578718670726,盐田社区金海路19号乐群综合楼A1栋108,
B2094355D76DA0FF479D,CoAsis绿洲音乐酒馆·鸡尾酒（红山店）,114.020373,22.6230096,"红山社区龙光玖钻北乙期1B18（格致中学对面,驾车导航到店）",
B2094355D765A7FC489B,陈鹏鹏潮汕菜(天安云谷店),114.07053784039,22.660921350439,深圳市天安云谷产业园二期4栋110室,
B2094355D46CA3FC4698,SouthSide南方之境餐酒馆,113.98625869465,22.547219907183,侨城一号G层-01号,
B2094355D46CABF8499A,潮香四海·家传潮汕菜(泰然总店),114.0241071,22.5305345,泰然八路海松大厦B座1层（下沙站C出口）,
B2094355D46DA6F8409E,肉祭烧肉一番(坂田万科广场店),114.0696168,22.6284565,坂田街道坂雪岗大道和布龙路交汇处坂田万科广场L5层S-43-44,
B2094355D46DA6F9449E,拉蒂娜·巴西牛排馆Latina(深业上城店),114.0705147,22.5572137,莲科路深业上城THESTREET外街L3层S307号,
B2094354D56BA2FA469F,品聚·嘉府中餐厅,114.3298846,22.60272,盐梅路与海洋路交叉口东200米,
B2094354D568A6FE4792,CoCo都可(前城滨海花园店),113.871837,22.569133,海城路3号大仟里购物中心宝安店3层358号,
B2094356D068A7F5439A,古火旁烧烤夜档(深圳首店),113.94832383928,22.58217374705,西丽石鼓路3036-1号,
B2094354D069A5F4469A,尘八·KITCHEN8铁板烧(天安云谷店),114.0665983,22.6604621,坂田街道天安云谷二期8栋1层103,
B2094354D069ABFC479B,潮悦牛肉火锅店(西丽店),113.973216,22.559511,西丽街道龙井路龙井综合楼17-18号铺(近西丽车管所),
B2094354D069AAF44192,乐宴.老北京铜火锅(KKTIME店),114.1241748,22.5690436,水贝京基KK TIME二楼L221,
B2094354D06AA1FC4092,79号渔船海鲜饭店(车公庙店),114.02746,22.530072,车公庙泰然七路博今国际Bospace购物中心3楼,
B2094354D06AA4FD4198,萍湘记(国贸店),114.121748,22.541062,彭年广场102号铺(国贸地铁站B口步行320米),
B2094354D06AABF4449B,白玉串城·朝鲜族烤串(后海KALEDO店),113.9371214,22.5169366,粤海街道文心六路4号保利文化广场KaledoC区L3-01,
B2094354D064A2FD419E,HIDING(深圳万象天地店),113.9569445,22.5423922,深南大道9665号华润万象天地里巷NL151,
B2094354D16CA0FD419F,欢乐牧场主题自助料理(红山6979店),114.025807,22.6220055,民治街道红山社区红山六九七九31栋三楼311,
B2094354D16EA2FB4492,燚财神糖水铺,113.868228,22.570564,金谷大楼A座新湾路193号(坪洲站C出口100米),
B2094354D068A7FC489E,粤味天湘(福永店),113.8184982,22.6631588,福永街道怀德峰景北园48号铺,
B2094354D16FA2FC4993,山田徽农(观澜店),114.0746668,22.722358,观澜街道广培社区高尔夫大道8号1栋观澜湖新城L328山田徽农,
B2094354D16FA6FD429C,疆山好·新疆抓饭羊肉串(深圳首店),113.9186497,22.5416239,南头社区中山南街一坊49-2号,
B2094354D16FABF94393,客语客家菜(坪山益田店),114.3389252,22.6925263,坪山街道六联社区深汕路168号六合商业广场一期三层L3-33,
B2094354D16FABFB4599,京鼎香·铜锅涮羊肉(宝安店),113.903476,22.560677,新安街道甲岸社区宝民一路52号101,
B2094354D168A0F9419B,居竹·地道潮汕菜(KKONE店),114.026728,22.528067,滨河路9289号下沙村京基滨河时代广场裙楼三层301-302室(费大厨旁),
B2094354D169A6F4469F,山梨儿小馆子,113.944964,22.578141,传音大厦3楼302(留仙洞地铁站A口步行430米),
B2094354D16AAAF54699,麦当劳(一乐会店),113.885821,22.581399,西乡街道河东社区流塘路泰华明珠1栋.2栋115-118号麦当劳,
B2094354D16BA2FA4393,河南老家(福田店),114.0989176,22.5639771,安吉尔大厦3楼(八卦岭地铁站B口步行490米),
B2094354D069A6FB499C,裕莲茶楼(壹方城购物中心店),113.8882164,22.5525958,前海壹方城购物中心北区L1-106商铺,
B2094354D068A1F4489E,怂火锅厂(深圳大运天地中区),114.2185029,22.6957853,黄阁路大运天地购物中心中区二层SL263号怂火锅厂,
B2094354D164A3FC489D,813芭依珊BAESAn(6979店),114.0251114,22.6222715,红山社区红山六九七九二期7栋B1层161,
B2094354D36FA2F54399,啫啫侠·古法啫啫煲(1234space店),114.1162728,22.5445362,东门华润1234Space店五楼(老街地铁站E出口),
B2094354D26CA3FB409B,客家本色.欢乐港湾.店,113.88613,22.5432,新安街道滨海社区欢乐港湾东岸2号东L2-028,
B2094354D26CA2F4469A,淘米捞·中山脆肉鲩火锅(KKTIME店),114.12396,22.569678,水贝一路88号京基水贝时代广场4楼415商铺,
B2094354D26FA3FB429D,原牛道·潮汕围炉火锅(卓悦中心店),114.0648831,22.5362139,福华一路348号深圳One Avenue·卓悦中心F4层,
B2094354D268A4FA4193,粤陈记煲仔粥(南山店),113.920137,22.516752,南山大道1039号希尔顿花园酒店一楼,
B2094354D268ABFE4392,李小太·烧烤(罗湖金光华店),114.118546,22.5389286,国际商业大厦东座东北门旁(国贸地铁站E口步行140米),
B2094354D265A5FD409A,黔多多贵州地摊火锅(百易广场店),114.035452,22.61805,民福路2号百易广场,
B2094354D36FA2F54193,米煮鲜毋米粥(宝安中心店),113.890852,22.556761,创业一路鸿荣源西城上筑1栋AB座1014二楼,
B2094354D36FA5FD439A,黔有财贵州地摊酸汤火锅,114.0269653,22.5331686,沙头街道天安社区泰然四路泰然科技园210栋东座1B1号,
B2094354D06BAAF4489E,黔有财.贵州地摊酸汤火锅(深圳二店),113.951393,22.5810887,西丽街道新围社区留仙大道旁腾飞苑120,
B2094354D464A1FA469C,黔有财·贵州地摊酸汤火锅(翻身店),113.89652,22.558915,翻身路314号,
B2094354DA6BA2F84098,黔有财·贵州地摊酸汤火锅(车公庙店),114.0270582,22.53321,深圳市福田区沙头街道天安社区泰然四路泰然科技园210栋东座1B1号,
B2094356D368A6FE489A,黔有财·贵州地摊酸汤火锅(红山店),114.02617634351,22.622657236894,红木街红山地铁站A、D口,
B2094355D168AAFA4393,黔有财·贵州地摊酸汤火锅(保利店),113.93917875961,22.517357555606,保利文化广场A区二楼A2-12（黔有财）,
B2094350D06DA6FB459F,黔有财·贵州地摊酸汤火锅(购物公园店),114.0545448,22.5357577,福田街道购物公园酒吧街左边10米,
B2094355D66BA6F4489A,黔有财·贵州地摊酸汤火锅(布吉老街店),114.1161028,22.6005686,广东省深圳市龙岗区布吉街道布吉社区格塘路2号101,
B2094357DB69A6F5439E,黔有财·贵州地摊酸汤火锅(上梅林店),114.0594343,22.5674075,梅林街道梅亭社区中康路18号振业梅苑A B栋7678号,
B2094354D368A3F4499D,ikal.墨西哥特色餐厅,113.8967861,22.5312076,听海大道与桂湾四路交叉口西100米(桂湾地铁站E口旁),
B209425DD76DA0FA469C,DODO泰面·泰式面馆(万科广场店),114.2424315,22.712267,鸿基商业街49号(吉祥地铁站C口步行470米),
B2094354D368A1F4479A,DODO泰面·泰式面馆,114.1258674,22.6041644,吉昌街与龙岗大道辅路交叉口东20米,
B2094355D06FAAF9499B,DODO泰面·泰式面馆(33小镇店),113.7921919,23.0288869,工业路22号112室几享城停车场入口左手边DODO泰面,
B2094354D264A0FE449F,DODO泰面·泰式面馆(广州鹤洞店),113.247161,23.077385,鹤洞新天地16-1号A106(罗森便利店左手边),
B2094354D368A0FC4793,羲和小馆(龙岗大运店),114.215874,22.697894,龙城街道黄阁坑社区大运天地购物中心北区6栋NL209,
B2094354D369A3FD459A,辣嗨了南昌特色水煮油炸,114.113559,22.599131,布吉街道莲花路108号,
B2094354D369A5FE4098,财哥烤肉传统炭火烤肉店,114.061021,22.630436,坂田街道和东街10号(五和地铁站C口步行330米),
B2094354D36BA0FD4192,马记永·兰州牛肉面(花园城购物中心南区店),113.923081,22.5008864,南海大道1090号City花园城G层G001,
B2094354D364AAFE409D,脆鲜生-脆鲩鱼火锅大运中心店,114.215835,22.698022,龙城街道黄阁坑社区大运天地购物中心北区6栋NL107脆鲜生脆鲩鱼火锅,
B2094354D06EA4F94293,萨莉亚意式餐厅(250南山欢乐颂店),113.9200216,22.5352554,南新路南山欢乐颂负1楼,
B2094354D16BA7F9499B,铭厨·客家土菜,114.092399,22.543129,华强北街道福强社区燕南路西振中路宝树里一层19号L1-08A,
B2094354D164A2F9469D,探蚝出品(龙岗爱联店),114.228899,22.697459,龙城街道爱联社区余岭西路51号,
B2094354D568A6FD419F,敢野横膈膜烧肉,114.0689711,22.6283289,坂田街道东坡路3号坂田万科广场F6,
B2094354D46EA6F44592,翻身螺,113.895511,22.55937,翻身路101-5号,
B2094354D76BA1F4479E,榕边干蒸鲜排骨(流塘店),113.886095,22.5777191,宝民二路35号信和丰商务大厦B座110号,
B2094354D76BA4FD429F,曼格活海鲜·榴莲自助(坂田店),114.069427,22.628069,万科·万致天地L6-06(坂田地铁站D口步行170米),
B2094354D764A4FE4392,星美乐(坂田万科广场店),114.0698649,22.6283064,东坡路3号坂田万科广场F1层(坂田地铁站D口旁),
B2094354D764A4FE499C,thaimix泰面·罗湖,114.1181046,22.5404415,人民南路3001-3003号海丰苑,
B2094354D764AAF5489F,五代同糖·糖水甜品,114.0535814,22.5335631,民田路与中心一路交叉口东60米(购物公园地铁站F口旁),
B2094354D664AAF54093,五代同糖·广式糖水甜品(成都太古里首店),104.0821325,30.6566915,锦江区大慈寺路76号附9号,
B2094350DA6EA5F94299,五代同糖·糖水甜品专门·店(北京路店),113.2683088,23.1212729,惠福东路590号（近北京路，大佛古寺对面）,
B2094354D368A5FA429C,五代同糖·甜品·糖水铺(淮安总店),119.1381513,33.5286791,河下老街商业2号楼105-106,
B2094357D46CAAF84692,五代同糖·糖水甜品专门店(天河南店),113.3232197,23.1309721,广东省广州市天河区天河南一路24号首层,
B2094357D56EA4FE409A,五代同糖·糖水甜品专门店(美林天地店),113.4229961,23.110797,广东省广州市天河区前进街道黄埔大道东663号(三溪地铁站C口旁)美林M·LIVE天地东座F4,
B2094354D164ABFD479D,五代同糖·糖水甜品·专门店(云门店),113.291351,23.237165,白云NEWPARK(M层盒马鲜生前),
B2094354D46CA1FB4599,肯德基(浪荣路店),113.9919756,22.6926656,大浪街道浪荣路大浪万联购物广场F1层,
B2094354D46CABF84599,全福楼禧筵(观澜店),114.0416629,22.6887823,福城街道新和社区观澜大道72号厂区5栋101,
B2094354D46DA3FE439C,滨寿司(深圳天河城店),114.1349648,22.5763994,东晓街道东晓社区布心路2018号粤海置地大厦深圳天河城NB116南区,
B2094354D46DAAFC499D,疆之味新疆菜,114.053522,22.566795,梅林街道新兴社区18-3,
B2094354D46EA1FC419B,祥和清远鸡煲(南头店),113.917609,22.536425,南头街100-7甲,
B2094354D468A4F94698,幸福甜铺(蛇口德隆广场店),113.927693,22.487257,蛇口街道南水路100号(东角头地铁站A口步行310米),
B2094354D76AA5F54398,三哥茶餐厅(科创店),113.914411,22.514397,南新路阳光科创中心E座一楼13-15号商铺,
B2094354D468AAFA459E,村尾咖啡,114.1123447,22.5471869,红裙楼小区11栋对面,
B2094354D469A5FA459C,粤洲宴·5D光影艺术中心(云谷店),114.0697599,22.661778,雪岗路2018号天安云谷5栋3层,
B2094354D46BABFF479D,庄氏祥记深夜厨房深圳(圣廷苑)店,114.087432,22.549929,圆岭街道长城社区华强北路4002号长兴大厦中区106,
B2094354D46BABFA479F,寻味迹顺德菜,114.0690079,22.6285753,坂田街道杨美社区东坡路3号万致天地商业中心1栋L4-26L4-27,
B2094354D464A1F4409E,河粉先生·牛肉火锅·潮汕小吃(壹方城店),113.8871737,22.5526914,新湖路99号壹方城购物中心前海店L2层,
B2094354D465A1F4419D,鱼神脆皮烤鱼(深圳福田福星店),114.082085,22.532677,福田环庆大厦西北门东南100米,
B2094354D465A0FB4899,客家本色·新山野(来福士店),113.9246419,22.5120769,公园道大厦B座,
B2094354D56CA2F54392,八合里牛肉火锅(深圳仁恒梦中心店),114.2256729,22.7304194,愉龙路仁恒梦中心外街L2层W04号,
B2094354D56CABF84093,隐厨·中国菜馆(深业上城店),114.0686596,22.5563913,深业上城南区一期3层小镇西广场最西端莲花山方向T3079号铺,
B2094354D56FABF4409B,B家宠物友好咖啡店,113.9225413,22.4998667,招商·花园城三期西区东门西北50米,
B2094354D76AAAFE489A,怎生书(粤清园店),114.000782,22.533074,园博园南门粤清园,
B2094354D76AA7FD4098,黄老土湖南乡里菜(腾耀大厦店),113.843684,22.598949,西乡街道南昌社区固戍二路268号101,
B2094354D66EA2FC449F,平成屋(深圳大运天地中区),114.217265,22.696193,龙翔大道3001号深圳大运中心深圳大运天地中区L1层,
B2094354D664A6FE4892,小会哈尔滨烧烤,114.025259,22.653958,龙华街道和平路252号(龙华地铁站B口步行330米),
B2094354D66EA0FC4399,文记虾一跳(龙华汽车站店),114.028741,22.671463,龙华街道玉翠社区清泉路184号良基智汇大厦108-111,
B2094354D668AAF84899,悦牛犟鲜牛肉火锅(科技园店),113.946551,22.547828,粤海街道科技园社区科伟路6号科技园34区9栋102,
B2094555D269A3FE4993,御膳面庄,111.04955,34.04124,和平路中段金色华庭对面,
B2094453D368A0FC489E,味之鲜河南面庄,119.46173,32.39978,解放北路97-3,
B2094354D66AA4FF4393,河南面庄,114.0412182,22.5183547,金地一路沙尾西村261栋102铺,
B2094555DA6DA3FB429D,河南面庄,114.29668,22.72597,同富路9,
B2094255D66AA7F4439C,正宗河南面庄,101.5681,21.45752,迪升华府4-108,
B2094354D66AA4FB4292,原石牛扒(大运天地店),114.2183155,22.695895,龙城街道黄阁坑社区大运天地购物中心中区2栋SL173,
B2094354D66BA3FC4392,落日拾光咖啡馆(洋畴湾花园店),114.4821858,22.5088271,洋畴湾花园44栋1楼,
B2094354D66BA7FC4299,遇见长安·陕菜(深圳万象天地店),113.9562398,22.5422041,深南大道9668号万象天地北区NL501,
B2094253D068A1F4419D,西塔老太太泥炉烤肉(万象天地首店),118.77991,32.020172,中山南路666号万象天地B馆L3层L326号,
B209425CDB64A4FA409C,西塔老太太泥炉烤肉(南昌红谷滩万象天地店),115.8526134,28.6886298,会展路969号南昌红谷滩万象天地F4层,
B209425CD765A2F94892,西塔老太太泥炉烤肉(南京万象天地店),118.7801074,32.0221342,中山南路666号南京万象天地F3层326,
B2094354D66BA4F8409E,西塔老太太泥炉烤肉(万象天地),113.9572155,22.5418582,万象天地北区5楼(高新园地铁站A口步行380米),
B2094354D66BABFC499F,海底捞火锅((财富港店),113.867925,22.56663,海城路与宝源路交叉口财富港商业中心(原时代城购物中心)5楼,
B2094354D665A5F8429B,木棉·醉心粤味(深业上城店),114.0708984,22.5576052,皇岗路5001号深业上城(南区)商业综合楼THESTREET外街L3层S303A,
B2094354D665ABF84492,入续鸳鸯糖水铺与包(深圳卓悦中心店),114.066311,22.53608,福华一路348号深圳One Avenue·卓悦中心B1层,
B2094354D76CAAFA429D,匿名糕所,113.8894694,22.5500945,新湖路泰华梧桐村7栋2楼216,
B2094354D76DA7FF459F,啫火啫啫煲(万丰海岸城购物中心店),113.821414,22.713711,万丰中路245号万丰海岸城购物中心沙井南环路店F5层,
B2094354D76DA7FF489A,大哥乐(西乡店),113.881115,22.575363,西乡街道河东路124号(佳华百货旁),
B2094354D76DABF5449D,八合里牛肉火锅(深圳甄选南山益田假日店),113.9738438,22.537815,深南大道9028号益田假日广场深圳华侨城店B1层,
B2094354D76EA1FB409C,何姐广西米粉(爱联路店),114.23049,22.693885,龙城街道爱联二街9号,
B2094354D76FA5FF4092,屿你蛋糕店,114.063795,22.631429,屿你蛋糕,
B2094354D768A7FA429E,冯校长老火锅(龙华大浪店),113.9931923,22.6746351,大浪街道大浪商业中心14栋14-33,
B2094354D768AAFA4992,沁心海南陵水酸粉(梅林总店),114.055009,22.566491,新村十巷79号楼101,
B2094356D06FA4FB449F,榕记特色主题餐厅(梅林店),114.05283022175,22.562973222266,梅村路1号梅林生活中心2楼B217-B222（手扶电梯上2楼）,
B2094356D06AA7F9439B,MADLOBA格鲁吉亚餐吧(海上世界店),113.9152518,22.4835767,太子路20-21号,
B2094352D16FA5F54699,李茶的茶(深圳湾万象城店),113.9443757,22.514464,深圳市南山区粤海街道海珠社区海德一道1218号深圳湾万象城C区L1层CL136李茶的茶,
B2094351D16DAAFF4098,小十Omakase(前海周大福金融大厦店),113.8969765,22.5311391,前海深港合作区南山街道枢纽大街66号前海周大福金融大厦,
B2094351D36CAAF54892,观淮·非遗·河南信阳菜(华侨城店),113.9883235,22.5436212,香山东街260号天鹅湖花园3期L2,
B2094351D36DA2FB4492,星美乐(KKMALL店),114.10680066899,22.543251663615,京基金融中心裙楼自用商业B1层108号商铺,
B2094351D06CA1F9449C,屿沐园林茶院,113.9272365,22.6786039,石岩街道浪心社区松白路2202号宏源发花卉苗木产业园A栋118-119屿沐园林,
B2094351D064A6FD479E,潮发潮汕牛肉店(金光华店),114.1204741,22.5404143,嘉宾路2036号湖心大厦一栋101、201号(开车可停国贸商业大厦停车场),
B2094351D16DABFD4599,马老二成都火锅,114.2998667,22.7204314,宝龙街道龙新社区深汕路(龙岗段)265号A1栋101-108,
B2094351D16AA6FE439E,潮德阿水·潮汕老字号牛肉火锅(皇岗店),114.0649979,22.5242372,福田街道海滨社区金田路2004号辛盛苑一单元201(整层),
B2094351D269A0FD449B,泰富·打抛饭,113.90319941863,22.561098256264,广东省深圳市宝安区宝民一路68号,
B2094351D16AAAF84299,怡卢印尼料理(水围店),114.06199779631,22.519879532152,福田街道公园一街水围1368文化街区165栋1号,
B2094351D16BA3FB409A,滨寿司(深圳连城新天地店),114.0616989,22.5354015,福田街道地铁一号线会展中心站A口滨寿司,
B2094351D16BABF84199,肉祭烧肉一番(深圳大悦城店),113.9023756,22.5691789,新安街道宝民社区25区创业二路61号大悦城商业中心四层L421,
B2094351D165A0F44098,自在swing西餐·咖啡·团建下午茶(星河双子塔店),114.0623166,22.6047687,雅星路8号（双子塔下）,
B2094351D165A5FE439B,民谣星烧烤酒馆(HALO广场店),114.1071927,22.5585118,HALO广场一期1层酷秀ktv楼下,
B2094351D66FA6FF4599,北海渔村酒楼·粤菜海鲜点心(车公庙花园店),114.0243962,22.535206,天安社区深南大道6019号金润大厦401全层401-422室,
B2094351D669A4FD429E,冯校长老火锅(BREWTOWN啤酒小镇店),113.92285329332,22.58319125449,华润雪花科创城BREWTOWN啤酒小镇东堂L2-EL235、236店铺,
B2094351D66AA6F4489C,脆鲜生·脆鲩鱼火锅(卓悦中心店),114.0657836,22.536429,福华路348号卓悦中心西区B2层华为商店旁边手扶梯下到负二,
B2094351D66AABFC409D,泰叮叮·泰式小馆(龙城CC店),114.2143616,22.7202942,中心城龙城CC创意街区1栋泰叮叮,
B2094351D265A3F5499F,八合里牛肉火锅(深圳卓悦中心店),114.06643262104,22.535580598326,金田路卓悦中心ONE AVENUE东区B1层B1108号铺位,
B2094351D269A1FA4193,和阗玫瑰抓饭(万科云城店),113.94066728941,22.574406011077,留新一路万科云城一期第六栋B区商铺186号（农耕记旁边）,
B2094350D56AA2FD419A,张厨房(下梅林店),114.0395481,22.5646578,新店梅林街道下梅社区梅丽路9号APARK深圳数字艺术公园G-01a商铺,
B2094350D764A2FB439D,冯校长老火锅(华润雪花啤酒小镇店),113.9228585,22.583198,华润雪花科创城BREWTOWN啤酒小镇东堂L2-EL235、236店铺,
B2094350D46DAAFB4992,呛头家云南民族菜(布吉万象汇店),114.1310063,22.5943285,龙岗区布吉街道罗岗社区翔鸽路2号万象汇2楼L213号(近百鸟笼地铁站C出口直接上2楼LEGO旁),
B2094350D46EA5F9489F,云十三·小锅米线,113.9252218,22.5207389,海德二道390号(南山地铁站D口步行440米),
B2094350D46FA5FB4093,萌喵甜逸馆,114.1192743,22.5438789,深南东路123号深圳市百货广场大厦,
B2094350D56CA3FE489B,肥姨肠粉(共乐店),113.871462,22.577291,西乡共乐小学下塘四巷1号9号,
B2094350D56DA6F44199,脆鲜生脆皖鱼火锅(深圳大悦城购物中心店),113.902265,22.5688738,广东省深圳市宝安区创业二路与前进一路交汇处深圳大悦城购物中心F4,
B2094350D56FABFE4698,冯校长老火锅(宏发大世界店),113.9302887,22.6755845,深圳市石岩街道宝石南路95号宏发大世界二期一单元107.216.217,
B2094350DA6AA4FE4993,哥二广西米粉(京基KK-ONE店),114.0273483,22.5264488,广东省深圳市福田区沙头街道KKONE购物中心-南区,
B2094350DA65A3F8449C,乌君·炭火烧鸟·刺身(深圳大悦城购物中心店),113.9026436,22.5698551,广东省深圳市宝安区创业二路与前进一路交汇处深圳大悦城购物中心LG,
B2094350DB6CABFB449F,笑财重庆原味火锅,113.8684724,22.5715045,永丰社区六区2号101室,
B2094350DB6DA2F8439F,幸福民谣·烧烤酒馆(民治店),114.0395223,22.6228852,深圳市龙华区民治街道民治大道328号嘉熙业广场F1,
B2094350DB6FABFA419D,邑家人光明四合院,113.9312344386,22.751339960434,广东省深圳市光明区光明街道东周社区高新技术产业园5号一层,
B2094350DB68A7FD449C,明洞朴代表·自助烤肉(深圳首店),113.9364798,22.5181995,粤海街道海德三道2019号海岸大厦西座302、303,
B2094350DB68A5FE4393,珍庭观时潮粤菜(侨城一号店),113.9859377,22.5475342,沙河街道深云路二号侨城一号广场裙楼L2-01（珍庭观时）,
B2094351D76CAAF84499,强腾潮汕美食(国际科技大厦店),114.0833459,22.5398886,福虹路11号国际科技大厦F1层,
B2094350D76DABFC489F,哆米咖柠,114.0014117,22.6668136,深圳市龙华区华荣路三合华侨新村,
B2094351DB6BA1F9439B,陆记辉哥牛肉(民治店),114.041217,22.6231364,深圳市龙华区梅花南路梅花山庄西4门西北侧约30米,
B2094351DB65A3F44193,芈重山老火锅(深圳首店),114.121638,22.5396114,深圳市罗湖区嘉宾路2013号芙蓉小区经贸楼E座一层,
B2094352D36CA0F9469D,YAHAI·涯海悬崖海景餐厅,114.4911435,22.5119,世纪海景高尔夫正门,
B2094352D369A7FD489A,贵州遵义羊肉粉(梅村路店),114.0537896,22.5662932,深圳市福田区梅村路上梅林新村,
B2094256D668A3FB4492,中国新疆兄弟烧烤(教育路店),120.88943,32.010212,教育路11号111室,
B2094352D36BA0FB4598,中国新疆兄弟烧烤,114.060137,22.639643,五和大道和坂兴路交叉口,
B2094351DB6AA0F94793,恒胜七海里客家·海鲜(科技园店),113.9532347,22.5358545,高新南六道朗科大厦2楼,
B2094352D068A2FC439E,德元兰州纯汤牛肉面(华强北店),114.0815251,22.539183,福明路40-1雷圳大厦(福星地铁站D口步行340米),
B2094352D065A1FE489B,星湖营地StarryLake原生态竹炭烤肉·团建聚餐·生日(龙岗店),114.2575182,22.714912,向银路92-1号汉富智慧城A栋8楼天台,
B2094352D065ABF94498,风芦小院,113.9090918,22.5676773,新安街道灵芝园社区19区51栋兴华二路288号,
B2094351D468AAF4479C,罗大厨肥肠煲·地道湘菜·夜宵(华强北店),114.0823443,22.5441552,振华路183-2号（罗大厨肥肠煲店）,
B2094351D768A3F4429E,冯校长老火锅(雅宝星河店),114.0613917,22.6038544,雅宝路星河WORLD·COCOPARK星空里L3-003号,
B2094351D76AA0FE4692,盈粤顺德菜(深圳首店),114.0384482,22.6571683,首创商务大厦郎园Garden二层205-207,
B2094351D76AA6FA4399,很久以前羊肉串(前海壹方城店),113.8877429,22.5522699,广东省深圳市宝安区新安街道壹方城购物中心西区(深圳前海壹方城店)深圳前海壹方城,
B2094351D76BABF44192,Onook酸奶碗,114.140094,22.6101113,广东省深圳市龙岗区布吉街道中翠路75号,
B2094351D46DA6FB4598,DQ·蛋糕·冰淇淋(龙华壹方天地店),114.028539,22.6481321,景龙社区人民路4022号壹方天地A1区L1-033A/035,
B2094351D46FA5FF459D,遇南三·重庆火锅村(南山店),113.9219695,22.5197242,南山大道华联商铺49号,
B2094351DB6AA2FA4492,渔都老味海鲜面,114.1092682,22.5407391,桂园街道新围社区深南东路5033号金山大厦一单元一B 05,
B2094351D56EA6FD4899,哥二·广西米粉(东门店),114.1188056,22.5440922,人民北路永新街东门町第一层A027铺,
B2094351D56FA7F9449C,巧八角冰粉冰浆(保利文化广场店),113.9389676,22.517477,粤海街道保利文化广场二楼A2-20,
B2094351D56AA0F4429F,喜公馆·烤鸭(万科云城店),113.9426365,22.5742364,打石二路与留仙一路交叉口万科云城二期C区L1层及L2层8-10号,
B2094252D765A1FE479E,老字号南粤光明乳鸽(光明总店),113.956323,22.758548,广东省深圳市光明区光明街道体育公园路9号,
B2094351DB6CA1F8489C,荔林山房西餐厅(南山华侨城店),113.9939577,22.5388028,广东省深圳市南山区文昌南街1号,
B2094351DB6DA4FB459C,肉贼黑金热卤面馆,113.9185168,22.5277911,广东省深圳市南山区南山街道南新路2085号,
B2094351DB6EA3FE459B,欢乐牧场主题自助料理(西乡天虹店),113.864498,22.574555,广东省深圳市宝安区西乡街道新湾路301-3,
B2094350D76DA7FA479E,幸福民谣·烧烤酒馆(石岩店),113.9282384,22.6742577,石岩浪心工业区一路b栋一楼103-106铺,
B2094357D36DA5F4429D,悦己刨冰糖水,114.04464082682,22.600259795341,民治街道民泰社区澳门新村50栋1楼,
B2094356DB68AAFE4992,文记虾一跳(宝安店),113.9027679,22.5611496,甲岸社区7区甲岸村82栋105(宝安交通运输局对面),
B2094357D46DA2FE479F,海底捞火锅(星河ico夜宵主题店),114.0430284,22.6620383,广东省深圳市龙华区东环二路8号星河iCO购物广场2楼A07号商铺(西南门旁),
B2094357D26EAAF4489B,海底捞火锅(星河iCO店),114.0365124,22.6561598,广东省深圳市龙华区东环二路8号星河iCO购物广场2楼A07号商铺(西南门旁),
B2094357D26FA3F8469E,稀客四季宴,113.97626,22.6241611,大勘村丽康路木棉花公寓附近01,
B2094357D268AAF44493,TXAPELA西班牙餐酒馆(万象天地店),113.9634579,22.5483319,深南大道9668号深圳万象天地里巷L1层NL108室（靠巨人展旁）,
B2094357D269A4FE439D,龙发鸡煲(宝安大仟里店),113.8719228,22.5689964,西乡街道麻布社区海城路3号宝安大仟里L460,
B2094357D26AA0FC4998,华宴·淮粤荟,114.0475812,22.5628629,梅林街道梅丰社区北环大道6018号华强创领寓L2-01L2-02号,
B2094357D26AABFA469C,荔林山房西餐厅,113.9591066,22.5868589,留仙大道2022号荔林花悦酒店二楼（西丽地铁站F口步行50米）,
B2094351DB6CA1F8489C,荔林山房西餐厅(南山华侨城店),113.9939577,22.5388028,广东省深圳市南山区文昌南街1号,
B2094357D36DA7FB4992,柳北螺狮粉(樟坑1区店),114.0443391,22.6208246,深圳市龙华区樟坑一区德发嘉苑173栋1楼,
B2094356DA6EA1FA489A,空一山野茶舍,114.08151739424,22.561725242892,广东省深圳市福田区华富街道笔架山公园,
B2094357D06CA6FF4393,三伏(翠叶道店),114.0551262,22.5548753,莲花街道商报东二路37-21翠叶道（莲花西地铁站A出口253米）,
B2094357D06AABF94199,木槿钰·创意韩餐(深圳大运天地店),114.2159923,22.6975627,龙城街道大运天地购物中心北区5栋NL104,
B2094357D06BA0F4439B,很久以前羊肉串(宝安大仟里店),113.8719683,22.5692224,海城路3号大仟里购物中心1号门4楼金逸影城隔壁,
B2094357D169AAF5419A,好利来(大仟里店),113.87199194111,22.569707408512,广东省深圳市宝安区西乡街道前城中心,
B2094357D16AA1FD439B,俄士厨房西餐厅(益田假日广场深圳罗湖店),114.1325075,22.553726,深圳市罗湖区翠竹街道木头龙社区爱国路1009号益田御龙华府1栋L4-10号,
B2094357D66CA5FD4498,森湖senhu·轻食简餐(红山6979店),114.0249077,22.6238223,民繁路红山6979一期13栋一楼132-133,
B2094357D668A3F5439A,巴奴毛肚火锅(罗湖益田假日广场店),114.13207210708,22.554408187551,广东省深圳市罗湖区翠竹街道益田假日广场购物中心,
B2094356DA6FA6F54592,笨罗卜浏阳菜馆(龙鹏润达店),114.0233043,22.6265935,民治街道中梅路润达圆庭北街铺122,
B2094356D064A3F94899,喜茶·茶坊(深圳前海壹方城店),113.8872617,22.5525665,新湖路99号壹方城购物中心北区B2层011,
B2094356D168A5FD479B,壹号粥火锅·海鲜煲仔粥(南山荔林店),113.91312295801,22.512563976258,南山街道南新路1003号101荔源大厦首层（荔林地铁站D口处）,
B2094356D664A6FB4592,探鱼·鲜青椒爽麻烤鱼(红山6979店),114.02416938388,22.622736360243,民治街道红山六九七九负一层B108（音乐广场扶梯左转30米）,
B2094356D76CA1FA479D,寿司処·小志(罗湖kkmall店),114.1069517,22.5434559,京基100KKMALL3楼L326,
B2094356D76CA5F94998,大渔铁板烧(宝能中心环球汇店),114.1096429557,22.564556302364,宝安北路3008号宝能中心F栋6层L6002-6003号铺（地铁笋岗站D/E出口）,
B2094354D164AAFE499B,唐合兴香港饭店(万象天地店),113.9575242,22.542345,万象天地北区L4层NL411(HAUS NOWHERE楼上),
B2094356D76DA7FA4392,唐合興·香港飯店(万象天地店),113.9575271,22.542344,万象天地北区L4层NL411（巨人展楼上）,
B2094356D768A0F8409A,脆鲜生-脆鲩鱼火锅-来福士广场店,113.9255057,22.5116549,广东省深圳市南山区南山街道登良社区南海大道2163号深圳来福士广场F4,
B2094356D76BA4F84993,萤月茶铺,113.9931541,22.5362783,广东省深圳市南山区沙河街道光华街社区锦绣北街10号东部工业区E5栋101C望春山里面,
B2094356D565A6FA499F,植庭·日本料理(华侨城店),113.98918525139,22.532896968535,深南大道9001号锦绣桃园内,
B2094356D76BAAF54593,天台烧鸡·精酿·烤肉·电影(平湖店),114.1405553,22.6706828,平安大道与富民路交叉口西南120米,
B2094356D764A2FA439E,福顺小馆,113.9184813,22.491504,招商街道水湾社区荔园路9号102-3,
B2094356D46FA7F4439C,粹茶咖,114.0169566,22.642518,深圳市龙华区民治街道中海汇德理1031商铺,
B2094356D464A1FD439C,满陇山房·膏蟹年糕馆(平安金融中心店),114.05567450185,22.533131449875,福田街道益田路5033号平安金融中心A座L4层,
B2094356D56AA3F8499A,平兴·面包蛋糕·糕点下午茶(前海店),113.9152931,22.5383158,前海路3234号,
B2094357D669AAFD4699,柳北螺狮粉(民治店),114.0385083,22.6160665,深圳市龙华区樟坑一区德发嘉苑173栋1楼,
B2094357D76CAAFB439D,曼谷街角东南亚风味小馆(福田iN城市广场店),114.09891956545,22.539291060085,南园街道巴登社区深南中路1095号新城市广场三层L3-06号商铺,
B2094350D06AA1FA469E,栖榕西餐小酒馆,114.4785973,22.5476886,深圳市龙岗区文明路水头沙社区,
B2094350D26BA6FE4992,炭番长·串烧,114.100582,22.5577115,广东省深圳市福田区园岭街道八卦七街41-7号,
B2094350D265ABFC499E,福民翠湖广东菜(iN城市广场店),114.0979459,22.5389848,巴登社区深南中路1095号新城市广场LG层LG-L-21-22铺,
B2094350D06EA7FD489E,三肥七瘦·鲜切烤牛肉(深圳总店),114.0260922,22.6545241,和平路236号,
B2094350D068A2FF429B,恋上乐山小吃(水围恒春园店),114.069858,22.5251913,水围五街水围村103栋（合乐福超市与阿殳粥馆中间的巷子往里5米）,
B2094350D069A6F4419B,延谷yangu韩式料理(大冲店),113.9514455,22.5412389,广东省深圳市南山区深南大道大冲新城市花园二栋2c座1楼外围249号,
B2094357DA69A4FC4893,乜记饭店(北京首店),116.3738262,39.9151948,西单北大街76号,
B2094357D468ABF4499C,乜记饭店,121.4458599,31.2182932,华山路与常熟路交叉口西60米,
B2094350D069A5FE459B,乜记饭店,113.9205423,22.5291432,深圳市南山区常兴路南新路统建楼,
B2094350D06AA6FF4299,江右火辣辣鲜辣江西菜,113.9222972,22.5194831,南山大道1107号独栋大楼（海润综合楼旁）,
B2094350D06BABFD4592,秦土土肉夹馍,113.9228882,22.5275619,广东省深圳市南山区南山街道荔芳村B栋,
B2094350D16DA1FE489B,莆田餐厅PUTIEN(深业上城外街店),114.07057641727,22.55748411845,福田区皇岗路5001号深业上城(南区)商业综合楼THESTREET外街L3层S307AC,
B2094350D16EA4FF499E,半山腰·云南菜(深圳湾万象城店),113.9454271737,22.515449629548,科苑南路2888号深圳湾万象城L192+L219,
B2094350D169A7F94093,喜茶(深圳龙华星河iCO店),114.0366554,22.6561881,东环二路与建设东路交汇处龙华星河iCO商场首层L1S-011C、L1S-011A号铺,
B2094350D164ABF8449F,湛记佬海鲜(南山店),113.922627,22.5247812,桂庙路40号(停车场请导航亿利达村停车场),
B2094350D165A1FF429C,椿素西式素食·茶,114.1193739,22.538422,人民南路2010号深圳发展中心13楼01,
B2094350D66FA4F5409C,星湖营地StarryLake生态竹炭烤肉·团建·生日(龙华店),114.0377684,22.6710056,清华社区清荣路华爵科技园集装箱1号整套,
B2094350D66BAAFF479D,潮八珍鸡煲(深圳万象天地店),113.9627449,22.5471542,粤海街道大冲社区深南大道9668号华润万象天地5楼,
B2094350D26AA0FB419E,北村韩食·活烤鳗鱼·大片烤肉(梅林店),114.0562591,22.5643325,梅丰社区梅华路103号地铁9号线梅村C1口900米,
B2094350D26EA4FE459E,隐厨(深圳卓悦中心店),114.0652287,22.536424,福华路卓悦中心西区三楼L305-306号,
B2094357D76DA4FC4593,赵记传承(深圳宝安后瑞店),113.83561,22.6298529,后瑞壹航城T4-110A,
B2094357D56FA3F8499F,三味素食(梧桐山艺术小镇店),114.1930687,22.5900768,梧桐山艺术小镇望桐路茂仔村119号,
B2094357D769A7F4479E,捞鲜门海鲜火锅,113.8972492,22.578392,宝安万达广场A座3楼,
B2094352D568A0FC429D,捞鲜门海鲜集市火锅(罗湖口岸店),114.11961,22.534097,罗湖区人民南路1008号环球经贸广场4楼,
B2094357D76BA0FE489D,中山大学(深圳校区)相山餐厅,113.9530726,22.7989944,公常路66号中山大学(深圳校区),
B2094357D46DA2FE479F,海底捞火锅(星河ico夜宵主题店),114.0430284,22.6620383,广东省深圳市龙华区东环二路8号星河iCO购物广场2楼A07号商铺(西南门旁),
B2094357D46EA4F9439B,摩打食堂(壹方中心店),113.887672,22.552362,新湖路壹方城购物中心L2层（星巴克对面）,
B2094357D46FA4F5479A,老地方万州烤鱼(桥南店),113.8106773,22.6913914,桥头桥南新村6-1号,
B2094357D468A1FA469D,兴宁客家菜馆(梅村路店),114.0541085,22.5641592,上梅林梅村路22号,
B2094357D46AA5F8449F,黔家婆·贵州酸汤鲜牛肉火锅(石厦时代广场店),114.05287490854,22.520106255764,石厦北二街89号石厦时代广场四层408c,
B2094357D46BA4FF4292,钵小样·湖南钵子菜(坂田万科广场店),114.076388,22.6340949,坂田街道坂雪岗大道和布龙路交汇处坂田万科广场L2-01号铺,
B2094357D56CA2F94998,盛香亭热卤(福田中航城店),114.089215,22.5491285,中航路1号中航城君尚B101-18号铺,
B2094357D56DA4FD4693,老郑家东北春饼(罗湖天河城店),114.13499497254,22.57639843186,东昌路与布心路交汇处天河城南区4楼,
B2094357D56FA6FE409E,圣丰城酒家(罗湖益田店),114.131675,22.555003,华丽路2040号,
B2094357D56FA4FF489B,秦面倌陕西手工大刀面,113.8316263,22.733853,新沙路276号一楼(103-1)集悦汇正门右侧,
B2094357DA6EA4F4449E,顺心糖水铺(鑫茂花园店),114.0428991,22.6109838,民治大道183号,
B2094357DA64A0F8459E,寿司郎(iN城市广场店),114.098681,22.5391273,深圳市福田区深南中路1095号iN城市广场LG,
B2094357DB6FA4F9479C,争鲜回转寿司(龙岗仁恒梦中心PLUS店),114.225831,22.730143,愉龙路仁恒梦中心LG层13号,
B2094357DB69A6F5439E,黔有财·贵州地摊酸汤火锅(上梅林店),114.0594343,22.5674075,梅林街道梅亭社区中康路18号振业梅苑A B栋7678号,
B2094357DB6AAAF5489D,德园闰肠粉·蚝油捞·原盅炖汤,113.9595883,22.587589,新围社区新围村综合楼104（鼎新大厦停车场停车走路1分钟）,
B2094652DB69A7F54192,佳泰砂锅粥马家龙店,113.928113,22.546384,玉泉路与艺园路交汇处(马家龙工业区附近),
B2094252D06CA4F4469A,佳泰砂锅粥(马家龙店),113.92804,22.5465,湾夏地铁站B出口,
B2094757D068A4F8429E,威尼斯青年旅舍（深圳欢乐谷店）,113.97744751,22.536439895,深圳华侨城深南大道9026号  ,
B2094757D06FA0F5409A,深圳欢乐谷,113.980295,22.54159,侨城西街18号,
B209425DD06FA4F94092,深圳欢乐谷,113.693073,22.97472,广东省东莞市东莞市,
B2094354D76FA7F54493,深圳欢乐谷,114.6784,22.869283,S21广惠高速西侧,
B2094351D568A0FC4893,奇谷米kigurumi(深圳欢乐海岸奇谷米次元街区店),113.9908048,22.5259924,白石路东8号（南门）,
B2094253D46DA1FB489A,深圳欢乐谷-矿山车站,113.981305,22.542492,侨城西街1号深圳欢乐谷,
B2094653D269A4FD4592,万福盈连锁酒店深圳欢乐谷店星河之星,113.92347,22.51681,南山区创业路145号,
B209445DD268A3F8419A,肯德基(深圳欢乐谷餐厅),113.929428,22.531221,南山区华侨城欢乐谷一楼,
B2094557D469A4FE4792,深圳欢乐谷世界之窗太空舱客栈,113.972442,22.539919,福田区沙河世界花园米兰居2栋2单元,
B209445CD36BABFD4893,深圳市食美特商贸(欢乐谷店),113.98061,22.5396,华侨城欢乐谷(园区内),
B209445DD665A6FD419D,深圳Time时光青年旅社欢乐谷店,113.976143,22.541883,深圳市南山区沙河侨城西街9号,
B2094554D26AA1F54893,旅行家公寓(深圳欢乐谷店),113.979297,22.536388,沙河世纪假日广场A栋3号(靠近佛山街),
B2094757D16AA1FC429E,深圳仙湖植物园,114.171415,22.576355,仙湖路160号,
B2094250D16FA5FE479B,深圳仙湖植物园-桫椤湖,114.177261,22.576892,仙湖路160深圳仙湖植物园,
B2094250D369A2FB409A,深圳仙湖植物园沙漠植物区,114.179077,22.583638,莲塘仙湖路160号仙湖植物园内,
B209425CD164A5F94693,深圳仙湖植物园立体停车场,114.168512,22.569052,莲塘仙湖路160号仙湖植物园内,
B209425CD264A7FC459D,深圳仙湖植物园-大雄宝殿,114.1824566,22.5773727,莲塘仙湖路160号仙湖植物园内,
B2094252D468A0F94699,深圳仙湖植物园停车场,114.1763,22.575733,莲塘仙湖路160号,
B2094251DA6EA6FC409D,深圳仙湖植物园-揽胜亭,114.1737281,22.5810765,莲塘仙湖路160号仙湖植物园内,
B2094251DB6BA1FC4392,深圳仙湖植物园-药用植物区,114.173134,22.581848,莲塘仙湖路160号仙湖植物园内,
B2094251D56FA3F84399,深圳仙湖植物园-罗汉松园,114.18065,22.580479,莲塘仙湖路160号仙湖植物园内,
B2094356D269A1FD4693,深圳仙湖植物园-蝶谷幽兰,114.1762729,22.5753384,广东省深圳市罗湖区莲塘街道仙湖社区仙湖路160号仙湖植物园内,
B2094354D36BABF94299,深圳仙湖植物园-盆景园,114.1779954,22.5814752,莲塘仙湖路160号仙湖植物园内,
B2094252D264A1F8469C,深圳仙湖植物园-听涛阁,114.17193,22.58026,莲塘仙湖路160号仙湖植物园内,
B209425DD06EA5F54099,深圳仙湖植物园荫生植物区,114.177045,22.5752526,莲塘仙湖路160号,
B2094653D26EA2FE409B,深圳世界之窗,113.972981,22.534662,深南大道9037号,
B2094653D26EAAFF4592,深圳世界之窗海边小区,113.971169,22.531087,华侨城世界之窗欧陆风情街(深南大道9037号),
B2094752D66AA6FC409F,城市客栈(深圳世界之窗店),113.9734196,22.536217,深南大道9037号世界之窗(世界之窗地铁站H2口旁),
B209475CDB6EA0F8499A,八号连锁酒店(深圳世界之窗一店),113.96865,22.54633,白石洲沙河工业区32栋3-4楼,
B209475CDB6DABFD449D,深圳乐居68连锁公寓(华侨城世界之窗店),113.9721894,22.53869665,南山区华侨城片区世界之窗对面沙河世纪假日广场,
B2094753DB6FA2F9499B,7天连锁酒店(深圳世界之窗店),113.9923816,22.5269823,深圳南山区白石洲沙河街2号金三角大厦,
B2094257D26EA3F8409E,深圳世界之窗阿尔卑斯冰雪世界,113.972755,22.534376,深南大道9037号世界之窗内,
B2094653D26EA5FB479C,深圳世界之窗有限公司,113.972981,22.534662,深南大道9037号,
B2094354DA6DA5F5479B,梅拉尼亚小镇(深圳世界之窗店),113.972922,22.5357112,深圳市南山区华侨城深南大道9037号深圳世界之窗,
B2094550D76DA2FD419F,深圳世界之窗兰兹酒店,113.96706,22.53691,深南大道9039号白石洲博耐家具广场1楼,
B209445DD468ABF84193,丽枫酒店(深圳世界之窗店),113.96819,22.54005,白石洲中海深圳湾畔花园2楼,
B209445DD56CA1F4429D,SparkHotel公寓(深圳世界之窗科技园白石洲店),113.968135,22.540135,中海深圳湾畔花园,
B2094251D76DA1FA4693,维也纳酒店(深圳世界之窗侨城东地铁站店),113.996716,22.5316348,深圳大道9015号新浩城花园西门,
B2094252D364A2FA4299,DR钻戒(深圳世界之窗店),113.97298,22.535889,深南大道9037号世界之窗景区西侧欧洲印象2单元(阿尔卑斯滑雪天地旁),
B209445DD46FA6F5469E,深圳世界之窗木鼓坊青年旅舍,113.972074,22.538751,"深圳南山区世界之窗沙河世纪假日广场(华侨城商圈内,世界之窗对面)",
B209445DDB6AA3FF479C,时光纪青年旅舍(深圳世界之窗店),113.972164,22.539452,白石洲世界花园,
B2094557D469A4FE4792,深圳欢乐谷世界之窗太空舱客栈,113.972442,22.539919,福田区沙河世界花园米兰居2栋2单元,
B209445DD468A1FD4092,深圳纳家青年旅舍世界之窗店,113.972179,22.539555,深圳南山区深南大道华夏路42号,
B209445DDB64A5FB449E,深圳世界之窗假日青年旅舍(深南道店),113.9722,22.5389,深南大道9030号沙河世纪假日广场C座(世界之窗、白石洲地铁站200米，益田假日广场),
B209445DD469AAFE429A,深圳世界之窗大学生求职公寓旅馆,114.010062,22.636659,白石洲下白石一坊36号,
B2094256D46CA4F84599,深圳市天文台,114.55935,22.479717,大鹏新区南澳街道西涌天文路,
B209475CD168A4FB4592,梧桐山,114.216375,22.570368,莲塘街道罗沙路2076号,
B2094252DB6FA6F54492,梧桐山顶峰,114.219583,22.579506,罗沙路2076号,
B2094254D66FA5FF499B,大梧桐山顶鹏城第一峰,114.219372,22.57947,罗沙路2078号梧桐山风景区内,
B2094753D069A3F4469F,梧桐山好汉坡广场,114.202346,22.595772,广东省深圳市罗湖区东湖街道梅岭梧桐山风景名胜区,
B2094257D76CA1FF409A,梧桐山电视塔,114.193722,22.568156,茂仔村137号梧桐山景区内,
B2094752D36EA1FF469F,梧桐山公园,114.73392,23.712595,127乡道附近,
B2094653D269A4FF439F,梧桐山隧道,114.2200418,22.554611,广东省深圳市,
B2094653D26BA3F5489B,梧桐山新居,114.1745689,22.5679861,畔山路122号(莲塘地铁站C口步行490米),
B2094750D564A3FA4998,盈科・梧桐山畔,87.6195432,43.9074918,新疆维吾尔自治区乌鲁木齐市米东区米东南路2580号,
B2094250D06EA5FF469D,梧桐山风景名胜区-西北门,114.19581,22.58975,望桐路,
B2094252DB6BABFE4093,广东梧桐山风景名胜区,114.214689,22.577706,莲塘街道罗沙路2076号,
B2094255D56DA1FD4592,梧桐山风景名胜区-好汉坡,114.213697,22.575566,梧桐山风景名胜区内,
B209475CDB6EA1FB459A,深圳静山花海艺术馆梧桐山客栈,114.1938,22.591,深圳市罗湖区梧桐山艺术小镇望桐路茂仔村75号二楼(梧桐山北门),
B2094251D56EA7FB439B,梧桐山,114.73392,23.712595,127乡道附近,
B2094256D46EA1F8439E,梧桐山艺术小镇,114.193847,22.590542,望桐路与罗湖梧桐绿道交叉口西北200米,
B2094252D169A4FD409F,梧桐山风景名胜区-十里杜鹃,114.184296,22.557072,莲塘罗沙路2076号,
B2094757D169A2FE429E,梧桐山酒家,114.23609924,22.559289932,盐田区沙头角梧桐路2002号,
B2094251D269A5F5429D,梧桐山风景名胜区-西南2门,114.18466,22.56087,梧桐山南路与仙桐路交叉口西南方向10米,
B2094252D26BAAF4439D,深圳梧桐山十里杜鹃观海亭,114.2060121,22.5703073,莲塘街道罗沙路2076号广东梧桐山风景名胜区,
B2094653D26BA3F54793,梧桐山村公交站,114.16961,22.59135,广东省深圳市罗湖区东湖街道大望新平村,
B2094652DB6AAAFC439A,深圳华侨城洲际大酒店-酒店公寓,113.984689,22.532356,华侨城深南大道9009号,
B2094757D068AAFD4598,深圳华侨城,113.990037,22.537252,杜鹃山,
B2094757D068AAFF499E,四海一家(深圳华侨城益田假日广场店),113.9758585,22.537447,深南大道9028号益田假日广场L3楼,
B2094757DB6EABF8449C,深圳华侨城洲际大酒店,113.984689,22.532356,华侨城深南大道9009号,
B2094652DB69A5FA4692,华侨城创意文化园,113.993472,22.5373436,锦绣北街8号,
B2094452D36CA4F54893,广东深圳华侨城国家湿地公园,113.983766,22.52816,白石路9号,
B2094757D065A3F44592,王品台塑牛排深圳华侨城店,113.97611,22.53695,深南大道9028号益田假日广场L3-1号,
B2094757DB6FA2F84293,益田假日广场(深圳华侨城店),113.975103,22.537436,深南大道9028号,
B2094753D66CA4FB409C,深圳华侨城蓝汐精品酒店,113.9924019,22.5244219,欢乐海岸海园二路9号,
B2094757DA64AAF54093,雕刻时光咖啡馆深圳华侨城店,113.98328,22.53767,侨城西街55-2,
B2094557D369A3FD429F,四叶寿司(深圳华侨城店),113.988935,22.5328583,深南大道9001号锦绣中华大门东侧50米(大水车后面),
B2094757D16EABFD489A,鸿波酒店(深圳华侨城店),113.9829731,22.537957,侨城西街51号鸿波会议中心大厦F1层,
B209475CDB6DABFE419E,华里精品酒店(深圳华侨城店),113.99585,22.53649,华侨城锦绣北街2号,
B2094251D06BA1FB4292,王品牛排(深圳华侨城益田假日广场店),113.975344,22.537348,深南大道9028号益田假日广场3F,
B2094251D369AAFB419A,华膳中餐厅·粤菜(深圳华侨城洲际大酒店),113.98486,22.532629,"深南大道9009号华侨城洲际大酒店L层(近锦绣中华,世界之窗,欢乐谷)",
B209425CDB68A2FA459C,Daily&Deli(深圳华侨城欢乐时光店),113.988274,22.54303,香山东路天鹅湖花园三期欢乐时光商场L1-,
B2094252D268A3F5469C,蔚来空间(深圳华侨城欢乐港湾),113.8863339,22.5436973,宝华路欢乐港湾东区L1层009号蔚来空间,
B2094252D66CA0F9459D,星巴克臻选(深圳华侨城Loft店),113.9933012,22.5362368,锦绣北街3号华侨城东部工业区E5栋101A号,
B2094354DB6CABF5419D,小米之家(深圳华侨城益田假日广场店),113.9744928,22.5377794,广东省深圳市南山区沙河街道华夏街社区深南大道9028号益田假日广场B2,
B2094251D06CABFA469C,古德菲力健身(深圳华侨城店),113.98262,22.540285,杜鹃山东街2号华侨城体育运动中心1层,
B2094551D265A1F9489E,海上世界文化艺术中心,113.916901,22.4802,望海路1187号,
B2094253D364A0F9469F,SAANCI山池咖啡(海上世界文化艺术中心店),113.917117,22.480437,望海路1187号海上世界文化艺术中心1层L1-103,
B2094253D364A1FA4193,海上世界文化艺术中心(东门),113.917442,22.479814,望海路1187号海上世界文化艺术中心,
B209425DD36EA0F94593,COMMUNE MUSEUM幻师(海上世界文化艺术中心店),113.9175446,22.4796626,海上世界文化艺术中心广场105COMMUNE MUSEUM幻师,
B209425DD26CA1FB409F,gaga ARTSPACE(海上世界文化艺术中心),113.9171986,22.4803661,招商街道水湾社区望海路1187号海上世界文化艺术中心广场104,
B2094256D565A2F8439D,紫苑(蛇口海上世界文化艺术中心分店),113.9163,22.480312,望海路海上世界文化艺术中心4楼(地铁2号线海上世界A出口南行300米),
B2094253D76CA3F4469C,海上世界文化艺术中心广场,113.916404,22.4801894,南山区招商街道望海路,
B2094653D26EA7F54593,蛇口海上世界,113.916697,22.483032,招商街道水湾社区蛇口望海路1128号,
B2094253D168ABFF439F,海上世界,113.917869,22.482292,招商街道水湾社区蛇口望海路1128号,
B2094256D565A2F8439D,紫苑(蛇口海上世界文化艺术中心分店),113.9163,22.480312,望海路海上世界文化艺术中心4楼(地铁2号线海上世界A出口南行300米),
B2094557D469A4FE459F,兰兹酒店（深圳蛇口店）（原蛇口海上世界店）,113.92588,22.493471,蛇口花果路72号,
B2094252D46CABF4459E,In Style造型(蛇口海上世界店),113.915436,22.483574,望海路南山蛇口海上世界(露台terrace楼上),
B209425CD56EA2FA479A,Ruby瑰宝酒店(深圳蛇口海上世界水湾地铁口店),113.919007,22.487373,蛇口康乐路1-1号(水湾地铁站D口步行240米),
B2094251DB69A2FE489D,ZMAX HOTELS(深圳南山海上世界蛇口店),113.92676,22.486061,蛇口街道蛇口老街统建一号楼116-2号,
B2094750D164A0FE419D,汉庭快捷深圳南山海上世界店(原深圳蛇口店),113.916332423687,22.4873899954597,南山区蛇口太子路59号,
B209445DDB6BA1FE409C,哥达斯酒店(深圳蛇口海上世界店),113.9259,22.4866,石云路3号(龙宫VIP会所4-5楼),
B2094554DA6DABF8439F,鲜芋仙(蛇口海上世界广场店),113.91512,22.48402,蛇口太子路32号丽明楼正9号商铺(海上世界地铁站A出口),
B2094253D76BA6FE419A,YKaring云今酒店(深圳蛇口海上世界店),113.9276916,22.490793,蛇口街道雷岭社区花果路36号米兰公寓1期,
B2094356D06AA7F9439B,MADLOBA格鲁吉亚餐吧(海上世界店),113.9152518,22.4835767,太子路20-21号,
B209425DD76CA6F5439B,梦公园精品酒店(深圳蛇口海上世界店),113.9300737,22.4840925,湾厦路与望海路交叉口东北60米,
B209425DDB69A2FE4598,ZMAX酒店(深圳南山海上世界蛇口店),113.9267722,22.4861213,蛇口老街116-3号,
B2094356D06DAAF54498,盈舍轻奢S酒店(深圳蛇口海上世界地铁站店),113.91312752068,22.482831141916,招商街道太子路1号新时代广场北门,
B2094757D069A1F8459C,南头古城,113.920935,22.542955,深南大道(中山公园地铁站D口步行330米),
B2094252D46EA6FD4093,VINYLHOUSE 黑胶房子(南头古城旗舰店),113.923143,22.543493,中山东街4号(东门里第二栋),
B2094252D764A5F84092,喜茶(南头古城店),113.921715,22.543709,南头天桥北南头古城中山西街N-1号1-3层,
B2094253D168A1F94698,集福咖啡(南头古城店),113.920278,22.543485,中山南街与中山西街交叉口西南20米,
B2094252D465A3F4459D,gaga(南头古城GARDEN店),113.9199773,22.544777,深南大道南头古城大家乐北广场N-08商铺,
B2094251D76EA0FD409E,She And Flora(南头古城店),113.92016,22.544617,春景北街23号后面101室大家乐广场旁边(南头古城),
B2094251DB68A1F54498,OOKI TABLE餐酒馆(南头古城店),113.9202892,22.5440636,南头古城春景北街一坊1号楼,
B2094653D26FA4F94299,深圳新安古城,113.921429,22.543019,深南大道(中山公园地铁站D口步行330米),
B2094252D56AAAFA4692,深圳南头古城有熊酒店,113.9208566,22.5433994,南头街道南头古城乐坪街一坊22号,
B2094250D36BA5FE4599,南头古城博物馆,113.919952,22.540836,南头较场2号,
B2094253DA6BA0FF429C,SipUp西皮葡萄餐酒馆(南头古城店),113.919503,22.542752,南头古城西集小绿洲Sip Up西皮葡萄餐酒馆,
B2094253D36DA1FE439F,南头古城(地铁站),113.924129,22.539163,(在建)12号线(南宝线),
B2094253D668A6FD489B,南头古城(南门),113.920545,22.541791,深南大道南头古城(西南角),
B2094251DA6AA4F94092,彬妈糖水(深圳南头古城店),113.9204247,22.5422794,南头街道南头城社区中山南街41号101,
B2094252D765A2FF499E,南头古城-关帝庙,113.9208654,22.5406768,深南大道12022号,
B209425DD76BA4F4419A,DECAMERON COFFEE十日谈(南头古城店),113.922008,22.543584,南头街道南头城社区中山东街36号,
B209425CD16EA1FE469B,图南冰室(南头古城店),113.9231425,22.544079,南头城社区南山大道3061号,
B2094253D36DA1FE449E,小春日和·日式料理(南头古城店),113.9201358,22.5427119,南头街道南头城社区春景街一坊3号,
B209425DD568A3F8469B,幻樂園(南头古城店),113.92033,22.542903,中山南街69号101,
B2094252D56BA2FE429C,南头古城垣,113.9206289,22.5418067,中山东街与中山南街交叉口东150,
B2094554D06BA5F94698,桔钓沙,114.552381,22.557058,南澳新东路,
B2094757D56EABFD4899,桔钓沙湾,114.558236,22.558232,深圳市龙岗区X260(新东路),
B2094256DB6BA1F5429F,桔钓沙莱华度假酒店-沙滩,114.55323,22.55642,大鹏新区新东路28号酒店1层,
B2094252D464AAFB4898,桔钓沙游艇码头,114.558274,22.555355,南澳新东路,
B2094350D46DABFE429D,桔钓沙玻璃海滩,114.5524859,22.5570614,深圳市龙岗区新东路28号,
B209445CD36BA2F84592,桔钓沙烧烤,114.55871,22.55499,广东省深圳市龙岗区南澳街道新东路12号,
B2094253D36DABF44899,桔钓沙沙滩拓展基地,114.5555446,22.5556363,南澳街道新东路桔钓沙沙滩上,
B2094253DB6CA6FA499E,杨梅坑桔钓沙如初见别墅(丰坪路分店),114.514436,22.529291,丰坪路坪山仔,
B2094357DA65A5F94798,看见海SEESEA(桔钓沙店),114.55476228473,22.555711372148,大鹏新区南澳街道新东路28号,
B2094256DB6CABFB4299,欢乐港湾,113.883757,22.54458,海天路与宝华路交汇处,
B2094251DB68A3FD489B,欢乐港湾东岸商业街区,113.887685,22.542852,新安街道海旺社区海府路1号,
B2094257D56BA0F94792,华侨城欢乐港湾,113.88392,22.543524,宝华路与海府路交汇处,
B2094253D06BA4FE489A,NuBond LiveHouse(深圳欢乐港湾店),113.888921,22.542988,临海B2出口B1层,
B2094251D56EA5FB4693,湾区之光摩天轮,113.887927,22.541133,新安街道滨海文化公园(临海地铁站B2口步行370米),
B2094252D46BA5FE409D,锺书阁(欢乐港湾店),113.887577674,22.543218349,广东省深圳市宝安区新安宝安滨海文化公园,
B2094252D56FA0FF489D,滴咖城市营地(欢乐港湾西岸天幕广场店),113.87966,22.543606,新安欢乐港湾商业西岸天幕广场,
B2094251D36AA7FC459B,欢乐港湾-滨海文化公园,113.881679,22.54547,欢乐港湾(西北角),
B2094252D265A6F8489B,欢乐港湾西岸商业街区,113.883268,22.544874,宝华路与海府路交叉口西220米,
B2094253D76BA7FB469A,熊出没欢乐港湾,121.193369,28.861832,大路王村村委会东南侧90米,
B2094252D464A7FC479F,钟书阁(欢乐港湾店),113.887756,22.54314,华侨城欢乐港湾东岸L1-021,
B2094354D368A0FC489A,欢乐港湾·湾区之光摩天轮,113.8879295,22.5411325,新安街道滨海文化公园(临海地铁站出入口步行240米),
B2094254D668AAFB4393,罗马广场,109.135391,21.411572,银滩中路46号,
B2094252D064A2FB4098,喜茶(欢乐港湾店),113.886835,22.542717,欢乐港湾东区东L1-043号铺,
B2094354D06AA4F8499E,宁波熊出没欢乐港湾,121.1728518,30.3205737,天宝路189号,
B2094252DA6CABFF4398,meland(前海欢乐港湾店),113.8887193,22.5425623,新安街道海滨社区欢乐港湾2号东L1-027-032,
B2094252D56FA5F8459C,NAYA·亚洲泰菜(欢乐港湾店),113.887032,22.542641,欢乐港湾东区L2-024,
B2094252D26DA5FB439C,欢乐港湾-庆典广场,113.88363,22.543884,宝华路(宝安中心区青少年宫南侧约250米),
B2094254D66BA6F5409A,维也纳国际酒店(深圳前海欢乐港湾店),113.8653564,22.5599799,兴业路8号,
B2094252D46CAAFE459A,M Stand(欢乐港湾店),113.8876173,22.5423987,新安街道海滨社区欢乐港湾2号东岸东区L1-46,
B2094254D66AA2FE439D,梅沙尖,114.274526,22.615142,广东省深圳市盐田区,
B2094352D36FA2F4449C,梅沙尖观景平台,114.2745587,22.6152029,梅沙尖西南侧70米,
B2094352D765A2FD469E,梅沙尖登山口,114.268503,22.615033,云海专线A;云海专线B;云海专线C;云海专线D,
B2094251D56EA5FB4693,湾区之光摩天轮,113.887927,22.541133,新安街道滨海文化公园(临海地铁站B2口步行370米),
B2094354D368A0FC489A,欢乐港湾·湾区之光摩天轮,113.8879295,22.5411325,新安街道滨海文化公园(临海地铁站出入口步行240米),
B2094354D46FA0FB4799,深圳市欢乐港湾湾区之光摩天轮,113.938725,22.544625,科技中二路与高新中三道交叉口东北80米,
B2094252D76AA3FD499B,湾区之光摩天轮-入口,113.88795,22.541225,海府路与新安西路交叉口附近,
B2094351D468A7F4439B,华发冰雪热雪奇迹,113.7691624,22.715298,沙井南环路(会展城地铁站D口步行400米),
B2094353D36FA7FF409F,UFUFU SWEETS&DINER(华发冰雪热雪奇迹店),113.769653,22.715698,深圳市宝安区南环路,
B2094254DB64A5F5459A,南山博物馆,113.923887,22.535024,南山大道2093号(桃园地铁站B口步行360米),
B2094652DB6AAAFD479E,天后宫庙,113.8924489,22.478121,广东省深圳市南山区招商街道赤湾六路9号,
B2094652DB6AAAFF4499,赤湾天后庙,113.8924489,22.4781252,广东省深圳市南山区招商街道赤湾六路9号,
B2094652DB6AAAFD4899,南山区天后博物馆,113.8921,22.477764,赤湾六路9号,
B2094253DB6AA1FF4299,深圳市南山博物馆(北门),113.923839,22.535308,南头街与南山大道交叉口西南60米,
B2094256D169A4FE469C,秦岭终南山世界地质公园博物馆,109.0040954,33.9660699,太乙宫镇翠华山•秦岭终南山世界地质公园内,
B2094456D06CA1FB429E,南山大学人类学博物馆,136.962234,35.147737,爱知县名古屋市466-8673,
B2094355D769A1FE4498,天后宫,113.8921071,22.4777862,广东省深圳市南山区招商街道赤湾六路9号,
B2094652DB6AA2FC499F,南山钟表翡翠博物馆,113.92108,22.52573,南山区常兴路,
B2094257DA6DA7F5429B,深圳至正艺术博物馆南山馆,113.9466633,22.5149065,逸湖六街与汀泽一路交叉口西南80米,
B2094351D568A3F8419F,深圳书城湾区之眼,113.8842923,22.5476896,深圳市宝安区海天路深圳前海华侨城JW万豪酒店东侧约210米,
B2094352D168A3FB4298,三体·四维空间科幻体验中心(深圳书城湾区之眼店),113.88386,22.547936,广东省深圳市宝安区新安街道深圳书城湾区之眼,
B2094656D569AAF8479D,凤凰山森林公园,113.9288896,35.4298661,河南省新乡市凤泉区凤翔路与凤凰山迎宾大道交汇处北820米,
B2094256DA64A0FC4693,遵义市凤凰山国家森林公园,106.925606,27.726547,贵州省遵义市汇川区人民路遵义市人民政府附近,
B2094652D065A1F44199,凤凰山森林公园,117.795815,26.390015,虬江街道凤凰路169号,
B2094653D269A0FD4893,凤凰山森林公园,113.85074,22.672855,福永街道凤凰社区,
B2094657D564A6F9449C,凤凰山旅游区,128.049951,44.164789,山河屯林业局凤凰山林场,
B2094653DA6DA6FD429B,凤凰山森林公园,105.082861,31.094618,四川省绵阳市三台县潼川镇凤凰山森林公园,
B2094257D769A2FC4293,凤凰山国家森林公园,109.489151,30.280879,东风大道361号(近凤凰山隧道),
B2094250D06BA6FE409E,凤凰山森林公园,119.706946,30.617901,递铺镇昌硕街道安吉大道8号,
B2094653D26EA7F54592,凤凰山,113.85074,22.672855,福永街道凤凰社区,
B2094657D664A2F5439C,朝阳凤凰山景区,120.515369,41.548751,凤凰山,
B209465CD769A6FD4993,凤凰山森林公园,108.68807,32.695396,恒口镇310省道旁,
B2094257D46EA6FC419C,凤凰山森林公园-广场,112.59139,37.362938,侯东线,
B2094257D06CA7F5409A,凤凰山森林公园,103.700348,27.301878,凤凰村凤凰山,
B2094757D66EA3F5489D,凤凰山森林公园,113.38922,23.21886,渔沙坦村(近柯木塱村),
B2094554D16CA3FA439D,凤凰山森林公园,110.4156486,28.4516979,沅陵城东南沅水之畔,
B2094253D26EA3FE449B,宁乡香山国家森林公园,112.6095854,28.158853,夏铎铺镇,
B2094653D56CA1FB479E,凤凰山森林公园,114.354071,27.781105,江西省宜春市袁州区凤凰街道易家坊安置小区,
B2094252D56EA7FD4992,凤凰山国家森林公园,106.9267387,27.698712,石龙路与凤凰南路交叉口东北角,
B2094252D46AA4FD4292,凤凰山森林公园-飞云顶,113.85679,22.6757,福永街道凤凰村凤凰山森林公园内,
B2094252D06EA6F94098,凤凰山国家森林公园-大峡谷,127.99535,44.2182,山河屯林业局凤凰山国家森林公园内,
B2094757D06AA2F84992,弘法寺,114.182141,22.577514,莲塘仙湖路160号深圳仙湖植物园内(东侧),
B209465CD66EABFF4698,弘法寺,100.205785,26.87268,中和巷西150米,
B2094252D665A0F54193,弘法寺-斋堂,114.182134,22.576866,莲塘仙湖路160号仙湖植物园内,
B2094653D168A1F8409A,弘法寺,116.817957,24.037256,新丰镇溁西乡五全村三滴水山,
B2094657DB6DA5FC409C,弘法寺,131.83894,45.52482,密山镇铁西,
B2094251DB69A4FD469F,弘法寺,107.548823,37.5951024,弘法寺(定莲路南150米),
B2094251DA69A2F9499A,凤凰茶馆(弘法寺店),114.18397,22.57847,仙湖植物园内弘法寺二期光明殿旁,
B2094252D36DA5FB419E,弘法寺,121.107905,41.112281,太安里125号楼71号,
B2094253D66CA6FD489E,弘法寺-经堂,114.1816399,22.5770134,莲塘仙湖路160号仙湖植物园内,
B2094456D36BABFF489B,真間山弘法寺,139.9081634,35.7399649,,
B2094652D56EABF54893,弘法寺,113.03422,26.3672,湖南省衡阳市耒阳市夏塘镇夏塘辖神庙,
B2094252D06FA5FF4492,弘法寺斋菜馆,114.18238,22.578012,莲塘路仙湖路160号仙湖植物园内,
B2094651DA6FABF44793,弘法寺,121.121211,28.856655,钱暄路与靖江北路交叉口西40米,
B2094252D36DA3F8479A,罗湖区图书馆(弘法寺分馆),114.1814086,22.5779663,莲塘仙湖路160号仙湖植物园内,
B2094250D16FA2FA439D,弘法寺,122.5383079,42.7111919,章古台镇,
B209425DD26BA6FF4293,弘法寺,104.7907354,29.3652243,千子冈路,
B209425DD064ABFC4393,弘法寺写经院,114.181779,22.577073,苏铁四路与紫薇路交叉口东380米,
B209425DD46CA6F8479C,弘法寺人文佛教博物馆,114.180837,22.578025,莲塘街道仙湖路160号,
B2094250D16EA3FB489A,弘法寺,113.2781212,40.3455917,山西省大同市新荣区堡子湾乡弘法寺,
B2094250D16EA0FA4193,弘法寺,106.6571832,29.0111938,334省道,
B2094252D26AA2F94992,深圳国际会展中心,113.774135,22.697964,福海街道展城路1号,
B2094256D76DA4FF429D,深圳国际会展中心(宝安新馆),113.774135,22.697964,福海街道展城路1号,
B2094653D268A5F94198,深圳豪盛花园大酒店,113.8463875,22.720826,沙井镇新沙路东段2号,
B2094251D66EA7F54499,深圳国际会展中心希尔顿酒店,113.777863,22.705438,展丰路80号(国展北地铁站C2口步行240米),
B2094253DA6CA7FA469D,深圳国际会展中心洲际酒店,113.78243,22.702832,福园二路93号会展湾东城广场二期7栋101,
B2094653D268ABFF489C,东方山水酒店,113.7937217,22.6791045,蚝业路与永和路交汇处,
B2094250D26BABFF4799,深圳国际会展中心皇冠假日酒店,113.77738,22.686848,展云路8号(国展南地铁站C口步行370米),
B2094253D66DA3F8489B,深圳国际会展中心-17号馆,113.772245,22.704588,福海街道展城路1号,
B209445DD46BA3FC409E,维也纳酒店(深圳国际会展中心福永新田店),113.8305097,22.6881743,福永新田大道101号博业大厦,
B2094252D26DA0FE4098,雅好花园酒店(深圳国际会展中心塘尾店),113.80461,22.697684,福永街道塘尾社区和沙路10号,
B2094252D564A6F4419B,全季酒店(深圳国际会展中心福海店),113.8044698,22.700351,福海街道塘尾社区和沙路48号1层,
B2094750D564AAFB489E,深圳杰豪皇庭酒店(深圳国际会展中心店),113.8134728,22.673363,福永街道福永社区立新路16号,
B2094251D06FA1F94298,深圳国际会展中心-10号馆,113.775964,22.697391,福海街道展城路1号,
B2094554D264A7FF409E,夏威夷国际酒店(深圳国际会展中心福园店),113.783283,22.688445,福园二路创峰数码科技园C1栋,
B2094753DB6FA0FB4392,维也纳国际酒店(深圳国际会展中心松岗红星店),113.8371331,22.7568425,松岗镇松瑞路2号,
B209445DD565A7FD4598,维也纳酒店(深圳国际会展中心福永凤凰山店),113.8458048,22.6840196,福永街道凤凰社区凤凰山大道美食街第8-9栋,
B2094252D26EA2F44998,深圳国际会展中心北登录大厅,113.773918,22.703079,福海街道展城路1号(国展北地铁站C2口旁),
B2094251D06FABF44898,深圳国际会展中心希尔顿花园酒店大堂,113.778432,22.705246,深圳国际会展中心希尔顿花园酒店,
B2094253D668A3F9409B,深圳国际会展中心-20号馆,113.775246,22.705652,展城路与百川路交叉口西南140米,
B2094252D36CA0FC4692,深圳国际会展中心16展厅,113.774574,22.70091,展城路1号(深圳国际会展中心),
B2094254D66FA5FF499B,大梧桐山顶鹏城第一峰,114.219372,22.57947,罗沙路2078号梧桐山风景区内,
B2094653D269A3FD4492,马峦山郊野公园,114.32815,22.638048,坪马线公路,
B2094257D769A2F54492,马峦山郊野公园梅亭,114.320587,22.629127,坪山新区马峦山梅亭,
B2094252D264AAFC4092,马峦山郊野公园-西北门,114.2937,22.65386,广东省深圳市坪山区,
B2094355D369A2FE409C,马峦山梅亭,114.3205971,22.629123,广东省深圳市坪山区坪山新区,
B209425CD26EA2F5439D,马峦山郊野公园(北门),114.345202,22.654294,坪马线公路马峦山郊野公园(东北角),
B2094351D165A6FA499F,马峦山郊野公园-西北门(碧岭入口),114.2924294,22.6573975,广东省深圳市坪山区马峦街道马峦社区坪马线公路,
B2094753DA65A7F4439D,大鹏半岛较场尾海滩,114.513142,22.590426,大鹏新区大鹏街道鹏城社区,
B2094256D669A4FD459A,较场尾海滩,114.512889,22.590172,大鹏新区大鹏街道鹏城社区,
B2094257D06AABF5469B,华侨城欢乐海岸PLUS,113.303497,22.8163648,大良街道欢乐大道1号,
B2094254DB6DA0FF409B,欢乐海岸PLUS,113.303499,22.816365,大良街道欢乐大道1号,
B2094757DA6AA1FE499F,华侨城欢乐海岸,113.987934,22.523417,滨海大道2008号,
B2094551D76CA1F94792,欢乐海岸,113.987934,22.523417,滨海大道2008号,
B2094252D565A1FF4098,佛山顺德华侨城欢乐海岸亚朵酒店,113.3080318,22.8174197,大良街道欢乐大道3号4栋,
B2094251D16CA0F84693,蓝汐假日酒店(佛山华侨城欢乐海岸PLUS店),113.303651,22.818198,大良街道逢沙欢乐大道3号欢乐广场2栋109铺,
B2094252D26BA1FB4499,宁波华侨城欢乐海岸购物中心,121.5236691,29.8200889,欢乐海岸路7号(庙堰地铁站G口旁),
B2094257DA65A6F84898,华侨城欢乐海岸,121.52731,29.82069,浙江省宁波市鄞州区鄞县大道与百梁北路交叉口,
B2094250DA6CA4FA4298,中山华侨城欢乐海岸,113.36976,22.552588,岐峰路珍身堂石斛文化产业园对面,
B2094253D268ABFC4892,麦当劳(华侨城欢乐海岸店),113.990862,22.52157,白石路东8号欢乐海岸椰林沙滩19号,
B2094252DB6EA5FB4698,博纳国际影城(宁波华侨城欢乐海岸店),121.5247735,29.8210416,钟公庙街道欢乐海岸路7号宁波华侨城海岸购物中心4层L4012,
B2094251D769A7F44298,海马体照相馆(华侨城欢乐海岸店),113.9894865,22.5255578,滨海大道2008号L1-035号铺(1号门耐克隔壁),
B2094251D165A6FC449E,CASTLE PLUS(顺德华侨城欢乐海岸店),113.307434,22.817019,大良街道欢乐大道3号欢乐海岸广场3栋3层322-323号商铺,
B2094251D56AA5FE4293,深圳市华侨城欢乐海岸创展中心-飞碟馆,113.98822,22.52555,白石路东8号欢乐海岸,
B2094252D56BA2FB479D,中山市华侨城欢乐海岸天鹅堡,113.3725,22.554998,星辰路1号,
B2094257D564A5F8479D,贰麻酒馆(顺德华侨城·欢乐海岸PLUS店),113.306,22.816835,"大良街道逢沙村民委员会欢乐大道1号欢乐海岸广场蓝楹弯公馆18栋101,201号铺",
B2094252D164A0F84499,迁梵民宿(顺德华侨城欢乐海岸plus店),113.29123,22.808077,旧寨大道叶仔饭店对面,
B2094251D368A7F4409C,顺德华侨城欢乐海岸乔寓,113.3038,22.818695,华侨城欢乐海岸1栋,
B2094252DA6CAAFC439D,六号花园(顺德华侨城·欢乐海岸PLUS店),113.30609,22.817741,大良街道欢乐大道1号顺德华侨城·欢乐海岸PLUS,
B209425DD66AA2FD489E,桔子酒店(佛山顺德华侨城欢乐海岸PLUS店),113.3075464,22.8168155,大良街道欢乐大道3号欢乐广场3栋(顺德欢乐海岸地铁站A口步行200米),
B2094451D16BA1F9469C,大梅沙海滨栈道,114.306727,22.584144,盐梅路,
B2094354D169A2FE4498,深圳前海·华发冰雪世界,113.7731179,22.7126216,沙井南环路(会展城地铁站D口步行400米),
B2094253D669A2F4469F,深圳前海·华发冰雪世界营销中心,113.777578,22.71552,沙井展景路与展林路交汇处,
B2094252D564A7FD499C,甘坑古镇,114.103888,22.656694,吉华街道甘坑社区甘李路18号,
B2094252DA6BA6FB489F,猫的天空之城概念书店(甘坑古镇店),114.10240500003,22.657825000031,广东省深圳市龙岗区甘李路18号甘坑古镇,
B2094254DA6CA1FE4192,南香楼艺术酒店(华侨城甘坑古镇店),114.1033496,22.6574858,吉华街道甘李路18号甘坑古镇内(西北角),
B2094252D464A5F8459A,瑞幸咖啡(甘坑古镇店),114.1051071,22.6556566,甘李路18号甘坑客家小镇5号楼7都一层116-5,
B2094253D66BA6FA489D,甘坑古镇状元府,114.1017736,22.6581644,吉华街道甘坑社区甘坑古镇内(西北角),
B2094256DA6EA6FF4598,鹅滋道家乡菜,114.102768,22.6576134,甘坑客家古镇主街80号楼,
B209425DDB64A0FC4298,小隐于世·寻塔小院(甘坑古镇店),114.1017992,22.6574757,坂李大道与甘坑匝道交叉口东南240米,
B2094253D66BA5FA469D,甘坑古镇(南门),114.105713,22.654275,广东省深圳市龙岗区,
B2094356D165A4FD439E,CHAGEE霸王茶姬(深圳龙岗甘坑古镇店),114.10307977437,22.657730876726,吉华街道甘李路18号甘坑客家小镇2号楼A栋102号商铺,
B2094356D764A6FC499F,华侨城甘坑古镇,114.10314315678,22.657209042481,广东省深圳市龙岗区吉华街道甘坑社区甘李路18号,
B2094350D46CA7FB449F,夏茉冰事(甘坑古镇店),114.1058377,22.6547236,甘坑古镇南门美宜佳对面的巷子集市直走右拐,
B2094652DB64A5F54893,皇岗口岸生活区,114.078989,22.528337,福田南路50号,
B2094757D06FA0F84899,皇岗口岸,114.07723,22.519985,福田南路与百合三路交叉口东南220米,
B2094652DB64A4FC4292,深圳市福田皇岗口岸交管站,114.077833,22.527441,福田南路28号皇岗公路大厦3层,
B2094652DB64A6FC4793,凯泰港式烧腊茶餐厅(皇岗口岸店),114.069472,22.516497,保税区一号通道以东海华阁商场101,
B2094554D16EABF94298,锦江之星品尚(深圳皇岗口岸皇城广场店),114.0754054,22.5246042,福田南路皇城广场裙楼4009一楼近百合路,
B2094252D56CA1FF419A,皇岗口岸[地铁站],114.07402,22.521744,地铁7号线(西丽线),
B2094253D665A3FE479D,皇岗口岸出境大厅地面停车场(出入口),114.070644,22.519848,皇岗路与百合路交叉口南240米,
B2094652DB64A4FC459A,皇岗口岸交通运输管理站,114.077512,22.527528,福田南路28皇岗公路大厦3层右,
B2094551D06FA5FA4598,深圳福田皇岗双口岸地铁旁近会展中心酒店式公寓,114.07584,22.523765,深圳福田区深港1号20栋9D1,
B2094652DB64A6FD449B,皇岗口岸派出所,114.071275,22.524179,福港路50号(福民地铁站H口步行450米),
B209445DDA68A0FF4799,格林豪泰(深圳皇岗口岸店)(原银湖精品酒店),114.076436,22.525481,福田南路皇御商城三楼,
B2094252D36DA3FA489A,皇岗口岸管理处(福田南路),114.07632,22.521744,福田南路12,
B2094551D06EA2F5479F,深圳BON近福田会展中心福田皇岗双口岸酒店式公寓,114.07217,22.536552,深圳福田区皇岗路2001号高科利大厦-B栋18E,
B2094251D669A1F4439A,骏怡连锁酒店(深圳会展中心皇岗口岸店),114.07773,22.52742,福田南路28皇岗公路大厦,
B2094652DB69A3FC449D,深圳市野生动物园,113.972745,22.596545,西丽街道西丽路4066号,
B2094251D26AA3FB4593,深圳市野生动物园-海洋天地,113.970988,22.599608,西丽镇西丽路4065号深圳野生动物园内(北侧),
B2094253D46CA4F9419D,深圳野生动物园,113.972146,22.596039,西丽街道西丽路4066号,
B2094557D569A5FF409A,深圳市野生动物园中型猛兽馆,113.9718133,22.5976568,深圳市南山区西丽镇西丽路4065号深圳野生动物园内,
B2094251D464A3FB429E,深圳市野生动物园-野驴,113.974088405,22.593920809,广东省深圳市南山区西丽镇西丽路465号,
B2094257D26DABFD4592,深圳市野生动物园-火烈鸟半岛,113.975997925,22.597305298,广东省深圳市南山区西丽春园路,
B2094557D569A2FD4893,深圳市野生动物园海狮表演馆,113.969998472765,22.598908545623,沁园路1231号,
B2094252DB6FA6F5409D,深圳市野生动物园-非洲野狗,113.971639,22.597483,广东省深圳市南山区西丽镇西丽路465号,
B2094557D568A2FF409D,海洋天地,113.9709756,22.5996668,深圳市南山区西丽镇西丽路4065号深圳野生动物园内,
B209425CD56FA0F4439A,深圳市野生动物园-浣熊,113.971599,22.595807,西丽镇西丽路465号,
B209425CD765AAFF439E,深圳市野生动物园-斑马,113.974616,22.594715,西丽镇西丽路465号,
B2094257D26EA3F8489D,塘朗山,113.986139,22.573123,广东省深圳市南山区,
B2094250D268A7F8409F,塘朗山公园-塘朗山顶峰,113.986046,22.573329,龙珠六路尽头处塘朗山公园内(西侧),
B2094757D064A7FB469D,塘朗山郊野公园,113.991315,22.572145,龙珠六路尽头处,
B2094653D269A4FF429B,塘朗山隧道,113.9925339,22.5662581,广东省深圳市南山区,
B2094256D168A7FC4799,塘朗山公园-极目阁(暂停开放),113.9861668,22.5733253,塘朗山郊野公园山顶,
B2094250D068AAFB4393,塘朗山公园,113.993789,22.571178,龙珠六路尽头处,
B2094257D664A4FB4893,塘朗山公园-梅林后山,114.0367311,22.5787948,广东省深圳市福田区北部,
B2094250D068AAFB459E,塘朗山公园-龙珠门,113.982185,22.56399,龙苑路与龙珠六路交叉口东北方向150米,
B2094252D06EA4FC409E,塘朗山公园-梅语亭,114.005325,22.567865,塘朗山郊野公园梅语亭,
B2094757D16AA2F4409E,BI7JTA-438.500MHZ塘朗山基地,113.98494868,22.560670045,深圳南山区龙珠七路040号,
B2094252D26FA3F9419A,塘朗山公园-飞来石,114.0360957,22.5835266,龙珠六路尽头处塘朗山公园,
B209425CD76BA7FE459A,塘朗山公园-百尺天梯,113.9855644,22.5729099,塘朗山郊野公园百尺天梯,
B2094354D56EA6F94999,塘朗山公园-极目阁,113.9861146,22.5733571,塘朗山郊野公园山顶,
B2094253DB65A3F8479A,塘朗山公园(深云入口),113.991884,22.565429,龙珠六路尽头处塘朗山公园,
B2094354D26DA5F5409B,深圳市公园管理中心-塘朗山郊野公园,113.978683,22.566766,珠光路60号珠光村-东区珠光村东区107栋,
B2094250D068A0FB4698,西涌旅游度假区,114.538277,22.478854,大鹏新区南澳街道西涌社区新屋村68号,
B2094354D56CA2FE4998,西涌旅游度假区4号沙滩,114.550474,22.481843,南澳街道西冲社区,
B2094357DB6EA7FC469F,西涌国际滨海旅游区,114.539591,22.4846451,广东省深圳市龙岗区南澳街道鹤薮小区北166米,
B2094356D26BA4FF429B,九围湿地公园,113.8669749,22.6414698,彩绘路与洲石路交叉口东220米,
B2094354D56DA5F5429D,九围湿地公园(北门),113.866854,22.641091,洲石路659号,
B2094750D56FA7F44498,荷兰花卉小镇,113.9118784,22.5448199,广东省深圳市南山区南头街道月亮湾大道3008号,
B209445CD365A3F8449A,花穆兰咖啡馆(荷兰花卉小镇),113.91226,22.544333,月亮湾大道3008号荷兰花卉小镇,
B209425DD06FABFC429A,前海公园荷兰花卉小镇,113.911871,22.544816,南头街道前海路前海公园南区,
B209445CD36BA7FC4893,爱琴海(荷兰花卉小镇店),113.910223,22.543807,南头街道荷兰花卉小镇G区4号,
B2094252D369ABFB439A,荷兰花卉小镇-正门,113.91299,22.544329,前海路辅路与郁金香街交叉口西北方向30米,
B2094354DB6EABFF4492,梦太奇咖啡酒馆(荷兰花卉小镇店),113.9123484,22.5441031,前海路荷兰花卉小镇A8-07b,
B2094556DB6AA1F84098,DF冰雪精灵(荷兰花卉小镇店),113.91383,22.54424,荷兰花卉小镇B区7号,
B2094251D66DA5F44892,七娘山主峰观景平台,114.548385,22.522048,大鹏新区南澳地质公园路1号深圳大鹏半岛国家地质公园内(西侧),
B2094653D26EA7F5419C,七娘山,114.576263,22.523025,地质公园路1号附近,
B2094554D26CA7F5409E,深圳大鹏新区南澳七娘山地质公园皮皮花园特色民宿,114.5223961,22.5288037,广东省深圳市龙岗区大鹏新区南澳七娘山地质公园路欧书园村26栋,
B2094554D16CA5F9429D,深圳七娘山驿站,114.5149478,22.5394033,新大社区欧苏园村内,
B209445DD46AA2F5479C,深圳七娘山森羚溪花悟民宿(原森羚溪·花悟),114.522368,22.5285743,广东省深圳市龙岗区南澳街道地质公园路欧书园村31号,
B209445DDB68A5F94793,深圳七娘山匆匆那年民宿,114.5163873,22.5400447,新大社区新圩村三区56号,
B2094354D265AAF5429E,七娘山小牧场,114.524026,22.526998,地质公园路31号,
B2094252D46FA2F4449E,南澳七娘山飞虎越野车基地,114.531494,22.555548,南澳街道东山社区东山村屋头,
B209445CD765A4FB429A,南澳七娘山星晴客栈,114.518182,22.53008,广东省深圳市南澳镇新大社区下横岗村66号,
B209445DDB68A4FD4193,深圳七娘山温馨蜜语民宿,114.51804,22.52856,大棚新区南澳新上横岗七娘山直下500米,
B209445DDB6BA0F8459C,深圳南澳七娘山地质公园地质庭苑客栈,114.522013,22.529452,大鹏新区地质公园路欧苏园度假村32号,
B2094350D56AA0FD439E,七娘山起点大榕树,114.5209675,22.5281812,广东省深圳市龙岗区地质公园路31号,
B209445CD364A2F5489A,七娘山悠悠阁民宿,114.51598,22.54168,新大社区新圩18号,
B2094554D264A1F5499F,南澳七娘山地质公园启明星特色民宿,114.522113517,22.529159966,广东省深圳市龙岗区大鹏新区南澳街道地质公园路欧书园村23号(近南澳七娘山),
B209445DD46DA3F84993,深圳大鹏七娘山一抹时光客栈4号店,114.517807,22.530144,深圳市大鹏新区南澳新大社区下横岗83号,
B209445DDB69ABFB449F,深圳七娘山雅新民宿客栈,114.524918,22.544032,大鹏新区南澳街道办新大新东路58号,
B2094550D76AA6F8489D,深圳七娘山皮皮花园特色民宿,114.521983,22.529024,深圳龙岗区南澳欧书园村26栋,
B2094553D46BABFB4993,七娘山村,115.6943583,31.0351458,黄冈市罗田县,
B2094653D26EA7F5469C,深圳中英街,114.22711,22.548212,大鹏湾畔沙头角,
B209445DD669AAF94999,中英街乡村美食,120.56049,31.85211,南苑东路163号,
B2094653D26AA0FF469C,中英街历史博物馆,114.22618,22.5447,深圳市沙头角镇内环城路口9号,
B2094254DB65A2FB4693,中英街,114.230945,22.54357,沙头角街道沙深路1号,
B2094256DB6FA7FA4298,中英街界碑,114.231624,22.544833,沙头角镇中英街内(东北角),
B2094253D26EA1FE4599,中英街滨海栈道,114.231684,22.541254,港西面滨海栈道,
B2094750D26FA6FF489B,沙头角中英街海韵园,114.23208003529689,22.54393841791122,广东省深圳市福田区莲花街道金田路市民广场,
B2094251D665A4FE4298,中英街关口,114.231745,22.545548,沙深路1号中英街查验大楼F1层,
B209445CD36BABFF429E,香港风味小吃店(中英街店),114.2322984,22.5458076,海涛路8号,
B209425CD06FA1F54292,中英街,114.084073,22.544658,中航路42号V尚街精品外贸市场F1层,
B2094757D46FA0FC449C,中英街东苑餐厅,114.231966,22.544027,沙头角海塘街10号,
B2094252D464A1F4439C,Topped Off Coffee(中英街店),114.2725753,30.5936322,新华路213号附9号(取水楼地铁站A2口步行300米),
B2094252D169A5FE489A,Z·Y STREET中英街,114.27241,30.593815,新华路213号,
B2094252D16EA4FD469D,isann亦山(Z•Y STREET中英街店),114.2722868,30.5935949,新华路213号中英街2号楼3楼,
B2094252DA6FA1F9469F,中英街壹号,114.2321186,22.5463442,深沙路与公园路交叉口,
B2094653D268A1FB4498,中英街新一佳平真商场,114.23266,22.54586,盐田区沙头角中英街1-6号,
B2094653D26DA0F4409B,麦当劳(中英街店),114.23087,22.551,沙头角中英街镇内横头街鹏湾丽苑6栋1楼,
B2094250D06EA2F84098,caramel焦糖化(中英街店),114.271935,30.593624,新华路213号中英街3号楼1楼门面(中英街停车场院内),
B2094252D06EA5F54693,Wagon Coffee(中英街店),114.27257,30.59352,新华路213附7,
B2094253D76FA2FC439D,茶颜悦色(Z•Y STREET中英街店),114.272701,30.593362,建设大道566号新世界国贸大厦2座7层702室,
B2094551D265A1F9489E,海上世界文化艺术中心,113.916901,22.4802,望海路1187号,
B2094251DB6FA4F94199,厦门海上世界购物中心,118.076122,24.49,远航路77号厦门海上世界405A,
B2094757D069A3FC4898,星巴克 Starbucks (海上世界店),113.91812896,22.484989166,南山区太子路32号海上世界广场南山宾馆113号铺(近南海酒店),
B2094653D26EA7F54593,蛇口海上世界,113.916697,22.483032,招商街道水湾社区蛇口望海路1128号,
B209445CD369A4FC409C,胡桃里(海上世界店),113.91768,22.48297,望海路海上世界广场C区112号商铺,
B2094252D56AA7FF439B,海上世界,118.0784,24.489695,双狮北路15号,
B2094253D168ABFF439F,海上世界,113.917869,22.482292,招商街道水湾社区蛇口望海路1128号,
B2094450D66FA7FD419B,世茂海上世界,118.83352,24.87713,台商投资园区百东大道(临近沿海大通),
B2094251D068A7FA4792,海上世界·汇港购物中心(二期),113.91465,22.485348,太子路51号,
B2094256D46CA7F9429A,海上世界·汇港购物中心一期,113.916014,22.485644,工业三路1号(海上世界地铁站A口步行240米),
B2094253D364A0F9469F,SAANCI山池咖啡(海上世界文化艺术中心店),113.917117,22.480437,望海路1187号海上世界文化艺术中心1层L1-103,
B2094354DA6FA5FB469C,MAO Livehouse深圳(海上世界),113.9177837,22.483371,广东省深圳市南山区招商街道水湾社区海上世界C区船后广场C-L2005A、C-L3002A号,
B209425DD36FABF4469B,上海海上世界,121.5022762,31.4051239,吴淞口路58号,
B2094253D66BA0F8499D,寰映影城(厦门海上世界购物中心店),118.076541,24.491445,远航路77号海上世界购物中心4楼寰映影城,
B2094256D76FA3FD469B,海上世界双玺花园,113.919798,22.48155,招商街道望海路与工业三路交叉口,
B209445CD369ABFC459C,德国帕拉娜自酿啤酒餐厅Paulaner Brauhaus(海上世界店午餐的选择),113.91764,22.48388,海上世界C区005(明华游轮后头),
B2094251D568AAFE469B,纯K(海上世界店),113.914482,22.484522,太子路51号太子广场五层501-502,
B2094253D06AA6FB439D,雪亦世界(厦门海上世界店),118.076838,24.493178,远航路77号厦门海上世界3层,
B2094753D265A4F44399,"The,Terrace(露台)(海上世界店)",113.915968,22.484934,太子路32号海上世界广场2楼,
B2094355DA6FA5FA489C,上海中影国际影城(海上世界CINITY LED店),121.5022079,31.4056196,吴淞口路60号海上世界3楼L001,
B2094254D569A7FC469A,深圳东冲沙滩-东西冲徒步,114.584127,22.489118,东涌路深圳东冲沙滩,
B2094251D56EA5FB4693,湾区之光摩天轮,113.887927,22.541133,新安街道滨海文化公园(临海地铁站B2口步行370米),
B2094354D368A0FC489A,欢乐港湾·湾区之光摩天轮,113.8879295,22.5411325,新安街道滨海文化公园(临海地铁站出入口步行240米),
B2094354D46FA0FB4799,深圳市欢乐港湾湾区之光摩天轮,113.938725,22.544625,科技中二路与高新中三道交叉口东北80米,
B2094550D069A1FE4498,深圳南澳杨梅坑东旭度假屋,117.0189,23.4223,大鹏区南澳镇杨梅坑大碓村28号,
B2094757D06AA4FD4899,杨梅坑壹刻栈,114.57170105,22.545951843,深圳杨梅坑45号,
B2094653D26DA5FF4493,杨梅坑度假村,114.5581415,22.5409264,广东省深圳市龙岗区杨梅坑,
B2094750D464ABFD449C,南澳杨梅坑,114.484077,22.574098,广东省深圳市龙岗区大鹏街道新桥,
B2094753D76DA0FC479B,深圳杨梅坑山海天然潭,114.57721,22.548185,南澳镇杨梅坑天然潭度假村(近七星湾),
B2094653D26BA2FF479A,杨梅坑,114.5711429,22.544972,大鹏新区南澳镇桔钓沙,
B2094552D46FA0F94393,杨梅坑,115.20549,23.6413715,河源市紫金县,
B209455CD26DA4FA4299,杨梅坑,114.7741479,24.9155713,赣州市龙南市,
B2094251D66AAAFA479F,杨梅坑码头游客中心,114.569003,22.545925,新东路29号对面,
B209425DD765ABFD4698,杨梅坑沙滩,114.5705966,22.545183,新东路56号,
B2094653D26DA5FF4592,杨梅坑海鲜餐厅,114.571935,22.544506,南澳镇东山杨梅坑,
B209455CD26DABFE439D,上杨梅坑,115.6793898,24.950668,赣州市寻乌县,
B2094653D26DA5FF459F,南澳旅游公司杨梅坑快艇经营部,114.575889,22.544516,新东路北50米,
B2094753D46AA1F54198,杨梅坑天然潭,114.40216,22.684869,深圳大鹏杨梅坑59号新东路,
B2094554D26BABFD4593,海天居度假别墅(深圳南澳杨梅坑店),114.571961,22.545289,南澳街道杨梅坑村43号,
B2094554D26BABFC449A,深圳杨梅坑七星湾小筑,114.54284,22.558399,南澳街道东山社区大碓村10号,
B209445DD56DA7FC449D,深圳杨梅坑阳光海湾度假客栈,114.570896,22.542708,南澳大鹏新区南澳东山杨梅坑186号,
B2094250D365ABFE479A,杨梅坑村,114.17574,22.848494,广东省东莞市,
B209445DD569A0F84499,深圳杨梅坑逸海湾民宿,114.5714867,22.5451321,南澳街道东山社区杨梅坑98号,
B2094653D26DA5FF4598,深圳市碧海湾海上运动俱乐部杨梅坑分部,114.5723,22.54444,广东省深圳市龙岗区南澳街道新东路,
B2094757D16DA6FC4193,观澜版画村,114.088637,22.741534,裕新路169号,
B2094255D56EA3FD439F,观澜版画村国际艺术家村,114.088432312,22.742643356,广东省深圳市龙华区裕新路169号中国观澜版画原创产业基地内,
B2094354DA6EA1FC4292,深圳美术馆(新馆),114.0237963,22.6249793,民治街道腾龙路30号1栋,
B209425DD568A2F9489F,深圳美术馆新馆,113.970682,22.691778,德政路10号,
B2094453D26DA1F8479A,官湖海滩,114.42227,22.602375,葵涌街道官湖社区官湖路1278号,
B209425CD66BA6FD449B,深圳美术馆,114.0237937,22.6249746,民治街道腾龙路30号1栋,
B2094354DA6EA1FC4292,深圳美术馆(新馆),114.0237963,22.6249793,民治街道腾龙路30号1栋,
B209425DD568A2F9489F,深圳美术馆新馆,113.970682,22.691778,德政路10号,
B209425DD26DABFC4499,深圳美术馆(办公入口),114.024573,22.625046,深圳美术馆(红山地铁站A1口步行360米),
B2094653D26DA7FE459B,深圳美术馆,114.147264,22.571062,东湖二街32号,
B2094757D565AAF84092,深圳观澜湖旅游度假区,114.0739,22.729689,观澜高尔夫大道1号,
B2094453D665A3F4469F,凤凰山庄,116.7596318,36.539613,山东省济南市长清区文昌街道文昌路2155号,
B2094253D36CA0FF449C,凤凰山体育公园综合体育馆,104.078035,30.769238,北星大道一段(杜家碾地铁站D2口步行280米),
B2094650DA6BA3F54592,凤凰山庄,117.0021054,36.6967368,标山南路23号(标山公交站附近),
B2094255DB6BA3F9409F,凤凰山体育公园,104.078094,30.768454,北星大道一段(杜家碾地铁站D2口步行160米),
B2094757D069A5F94298,凤凰山主题公园,121.84990579,29.89692946,北仑区辽河路728号(近北仑行政中心),
B2094650DA64A4FB449F,凤凰山路公交站,117.00496,36.68873,天桥区凤凰山南路凤凰山庄内(近标山南路),
B2094650DA69A2FD429F,凤凰山旧货市场(水屯北路),117.0075832,36.6998899,凤凰山路1号凤凰山路壹号商城,
B2094650DA68A0FC489B,凤凰山南路铁路宿舍,117.002675,36.69175,凤凰山南路2号,
B2094252D66EA7FB449C,凤凰山体育公园专业足球场,104.078472,30.766924,北星大道一段,
B2094653DA6AA2FA489D,达州凤凰山,107.490697,31.232933,通川区,
B2094752D76AA3F9469C,宁波凤凰山海港乐园,121.85134054414198,29.89579928840556,宁波市北仑区辽河路728号,
B2094752D76AABF94599,凤凰山公园,104.081896,30.737724,北星大道,
B209465CD26BA2FE409F,凤凰山公园,106.926733,27.698716,石龙路与凤凰南路交叉口东北角,
B2094653D56DA5FC4093,凤凰山公园,114.468029,28.091703,将军东大道与建成大道交叉口处,
B2094650DA68A0FB429B,凤凰山花卉宠物超市,117.00355,36.69805,山东省济南市天桥区北园街道良友宠物医院凤凰山庄(东工商河路),
B2094254D26DA4F94198,凤凰山,118.4153646,29.127299,衢州市开化县江东北路,
B2094653D56AA5F4439C,凤凰山庄,113.869762,27.633743,萍乡市开发区公园中路,
B2094254D76BA5F54293,成都露天音乐公园,104.078633,30.726154,北星大道一段1142号,
B2094656D56EA2F94598,凤凰山庄东区,113.3972432,34.5447511,青屏街街道北密新路373号凤凰山庄,
B2094757D56BABFD439C,凤凰山庄,118.2396878,25.4981342,泉州市德化县城后西路68号,
B2094757D069A0FB499F,魔王欢乐海岸店,113.99097,22.52461,白石路2033号曲水湾欢乐海岸21栋,
B2094257D06AABF5469B,华侨城欢乐海岸PLUS,113.303497,22.8163648,大良街道欢乐大道1号,
B2094254DB6DA0FF409B,欢乐海岸PLUS,113.303499,22.816365,大良街道欢乐大道1号,
B2094557D768A2FE4492,海昌欢乐海岸游乐场,121.4512853,37.519074,滨海中路45号渔人码头,
B2094254D669A7F54599,欢乐海沙滩景区,119.218198,37.221083,海景路688号,
B2094657D36AABFD459F,塔河湾·欢乐海岸,121.329297,38.819693,旅顺南路西段塔河湾,
B2094750D26AA0F54798,中影国际影城(欢乐海岸店),113.992405,22.522552,白石路东8号欢乐海岸曲水湾2栋A区,
B2094657D36BAAFD449A,大连塔河湾海水浴场,121.33035888044526,38.82030473245934,郭家沟村沿黄海岸边,
B2094750D364A1FD4392,欢乐海岸水秀剧场,113.990272,22.5220237,滨海大道2008号(深圳湾公园地铁站E口步行170米),
B2094757DA6AA1FE499F,华侨城欢乐海岸,113.987934,22.523417,滨海大道2008号,
B2094557D269A6FE459D,欢乐海岸大酒店,118.41357,31.37435,鸠兹家苑158栋3楼靠湿地公园附近,
B2094254D16FA1FE4292,拓佳欢乐海岸,118.41371,31.3741,阳瀚路欢乐海岸大酒店南侧,
B2094550D268A4FA469D,欢乐海岸,113.0609677,25.7736537,爱莲路与郴江路交汇处,
B209445DD264A2FC469D,欢乐海岸购物中心,113.9893198,22.525539,白石路东8号,
B2094557D768A1FF4793,欢乐海岸海洋奇梦馆,113.9886675,22.5256994,白石路东8号欢乐海岸购物中心2层西侧,
B2094257DA6DA4FB469E,猪肉婆私房菜(顺德欢乐海岸PLUS店),113.303841,22.817693,大良街道办事处逢沙村民委员会欢乐大道1号欢乐海岸广场蓝楹湾公馆23栋B101-104、301号铺,
B2094551D76CA1F94792,欢乐海岸,113.987934,22.523417,滨海大道2008号,
B2094257D069A0FC469B,喜茶(欢乐海岸店),113.990961,22.523796,沙河街道东方社区滨海大道2008号欢乐海岸曲水湾18栋18-1A,
B2094252D565A1FF4098,佛山顺德华侨城欢乐海岸亚朵酒店,113.3080318,22.8174197,大良街道欢乐大道3号4栋,
B2094251D16CA0F84693,蓝汐假日酒店(佛山华侨城欢乐海岸PLUS店),113.303651,22.818198,大良街道逢沙欢乐大道3号欢乐广场2栋109铺,
B2094551D369A1F44093,深圳市当代艺术与城市规划馆,114.061828,22.545783,莲花街道福中路184号(福中一路与鹏程四路交汇处),
B2094251D06CA6F5479E,阳台山,113.980109,22.662463,广东省深圳市龙华区,
B2094251D06FA4FB4798,阳台山东(地铁站),113.9916,22.667894,6号线/光明线,
B2094757D16EA4F84693,阳台山山顶,116.09011077,40.06999588,北京市海淀区苏家坨镇管家岭路,
B2094652D36FA7FC4692,阳台山庄,118.1022,24.4569,将军祠阳台山路35号,
B2094252D265A6F54898,大阳台山顶,113.960687,22.651307,石岩街道龙腾路龙眼山村阳台山森林公园,
B2094652D36AA7FB4992,阳台山公交站,118.10268,24.46034,思明区阳台山路,
B2094252D56FABF8489D,阳台山森林公园,113.965105,22.651479,石岩街道龙腾路龙眼山村,
B2094757DA6CA3F54593,阳台山庄,113.9402455,22.674936,石岩镇石岩大道东侧,
B2094252D76CAAFB419D,阳台山妙峰古香道遗址,116.105774,40.067635,苏家坨镇秀峰寺路5号东北方向190米,
B2094251D56EA6FB489E,阳台山森林公园-揽胜台,113.9865891,22.657966,大浪阳台山森林公园内(东侧),
B2094252D26DA3FA459B,小阳台山顶,113.981357,22.6517753,福龙路(阳台山森林公园),
B2094253D26FA1FC479E,阳台山森林公园(大浪入口),113.986067,22.669908,大浪街道布龙路,
B2094251D36CA5FB459F,阳台山森林公园-阳台山登山广场,113.9483416,22.6646191,石岩街道龙眼山村,
B2094251D564A6F4459A,阳台山森林公园-竹林幽静,113.990305,22.6494717,石岩镇龙腾路龙眼山村阳台山森林公园内(东侧),
B2094251DB6BA2FA449D,阳台山露营点,116.0655977,40.0696547,妙儿洼茶棚遗址北侧70米,
B2094654D06DA5FF4599,阳台山,116.104067,40.068588,苏家坨镇阳台山路西50米,
B2094250D26EA2F9469A,阳台山森林公园-玻璃栈道,113.9865814,22.6579732,阳台山森林公园内(东侧),
B2094252D66FABFA479E,龙华环城绿道(阳台山段),113.988525,22.650646,福龙路(阳台山森林公园),
B2094252D56AA5F84999,希岸酒店(深圳宝安石岩阳台山店),113.9631384,22.6834175,宝石东路88号,
B2094252D064A2F4429B,阳台山森林公园-棕榈岛,113.9841574,22.6687666,阳台山森林公园内(东北角),
B2094757D069AAF9489F,小梅沙海洋世界,114.331532,22.603478,小梅沙,
B2094652DB6BAAF9489A,深圳海洋世界,114.331532,22.603478,广东省深圳市盐田区梅沙街道盐葵路36号深圳小梅沙海洋世界,
B2094250D268ABFB419E,西湾红树林公园-观海平台,113.832126,22.594978,金湾大道旁西湾红树林公园内,
B2094251D56EA7FD4992,般若禅寺,114.06425,22.602594,南坪快速附近,
B2094354DA68A4F4429D,般若山常州宝林禅寺,119.91385453601,31.712280742751,江苏省常州市武进区虹西路98号,
B2094355D46EABF84798,般若慈杯咖啡(南禅寺寺庙店),120.30885849576,31.566356446916,解放南路缤购109购物广场B区040号,
B2094250D16FA3FF409B,般若禅寺,120.39185,30.93775,亨通大道与望山路交叉口西北150米,
B2094252D569A1F84198,般若禅寺,113.93842,22.26696,香港特别行政区离岛区般若禅寺大屿山,
B2094252D569A1F9469B,般若禅寺,121.70759,29.65478,浙江省宁波市鄞州区塘溪镇宝庆庵,
B209425CD564AAFB469C,盐田高级中学观景台,114.2520078,22.5723291,东湾三路与东湾东路交叉口北400米,
B2094757D064A4FE459A,深圳博物馆古代艺术馆,114.101231,22.542609,同心路6号,
B2094354D364A2F9419C,梅拉尼亚小镇,113.9730447,22.5363991,深南大道9037-6号深圳世界之窗内(北侧),
B2094354DA6DA5F5479B,梅拉尼亚小镇(深圳世界之窗店),113.972922,22.5357112,深圳市南山区华侨城深南大道9037号深圳世界之窗,
B2094354DA64A5F9479B,梅拉尼亚小镇-布拉格广场,113.9741024,22.535562,广东省深圳市南山区深南大道9037号地铁世界之窗站H、I出口步行10米梅拉尼亚小镇内,
B2094355D26AA4F94693,梅拉尼亚小镇-布拉格天文钟,113.97333536065,22.535753827284,广东省深圳市南山区,
B2094652DB6BAAFB409A,东部华侨城水公园,114.3061772,22.6060667,广东省深圳市盐田区大梅沙东部华侨城内,
B2094653D268A7FA4193,东部华侨城茶溪谷,114.278168,22.631507,大梅沙东部华侨城景区内,
B2094757D16DA4F84692,大俠谷,114.305455,22.6056697,深圳市盐田区大梅沙东部华侨城内,
B2094757DA6CA1FC429B,深圳东部华侨城黑森林酒店,114.2799911,22.6295493,大梅沙东部华侨城茶溪谷,
B2094757DB6DA5FB429A,深圳东部华侨城瀑布酒店,114.3036934,22.606547,广东深圳盐田区大梅沙环碧路100号东部华侨城大侠谷,
B2094757DB64A6F4439E,大峡谷站（东部华侨城店）,114.293,22.6179,广东省深圳盐田区大梅沙东部华侨城 东部华侨城,
B2094757DB64A6F44293,大侠谷（东部华侨城店）,114.293,22.6179,广东省深圳盐田区大梅沙东部华侨城 东部华侨城,
B2094757D169AAFB489C,東部華僑城咖酷旅館,114.30241534,22.607870225,深圳東部華僑城大俠谷瀑布酒店旁,
B2094757D168AAF5419A,茶溪谷湿地公园,114.2777637,22.6340854,广东省深圳市盐田区盐田街道东部华侨城内,
B2094757D46CA2FF459D,东部华侨城云中餐厅,114.26763,22.58683,广东省深圳市盐田区盐田街道洪安四街深圳市盐港中学,
B2094653D268A0F4419A,东部华侨城,114.287666,22.626673,梅沙街道东海岸社区三洲田,
B2094653D269A3FD4599,东部华侨城天麓二区,114.296432,22.608023,大梅沙东部华侨城(东南角),
B2094753DA6CA2FE4093,东部华侨城别墅天麓三区,114.2846761,22.629537,广东省深圳市盐田区大梅沙东部华侨城内大侠谷、茶溪谷、云海谷三谷交界核心处,
B2094757DB64A6F4429D,云中部落站（东部华侨城店）,114.293,22.6179,广东省深圳盐田区大梅沙东部华侨城 东部华侨城,
B2094757DB64A6FB4493,森林小火车（东部华侨城店）,114.2776796,22.631681,深圳市盐田区大梅沙东部华侨城内,
B2094757DB64A6FB499B,云海谷（东部华侨城店）,114.293,22.6179,广东省深圳盐田区大梅沙东部华侨城 东部华侨城,
B2094753D565A5F5419A,东部华侨城别墅天麓一区,114.3088447,22.6076466,深圳市盐田区大梅沙东部华侨城内,
B2094757DB64A6FB459E,茵特拉根酒店（东部华侨城店）,114.288715,22.63715,广东省深圳盐田区大梅沙东部华侨城 东部华侨城,
B2094254DA65A0F84692,东部华侨城大侠谷,114.3028621,22.6089265,深圳市盐田区闲云路大梅沙东部华侨城内,
B2094253D16CA3FD4793,东部华侨城云深夜阑(夜市),114.2938294,22.6154625,东部华侨城云中部落,
B2094257D76CA7F9469C,海上世界-明华轮,113.916898,22.483471,太子路32号海上世界广场(近南海酒店),
B2094257D26AA1F44692,深圳湾公园-白鹭坡,113.97171,22.51895,深圳市南山区滨海大道,
B2094757D16FA7FE4893,大华兴寺,114.287369,22.625217,东部华侨城,
B2094757DB64A6FB499C,大华兴寺菩提宾舍（东部华侨城店）,114.30407,22.610037,盐田区东部华侨城大华兴寺,
B2094252D564A6F44899,大华兴寺-入口,114.28581,22.620909,盐三路,
B2094251D564A2FB4293,背仔角海滩,114.341332,22.592967,盐葵路,
B2094256D668A5F44199,背角仔海滩,114.341347,22.591799,广东省深圳市盐田区背仔角检查站旁,
B2094255D56DA1FD4592,梧桐山风景名胜区-好汉坡,114.213697,22.575566,梧桐山风景名胜区内,
B2094251D665A4F84998,盐田区海滨栈道健身广场,114.241312,22.551848,海景路11号附近,
B2094355DA68A3F5409D,盐田海滨栈道,114.241364,22.5518794,广东省深圳市盐田区海滨栈道碧道慢行道,
B2094253D165A0FF419D,观澜古墟,114.053592,22.719017,观澜沿河路与布新路交叉口东南,
B209425DDA6AA7F44192,龙华艺廊(观澜古墟),114.054247,22.71948,观澜大街33号,
B2094757D164A0F8439C,梅林水库,114.030317,22.57199,广东省深圳市福田区,
B2094257D769A6FC489E,梅林水库绿道涂鸦墙,114.0159818,22.5800485,福龙立交桥,
B209445CDB64A7F84093,大红灯笼(梅林水库店),114.038451,22.568891,梅丽璐梅林水库梅园小学门,
B2094251D36FA4F94192,深圳博物馆历史民俗馆,114.062126,22.543681,福中路市民中心A区(市民中心地铁站B口步行350米),
B2094256D66BA4FF4692,深圳博物馆新馆,114.061654,22.544054,市民中心A区(市民中心地铁站B口步行350米),
B2094253D66CA4FF4399,深圳博物馆,114.061704,22.543674,福中三路市民中心A区(市民中心地铁站B口步行240米),
B2094757D064A4FE459A,深圳博物馆古代艺术馆,114.101231,22.542609,同心路6号,
B2094354DA6DA5F4449B,深圳博物馆(金田路馆),114.0619898,22.5436886,广东省深圳市福田区莲花街道金田路4001号,
B2094254D56BABF8409C,深圳博物馆-东门,114.06195,22.543674,福中三路与金田路交叉口西北方向128米,
B2094354D36EA6FE4192,深圳博物馆金田路馆(历史民俗),114.0621279,22.5436867,莲花街道福中社区福中三路2008号市民中心A区,
B2094557D568A5F54998,深圳博物馆艺术自然馆,114.108047,22.548585,广东省深圳市罗湖区桂园街道深圳市环保局五十号大院,
B2094251D568A1FF439D,深圳博物馆叶挺将军与深圳展览,114.11764,22.544636,东门永新街与南庆街交叉口西南方向20米,
B2094252D06CA2FB489B,深圳博物馆-南门,114.1017,22.541801,深南中路,
B2094653D26EA2F44092,园山风景区,114.248813,22.634143,园山街道大康社区沙荷路附近,
B2094653D26EA0F4409E,香蜜湖度假村,114.0375147,22.5387552,广东省深圳市福田区香蜜湖街道深南大道6038号,
B2094653D26DA1F44698,香蜜湖水榭花都,114.03705,22.548594,红荔西路8007号(香梅地铁站D口步行180米),
B2094757D06AABF94192,润园四季椰子鸡(香蜜湖店),114.03701831,22.5432232299,香蜜南三街道（近水榭花都南门）,
B2094653D26CABF5459B,香蜜湖一号,114.034523,22.551681,香梅路1089号(香梅北地铁站B2口步行210米),
B2094757DA6CA6FE499D,香蜜湖娱乐城,114.03001,22.54689,深南大道西段香蜜湖度假村8号,
B2094757D569A4F4419C,香蜜湖温泉,120.55238064,31.31637099,中国江苏省苏州市-虎丘区,
B2094757D069A4F44992,沃尔玛购物广场(香蜜湖店),114.03148338,22.554341835,福田区香梅北路2001号(近福田外语学校),
B2094757D069A1FF4798,西贝莜面村香蜜湖店,114.0365597,22.541484,深南大道6038号香蜜湖度假村内,
B2094657DA6FA2FE499F,香蜜湖酒店,123.95658,47.3441,卜奎大街26,
B2094653D268A5FC4299,香蜜湖高尔夫俱乐部,114.02856660587624,22.552743203161953,侨香东路香蜜湖畔东侧,
B2094757D068AAFF4092,香蜜湖(地铁站),114.038637,22.538887,1号线/罗宝线,
B2094653D26EA0FB459B,熙园,114.02466,22.549921,香蜜湖路与莲花西路交汇处(香蜜湖路3012号),
B2094653D26EA4F94498,香蜜湖1号,114.034523,22.551681,香梅路1089号(香梅北地铁站B2口步行210米),
B2094750D569A6F8479D,阳光香蜜湖,120.4005757,36.1911313,山东省青岛市李沧区重庆中路690号,
B2094653D26EA7FE469B,香蜜湖熙园,114.0247947,22.5499215,广东省深圳市福田区香蜜湖路与莲花西路交汇处(香蜜湖路3012号),
B2094757D06AABFB459F,香蜜湖,114.032701,22.546226,广东省深圳市福田区香蜜湖,
B2094757D76BABF9499B,香蜜湖烧烤场,114.035785,22.540395,福田区红荔西路香蜜湖北香蜜湖娱乐城内(近联合华鹏汽车广场),
B2094252DA6DA0F5449A,香蜜湖四季花谷,114.0251,22.54231,农园路30号香蜜公园(东南角),
B2094750D564A7F8499F,香蜜湖公馆,120.54817,31.82338,香蜜湖・公馆117幢M7正南方向70米,
B2094251D269A1FB4993,香蜜湖1979文化创意园,114.0302136,22.5519637,侨香路1011号(香梅北地铁站B1口步行350米),
B2094355D66DA2F9429F,大梅沙沙滩,114.3083915,22.5923695,广东省深圳市盐田区梅沙街道盐梅路105号,
B2094757D56EABFD4899,桔钓沙湾,114.558236,22.558232,深圳市龙岗区X260(新东路),
B2094655D168ABFA4298,一棵树,106.602659,29.545336,南山风景区内,
B2094256D168A6FB419E,南山观景台,113.906591,22.495158,南山街道荔湾社区别墅路8号南山公园,
B2094252DB68A5F8429A,南山一棵树景区-观景台,106.602545,29.545119,龙黄公路,
B209425DDB6FA4F5499E,南山公园-观景台,113.9045069,22.4854777,南山公园内(南侧),
B2094252D464A5FD4598,去南山夜景火锅公园观景台,106.60916,29.552475,南山街道真武山88号,
B2094356D368A7FC429E,南山公园-南山观景台,113.9065976,22.4951177,蛇口招商街道别墅路8号南山公园,
B2094257D56AA1F9439B,温泉南山观景台,116.166902,40.024021,北京市海淀区,
B2094253D26BABF9429D,终南山观景台,105.448461,30.725878,天福镇农环线,
B2094351D069A1FC4693,大南山日落观景台,113.9021473,22.4952465,沿山路28号,
B209425DD265A1FC4292,南山观景台,100.477328,36.5611048,青海人家小炒王西400米(恰江公路南),
B2094252D36EA2FC4992,南山公园观景台,104.7694692,31.4515587,城南街道南山街道南塔路8号南山公园(西北角),
B2094354D46BA1FD409A,毕节南山公园观景台,105.305544,27.2743888,碧阳大道南山公园观景台,
B2094252D56DA1FD409E,南山观景台,113.147644,34.65663,050县道东侧,
B2094357D56BABF44799,南山一棵树景区-一棵树观景台,106.6093346,29.5513475,重庆市南岸区龙黄公路南山风景区内,
B209425CD66BA7F5409E,周星驰《美人鱼》拍摄地,114.6099686,22.539477,鹿嘴大道,
B2094257D26DA0FB419E,特房波特曼七星湾酒店,118.143382,24.615504,观洲路7号,
B2094750DA6AA6FE429C,七星湾游艇会,114.5403052,22.5624314,海碓路22号,
B2094653D06EA0FB429F,七星岩风景区,112.471532,23.072674,七星路1号,
B2094254DA64A1F84892,七星湾,114.540068,22.562541,广东省深圳市龙岗区海碓路,
B209425CD06AABF44692,厦门特房波特曼七星湾酒店·曦海,118.1438139,24.615591,观洲路7号,
B2094550D064A3F44192,大鹏七星湾出海游,114.539228042362,22.566257093318,深圳市大鹏新区东山社区海碓路,
B209425CDA6EAAFD479B,厦门特房波特曼七星湾酒店·怡海小镇,118.144446,24.6176392,观洲路7号,
B2094757D66CA5F9499B,大运会海上运动项目七星湾分赛场,114.52199935,22.544110777,深圳龙岗区南澳街道东山社区荔枝山深铁湾1号,
B2094355D46BA4F84899,厦门波特曼七星湾酒店,118.1433824,24.6155013,观洲路7号,
B2094252D16FA7FC419B,厦门特房波特曼七星湾酒店--鹭禧中餐厅,118.14291,24.614735,观洲路5,
B209425CD069A5F9429B,厦门特房波特曼七星湾酒店·瑞海,118.1435695,24.6167334,观洲路9号,
B2094356D76BABF5459F,厦门波特曼七星湾酒店·怡海小镇,118.14444481507,24.617632292048,厦门同安区观洲路7号,
B2094554D26BABFC449A,深圳杨梅坑七星湾小筑,114.54284,22.558399,南澳街道东山社区大碓村10号,
B2094252D66AA6F54998,营火丛七星湾房车营地,114.538374,22.561978,海碓路,
B2094350D165A3FB489A,七星湾天然泳场,115.8375027,28.6024169,江西省南昌市南昌县东新乡象湖滨江江滩公园,
B2094350D06DA1FC4693,南昌市七星湾天然泳场-大圣学成,115.8375136,28.602424,江西省南昌市南昌县东新乡象湖滨江江滩公园,
B2094355D56FA2F5489A,厦门波特曼七星湾酒店·曦海,118.1490624,24.6190228,厦门市观洲路7号,
B2094252D06EA0F5439D,七星湾游艇爱海俱乐部,114.48751649,22.575367999,广东省深圳市龙岗区园岭南街11号,
B2094254D76DA4FA489E,深圳阿普萨拉斯酒店(原七星湾游艇会酒店),114.5402228,22.5657281,南澳镇东农区东山村大碓路七星湾游艇会,
B2094252D365A7FF469E,七星湾游艇帆船趣玩海俱乐部,114.47628,22.594875,岭南路滨海阳光园1301,
B2094253D66CABFC4493,深圳市大芬美术馆,114.138523,22.609886,大芬油画村大芬美术馆,
B2094653D268ABFB4293,大芬美术馆,114.138523,22.609886,大芬油画村大芬美术馆,
B209425CDA6EAAFE459E,奈雪的茶(深圳华润大芬美术馆店),114.1385256,22.6098868,布吉街道大芬社区大芬美术馆102号,
B2094757D06BA7FD459D,关山月美术馆,114.064243,22.549384,红荔路6026号(莲花村地铁站D口步行340米),
B209425DDA64AAFB489A,关山月美术馆图书文献馆深圳图书馆美术分馆,114.0641862,22.5492819,关山月美术馆2层(少年宫地铁站B口步行370米),
B209425DD464AAF5429E,深圳现代艺术与设计研究中心关山月美术馆版画研究所,114.091021,22.742097,兴业路东区展览馆附近,
B2094352D36FA2F4449C,梅沙尖观景平台,114.2745587,22.6152029,梅沙尖西南侧70米,
B2094251D269A3FC4799,大南山,114.903575,22.923995,南山村东南方向746米,
B2094652DB6FAAFA409C,广东大南山森林公园,116.2983381,23.2053276,广东省汕头市潮南区陈仙公路,
B2094653D36CA0FB4492,大南山森林公园,112.8051413,23.3896259,516乡道附近,
B2094652D669ABFA4299,大南山中学,116.165853,23.269683,大南山街道陂沟村,
B2094254D56BA2FE439D,大南山利泰广场,116.166091,23.263462,大南山街道利泰大道,
B2094652D66AA0FA4098,普宁市大南山革命斗争历史展览馆,116.165871,23.265575,大南山镇陂沟村向东片1,
B2094652D66AA5F9459D,大南山税务分局办税服务厅,116.17431,23.28632,广东省揭阳市普宁市流沙南街道新光南路春宏楼,
B2094652D66AA0FA4093,大南山邮政储蓄,116.172434,23.26926,大南山街道大南山路,
B2094354D56DA7FF4792,大南山公园荔林登山口,113.9056296,22.5066186,东滨路357号-359号荔林公园内(西侧),
B2094253D169A6F8459D,大旺大南山森林公园,112.8061933,23.3581357,肇庆大旺国家高新区龙湖大道北,
B2094652DB6FA5FD459B,潮阳区大南山革命历史纪念馆,116.32333,23.11364,061县道与276乡道交叉口西50米,
B2094652D66AA0F5449F,大南山侨区医院,116.081388,23.014165,广东省揭阳市惠来县揭阳市大南山华侨管理区大南山侨区医院,
B2094351D76EA7FB4798,大南山,113.9054676,22.4940949,蛇口招商街道别墅路8号,
B2094653D268ABFD459D,大南山运动场,113.9103459,22.5106923,龙船塘街9号对面(荔林地铁站A口步行300米),
B2094253D36DA2FC499C,大南山紫园,113.8979823,22.4958715,前海荔湾沿山路28号(荔湾地铁站B口步行490米),
B2094652DB6AABFD4193,北京师大南山附属学校小学部,113.9347998,22.511127,广东省深圳市南山区粤琴二路19号,
B2094351D069A1FC4693,大南山日落观景台,113.9021473,22.4952465,沿山路28号,
B2094252DB69A2FA419F,三水区大南山森林公园(南门),112.808734,23.372928,广东省佛山市三水区,
B2094253D26CA7F4439B,大南山阿好肠粉,116.1727477,23.2703962,流沙大南山街道山后池村流石路东片12幢1号,
B2094253D46CA5F4419A,惠东趣野大南山露营地,114.9303197,23.001335,多祝镇守望村中塘小组相告路段,
B2094356D369A1F9409B,深圳科学技术馆,113.943249,22.7722591,广东省深圳市光明区光辉大道8号,
B209425CD465A5F8449C,莲花山公园-椰风林草坪,114.0550129,22.5492178,红荔路6026号莲花山公园南2门附近,
B2094252D569A3FA449E,深圳科技馆（新馆）,113.944706,22.773336,广东省深圳市光明区新湖街道光明地铁站C口,
B2094251D56AA2FC4092,打鼓嶂,114.270674,22.653409,广东省深圳市盐田区,
B2094250D36BA0FD469E,大雁顶,114.588475,22.517924,广东省深圳市龙岗区,
B2094257D46DA6FD4498,南澳第一沙滩,114.481593,22.547199,海滨北路附近,
B2094255D468A1FB4292,马峦山瀑布,114.338581,22.637334,马峦山郊野公园,
B2094253D36FA1F9469E,马峦山瀑布-入口,114.29424,22.651,坪山大道与沙坑二路交叉口正南方向840米,
B2094653D26AAAFE439C,锦绣中华,113.988741,22.530907,深南大道9003号中国民俗文化村,
B2094750D16AA1FD4299,锦绣中华民俗村,113.988741,22.530907,深南大道9003号中国民俗文化村,
B2094256D664A4FA449B,锦绣中华·中国民俗文化村,113.988741,22.530907,深南大道9003号中国民俗文化村,
B2094757D06AA7F5489E,西涌沙滩3号沙滩,114.543686,22.47958,西涌鹤薮村3号沙滩,
B209445DD064A4F5459A,太阳公元美食广场(云海路店),119.49234,35.41664,云海路14号,
B2094750DA6EA2FC489C,云海肴金地广场店,116.47418,39.90909,建国路91号金地广场C座3层L306/307,
B2094253D76DA1FB4792,云海广场,114.273633,22.597247,山海图书馆东侧,
B2094757D46CA1F5479F,劈柴院白云海鲜美食广场,120.31684,36.07164,市南区河北路16号(近天津路),
B209445DD064A2F44792,云海肴・云南菜正佳广场店,113.32751,23.13273,天河路228号正佳广场6楼,
B2094450D56EA3F5489B,云海肴云南菜(通州万达广场店),116.6434791,39.9059123,新华西街与北苑南路交叉口东南角万达广场4楼4017号铺,
B2094554D06AA1FE439E,云海肴汽锅鸡(正大广场店),121.5001336,31.2374113,陆家嘴西路168号正大广场6层11,
B2094453DB69A2F54493,云海肴云南菜(五角场万达广场),121.51368,31.301273,政通路189号五角场万达商业广场特力屋2F-13-1A,
B209445DD66AAAF9479E,云海肴·云南菜(富力广场店),116.4604539,39.8955225,东三环中路65号富力广场中区3层（观光梯出来就是）,
B2094255D56AABF94992,云海肴(世界城广场店),114.405556,30.506254,珞喻路766号世界城广场F5,
B2094257D565A0F94198,云海肴云南菜(宁波来福士广场店),121.5574656,29.8820188,大闸南路500号来福士广场4层04-09&11商铺,
B2094254D665A7FC479E,云海肴(德基广场店),118.78453,32.04479,中山路18号德基广场F7-F708,
B2094252DA64AAF5439B,云海肴云南菜·蒸汽石锅鱼(万达广场济南高新店),117.12917,36.685684,工业南路57号万达广场4层东厅,
B2094257D765A2F9429B,云海肴·云南菜(武汉国际广场),114.27158,30.58006,解放大道690号武汉国际广场F8,
B2094250D06BA4F4439B,云海肴(苏宁广场店),120.3030397,31.5756229,梁溪区人民中路111号苏宁广场6F,
B2094753D16CA1F5439C,云南云海肴(亚运村未来广场店),116.42251,39.98878,朝阳区北四环东路73号远洋未来广场(近居然之家),
B209445CDA6FA4FE499F,云海肴汽锅鸡,121.5702261,31.1142957,年家浜路万达广场3楼悦食涧（18号线周浦站B出口C门直梯）,
B2094257DA68A0FA4893,云海肴(建业凯旋广场店),113.680855,34.792686,花园路与农科路郑州建业凯旋广场地上三层3019-3022号,
B2094256DB6BA0F4499E,云海肴汽锅鸡(昆明恒隆广场),102.72222,25.03731,东风东路21-23号昆明恒隆广场L6,
B2094252D66DABFA419B,云海肴·云南菜(领展购物广场·中关村店),116.313498,39.97983,中关村丹棱街甲1号欧美汇购物中心5层,
B2094255DB6AABF8429F,大鹏古城小区,114.512449,22.595213,大鹏新区南门东路,
B2094652DB64A3FE4999,大鹏古城,114.5137611,22.5947414,广东省深圳市龙岗区大鹏街道鹏城社区南门东路,
B2094653D269A2FC439B,古城小区,114.5129991,22.595101,深圳市龙岗区南门街大鹏所城,
B209445DDB6AA4FF4599,深圳花房客栈,114.5141098,22.5946511,大鹏新区古城南门东路13号,
B209445DD764ABF44098,深圳大鹏古城觅缘居客栈,114.512277,22.594071,深圳龙岗区大鹏新区古城南李屋巷11号,
B2094251DB6EA7F8429A,咖啡故事馆(大鹏古城小区店),114.5130988,22.595,南门西路与南门东路交叉口西北120米,
B209445CD364A3FD489C,大鹏古城农庄,114.11749,22.53991,嘉宾路海燕大厦11楼1104室,
B2094356D468A6F54398,深圳市大鹏新区古城博物馆,114.5130928,22.595348,广东省深圳市龙岗区大鹏镇鹏城村赖府巷10号,
B209445DDB6AA4F4499B,深圳大鹏古城万利家民宿,114.51274,22.592074,鹏城迎宾三街4号,
B209445DD765A2FE4493,深圳大鹏古城肥妈客栈,114.513527,22.594086,深圳龙岗区大鹏古城南门赖府园五巷一号,
B2094352D66DA0F9499E,写意三河,113.9632936,22.624646,沁园路4032号环西丽湖碧道,
B2094253D06BABFE4993,望郎归,114.614415,22.517362,大鹏新区南澳地质公园路1号深圳大鹏半岛国家地质公园内(东侧),
B2094252D76FA1FB469C,淘金山绿道,114.146443,22.587464,东湖街道,
B2094257D76AA6F9489B,淘金山绿道停车场-出入口,114.16443,22.600264,淘金山绿道,
B2094257DA6AA6F5469A,淘金山绿道-双桥园,114.1549159,22.5987577,东湖街道,
B2094251D568A2FA469F,淘金山绿道栖霞驿站,114.15285,22.591776,丹平快速路,
B2094250D365AAFE4998,淘金山绿道-入口,114.146996,22.583393,翠荫路与东湖路交叉口西北方向130米,
B2094252D36AA7F9479B,淘金山绿道沙湾驿站,114.164197,22.600083,东湖街道,
B2094251D66DA5F44892,七娘山主峰观景平台,114.548385,22.522048,大鹏新区南澳地质公园路1号深圳大鹏半岛国家地质公园内(西侧),
B2094251D36FA4F94192,深圳博物馆历史民俗馆,114.062126,22.543681,福中路市民中心A区(市民中心地铁站B口步行350米),
B2094557D56AA5FA499C,东西涌,114.479536,22.591165,大鹏湾南澳半岛南,
B2094252D56FA4FD4793,东西涌,114.583618,22.488078,大鹏湾南澳半岛南,
B2094554D069ABFB459A,鹅公湾,114.4908,22.523134,南澳镇鹅公湾旭阳海洋牧场旅游景区,
B209425DD56FAAF8409D,鹅公湾(暂停开放),114.489342,22.4851649,大鹏新区南澳街道,
B2094552D46AA0FD429F,鹅公湾,114.0843728,25.2252518,韶关市南雄市,
B2094553DB64A0FF4992,鹅公湾,114.9604074,25.9818678,赣州市赣县区,
B209455CD26AAAFA4399,鹅公湾,115.1078761,25.8163145,赣州市赣县区,
B209455DD264AAFD409F,鹅公湾,113.5004577,27.9043961,株洲市醴陵市,
B209455DD368A3FD409A,鹅公湾,112.4759698,28.2744873,长沙市宁乡市,
B209455DD368A5F9439C,鹅公湾,113.811084,28.0294539,长沙市浏阳市,
B209455DD065A3FB4498,鹅公湾,113.3239751,26.7168333,郴州市安仁县,
B209455DD66FA1FA4498,鹅公湾,111.9922866,28.7000127,常德市汉寿县零三九县道,
B209425CD66CA4F5419A,人鱼洞,114.609755,22.540846,鹿嘴大道,
B2094554D064A1F9439C,鹅公髻,114.252098,22.634031,横岗大康村公园路,
B2094457D368A7F54293,鵝公髻山,121.0755657,24.6101102,,
B2094552D468ABFE409E,鹅公髻,116.4275069,24.4557678,梅州市梅县区,
B2094652DB68A5F9499F,凤岩古庙,113.853848,22.676102,福永街道凤凰村凤凰山森林公园内(东北角),
B2094253D069A2F4439E,凤凰山-凤岩古庙,113.853848,22.676102,福永街道凤凰村凤凰山森林公园内(东北角),
B2094251DB6AA3FD429F,华强北步行街景区,114.086884,22.540642,广东省深圳市福田区深南中路,
B2094250D268A7F8409F,塘朗山公园-塘朗山顶峰,113.986046,22.573329,龙珠六路尽头处塘朗山公园内(西侧),
B2094653D26AABFB4098,海上田园,113.7707288,22.727044,沙井街道民主大道,
B2094757DA6CA2FF4492,维也纳国际酒店(会展中心海上田园店),113.77959,22.71852,南环路和一村鸿桥工业园549号,
B2094652DB68A4FE4992,深圳市海上田园旅游发展有限公司,113.775287,22.731686,民主大道53号,
B2094653D26AABFB4099,海上田园风光总站,113.77667,22.72945,广东省深圳市宝安区沙井街道恒海钓鱼场海上田园,
B2094253D16FA5FE4393,海上田园东(地铁站),113.781235,22.731193,(在建)12号线二期12号线南宝线,
B2094550DA68ABF44292,浯屿海上田园,118.077874475455,24.449586012314,厦门思明区和平码头厦门海上旅游集散中心售票处(火车尾部),
B2094255DB64A4F5409B,深圳西部海上田园旅游区,113.712692261,23.070165634,广东省东莞市新丰路,
B2094253D66EABFB4299,海上田园南(地铁站),113.774574,22.718084,12号线南宝线,
B2094253D468A0F5449F,维纳斯皇家酒店(深圳国际会展中心海上田园店),113.7872443,22.7414578,沙井蚝乡锦程路2072号(蚝乡地铁站D口步行330米),
B2094252D36FA2FB4499,宝生月子中心(海上田园分店),113.786835,22.736166,沙井街道锦程路2068号千金方大厦一楼,
B209425CD669A5FF4199,深圳之夜·海上田园不夜城,113.7726095,22.7268549,沙井街道民主大道海上田园内,
B2094253D368A0F5439B,海上田园-情人湾,113.7701034,22.7295798,海上田园情人湾,
B2094253D368A0FA449E,海上田园-农家风情寨,113.77348,22.72681,沙井西环路海上田园景区内,
B2094552D26FAAFE4592,海上田园利百尼,114.07631076389,22.71581108941,沙井街道民主大道,
B2094257DB6DA2FE429F,海上田园帆船出海,118.149612,24.334448,漳州市龙海市港尾镇浯屿岛海上田园,
B209425CD069ABF9419C,环西丽湖碧道,113.938051,22.6066955,沁园路4032号,
B2094351D169A4FE489B,环西丽湖绿道(碧道)草涧,113.963532,22.62455,广东省深圳市南山区飞鸭开心农场(荔园溪谷店)西南侧190米,
B2094653D268A7FA4193,东部华侨城茶溪谷,114.278168,22.631507,大梅沙东部华侨城景区内,
B2094757D064A0FB489F,茶溪谷,114.278168,22.631507,大梅沙东部华侨城景区内,
B2094757D168AAF5419A,茶溪谷湿地公园,114.2777637,22.6340854,广东省深圳市盐田区盐田街道东部华侨城内,
B2094452D265A0F94992,茶溪谷景区,103.705168,31.068664,蒲新路与鹿茶路交叉口石碑村前行200米,
B2094757DB64A6FB4493,森林小火车（东部华侨城店）,114.2776796,22.631681,深圳市盐田区大梅沙东部华侨城内,
B209465CD06BABFC449F,世纪半岛茶溪谷,102.6916182,24.9945259,昆明市西山区前卫西路266号,
B2094757D16DA1F5469A,茶溪谷四季植物园,114.279239,22.632119,深圳东部华侨城茶溪谷,
B2094257D768AAF4479D,保亭茶溪谷,109.581164,18.684544,海南省保亭黎族苗族自治县金江毛岸农场常青茶溪谷,
B2094254DA68A6FC489B,泰山茶溪谷,116.94966,36.22806,道朗镇丰山村,
B2094256DB6DA3F4409A,常青茶溪谷景区,109.61279,18.67526,毛岸茶场,
B2094757D168A1FA499E,丹桂轩(茶溪谷店),114.30419921,22.609560012,盐田区东部华侨城茵特拉根小镇(近茶溪谷茵拉根酒店),
B2094252D36EA4F4429F,茶溪谷家庭农场,103.69725,31.06434,石碑村,
B2094253D06EA1F8479C,茶溪谷自然体验区,114.2782077,22.6382762,大梅沙东部华侨城茶溪谷景区内,
B2094253D56FAAFF4993,茶溪谷停车场,114.279757,22.630732,大梅沙东部华侨城景区内,
B2094354D06CABFF4093,都江堰茶溪谷景区售票处,103.697277,31.064496,蒲新路茶溪谷,
B2094354D76DA5FC439C,司马光茶溪谷,114.8823413,31.9009366,余楼房村,
B209445CD06DA0F84592,肯德基(茶溪谷餐厅),114.302902,22.618135,东部华侨城三洲田茶溪谷,
B2094257DA65A2FF4999,茶溪谷,109.581164,18.684544,保亭县响水镇毛岸片五指山茶场内,
B2094254D66FAAF5469D,肯德基(茶溪谷店),114.27856,22.63228,茶溪谷景区,
B2094255D769A1FE409F,茶溪谷大酒店-餐饮中心,109.60519,18.68127,响水镇毛岸片区茶溪谷大酒店,
B2094255DB6AA5FB4399,南澳蓝宝石沙滩,114.483995,22.537567,企沙下路附近,
B2094253D76FA4F8479C,海景银滩酒店(南澳蓝宝石沙滩店),114.4836247,22.5382052,海滨南路33号E18栋,
B2094757D06AA0F5469C,何香凝美术馆,113.981624,22.533223,深南大道9013号(华侨城地铁站C口步行320米),
B2094757D06EAAFC469F,学而优书店(何香凝美术馆店),114.057868,22.543099,深圳南山区华侨城何香凝美术馆,
B2094252DB6FA6F54492,梧桐山顶峰,114.219583,22.579506,罗沙路2076号,
B2094257D564A2FD419A,清平古墟影视文化园,113.82968,22.737676,新桥街道,
B2094257D56BA0F94792,华侨城欢乐港湾,113.88392,22.543524,宝华路与海府路交汇处,
B2094253D265A6FF469A,阿嬷手作(华侨城欢乐港湾东岸店),113.88736,22.542846,华侨城欢乐港湾东岸(临海地铁站出入口步行320米),
B2094251DB69A2FC469D,UNCLE猪·海派江浙菜(华侨城欢乐港湾店),113.886185,22.54305,海天路华侨城欢乐港湾东岸L2-028,
B209475CDB6EA2FB4898,观澜山水田园文化园,114.107285,22.714038,环观南路观澜街道君子布社区观澜山水田园文化园北门入园道路,
B2094252D66CAAFE409C,背仔角灯塔,114.340682,22.59143,梅沙街道深葵路海滨栈道背仔角端,
8008644030500000000,南山区,113.92943,22.531221,南山区，隶属于广东省深圳市，位于深圳市西南部、深圳经济特区西部。全区总面积510.948平方公里，其中陆地面积181.948平方公里，海洋面积329平方公里。2012年，南山区常住人口为110.85万人。2013年，南山区实现地区生产总值3206.57亿元。南山区是深圳市旅游基地，拥有世界之窗、欢乐谷、锦绣中华，海上世界、新安古城、青青世界、野生动物园、南头古城等主题公园和著名景点。,
8008623040400000000,南山区,130.322686,47.280301,南山区位于鹤岗市区中部，全区总面积25平方公里，总人口15万。有汉、回、满、朝鲜等7个民族。辖6个街道办事处、78个居民委。矿务局的“三矿两厂”驻于区内，现有煤炭资源储量820万吨。,
8008651041100000007,南山,101.704865,26.537252,"位于：中国,四川省,攀枝花市,仁和区",
8008651070300000036,南山,104.763464,31.444889,"位于：中国,四川省,绵阳市,涪城区",
8008635011200000029,南山,119.565566,25.824389,,
8008633110200000037,南山,119.798958,28.333916,"位于：中国,浙江省,丽水市,莲都区",
B2094655D168ABFA4298,一棵树,106.602659,29.545336,南山风景区内,
B2094750D564A6FB4292,南山・龙郡,118.2172085,33.4695351,宿迁市泗洪县洪泽湖东大街4号,
B2094750D56BA2FF429A,南山檀郡,120.634731,31.3674356,元和街道纪元路669号,
B2094757D068A2F94893,VIA BEANS京基百纳广场南山店,113.969941,22.530729,白石路168号南山京基百纳广场B1层,
B2094757D06BA0FC499A,南山医院,113.9228791,22.5306064,桃园路89号,
B2094554D064A6FD459A,南山月亮湾,122.486694,37.16517,威海市荣成市,
B2094651D36CAAF84698,烟台南山皇冠假日酒店,121.473579,37.461692,港城东大街299号,
B2094757D16DA6F94198,龙口南山旅游区,120.483077,37.567848,东江镇,
B209465CD56FA0FA479E,南山公园,101.774127,36.600883,凤凰山路211号,
B2094651D36DABFF4698,南山大酒店,118.4793,36.6708,青州市南环中路398号,
B2094653D26AAAF5429E,南山中心区,113.92477971869108,22.533638261215813,广东省深圳市南山区南头街道南山大道桃花园(南山大道),
B2094652D06DA3FF429A,南山公园,118.397229,24.946727,柳城街道柳南西路,
B2094757D064A3F4469C,南山一棵树景区,106.602659,29.545336,南山风景区内,
B2094753D569A4F84499,小南山公园,113.883662,22.485478,前海路与棉山路交汇处,
B2094757D46EA5FD499B,枇杷园食为鲜火锅(南山总店),106.588192,29.491164,南山街道金竹村龙井榜社,
B2094753D165A1FF4299,南山公园,121.091127,32.059391,城东新区金桥东路2号,
B2094452D06EA2FA489B,深圳市南山文体中心,113.922891,22.536544,南头街62号,
B2094651D46EA4F4499A,中国美术学院南山校区美术馆,120.159751,30.242825,南山路218号中国美术学院南山校区,
B2094757D065A7F5459F,南山图书馆,113.922459,22.534915,常兴路176号(桃园地铁站B口步行480米),
B2094657DB6BA7FB4199,盛乐百亭园,111.832197,40.370007,城关镇金河大道大南山文化产业园旁边,
B209425DD765ABFD4698,杨梅坑沙滩,114.5705966,22.545183,新东路56号,
B2094354D26DA2FF459D,深中通道西人工岛,113.770434,22.571039,,
B209425DD56FAAF8409D,鹅公湾(暂停开放),114.489342,22.4851649,大鹏新区南澳街道,
B2094653D268A7FD439E,羊台山森林公园,113.965105,22.651479,石岩街道龙腾路龙眼山村,
B2094252D56FABF8489D,阳台山森林公园,113.965105,22.651479,石岩街道龙腾路龙眼山村,
B2094251D56EA6FB489E,阳台山森林公园-揽胜台,113.9865891,22.657966,大浪阳台山森林公园内(东侧),
B2094253D26FA1FC479E,阳台山森林公园(大浪入口),113.986067,22.669908,大浪街道布龙路,
B2094251D36CA5FB459F,阳台山森林公园-阳台山登山广场,113.9483416,22.6646191,石岩街道龙眼山村,
B2094251D564A6F4459A,阳台山森林公园-竹林幽静,113.990305,22.6494717,石岩镇龙腾路龙眼山村阳台山森林公园内(东侧),
B2094250D26EA2F9469A,阳台山森林公园-玻璃栈道,113.9865814,22.6579732,阳台山森林公园内(东侧),
B2094252D064A2F4429B,阳台山森林公园-棕榈岛,113.9841574,22.6687666,阳台山森林公园内(东北角),
B2094251D56DA4FF4893,阳台山森林公园-石岩溪之谷,113.955242,22.6597939,石岩街道阳台山森林公园内(风景区旁、机荷高速以南的区域),
B209425DD364AAFE4293,阳台山森林公园(陶吓入口),114.00185,22.645693,石岩街道龙腾路龙眼山村阳台山森林公园内(东侧),
B2094250D364A1FC459A,阳台山森林公园-七星亭,113.98159,22.652315,小阳台山顶内,
B2094252D464A4FA4293,阳台山森林公园-竹径通幽,113.99031,22.64943,大浪阳台山森林公园内,
B2094250D268A5F84292,坝光海滩,114.50306,22.644804,大鹏新区葵涌街道坝光村东,
B2094252D665A1FF469E,坝光野海滩,114.54042,22.64806,Y243与埔坪路交叉口附近,
B2094256D464A7FA469D,罗田森林公园,113.891049,22.832983,S31龙大高速北33号附近,
B2094252D564A5FB439E,罗田岩-森林公园,115.4166671,25.927887,渣林村323国道旁,
B2094252DB6EAAF9419D,罗田森林公园游客服务中心,113.889375,22.821951,S31龙大高速北3号附近,
B2094256D46EA6FB4698,莲花山公园-邓小平雕像,114.05947,22.553197,红荔路6030号莲花山公园内,
B2094652DB69A2F44098,北帝古庙,113.879294,22.575582,西乡镇真理街24号,
B2094757D565A6FF429F,北帝古庙,113.308926,23.349686,华榕中街43号(近217乡道),
B2094653D364A7FE449E,北帝古庙,113.15199,22.88305,公园二街与黄中五路交叉口北100米,
B2094757DA6CAAFF4293,瓦窑村北帝古庙,108.41336643,22.76679932,中国广西自治区南宁市区青环路,
B2094653D16EA1FF409F,北帝古庙,113.357431,24.11424,387乡道附近,
B2094252D26EA2F8409D,三嘉北帝古庙,113.07781,23.585727,佛清从高速,
B2094250D16DA6F4489A,北帝古庙,113.57741,23.55078,环城路136正北方向70米,
B2094250D16DA7FC4998,北帝古庙,111.4035933,24.4853312,广西壮族自治区贺州市平桂区羊头镇010乡道,
B2094250D16DA6F9419D,北帝古庙,113.58171,23.1011,西洲大道1正南方向20米,
B2094250D16DA6F94993,北帝古庙,113.19947,23.26856,大田西路166,
B2094250D16DA5FD4592,北帝古庙,113.50234,23.17772,西社街1巷26,
B2094250D26CA1FC449D,小梅沙海滨栈道,114.324042,22.595271,S360(盐梅路),
B2094554D064ABFB489F,排牙山,109.68725,26.571453,靖州县排牙山,
B2094554D06AA0F84698,排牙山,114.542619,22.623344,深圳市龙岗区大鹏镇排牙山,
B2094250D065A6FD419A,排牙山森林公园,109.534329,26.4945472,排牙山林场北侧140米,
B2094554D064A7F4479B,前海湾,113.869869,22.515177,广东省深圳市南山区,
B2094757D168ABFC459A,前海湾(地铁站),113.897933,22.537335,11号线/机场线;1号线/罗宝线;5号线/环中线,
B2094757DB69AAF9469D,前海湾花园,113.8865393,22.5095448,港城路62号(妈湾地铁站A口步行150米),
B2094652DB69A2FB449B,招商局前海湾保税物流中心,113.8783416,22.4997869,临海大道59号,
B2094653D26BA2F4479C,前海湾公交站,113.90683,22.53234,广东省深圳市南山区南头街道桂湾四路,
B2094257D765AAFE419D,华丰·前海湾,113.8513172,22.5695175,商会大厦旁,
B209425DD46FAAF9499E,山海连城前海湾段,113.8788087,22.5412368,宝兴路8号,
B2094250D36FA7F9449E,前海湾保税港区,113.87661,22.503056,前海湾临海大道53号,
B2094253D069A6FE419E,国贸前海湾,112.538595,26.8926338,蒸水西路与336省道交叉口西480米,
B2094251D66BABF8479B,前海湾,118.2378958,24.542932,新城中路与欧厝北路交叉口西120米,
B209445DD468A5FB499D,阳江前海湾悦海公寓,111.5362883,21.522657,阳江市阳西县帆顺海景度假邨东南侧,
B2094753DA6CA2FE419F,前海湾花园一二期,113.889,22.5016,深圳市南山区前海湾汽车物流园区,
B2094253DB6FA4FB4898,华丰·前海湾二期,113.8519985,22.5694027,兴业路87号东南方向90米,
B2094252D064A2F8409D,深圳前海湾保税港区(妈湾大道),113.875336,22.486418,妈湾大道27号附近,
B2094252D76DAAFB459E,前海湾花园一期,113.8858262,22.5096989,港城路(妈湾地铁站A口步行120米),
B209425CD46FA1F8499C,深圳图书馆前海湾分馆,113.9007096,22.5268084,南山区梦海大道5073号前海国际人才港2-3层,
B2094652DB6AAAFE439E,前海湾物流园,113.884892,22.496637,月亮湾大道1075号,
B2094253D16AA6FB489D,前海湾精品酒店(深圳前海自贸区店),113.9145795,22.5210171,前海路1120号,
B209425CD265A2FF429E,华丰·前海湾营销中心,113.8527714,22.5705412,华丰前海湾二期西北门东北110米,
B209475CD16EA2FE469D,前海湾健康水会,113.91438802,22.52189449,前海路88号北头商厦东方山水酒店1-5楼(近南园小学),
B2094256D46EA1F8439E,梧桐山艺术小镇,114.193847,22.590542,望桐路与罗湖梧桐绿道交叉口西北200米,
B2094357D56FA3F8499F,三味素食(梧桐山艺术小镇店),114.1930687,22.5900768,梧桐山艺术小镇望桐路茂仔村119号,
B2094653D268AAF4489E,弘源寺,113.901324,22.701693,广东省深圳市光明区红星社区石岩湖度假村内,
B2094653D269A3F44992,弘源寺(南区西南门),113.901929,22.7018137,广东省深圳市光明区星湖路85号,
B2094653D268AAF84293,弘源寺(北区东南门),113.90269,22.70149,广东省深圳市光明区玉塘街道星湖路93石岩湖温泉度假村,
B2094252D265A6F54898,大阳台山顶,113.960687,22.651307,石岩街道龙腾路龙眼山村阳台山森林公园,
B2094557D56AA5FA499C,东西涌,114.479536,22.591165,大鹏湾南澳半岛南,
B2094252D56FA4FD4793,东西涌,114.583618,22.488078,大鹏湾南澳半岛南,
B2094757D065A3F9489B,儿童公园,114.124266,22.553991,童乐路12号,
B2094252D56FA0F44799,深圳市儿童乐园,114.0101884,22.542773,农林路71号,
B2094256D76CA5F54298,深圳市阳光儿童乐园少儿足球训练基地,114.14554,22.55516,沿河北路2000-1,
B2094351D169A4FE489B,环西丽湖绿道(碧道)草涧,113.963532,22.62455,广东省深圳市南山区飞鸭开心农场(荔园溪谷店)西南侧190米,
B209425DDB6FA4F5499E,南山公园-观景台,113.9045069,22.4854777,南山公园内(南侧),
B2094356D368A7FC429E,南山公园-南山观景台,113.9065976,22.4951177,蛇口招商街道别墅路8号南山公园,
B2094254D66FA5FF499B,大梧桐山顶鹏城第一峰,114.219372,22.57947,罗沙路2078号梧桐山风景区内,
B2094355D465A6FD4198,鹏城第一峰,114.219647,22.579506,望桐路梧桐山内,
B2094254D668A3F44992,天空美术馆(南京金奥美学生活馆),118.7256357,31.9991035,江东中路329号南京金奥美学生活馆F4层,
B2094253D66FABFF449A,天空美术馆,114.050626,22.542167,福田广电金融中心48F-49F,
B2094255D465A3FF4093,绢谷幸二 天空美术馆,135.4896227,34.7053169,"日本〒531-0076 Osaka, Kita Ward, Oyodonaka, 1 Chome−1−30, TOWER WEST, 27階",
B2094452D36CA4FA459B,盛世天空美术馆,116.49394,39.987274,北京市朝阳区酒仙桥路2号院798艺术区B03,
B2094252D565AAF84892,大梅沙海滨公园大梅沙海滩,114.308688,22.592543,大梅沙海滨公园,
B2094252D369A1FC4299,钱江艺术中心,114.135808,22.629776,布吉镇布澜大道(布吉交警中队旁),
B2094257D465A1FD409A,杭州师范大学钱江学院艺术中心,120.39135,30.314405,学林街16号11幢附近仁和社区11幢下沙街道,
B209425DD16EA6FC469C,钱江艺术中心-得闲茶舍,114.1360251,22.6294731,布澜路钱江艺术中心3号楼2层,
B2094251D568A2FB4999,嘉宝丽婚礼艺术中心(钱江店),120.2273,30.268064,杭海路601号1层,
B2094252D66AA6FE4099,深圳梅林山郊野径,114.043443,22.575973,龙尾路(梅林公园-东北侧约210米),
B2094757D069A1F8459C,南头古城,113.920935,22.542955,深南大道(中山公园地铁站D口步行330米),
B2094653D26FA4F94299,深圳新安古城,113.921429,22.543019,深南大道(中山公园地铁站D口步行330米),
B2094251D564A7FF429E,东山寺,106.727382,26.578069,栖霞路附近,
B2094653D569AAF4459C,东山寺,114.5483291,25.7963536,赣州市上犹县犹江北路东山公园西侧约90米,
B2094650D76AA2F8419F,东山寺,117.2089857,34.2705263,子房街道津浦东路190号,
B2094554D06AA6FA429E,东山寺遗址,106.727618,26.578084,栖霞路附近,
B2094751D36BAAFE4399,东山寺,104.14177,26.20825,云南省曲靖宣威市,
B209465CD36FA3FF4692,东山寺,109.192105,27.713804,中山路3号逸群小学,
B2094653D268ABFB409F,东山寺,114.51966,22.596405,大鹏东山路(近大鹏所城),
B209455DD56DA2F5419D,东山寺,99.92114,24.59715,云南省临沧市凤庆县凤山镇凤梧路,
B2094652D365A5F54693,东山寺,118.725423,25.363598,仙港大道,
B2094653DB6EA7FD4692,东山寺,104.637113,28.772328,岷江东路白塔山公园,
B2094252D06FAAFD459E,东山寺,117.147795,28.964687,观音泉路193号,
B2094250D16DA0FA479B,东山寺,109.7019369,23.9583344,象州镇东岗大道26号,
B2094656D265AAF94298,东山寺,105.13596,29.79566,四川省内江市东兴区双桥镇K10县道,
B2094252D765A5FF409F,东山寺南门,106.72589,26.575937,东山村东新组76(东山寺),
B2094554D06BA7F54598,张掖东山寺,100.6640631,39.0323747,甘肃省张掖市甘州区,
B209425CD265AAF9429B,慈杯咖啡(古城东山寺店),109.191626,27.7147121,中山路102-附25-74号,
B2094250D16DA0FF4798,东山寺,109.2046813,21.6774586,东山路37号,
B209455DD769AAFD4099,东山寺,100.821877,26.0206135,大理白族自治州宾川县,
B2094351D46DAAF84998,东山寺牌坊,106.726596,26.576384,贵州省贵阳市南明区蟠桃宫路1号,
B209445DD265A7FA4299,东山寺,111.300576,30.702683,湖北省宜昌市东山大道东山公园,
B2094757D66CA4FB4398,文博宫,114.103223,22.604469,布吉新区布吉街道西环路88号,
B2094450D46DA3FC409E,文博宫多功能厅会场,114.10889,22.60216,深圳市布吉西环路88号文博宫,
B209425CD465A5FF499B,半吨精酿Beer&Backyard(布吉文博宫店),114.103524,22.604332,西环路88号文博宫A16(南2门),
B209445CD06CA1FB499F,地铁站奶茶(文博宫店),114.10498,22.6047,广东省深圳市龙岗区布吉街道西环路66号文博宫,
B2094554D46EA4F94198,正新鸡排(文博宫店),114.10369,22.60592,龙岗布吉街道西环路文博宫北门,
B2094753DA65A7F4439D,大鹏半岛较场尾海滩,114.513142,22.590426,大鹏新区大鹏街道鹏城社区,
B2094256D669A4FD459A,较场尾海滩,114.512889,22.590172,大鹏新区大鹏街道鹏城社区,
B2094355DB6BAAF44493,东冲西冲,114.56854254739,22.481152603123,大鹏半岛最南端,
B2094252D46CABFD4398,大澳湾沙滩,114.467121,22.560432,深圳六月海酒店东南侧290米,
B2094253DB6BA2F9409E,深圳人才公园人才星光大道,113.951021,22.5092288,粤海街道蔚蓝海岸社区科苑南路3329号深圳人才公园内(北侧),
B209425DD664A5F5499D,ocat深圳馆(B10馆),113.9935422,22.5396919,华侨城创意文化园北区B10,
B2094653D268ABFF4793,万景楼,113.82859,22.725308,新桥街道沙井中心路19号,
B2094757D46AA2FC4698,万景楼,110.156425,25.806072,龙胜各族自治县龙胜县龙脊梯田金坑景区田头寨(近一号景点),
B2094252D06CA7F84192,万景楼-万丰文化村,113.8287269,22.7253986,沙井街道中心路19号万景楼内(东侧),
B2094253D26FA3F8489D,南山顶,113.904658,22.487785,南山公园,
B2094251D568A2FD459A,南山顶,119.592923,27.4596247,福建省宁德市寿宁县,
B2094253D069A7F84292,南山顶金鸡山,119.60344,27.450644,金鸡山风景区,
B2094552D66CAAFB499D,南山顶,119.3648123,25.6625493,福州市福清市,
B2094552D769AAFA4599,南山顶,105.4425176,34.8314825,天水市甘谷县,
B209455CD66AA4F8459D,南山顶村,112.5164238,40.9294988,乌兰察布市卓资县,
B2094255D06CABFF4892,南山顶茶艺馆,116.59509,35.42994,建设北路85-5正西方向50米,
B2094255D76EA0F5499E,南山顶津豆腐坊,111.83151,40.38175,城关镇和盛路东1号,
B2094757D064A5FA499C,深圳金沙湾海滨度假区,114.452035,22.569597,金沙湾滨海公园西侧450米,
B2094452D36CA4F54893,广东深圳华侨城国家湿地公园,113.983766,22.52816,白石路9号,
B2094254D665A0FB4999,电影美人鱼拍摄基地,114.572055,22.544283,东山社区杨梅坑,
B2094256DB69AAF84392,燕罗湿地公园,113.849833,22.794115,燕罗街道燕川大桥南端,
B2094257D26AA5FE459A,深圳湾观海栈桥,113.948354,22.485347,深圳湾公园C区运动公园内,
B2094653D26EA2F4439A,求水山公园,114.145147,22.597597,南湾街道,
B2094252D06AA7F54692,求水山公园体育中心,114.1442333,22.5938064,南湾街道求水山公园南侧,
B2094256D468A3FB4398,求水山公园-观景台,114.14172,22.59742,龙山路求水山公园(西侧),
B2094253D26FA1FB4598,求水山公园-龙之谷,114.144181,22.599547,广东省深圳市龙岗区南湾龙上路求水山公园内,
B2094354D169A7FA439E,大鹏所城,114.5124466,22.5952138,大鹏新区南门东路,
B2094250D068A5FE409B,大鹏所城-南门,114.51352,22.594067,南门东路与南门西路交叉口西50米,
B209445DD465A1FF4093,深圳大鹏所城MAX酒吧民宿,114.513907,22.594017,深圳龙岗区大鹏新区南门东路6号,
B2094255D765A2F94098,南澳大鹏所城,114.53024,22.48123,南澳西冲,
B2094554D46BA7FE429D,凤凰花开咖啡厅(大鹏所城店),114.5125765,22.5954826,大鹏鹏飞路所城正街北门广场前,
B209445DDB68ABF8429D,深圳大鹏所城曼时光客栈,114.514247,22.593227,大鹏新区鹏城南门赖府5巷3号,
B2094252D765A4F54892,大鹏所城·有集餐厅,114.51279,22.594124,大鹏街道刘屋巷14号,
B2094251DB69A1F5499A,大鹏所城·有集精品民宿,114.51279,22.594198,大鹏所城刘屋巷,
B209445DD66EA4FC479B,老板很忙(大鹏所城),114.514458,22.595247,大鹏街道南门东路19号,
B2094252D36EA2F5409D,茶花花园咖啡(大鹏所城店),114.51404,22.593418,大鹏街道大鹏社区南门围二巷8-2号(大鹏所城南门外肥妈小吃对面巷子),
B2094252D56AABFC4892,大鹏所城-北门,114.51218,22.5962,南门街,
B209445DD465A7FF4992,深圳大鹏所城水云间青年旅舍,114.51349,22.594121,深圳龙岗区大鹏新区西门新街15号,
B209445DD465A6FC4598,深圳大鹏所城城墙外三号店(青年旅舍),114.513489,22.59412,深圳大鹏新区大鹏所城刘屋巷8号,
B209425DDB65AAF8499C,礼橖LoveTime·美学海景美宿(较场尾大鹏所城店),114.5189214,22.592425,大鹏街道鹏城社区鹏飞路278号欢乐海湾商业楼E栋,
B2094356D468A6F54398,深圳市大鹏新区古城博物馆,114.5130928,22.595348,广东省深圳市龙岗区大鹏镇鹏城村赖府巷10号,
B2094356D268A1FC479C,渔村·鹏城饭馆(大鹏所城店),114.5137991,22.5961822,大鹏所城东城巷21号,
B2094554D16EA5F5489F,深圳大鹏所城漂泊驿站,114.514353,22.595545,大鹏所城南门东路33号,
B2094554DB64A6FF429A,艺书吧(大鹏所城店),114.51248,22.5948,南澳大鹏新区大鹏所城十字街,
B209425DD36FAAF5429A,大鹏所城旅游区游客服务中心,114.514625,22.59315,大鹏新区鹏飞路71号,
B209445DD56EA7FC479C,深圳潮庭大院客栈(大鹏所城南门东路店),114.514365,22.59563,深圳大鹏新区大鹏所城南门东路31号,
B2094350D66DA3FA439F,深圳龙华钢琴博物馆,114.0355427,22.6215477,民治民福北路65号,
B2094351D569A6F54993,深圳湾公园-流花山,113.9536953,22.5123141,深圳市南山区东滨沙河西立交桥深圳湾公园内,
B209425CDA6FA1F9489F,深圳湾公园流花山-观景台,113.953995,22.5137923,河西立交桥深圳湾公园流花山,
B2094351D56AA6FB4592,东涌穿鼻岩,114.5895335,22.4904741,深圳市深圳大鹏半岛国家地质公园,
B2094352D269A0F5419A,哈利·波特禁忌森林体验(深圳站),114.0812668,22.7150324,广东省深圳市龙华区观澜湖牛湖水数字艺术生活水廊西南,
B2094356D66EA1F44292,比亚迪历史博物馆,114.31744,22.7100345,广东省深圳市龙岗区同德路德庆工业区6~7栋,
B2094252D26FA3FB4399,深圳珠宝博物馆,114.127868,22.569332,金展国际珠宝广场3-4层(田贝地铁站E口步行390米),
B2094652DB6AA1FE499A,深圳南山青青世界,113.900515,22.499324,月亮湾青青路1号,
B2094757D16DA7FE4598,深圳东涌沙滩,114.584126,22.489117,大鹏新区南澳镇东涌村,
B209425CD06DA2F5459B,深圳大鹏莫默海边木屋(东涌沙滩店),114.582558,22.489806,沙岗二路40号,
B2094454D169A2FE4893,罗湖美术馆,114.127695,22.54325,南极路1-5号附近(湖贝地铁站A口步行130米),
B2094255DB6AABF8429F,大鹏古城小区,114.512449,22.595213,大鹏新区南门东路,
B2094653D269A2FC439B,古城小区,114.5129991,22.595101,深圳市龙岗区南门街大鹏所城,
B2094251DB6EA7F8429A,咖啡故事馆(大鹏古城小区店),114.5130988,22.595,南门西路与南门东路交叉口西北120米,
B2094256DB6FA7FA4298,中英街界碑,114.231624,22.544833,沙头角镇中英街内(东北角),
B2094257D069A6FE4798,沙鱼涌沙滩,114.416544,22.607446,沙渔涌街79号,
B2094257D76CA1FF409A,梧桐山电视塔,114.193722,22.568156,茂仔村137号梧桐山景区内,
B2094250D26AA4FC4092,梦谭Gallery,114.2210696,22.6957172,绿景大公馆商铺黄阁中路16-1,
B2094251D068A4FD4298,观澜文化小镇·鳌湖艺术村,114.088562,22.730407,广东省深圳市龙华区兴业路,
B2094252D768A6FC4898,鳌湖艺术村,114.088393,22.730458,龙华新区牛湖村,
B2094253D26FA3FB479D,大顶岭绿道,113.961882,22.733499,大顶岭山林绿道公园,
B2094252D269A3FC469B,大顶岭山林公园绿道-入口,113.96195,22.733496,X231与华创路交叉口东北方向40米,
B209465DD26DA3FD449B,亚婆井前地,113.541181,22.194497,澳门西望洋山北面的广场,
B2094253D06AA5F8419E,亚婆地,114.266011,22.602456,广东省深圳市盐田区,
B209425CDB6AABFC479D,港珠澳大桥蓝海豚岛,113.8496715,22.2785835,吉大街道G94珠三角环线高速出口与G94珠三角环线高速入口交叉口西北60米,
B209425DD26FA3F8449B,龙华公园-龙峰塔,114.018033,22.6572575,公园路与景龙中环路交叉口东北120米,
B2094257D06BA0FB429A,大沙河生态长廊,113.95526,22.5249,高新南环路18东南方向130米,
B2094452D265A7FD409B,大沙河湿地,113.198728,23.063901,海中北路,
B2094757D065A5FA4593,大沙河公园,113.961327,22.556822,北环大道8228号,
B2094250D268A7F9439C,大沙河七星公园,113.239777,35.16747,南海路(河南协通高速公路发展有限公司西南侧),
B2094257D66AA1F8459D,大沙河,113.264401,35.162085,河南省焦作市山阳区,
B2094251DA6BA3FC4293,焦作大沙河沙滩,113.252487,35.162809,迎宾路,
B2094251DB6AA6F4469C,焦作大沙河湿地公园,113.238672774,35.166580049,河南省焦作市山阳区,
B2094650D765ABFC469F,大沙河公交站,117.20479,34.2831,江苏省徐州市鼓楼区丰财街道二环北路,
B2094256DB65A1F9419A,丰县黄河故道大沙河国家湿地公园,116.588658,34.492446,大沙河镇二坝村,
B2094252DA6CAAF4409C,大沙河公园-生源湿地,113.96199,22.556988,北环大道8228号大沙河公园,
B2094252DA6CA4FB4499,大沙河生态长廊·学院之道,113.99142,22.594034,学苑大道1068号,
B2094257DA64AAFC489D,焦作大沙河玻璃栈道,113.242935,35.162605,河南省焦作市山阳区,
B2094654D765A6F94099,大沙河高架桥,113.3496,23.45634,广东省广州市花都区花东镇792乡道,
B2094650D765A1FA4899,丰县大沙河李寨中学,116.64234,34.50682,大沙河镇蒋庄村,
B2094256D66CABF4479E,大沙河大桥,113.22036,35.1681,河南省焦作市山阳区,
B2094354D06EA6F8409D,大沙河生态长廊绿道,113.9715269,22.5898833,,
B2094254DB6DA4FE4193,大沙河·中国傩城,107.26763916,29.006389618,重庆市南川区,
B2094655D06DA6FE4299,大沙河初级中学,116.911321,39.670913,河西务镇大沙河村,
B2094255D56DA6F84092,大沙河中国傩城,107.429276,29.034575,文家坝大沙河仡佬文化国际度假区村,
B2094354D16EA6F9409B,大沙河,113.9597332,22.5824973,,
B2094354DB6AA3F5459F,科学顶(光明顶),113.9449768,22.7808862,广东省深圳市光明区新湖街道光明科学公园北翼西89米,
B2094255DB64A4F54699,西涌海滨浴场4号沙滩,114.550474,22.481843,南澳街道西冲社区,
B2094351D66FA3FF4592,西涌4号沙滩,114.5502396,22.4818058,广东省深圳市龙岗区新海路与天文路交叉口南约120米,
B2094354D56CA2FE4998,西涌旅游度假区4号沙滩,114.550474,22.481843,南澳街道西冲社区,
B2094254DA6AAAFF409D,光明农场大观园,113.961929,22.760355,碧水路88号,
B2094251DB6CA7F54893,恩上水库,114.2342967,22.5696334,广东省深圳市盐田区,
B2094354DA69A0FA489A,梧桐山风景名胜区-恩上水库,114.234067,22.5690759,深圳市盐田区恩上公路梧桐山风景名胜区,
B2094250D169A5FA479B,聚龙山湿地公园,114.4092573,22.7446392,聚青路和惠联路交汇处以北,
B2094452D265A2F4499D,深圳大鹏半岛国家地质公园博物馆,114.531016,22.528997,大鹏半岛国家地质公园内,
B2094552D765A6FA4398,牛奶排,114.520468,22.452726,广东省深圳市龙岗区南澳街道,
B2094557D56AA5FC4492,笔冠峰,114.08533,22.5642735,笔架山公园内部,
B2094554D069A6F54298,官湖村,114.425924,22.604217,湖龙北路与官湖东路交叉口东北120米,
B2094254DA6BAAFB439D,葵涌官湖村海滩,114.42279,22.60227,广东省深圳市龙岗区官湖中路,
B2094552DB6BAAFC449C,官湖村,113.6331254,23.1394527,三角水路增城区官湖学校东侧约50米,
B2094554D269A1FC409B,here印象海滨客栈(深圳官湖村店),114.43037,22.60407,湖园路8号,
B2094552D56BA5FD439B,官湖村,110.3202413,21.4007063,湛江市遂溪县,
B209445DDB6AA6F9459A,深圳gala空间海滨客栈(官湖村店),114.4253,22.6033,官湖村湖龙7巷1号,
B209455DDA69A5FF499A,官湖沿村,120.52624,30.14345,浙江省绍兴市柯桥区齐贤镇管湖沿路,
B209455CD269A0F9429E,官湖村,115.8709745,29.7055537,江西省九江市柴桑区,
B2094552D66CABF8459D,官湖,118.8278979,27.3677865,南平市政和县,
B2094553D56EA1FF4392,官湖村,113.9435236,31.119261,孝感市孝南区,
B209445CD36AABFF489C,官湖村海滩烧烤场,114.42551,22.60453,葵涌官湖村内官湖中路185号,
B209455CDB6EAAFB409D,官湖村,119.1049333,35.1350347,临沂市莒南县,
B2094553D568A2FC4492,官湖村,115.2060796,30.4618614,湖北省黄冈市浠水县清泉镇,
B2094552D66DA4F5469F,官湖村,118.8278926,27.3677813,南平市政和县,
B209455CD268A4FA4592,官湖村,115.4841929,27.9597553,宜春市樟树市,
B209455DD668A3FC499C,官湖村,112.318111,29.3164139,益阳市南县,
B2094256D16CA6FC4892,官湖镇丁口村幼儿园,118.04053,34.44294,官丁线与官楼线交叉口北150米,
B2094256D16CA6FA449F,官湖镇大王庄村鲍庄小学,118.0652234,34.4617054,江苏省徐州市邳州市大王庄村,
B2094653D26AAAFE439C,锦绣中华,113.988741,22.530907,深南大道9003号中国民俗文化村,
B2094650D46FABFF469C,锦绣中华商贸城,119.256483,34.298752,中大街124号,
B2094750D16AA1FD4299,锦绣中华民俗村,113.988741,22.530907,深南大道9003号中国民俗文化村,
B2094256D664A4FA449B,锦绣中华·中国民俗文化村,113.988741,22.530907,深南大道9003号中国民俗文化村,
B2094653D26FA3FB499A,城市客栈（深圳锦绣中华店）,113.973411,22.536209,深南大道9037号世界之窗(世界之窗地铁站H口旁),
B2094554D16CA3F94499,天涯海角,113.9920511,22.5290037,深圳市南山区深南大道9003号锦绣中华内景点,
B2094753D36EA4FA4193,"欢乐谷,锦绣中华",113.99686,22.53157,深南大道9003号,
B2094256D76BA4F94793,锦绣中华,122.25282,43.6263,西拉木伦大街与前进路交汇处,
B2094653D26BA2F54692,锦绣中华凤凰广场,113.98788,22.52939,深圳市深南大道华侨城内 ,
B209465CD76EA0F5479E,锦绣中华大酒店,108.6864,34.3234,中华路3号(中华广场正对面),
B2094251DB6DA3FF4698,搜秀影城(锦绣中华店),122.2526123,43.626636,西拉木伦大街南侧锦绣中华商业四楼,
B2094251D46BABF8449E,锦绣中华,114.4574173,37.0713636,中华大街398号,
B2094251D36DA3F54092,锦绣中华-傣族泼水广场,113.98458,22.53048,深南大道9003号中国民俗文化村,
B2094251DB68A7FC4893,锦绣中华,106.83426,39.67603,大庆路,
B2094250D06CABF84699,锦绣中华-滕王阁,113.99292,22.529482,深南大道9003号锦绣中华内,
B209475DD768A4FD4693,锦绣中华,115.49019,35.23135,中华路588号西南方向90米,
B2094757D16AA3F5409B,乡村小厨(锦绣中华店),113.986953,22.529695,南山区锦绣中华锦园啤酒美食广场A01铺(近锦绣中华正门口),
B2094750DB68A7FF459A,锦绣中华园,114.891799,40.833988,河北省张家口市桥西区明德北街街道古宏大街19号河北省地勘局第三地质大队,
B209445DD26FA3FE479A,锦绣中华园,114.90423,40.83313,滨河路1号,
B2094557DB6BAAFD4198,城市客栈-锦绣中华店(原新侨店),113.986807,22.5342083,广东省深圳市南山区光侨街13号新侨大厦1层,
B2094252D46BA5FB4298,亚婆髻,113.880071,22.685783,广东省深圳市宝安区,
B2094552D56DA0FD4792,亚婆髻,112.2478892,23.0388993,云浮市云安区,
B2094552D765ABFD4599,亚婆髻岩,113.53997,24.3263,广东省清远市英德市望埠镇,
B2094552D464A2FA459F,亚婆髻,112.54892,23.29859,广东省肇庆市四会市贞山街道,
B2094552D568AAFC4998,亚婆髻,111.3930657,22.3227078,茂名市信宜市,
B2094552DB6BA3F8419A,亚婆髻,113.87939,23.53737,广东省广州市增城区派潭镇,
B2094255D765A3FB4493,亚婆髻农庄,114.17764,24.0685,广东省韶关市新丰县丰城街道,
B2094251D56EA5FB4693,湾区之光摩天轮,113.887927,22.541133,新安街道滨海文化公园(临海地铁站B2口步行370米),
B2094252D364A5FC4993,湾区之光,113.88782,22.541077,海府路与新安西路交叉口西南方向218米,
B2094354D368A0FC489A,欢乐港湾·湾区之光摩天轮,113.8879295,22.5411325,新安街道滨海文化公园(临海地铁站出入口步行240米),
B2094354D46FA0FB4799,深圳市欢乐港湾湾区之光摩天轮,113.938725,22.544625,科技中二路与高新中三道交叉口东北80米,
B2094252D76AA3FD499B,湾区之光摩天轮-入口,113.88795,22.541225,海府路与新安西路交叉口附近,
B2094653D269A3FF4892,凤凰塔,113.836738,22.690983,凤凰山大道,
B2094653D269A1F84899,凤凰古村,113.840207,22.691236,凤凰山大道172号,
B2094252D668A4F8439F,凤凰古村,113.69622,35.677006,南村镇魏沟村,
B2094355D564AAFF419A,凤凰古村,111.6890175,37.1444838,吕梁市孝义市,
B2094256D368A4FC439D,唐河县古城乡凤凰台村陈庄小学,112.9425416,32.722825,河南省南阳市唐河县古城乡凤凰台村,
B2094252D464A4F94993,铁仔山公园-观景台,113.858696,22.595474,铁仔山公园(西北角),
B209425DD46FAAF9499E,山海连城前海湾段,113.8788087,22.5412368,宝兴路8号,
B2094354D168A6F5459B,塘坑背水库群碧道,114.205079,22.632621,,
B2094354D66DA1FE4092,深圳华润大厦艺术中心,113.94663,22.5149333,科苑南路2666号中国华润大厦B1层,
B2094354DA6EA2FA419C,深圳会展中心（福田馆）,114.0598135,22.530829,福华三路111号,
B2094355D36FA1F94698,梧桐山风景名胜区-秀桐道,114.236481,22.5821336,广东省深圳市盐田区莲塘街道罗沙路2076号广东梧桐山风景名胜区内(东侧),
B2094355DA6FA5F4439C,大沙河生态长廊绿道-林上栈道,113.9571883,22.5671974,龙井路与龙珠大道交叉口南120米,
B2094356D36BA1FF4392,东山鹿嘴旅游区,114.6074037,22.5401654,广东省深圳市龙岗区南澳街道X260(新东绿道),
B209445DD26EA6FB449E,汉釜宫(甘坑客家小镇店),114.10266,22.657795,布吉街道甘李路18号号,
B2094557D56AA5FB4692,甘坑古村,114.1038846,22.6566971,吉华街道甘坑社区甘李路18号,
B2094257D26BA2F44392,甘坑客家小镇状元府,114.101721,22.6581256,吉华街道甘坑社区甘坑古镇内(西北角),
B2094356D76AABFF479D,甘坑客家小镇,114.1059323,22.6547034,同富路与甘李路交汇处北50米,
B2094252D36CA1FB459B,甘坑客家小镇-南门,114.10572,22.654434,甘坑同富路,
B2094252D765A1FB459E,甘坑客家小镇-北门,114.102394,22.658724,甘坑路与甘坑匝道交叉口南约160米,
B2094252D56FA1FF439F,奈雪的茶(龙岗甘坑客家小镇PRO店),114.10208,22.658228,甘坑客家小镇,
B209445DD16FAAFB4099,客道宴(甘坑客家小镇店),114.10483,22.656166,布吉街道甘坑客家小镇七都一一六70号,
B2094252D56DA0FC4898,南山公园-八号登山口,113.9126045,22.5031069,别墅路8号南山公园内(东北角),
B2094257D769A2FA429B,世界之窗-法国埃菲尔铁塔,113.974373,22.5341137,深南大道9037号世界之窗,
B2094252D265A6FF409A,岗边伯公庙,114.084804,22.533808,滨河大道3032-3号(赤尾地铁站D口步行190米),
B2094251DA64A5FE449E,山海大观·观景台,114.287994,22.610804,X879(盐三路),
B2094250D16FA5FE479B,深圳仙湖植物园-桫椤湖,114.177261,22.576892,仙湖路160深圳仙湖植物园,
B2094250D365A4FC459A,邓小平手植树,114.1764383,22.5799635,莲塘街道仙湖社区仙湖路160号仙湖植物园内,
B2094257D56DA0F94093,深圳改革开放展览馆,114.0611662,22.546217,福中路184号(少年宫地铁站A2口步行100米),
B2094256DB6CAAF5449A,背仔角沙滩,114.350933,22.597675,S360(深葵路),
B2094257D76EA6FA449F,大脑壳,114.047179,22.58156,广东省深圳市福田区,
B2094554D26AA1FD4192,大脑壳旅馆,109.88886,31.08462,平湖东路786号2楼,
B2094652D469A2FA4198,大脑壳夜宵,112.974106,28.1853,天心区学院街59号,
B2094453DA69A6F54792,大脑壳秘烧大闸蟹(汉堤路店),114.33341,30.64408,汉堤路31号(近丹水池小学),
B2094253D06EAAF4489B,大脑壳秘烧大闸蟹(丹亭懿府店),114.3248635,30.6475922,百步亭路丹亭懿府商业2-9,
B2094354D56EABFB4399,鲲鹏径第八段梅林山大脑壳顶福田与龙华界碑,114.047606,22.582581,大脑壳-神秘车酷S东北侧120米,
B2094355D36BA2F5499E,小脑壳(梅林后山),114.0471762,22.581569,广东省深圳市福田区梅林街道塘朗山郊野公园梅林山公园,
B2094253D46CA7FB4092,大脑壳烧烤,112.9738775,28.1922074,坡子街街道三兴街3-1号永安宝苑,
B209425CD769A5FA4093,大脑壳小面(健康家园店),106.4886516,29.5937525,天竺路300号附130号,
B209445DD16DA5F44293,大脑壳烧烤,106.52977,29.6006,康园路1号附9,
B209445DD469A6FE469B,毕节大脑壳招待所,105.291213,27.31019,松山路二小斜对面,
B209455DD36DA1F8499A,大脑壳房子,104.3166725,30.7390147,成都市新都区,
B209455DDA6DA3F8409B,大脑壳,103.4407,26.004,云南省曲靖市会泽县驾车乡,
B2094254D26CA6FE4598,大脑壳地,103.044876,26.45354,昆明市东川区新火房公路,
B2094557D364AAF8449C,大脑壳手工烘培,106.5635,29.58,五里店城市广场阳光100R811-1(欧亚达家居正对面),
B2094553D26DA2F94793,大脑壳,107.3535083,26.5171713,黔东南苗族侗族自治州麻江县,
B2094553D36FA0FA499A,大脑壳,107.5858379,28.469238,遵义市正安县,
B2094553D46BA2FD439C,大脑壳包,110.4016367,30.994521,恩施土家族苗族自治州巴东县,
B209455CD16BA1FF439B,大脑壳田,106.2587714,29.4757718,重庆市璧山区,
B209455DD46CA2F8469F,大脑壳田,106.85646,31.4507,四川省巴中市平昌县南风乡,
B2094257D06DA1FA4898,光明小镇·欢乐田园观景台,113.961362,22.785767,圳园路光明小镇·欢乐田园内,
B2094257D06CAAFA429E,灯塔纪念台地,113.932914,22.477566,蛇口半岛城邦一期东南(金世纪路东),
B2094256DB6FAAF4429C,上围艺术村,114.082094,22.680228,广东省深圳市龙华区观澜樟坑径公园斜对面(宝业路北),
B2094757D16DA7FE4598,深圳东涌沙滩,114.584126,22.489117,大鹏新区南澳镇东涌村,
B2094252D66CA2FD419E,东涌沙滩,114.584138,22.4890641,大鹏新区南澳镇东涌村,
B2094250D168A7FA459D,东涌旅游区沙滩游场-出入口,114.5837,22.487911,大鹏东涌沙滩,
B2094355D069A7F5489E,东涌沙滩-东西冲徒步,114.5841338,22.4891257,广东省深圳市龙岗区大鹏新区南澳街道Y249(东涌路),
B209425CD06DA2F5459B,深圳大鹏莫默海边木屋(东涌沙滩店),114.582558,22.489806,沙岗二路40号,
B2094254DA6FA1FB4398,大运神仙湖,114.201789,22.686132,大运公园内,
B2094554D064A2FA4793,招商局历史博物馆,113.9136563,22.4777388,深圳市南山区观海路蛇口工业区大厦西北侧约80米,
B209425CD169A6FA4999,深圳招商局历史博物馆,113.913663,22.477721,南海大道与港湾大道交叉口东40米,
B2094757D069A5F94592,红树林自然保护区,114.010491,22.525425,滨海大道华侨城路段,
B2094653D06EA6FF469F,广东湛江红树林自然保护区,109.79075,21.61032,广东省湛江市廉江市高桥镇325国道,
B2094257D76EA3FD449D,高桥红树林自然保护区,109.763294,21.55873,红树林大道附近,
B2094557D768A5FA419D,竹塔红树林自然保护区,117.4185582,23.9223542,福建省漳州市云霄县漳江口,
B2094252D164A7FC4598,福建漳江口红树林国家级自然保护区,117.4185457,23.9223639,东厦镇漳江口,
B2094554D06AA3FC499E,湛江红树林国家级自然保护区,110.314,21.121,广东省湛江市麻章区湖光镇,
B2094554D065A2FD449B,彩桥红树林自然保护区,109.570988,19.8586873,海南省临高县306省道,
B2094255D56EA5F44299,龙海红树林自然保护区,117.9332,24.39137,浮宫镇,
B209425CD06FA7FA479A,广西山口红树林生态自然保护区,109.7657263,21.4970327,山口镇东南部,
B209445CD46FA3F44699,哈拉红树林自然保护区,55.759529,26.89403,伊朗格什姆岛哈拉红树林自然保护区,
B2094354D169A7F44299,福田红树林国家自然保护区管理局,114.007613,22.529158,红树林路1号广东内伶仃福田国家级自然保护区内,
B2094253D069A5F44292,广西茅尾海红树林自治区级自然保护区管理处,108.63109,21.957031,新兴街20号,
B2094252D36FA0F54499,菠萝山,117.133396,36.66445,草山岭北路草山岭小区北侧约60米,
B2094257D069A6FC439F,菠萝山峡谷,113.9525864,22.410386,香港特别行政区屯门区区屯门区,
B2094254D665A2F5479E,菠萝山,113.96808000003,22.397730000031,香港特别行政区屯门区区屯门区,
B2094252D06FA2FA4593,菠萝山,114.293594,22.585417,广东省深圳市盐田区,
B2094654D468A3F8449E,菠萝山公交站,113.37552,23.21355,广东省广州市天河区凤凰街道渔西路广东工程职业技术学院西宿舍区,
B2094552DB6BA2FD4899,菠萝山,113.39371,23.15973,广东省广州市天河区新塘街道沐陂东路,
B2094251D264A3FC439C,菠萝山农庄,113.988937,23.2277029,福田镇丰味缘农家乐东侧100米,
B2094552D36FA2F4469B,菠萝山,113.3709,23.21527,广东省广州市天河区凤凰街道渔西路,
B2094252D464A2FA419F,菠萝山,120.7262659,36.5114348,山东省青岛市即墨区,
B2094552D465A6F84192,菠萝山,110.29171,20.40965,广东省湛江市徐闻县友好农场,
B2094553D26DA2FA489B,菠萝山,106.81099,26.51972,贵州省贵阳市南明区小碧布依族苗族乡,
B2094553D36DA0F8479C,菠萝山,106.8963784,26.6928285,贵阳市乌当区,
B209445CD36FAAFD459A,菠萝山农庄,113.41903,22.99382,广东省广州市番禺区石基镇金市路,
B2094552D46EA2F4409C,菠萝山,115.9407875,22.9426071,汕尾市陆丰市,
B2094552D46BA5FC459A,菠萝山队,110.9150528,21.462851,广东省茂名市电白区,
B2094552D56EAAFC449A,菠萝山,112.6097435,22.3795914,江门市开平市,
B2094552D56FA3FE419E,菠萝山,112.9494933,22.1102768,江门市台山市,
B2094557D36AABFD449B,菠萝山米粉(日坛店),116.46832,39.86215,日坛酒店可味美食城,
B2094552D56AABFF4998,菠萝山,110.9112111,21.4780087,茂名市电白区,
B2094552DA6CA6F8459A,菠萝山,109.540148,22.1654055,钦州市浦北县,
B2094750D26AA7FE419A,小梧桐登山处,114.174569,22.566822,畔山路与百世路交叉口东南20米,
B2094750D564A3FB469D,梧桐道小区,115.6481219,34.3874518,雪苑路南100米,
B2094757DA6DA2F9479B,梧桐墅小区,110.3174177,25.3968888,桂林市灵川县银渠路46号,
B2094757D065AAF4459D,梧桐小栈,117.27675,31.85524,金寨路328金通写字楼6楼628室,
B2094557D264A5FC419F,梧桐小镇休闲自助餐厅,121.5857,37.38693,政府大街758号,
B2094654D565A4FF4693,梧桐小镇,121.41654,31.21913,长宁区长宁路1018号龙之梦购物中心7楼(近凯旋路),
B209445DD66AA0F5489B,梧桐小栈(新世界店),117.01419,32.64029,朝阳中路新世界休闲生活广场4楼,
B209445DDA64A4FA4992,梧桐小镇主题酒店,119.68101,29.12381,赤松路239号(陶朱路大楼对面),
B2094651D769A6FB449F,梧桐巷小区,118.866645,28.958361,小西门78号,
B209475DD36FA1F5489B,梧桐小栈时尚餐厅逍遥津店,117.29519,31.86552,寿春路93号3楼,
B2094551D36EABF4409C,梧桐小院民谣餐吧,114.04258870443,32.126644965278,河南省信阳市浉河区浉河北路与谭山包市场交叉口,
B2094253D46CA5F5469A,梧桐·小食院,118.681536,37.431778,沂州路59号,
B2094656D664A1F94692,梧桐小区(新盛巷),112.586125,37.73633,开元街梧桐大厦旁,
B2094252D269A5FE4493,小梧桐,114.1881735,22.5712492,广东省深圳市罗湖区,
B209475CD66DA3FD429F,梧桐小栈国购店,117.25563,31.85481,合肥市长江西路三里庵国购广场正对面环境监测中心隔壁,
B209475CD56BAAFD459A,梧桐小镇,121.471885,31.232376,上海市 南京西路258号,
B2094254D06AA7F94993,梧桐小栈芜湖太平洋商场店,118.589638,31.150112,安徽省芜湖市芜湖县芜湖县世纪大道太平洋购物广场,
B2094654D26DA5FC4992,梧桐小院,116.349397,39.91985,月坛南营房1-37宅甲4号,
B2094253D665A2F44792,梧桐小院,114.04229,32.126953,浉河北路与谭山包市场口,
B209445CD069A7F54593,张三丰小酒馆(梧桐苑店),103.6348876,30.9983656,蒲阳河南路中段8号(解放小区),
B2094252D565A3FF489C,深圳中心公园Ｄ２区,114.0797463,22.5468722,福田河绿道深圳中心公园-D1区,
B2094354DA6DA5F5479B,梅拉尼亚小镇(深圳世界之窗店),113.972922,22.5357112,深圳市南山区华侨城深南大道9037号深圳世界之窗,
B2094652DB69A3FC449D,深圳市野生动物园,113.972745,22.596545,西丽街道西丽路4066号,
B2094251D26AA3FB4593,深圳市野生动物园-海洋天地,113.970988,22.599608,西丽镇西丽路4065号深圳野生动物园内(北侧),
B2094253D46CA4F9419D,深圳野生动物园,113.972146,22.596039,西丽街道西丽路4066号,
B2094557D569A5FF409A,深圳市野生动物园中型猛兽馆,113.9718133,22.5976568,深圳市南山区西丽镇西丽路4065号深圳野生动物园内,
B2094251D464A3FB429E,深圳市野生动物园-野驴,113.974088405,22.593920809,广东省深圳市南山区西丽镇西丽路465号,
B2094257D26DABFD4592,深圳市野生动物园-火烈鸟半岛,113.975997925,22.597305298,广东省深圳市南山区西丽春园路,
B2094557D569A2FD4893,深圳市野生动物园海狮表演馆,113.969998472765,22.598908545623,沁园路1231号,
B2094252DB6FA6F5409D,深圳市野生动物园-非洲野狗,113.971639,22.597483,广东省深圳市南山区西丽镇西丽路465号,
B2094557D568A2FF409D,海洋天地,113.9709756,22.5996668,深圳市南山区西丽镇西丽路4065号深圳野生动物园内,
B209425CD56FA0F4439A,深圳市野生动物园-浣熊,113.971599,22.595807,西丽镇西丽路465号,
B2094256D769A5F94699,深圳野生动物园宠物医院,113.9648777,22.5936326,西丽镇西丽路4065号(西丽湖地铁站B口旁),
B2094253D364A0F8459D,深圳野生动物园-了愿亭,113.976183,22.596179,西丽湖路4065号深圳野生动物园内,
B2094252DB6CA2FB4498,深圳野生动物园-孔雀园,113.97032,22.59522,广东省深圳市南山区西丽镇西丽路4065号深圳野生动物园内,
B209425CD765AAFF439E,深圳市野生动物园-斑马,113.974616,22.594715,西丽镇西丽路465号,
B209425CD465A2FE429D,深圳野生动物园-水豚,113.9697238,22.5951434,沁园路与沁园二路交叉口南180米,
B2094352D464A4FA439F,深圳恐龙博物馆,113.88117,22.545733,广东省深圳市宝安区新安街道宝兴路,
B2094351DB65AAF5449A,中轴云廊·顶上空间美术馆(皇庭广场店),114.05988,22.5337399,深圳市福田区福华三路118号皇庭广场R层,
B2094355DB6BA2FD419F,深圳红立方-科技馆,114.2476297,22.7180275,广东省深圳市龙岗区龙翔大道8028号,
B2094257D66BA2F44898,华侨城光明欢乐田园,113.961783,22.776247,楼村一号路,
B2094257D06DA1FA4898,光明小镇·欢乐田园观景台,113.961362,22.785767,圳园路光明小镇·欢乐田园内,
B2094355D26AA0FA469A,光明欢乐田园,113.9610346,22.7764867,广东省深圳市光明区新湖街道楼村一号路,
B2094253D268A1F9429D,光明小镇欢乐田园,114.25533,22.717655,深惠路711-749号,
B2094252D56CABFF4693,华侨城光明小镇·欢乐田园-西门,113.951805,22.780577,楼村一号路,
B2094357D66CA7F54599,光明欢乐田园欢乐采摘园,113.962442,22.7881595,广东省深圳市光明区新湖街道圳园路科学城展示中心旁,
B2094250D268ABFB419E,西湾红树林公园-观海平台,113.832126,22.594978,金湾大道旁西湾红树林公园内,
B2094252D464A4F94492,惠来滨海荷花旅游度假区-金狮嘴喉观海平台,116.385778427,22.924907854,广东省揭阳市惠来县前詹镇沟疏村南门头面前湖东边地段生态园管理中心,
B2094250DA6DA3FB499D,天津东疆观海平台,117.823817405,39.014312809,天津市滨海新区大同路,
B2094252D66AA5F94592,喂海公园观海平台,122.1146328,37.5499886,孙家疃环海路葡萄滩海水浴场东,
B2094250D36DA1FD4492,观海平台,109.17007,19.673235,排浦镇中国海南海花岛1号岛,
B2094757D76EA3FF419D,丽景海湾酒店-观海平台,109.51478,18.21983,海韵路23号丽景海湾酒店1层,
B2094356D668A0F8429E,石槽老人与海观海平台,121.69951617434,38.866858126068,大连市中山区滨海东路琥珀湾东南侧,
B2094557D768A7F8489F,最南端观海平台,120.8612,21.906307,946台湾屏東縣恆春鎮,
B209425DD364A1FD4598,金狮嘴喉观海平台,116.386002,22.9252033,前詹镇沟疏村,
B2094356D46EA2FD489B,观海平台,114.3542327,22.599368,广东省深圳市龙岗区S360(深葵路),
B2094457D368ABFA429C,六星觀海平台,121.8524148,24.6026259,,
B209445DD165A6F9429D,观海平台海鲜餐馆,109.727652,18.272548,藤海西村观海平台海鲜餐馆,
B2094250D16DAAF9439E,观海平台,121.2224828,36.7002358,海滨中路海润阳光国际度假酒店西北,
B2094354D46FA0FB4799,深圳市欢乐港湾湾区之光摩天轮,113.938725,22.544625,科技中二路与高新中三道交叉口东北80米,
B2094252D669AAF94992,向日葵之家咖啡(公园店),118.088264,24.459412,福建省厦门市思明区公园西路51号2楼,
B2094250D36FA4F8429F,海丝生态公园向日葵花海,118.72644,24.924793,南北主干道海丝生态公园内,
B209425DDB6CA5F5419A,向日葵公园,114.0613657,22.537444,深南大道市民广场南广场(东南角),
B2094252D46CA0FF489D,向日葵之家咖啡杂货买手店(公园店),118.088349452,24.459547676,福建省厦门市思明区公园西路51号,
B2094253D26BABF9489B,向日葵之家咖啡&杂货买手店(公园西路店),118.0883092,24.4594631,公园西路51号,
B2094350D168A6F9429B,苏州湾体育公园-向日葵花海,120.5998914,31.1132385,太湖新城镇迎宾大道1号苏州湾体育公园(西南角),
B2094350D26DA5F54998,湖13向日葵法治文化公园,119.78884120446,31.249073571229,无锡市宜兴市X206与湖张路交叉路口往东约220米,
B209425DD168A6F4499C,梧桐亭,114.2419613,22.5675527,恩上湿地公园,
B2094253DA6BAAF9429A,天上人间草坪,114.17656,22.575075,莲塘街道仙湖路160号仙湖植物园内,
B2094253D56FA5F4499C,观桥公园-观景平台,113.9550051,22.487077,望海路附近深圳湾公园C区观桥公园内,
B2094557D56AA4FC4592,妙觉寺,114.240519,22.63969,园山街道沙荷路园山风景区内(西北角),
B2094250D065A4F5449A,妙觉寺,130.3768487,46.732552,黑龙江省佳木斯市郊区005乡道西50米,
B2094250D16EA2FD4793,妙觉寺,112.9696814,39.0727176,东关同心路,
B2094250D16EABF5449B,妙觉寺,115.2454341,22.9457843,广东省汕尾市海丰县梅陇镇妙觉寺,
B2094252D568A0F9449F,妙觉寺,109.6156458,35.2588982,陕西省渭南市白水县雷牙镇小吴最实惠,
B2094251D06BA0FB449B,羊台山森林公园-羊台叠翠,113.981277,22.652037,福龙路(羊台山森林公园),
B2094251D36AA7FC459B,欢乐港湾-滨海文化公园,113.881679,22.54547,欢乐港湾(西北角),
B2094352D269A4F44698,滨海文化公园,113.8837534,22.5444921,广东省深圳市宝安区宝兴路与海天路交叉路口往南约100米,
B2094251D369A1F44898,大顶岭山林公园玻璃栈道,113.970082,22.756879,马拉松山湖绿道,
B2094250D16EAAFF459E,孙中山庚子首义雕塑园,114.273817,22.6295126,广东省深圳市盐田区东部华侨城,
B2094257DB64A4FB449E,梧桐绿道,114.16767,22.589496,广东省深圳市罗湖区,
B2094256DB6FA0FE499C,梧桐绿道自然教育中心,114.169846,22.57753,仙湖路160号仙湖植物园仙湖驿站,
B2094257D46FABFA4892,祝寿亭,113.911271,22.4994369,南山公园内(东北角),
B2094255DB64A4F54699,西涌海滨浴场4号沙滩,114.550474,22.481843,南澳街道西冲社区,
B2094254D665AAFA439D,中国版画博物馆,114.085834,22.736353,观澜街道牛湖社区裕新路125号,
B2094653D26FA4F44392,镇国将军祠,113.913914,22.518892,前海路1066号-1190号,
B2094557D56AA5FB4692,甘坑古村,114.1038846,22.6566971,吉华街道甘坑社区甘李路18号,
B2094554D069A0F54493,玫瑰小镇,114.481485,22.58696,大鹏街道布新路12号,
B209445DD66FABF84698,玫瑰小镇主题花园餐厅,104.13486,30.58062,幸福联合四组25,
B2094751D36DA2FC4398,玫瑰小镇咖啡厅,116.7167689,39.9490464,宋庄镇小堡村北街236号(近华联超市),
B2094554D069A7FC469D,玫瑰小镇,100.2309283,26.6999632,金龙村(丽江三义机场三公里),
B2094254D669A1F9429D,玫瑰小镇商业运营中心,103.82544,30.06988,苏洵公园南门旁,
B209465CD764AAFD4592,小镇玫瑰,103.82987,36.04181,城关区金昌南路(民主西路与火车站西路中间部分),
B2094554D064ABFD4392,玫瑰小镇生态旅游观光园,120.44444,36.580803,青岛市即墨市灵山镇西姜戈庄村s209省道旁,
B2094750D66BA0FA469B,鼓浪屿玫瑰小镇,118.064842,24.44561,鼓浪屿内厝澳路16-18号,
B2094252D06BAAFC479F,绿城玫瑰园葡萄酒小镇,121.963135,39.09157,大连经济技术开发区葡萄沟村小房身屯52号,
B2094257D56DA7FC479B,极汤港温泉慢生活(玫瑰小镇店),103.82795781,30.069160044,四川省眉山市东坡区岷江大道西段(玫瑰小镇),
B2094452D265A0FB429D,桃园玫瑰小镇,118.20911,24.880066,泉州市东田镇桃园村桃园玫瑰小镇,
B2094250D06CA6FA4592,鹏翔·梦乐帝巧克力玫瑰小镇,117.10292,31.491234,005县道千人桥镇瓦屋村,
B2094250D06CA0FF4793,玫瑰小镇,116.3810438,36.2353159,玫瑰镇玫瑰高端产业园,
B2094252D16DA1FD489F,玫瑰小镇,123.176739,41.9296678,农博路1号,
B2094251D06AA6F4439B,维斯影城(玫瑰小镇1幢店),103.8262785,30.069854,岷江大道389号玫瑰园19期世纪城1栋2层,
B2094257DA6DA1FB469D,玫瑰小镇,110.3242235,34.0292519,商洛市洛南县景村镇344国道李庙村村委会西南740米,
B2094555D46EA6FC4499,赤水·玫瑰小镇(人民西路店),105.9246,29.35724,人民西路297号附近,
B2094250D36BA2F54798,清凉峰玫瑰小镇,118.997682,30.1166568,清凉峰镇新峰村,
B209445DD564A5FB4898,成都市玫瑰小镇主题酒店,104.0454,30.5472,成都武侯区世豪广场旁,
B2094550D66AA4F9449C,即墨玫瑰小镇客栈,120.45687,36.535201,青岛即墨市灵山镇西姜戈庄村,
B2094757D069A4FD449E,深圳大运村,114.215932167447,22.69468955886,深圳龙岗区龙翔大道,
B2094653D268AAF54293,中国文化名人大营救纪念馆,114.036331,22.605401,民治街道民丰路白石龙老村1号,
B2094557D768A1FF4793,欢乐海岸海洋奇梦馆,113.9886675,22.5256994,白石路东8号欢乐海岸购物中心2层西侧,
B2094354DA64A0FE4592,欢乐海岸海洋奇梦馆(欢乐海岸购物中心店),113.9886694,22.5256989,白石路东8号OPLAZA欢乐海岸购物中心,
B2094653D268A0FA429B,基督教布吉堂,114.12713,22.63519,布澜路29号西南方向120米,
B2094652DB6AAAFF449C,赤湾左炮台,113.891278,22.467375,蛇口赤湾左炮台路,
B2094257DA64AAFF4198,左炮台,113.891288,22.467218,蛇口赤湾左炮台路,
B2094554D064A3FF429B,赤湾古炮台,113.891288,22.467218,蛇口赤湾左炮台路,
B2094652DB6AAAFD479F,古炮台,113.891288,22.467218,蛇口赤湾左炮台路,
B2094652DB6AAAFD479E,天后宫庙,113.8924489,22.478121,广东省深圳市南山区招商街道赤湾六路9号,
B2094652DB6AAAFF4499,赤湾天后庙,113.8924489,22.4781252,广东省深圳市南山区招商街道赤湾六路9号,
B2094652DB6AAAFD4899,南山区天后博物馆,113.8921,22.477764,赤湾六路9号,
B2094355D769A1FE4498,天后宫,113.8921071,22.4777862,广东省深圳市南山区招商街道赤湾六路9号,
B2094252D36AA2FA4693,鹅颈水湿地公园,113.9155932,22.740021,东长路与光明大道交叉口北240米,
B2094251DA64A3F44593,求水山景区,114.145147,22.597597,南湾街道,
B2094254D66BA3FD419D,求水山景区-游乐场,114.14252000003,22.598050000025,广东省深圳市龙岗区南岭村求水山公园内,
B2094557D568A3F9499A,春江游乐求水山景区游乐场,114.149849,22.605518,南岭村求水山公园内(近求水山酒店),
B2094351D068A5FB4698,尖岗山古庙,113.916336,22.5929014,尖岗山公园山顶,
B2094252D06EA4FC409E,塘朗山公园-梅语亭,114.005325,22.567865,塘朗山郊野公园梅语亭,
B209425DDA6CA6F84899,海贝湾沙滩,114.484748,22.5410348,大鹏新区南澳街道南隆社区海滨南路33号,
B2094252D16AA0FA489C,西涌海滩旅游景区,114.540565,22.482962,鹤薮路,
B2094757D168A5F94799,华·美术馆,113.98299,22.533028,深南大道9009-1,
B2094255D56AA0FB4593,华南美术馆,113.792949,23.024638,东升路33号广东33小镇6栋艺术空间,
B2094251D06CA3FE4898,华熙国际时代美术馆,106.509072449,29.378932798,重庆市巴南区平江东路3号附12号,
B2094252DB6DA0FF4192,中国华润大厦艺术中心美术馆,113.946666,22.514904,海德一道与科苑路交汇处中国华润大厦负一楼,
B2094655D068A4F44292,华人当代美术馆,106.604115,29.675377,湖滨东路59号,
B2094257D66BA4F9429B,顺德华侨城盒子美术馆,113.2971451,22.8143053,南国东路40号顺峰山公园(东南角),
B2094256DB65A6F4439B,华侨城盒子美术馆,113.2971466,22.8143042,南国东路40号顺峰山公园(东南角),
B2094252D069A5F5409C,华茂美术馆(暂停开放),121.5469954,29.8210034,鄞县大道中段2号(鄞州区政府地铁站A口步行380米),
B2094251D16CA4F8459B,广东省华艺美术馆,113.2909834,23.0903675,红棉中大门17号楼8楼(中大地铁站C1口步行280米),
B2094655D265A5F84298,华东师大美术馆,121.40595,31.23061,上海市普陀区长风新村街道华东师大美术馆华东师范大学(中北校区),
B2094257DA6AAAFB409A,华人美术馆,121.50127,31.24978,东大名路687号1929艺术空间2层,
B2094252D16DA5FC419E,华北理工大学-美术馆,118.163977001,39.62384387,河北省唐山市路南区新华西道南200米,
B2094550D26AA4FA4192,华中美术馆陶吧,115.48283,38.8978,阳光北大街1168国宅华园,
B2094456D36AA3FD419D,仙台万華鏡美術館,140.740088,38.221387,,
B209445DD36EA1FD4698,华兹华斯博物馆和美术馆,-2.96353,54.43407,英国英国湖区华兹华斯博物馆和美术馆,
B2094256D464ABFA4492,华欣4D美术馆,99.94964,12.60688,"22141 Phetkasem Rd., Hua Hin, Prachuap Khiri Khan",
B2094251D469A7FE4193,梵华艺境美术馆,115.6728932,37.7494738,育才北大街72正南方向70米,
B2094250D16DA5FD4893,华县美术馆,109.77075,34.51214,新华大街与古郑路十字东150米,
B2094250D16EA6FF489F,东岳华阳美术馆,117.79474,35.89159,滨湖路与青龙路交汇处荣峰国际饭店,
B2094251D469AAFD4293,华艺少儿美术馆,117.4701198,35.1026084,邾国路466西北方向180米,
B2094352D665A3F9439D,鲲鹏径第四段,113.9549987,22.6368333,深圳市南山区丽康路阳台山森林公园,
B2094351D069A1FC4693,大南山日落观景台,113.9021473,22.4952465,沿山路28号,
B2094350D06EA4FB419E,主峰科考线,114.5285895,22.527852,大鹏新区南澳地质公园路1号深圳大鹏半岛国家地质公园内(西侧),
B2094355D064A5FD4992,龙岗区基督教布吉教堂,114.13583120464,22.619024896682,广东省深圳市龙岗区布吉街道东西干道5号(石芽岭公园旁边的布吉教堂),
B209425DDB65A1F5489C,陌上花公园-五亩园,113.9030578,22.6766875,麻布新村五巷与麻布新村六巷交叉口东北440米,
B2094350D46DABFE429D,桔钓沙玻璃海滩,114.5524859,22.5570614,深圳市龙岗区新东路28号,
B209425DD66DA0FB4992,深圳禾花美术馆,114.1215439,22.6767439,平湖街道华南城核心商务区恒路E时代大厦二层,
B2094252DA6DA4FB4399,二十四史书院,114.101112,22.661124,甘坑古镇北区,
B209425DD06CA0F44693,二十四史书院花兮山房藏雅舍,114.100898,22.661148,甘坑匝道与甘坑路交叉口西北180米,
B2094650D46AA2FD4898,天长地久婚纱摄影(胜利中路),119.25642,34.29789,灌云县胜利路238号,
B2094757D168A0F8459D,天長地久橋,120.60795,23.440125,602台湾嘉义县番路乡触口村,
B2094750D364A3F9459D,如皋天长地久婚纱摄影总店,120.55773905427,32.388728749772,如皋市中山路506号,
B2094451D264A5F8449B,天长地久婚纱摄影,116.155799,23.297983,广东省揭阳普宁市流沙大道西体育路口,
B2094550D364A0F8449A,天长地久薰衣草庄园,110.932193158243,34.645358162164,三门峡市灵宝市函谷关景区北,
B2094652D269A7FA4999,天长地久,122.0988,30.0151,浙江省舟山市定海区昌国街道解放西路222号华天公寓,
B2094253D36FA2F44792,天长地久文化园,118.979099,32.672106,红草湖南园,
B2094652D76BAAF5479D,天长地久,109.152797,29.682146,解放路284-3-5,
B2094252D76CA4F54892,天长地久,114.3044652,22.5871712,大梅沙盐梅路9号大梅沙海滨公园内,
B2094757D66DA6FD4598,天长地久南山白金婚礼宫殿,113.93238067,22.510370254,深圳后海大道后海办公楼(近蔚蓝海岸)  ,
B2094653D26EA7FB479E,天长地久婚纱摄影(梦幻影城店),114.11307,22.57031,罗湖区宝岗路269号东座(近麦德龙),
B209465CD068A2FA439E,天长地久曦烽社婚纱摄影(联社大厦店),102.70352,25.038444,东风西路83号(五一路地铁站A口步行260米),
B209475DD16FAAFF499D,天长地久烧烤音乐吧,87.60947,43.82061,南湖南路西2巷37,
B2094653D26AA0FF499D,深圳天长地久婚纱摄影机构,114.11125,22.57115,广东省深圳市罗湖区笋岗街道泥岗东路2031号大华国际名车城,
B2094653D369A1FA449A,天长地久婚纱摄影旗舰店,113.24722,22.8408,广东省佛山市顺德区大良街道御峰国际,
B2094757DA6AA1FF409D,深圳天长地久,114.09615728839,22.538436557288,福田区上步南路玉丰楼,
B2094757D16DABFC4398,集客天長地久人間茶館,121.52913665,25.062810897,104台灣台北市中山區民權東路二段21號,
B2094653D16EA5F94398,天长地久婚纱摄影设计,112.04305,22.93116,广东省云浮市云城区云城街道城中路64君临商务宾馆(城中路),
B2094653D26DAAFF4592,天长地久婚纱摄影福田模范店,114.0967,22.53833,深圳市福田区上步南路玉丰楼A栋11-12号(国企大厦对面),
B2094750D364A3FE469E,宜昌天长地久时尚婚纱摄影,111.288167,30.696594,解放路6号文化广场3号楼5层,
B2094252D76EA0F8469C,望海栈道,113.926323,22.483917,望海路1065附近,
B2094757D068A2FF4999,大亚湾核电站,114.54369,22.596333,深圳市龙岗区大鹏镇大坑村麻角山大亚湾畔,
B2094257D76EAAFB4199,簕杜鹃谷公园,113.855956,22.64974,洲石路(九围愉盛工业园南侧约50米),
B2094651D56AA6FF419E,杜鹃谷,121.254267,29.684503,溪口镇公园路213省道旁溪口-滕头旅游景区内(西侧),
B2094250D36AA0F9489A,金华市浙中杜鹃谷,120.54851,28.895641,浙中杜鹃谷,
B2094653DB6BABFA449E,杜鹃谷温泉山庄,100.2659,28.6898,赤土乡216省道(杜鹃山景观景台南1200米),
B2094253D268A3F5449D,稻城亚丁花间岭·杜鹃谷温泉酒店,100.2657226,28.689496,四川省甘孜藏族自治州稻城县G227杜鹃山谷观景台东南,
B2094252DB6BABFE409F,杜鹃谷,114.1960972,22.5690299,望桐路梧桐山内凤谷鸣琴景区,
B2094253D46CA3FC439B,杜鹃谷森林公园,121.2542677,29.6845078,溪口镇公园路213省道旁溪口-滕头旅游景区内(东侧),
B2094253D56DA3F84692,三清山杜鹃谷帐篷露营基地,118.071855,28.903997,三清山风景名胜区南清园景区杜鹃谷观景台东南方向10m,
B2094253DB6FA1F5469F,杜鹃谷,120.010446,30.517107,下渚湖街道上渚山路288号上渚山奇幻谷(南侧),
B209425DD665A3F5449F,四季西洋杜鹃谷,119.6991621,26.4895986,201省道,
B2094250D16CA6FF4998,杜鹃谷,114.85256,25.95292,江西省赣州市章贡区水西镇新屋子,
B2094252DB64A4FC4792,亚寄山,114.0233766,22.5953161,广东省深圳市龙华区,
B2094253D66BA0F94298,石溪河谷,114.41556,22.704166,环境园路B段,
B2094256D46AA1FA489F,深中通道东人工岛,113.8179,22.599274,广深沿江高速,
B2094257D56EA4FA4198,小南山山顶小广场,113.8834474,22.4854845,小南山公园,
B2094257D664A4FB4893,塘朗山公园-梅林后山,114.0367311,22.5787948,广东省深圳市福田区北部,
B2094257D76DA1F5429A,至美术馆,113.822665,22.765372,沙井街道松安路宝安全至科技创新园2号楼1楼,
B2094654D26EA7FD4492,至高美术馆,116.303779,39.960735,长春桥路5号新起点家园-5,
B2094557D56FA4FC4899,南岸至尚美术馆,113.244282,23.115595,黄沙大道15号珠光御景一号内,
B2094250D065A0F9459D,九至美术馆,118.13265,39.6378,光明路凤凰世嘉401-13号,
B2094252D568A2FA4099,至真堂美术馆,101.77028,36.6437,朝阳东路１０东南方向４０米,
8008644030500000024,深圳湾,113.949545,22.503013,"位于：中国,广东省,深圳市,南山区",
B2094757D168A3F8459A,深圳湾公园,113.9726034,22.5189679,滨海大道(近望海路),
B2094757D069A5F94592,红树林自然保护区,114.010491,22.525425,滨海大道华侨城路段,
B2094750D56BAAFE469C,深圳湾1号,113.942717,22.506895,粤海街道蔚蓝海岸社区中心路3008号,
B2094254D665A3FA4892,深圳湾公园日出剧场,113.952314,22.499063,望海路深圳湾公园c2区,
B2094551D465AAF5439A,深圳湾万象城,113.945809,22.515887,科苑南路2888号(后海地铁站G口步行380米),
B2094355D368A3FE4398,深圳湾春茧体育馆,113.9490731,22.517826,广东省深圳市南山区滨海大道3001号深圳湾体育中心L168号,
B2094757D06FA3FE4798,深圳湾体育中心,113.949998,22.518236,滨海大道3001号,
B2094757DA6AA0FC4293,华润深圳湾体育中心,113.949841,22.5184171,广东省深圳市南山区粤海街道海珠社区科苑南路2888号深圳湾万象城B1,
B2094251D565A2F9449C,深圳湾安达仕酒店,113.947367,22.515019,深圳湾安达仕酒店正门,
B2094254D16FAAF4419B,华润深圳湾体育中心-春茧体育馆内,113.951424,22.517672,滨海大道3001号(科苑南路与海德三道交汇处),
B2094257D665A0F9429F,深圳湾公园海风运动公园,113.94696,22.486199,望海路,
B2094757DB68AAF9469E,深圳湾木棉花酒店,113.946838,22.518949,滨海大道3001号,
B2094251D06EABFC489D,深圳湾万丽酒店,113.950612,22.531729,粤海街道高新区社区科技南路18号深圳湾科技生态园12栋B1-2层、1-4层、45-58层,
B2094653D26AA1FF439D,深圳湾游艇会,113.916251,22.4766553,广东省深圳市南山区望海路1199号,
B2094450D469A0FF479B,深圳湾1号中心,113.942334,22.50585,东滨路与科苑南路交汇处,
B2094254D36FA1F8449D,Lady M(深圳湾万象城店),113.946497,22.516206,广东省深圳市南山区科苑南路2888号深圳湾万象城1层,
B2094253D66BA5FE419C,深圳湾睿印RAIL IN,113.970078,22.524077,深湾一路与白石三路交汇处,
B2094757D06BA4F4419E,深圳湾口岸,113.948096,22.496159,深圳市南山区东滨路1号,
B2094251DA64A7FB409A,深圳湾创新科技中心,113.946874,22.52835,科苑地铁站C出口,
B2094257D26AA5FE459A,深圳湾观海栈桥,113.948354,22.485347,深圳湾公园C区运动公园内,
B2094257D76BAAFC479C,南山公园-齐天亭,113.904544,22.487903,南山街道荔湾社区别墅路8号南山公园内(南侧),
B2094257D469A4FB4292,坂田正坑水库,114.082309,22.618408,广东省深圳市龙岗区南坪快速路,
B2094257D465A3FE429E,银湖山郊野公园-鸡公山七圣宫,114.09357,22.603758,文博路,
B2094257D269A0FE439F,深圳水库,114.153497,22.573481,广东省深圳市罗湖区,
B2094653D26DA7FE4598,水库公园,114.151239,22.5625218,广东省深圳市罗湖区黄贝街道爱国路4006号,
B2094554DB6BA0FD4998,深圳水库南门烧烤场(罗沙路店),114.14751,22.55295,罗沙路5026号东湖公园南门(原东方神曲景点内),
B2094251D368A4F5459E,渔海栈道,113.9220824,22.482241,防波堤公园,
B2094757D16EA5F84693,东角头(地铁站),113.931149,22.486325,(在建)13号线二期南延;2号线(8号线),
B2094652DB6AAAF9429D,东角头亘富康信集装箱码头,113.940809,22.484235,港区二路,
B2094653D26EA2FE4392,木屋烧烤(东角头店),113.931723,22.484121,蛇口金世纪路东角头美食城,
B2094653D26AABFD4992,东角头公交站,113.9358,22.48619,广东省深圳市南山区蛇口街道蛇口新街3号港湾花园海怡居,
B2094257DB68A0FC4592,东角头,113.9375769,22.4849234,广东省深圳市南山区,
B2094653D26AABFD4993,东角头渔港公交站,113.93081,22.48334,广东省深圳市南山区蛇口街道望海路半岛城邦2期,
B209475CD064A3F44993,木屋烧烤(东角头店),113.931882,22.484238,蛇口东角头金世纪南路东角头食街,
B2094250D365ABFE419E,志雄厨房(东角头店),113.931625,22.483809,蛇口东角头金世纪路8号(正旺商业街1楼),
B2094653D26FA7FB4993,东角头社区健康服务中心,113.935262,22.494615,工业七路3-14号,
B209425DD769A1FB459A,中信城开·东角头项目部,113.940731,22.48696,港区三路6号,
B209445CD06CA1F4489A,家焙幸福(东角头店),113.92949,22.48801,蛇口新街北渔村路82号,
B2094252D46CA0F5499C,优私健身工作室(东角头店),113.935135,22.488131,渔村路蛇口东角头合欢大厦A1栋4层403房,
B2094354D76BA4FE499A,汉庭优佳酒店(深圳蛇口东角头地铁站店),113.926023,22.487474,蛇口街道蛇口荣村工业园H栋3-5层,
B2094356D569A6F4419C,茶百道(东角头店),113.92986237826,22.487331966087,后海大道东角头D出口102商铺,
B209445CD364A3FE4292,甜蜜8号(东角头店),113.93746,22.48671,蛇口东角头金色海琴苑105铺,
B2094554D469A7FF489F,包师傅(东角头店),113.92921,22.48807,蛇口街道蛇口石云小区大门口左侧2号,
B2094552D46EA0FC429A,东角头,114.420046,23.610669,惠州市博罗县,
B2094254D26AABF94193,东角头村,121.610573,28.2524849,台州市温岭市七六省道,
B2094552D765ABF8469F,头东角,114.32301,22.05769,广东省珠海市香洲区担杆镇,
B2094257D165A7FB429F,平安银行深圳东角头支行,113.93117,22.48652,蛇口新街62,
B2094257DB68ABF4499F,平安金融中心云际观光层,114.055659,22.533192,益田路5033号平安金融中心116层,
B2094354D76FA4FC489E,深圳平安金融中心FREE SKY云际观光层,114.055659,22.533192,益田路5033号平安金融中心116层,
B209425CD564A6FE4292,平安金融中心FREE SKY云际观光层礼品中心,114.0556796,22.5331745,福田街道福安社区益田路5033号平安金融中心116楼东南侧,
B2094250D268ABFD4193,笔架山公园-主峰,114.086005,22.564807,环山北路(福田区笔架山公园内),
B2094250D264A3FE4193,布吉三联水库,114.11279,22.63153,广东省深圳市龙岗区,
B2094256D464A4F94998,观澜河湿地公园,114.044875,22.682504,G15沈海高速北150米,
B2094250D36FA0F8489F,观澜河,114.044459,22.6908057,广东省深圳市龙华区,
B2094251D568A6FC4492,观澜河人工湿地-北门,114.04418,22.68427,新竹街与永顺街交叉口正南方向24米,
B2094252DB6FABF8489D,观澜河畔·小太阳农场,105.575239,30.560758,四川省遂宁市船山区河东二期城市大观,
B2094253D069A3FB4698,林城东北水饺(观澜河南新村店),114.06869,22.71164,观湖街道松元厦社区河南新村209-1号A102,
B209425CD66DA1F44793,观澜河街,123.4633187,41.8615747,皇姑区,
B2094250D06AA3FF4699,深圳中心公园-大草坪,114.0798899,22.5429282,深圳中心公园C2区,
B2094253D46DA2FA4693,深圳市坪山区中心公园-大草坪,114.349652,22.704602,坪山中心公园公园六路与公园一路交汇处,
B2094251D264A5F84898,梧桐山风景名胜区-蝴蝶谷,114.208504173,22.573294585,广东省深圳市盐田区望桐路梧桐山内,
B2094251D36EA4FD489A,深圳市梵亚艺术博物馆,114.1130839,22.6212091,布龙路18号赛格ECO中心五栋12楼1201室1209室,
B2094256D668A0FE4899,沙鱼涌文化旅游景区,114.4162587,22.6108298,沙鱼涌村游客服务中心,
B2094251D369A1FD419A,西冲海滨旅游度假区,114.53247,22.47587,广东省深圳市龙岗区大鹏半岛(近南澳街道东南端),
B2094357DB6EA7FC469F,西涌国际滨海旅游区,114.539591,22.4846451,广东省深圳市龙岗区南澳街道鹤薮小区北166米,
B2094251D06CA3FC409F,铁仔山公园-云阁碧空观景点,113.8590846,22.5953657,朱坳路(铁仔山公园),
B2094256D76FA5F84299,三洲田水库,114.278835,22.641318,广东省深圳市盐田区,
B2094757D06BA1FB4398,深圳广播电影电视集团(深南大道),114.0511323,22.5408212,鹏城一路1广电大厦F1层,
B209445DD26BAAF84892,深南大道,114.016374,22.534404,广东省深圳市南山区,
B2094257D565A7F4489C,鮨吟 Sushi Gin(深南大道店),114.02299,22.534647,深南大道创建大厦一楼,
B2094653D26FABFC419B,深南大道西餐咖啡,114.09065,22.54059,福田区深南中路兴华宾馆侧爱华电脑大厦附楼2楼,
B2094253D169A2FF4899,深南大道,114.065344,22.540882,广东省深圳市福田区,
B2094757D76DA6FD4198,上岛咖啡（深南大道店）,113.97396,22.53791,高新科技园南区科技南七路国微大厦附楼(近中信大厦),
B2094753D565ABFD4499,东方花园别墅,113.979545,22.532451,深圳市南山区深南大道9017号,
B2094757D46AA7FD489E,卖茶（深南大道店）,114.01064,22.53474,福田区紫竹七道17号求是大厦1楼(近锦绣江南),
B2094652DB64A0F94392,深圳金秀国际仓运有限公司(深南大道),114.02078,22.53432,深南大道6031号杭钢富春商务大厦2618,
B209425CD569A4FE4098,桔子酒店(深圳深南大道华强店),114.083832,22.535921,福田街道福华社区福景路5号广东边防大厦,
B2094251D569A7FF449E,南山大道与深南大道交叉口,113.925009,22.540132,广东省深圳市南山区,
B2094653D269AAF54993,TT'sCoffee深南大道店,113.94913,22.54006,深南大道2028号中国凤凰大厦3号楼101铺,
B2094757DA6AA1FB4398,中信证券深圳深南大道,114.0237716,22.5348841,广东省深圳市福田区深南大道6021号喜年中心裙楼3楼301A,
B2094652DB64AAFF499E,深圳中原物业顾问有限公司工商铺写字楼部(深南大道),114.024543,22.537328,深南大道6019号金润大厦17C,
B2094251D769A4F94492,深南大道2012号,114.05396,22.54163,广东省深圳市福田区,
B2094251DB65A4FC4293,红树林路与深南大道交叉口,114.00811,22.532953,广东省深圳市福田区,
B2094252D365A3F9499D,深南大道4011号,114.05534,22.53893,广东省深圳市福田区,
B2094351D46CA0F9439F,深圳CBD福田地铁站亚朵酒店(深南大道店),114.0457922,22.5411512,深南大道6008号特区报社印刷大楼一层局部三至四层,
B2094550DB6DA7F44492,驿居酒店(深圳深南大道华强路地铁站店),114.088135,22.540288,华强北路1002东南方向120米,
B2094253DA6CA3FC499C,腾势汽车(深圳福田深南大道腾势体验店),114.0707042,22.5393397,深南大道1003号东方新天地广场一楼L-32商铺,
B2094255D56AA2F84899,东涌旅游区,114.5834754,22.4878942,大鹏东涌沙滩,
B2094250D168A7FA459D,东涌旅游区沙滩游场-出入口,114.5837,22.487911,大鹏东涌沙滩,
B2094653D66CA0F8409E,广东东江纵队纪念馆,113.81185,22.883905,大王岭村厚大路,
B2094653D269A4F44192,东江纵队纪念馆,114.352944,22.686768,东纵路230-1号,
B2094250DA6DA0F94999,罗浮山-东江纵队纪念馆,114.065333,23.26462,长宁镇罗浮山风景名胜区内(东侧),
B2094253D664A5FE4298,广东东江纵队纪念馆游客中心,113.812363,22.883958,纪念馆路与纵队路交叉口北180米,
B2094251D66AA7FA459B,深圳观澜山水田园温泉(酷旅专营店),114.105801,22.713529,观澜君子布环观南路1号观澜山水田园,
B2094652DB6AAAFD4799,宋少帝陵,113.88674,22.480284,少帝路13号,
B2094652DB6AAAFD479E,天后宫庙,113.8924489,22.478121,广东省深圳市南山区招商街道赤湾六路9号,
B2094554D064A3F94093,庙街天后宫,114.17575,22.306568,九龙油麻地庙街,
B209475CDA6AAAFF4693,庙岛天后宫,120.683136,37.94281,烟台市长岛县庙岛显应宫内,
B2094252D06DA3FD4498,中华妈祖白屋忠顺侯王庙天后宫,109.1148025,21.4488517,天府路南100米北海市花公园内(东侧),
B2094652DB6AAAFD479E,天后宫庙,113.8924489,22.478121,广东省深圳市南山区招商街道赤湾六路9号,
B2094652DB6AAAFF4499,赤湾天后庙,113.8924489,22.4781252,广东省深圳市南山区招商街道赤湾六路9号,
B2094355D769A1FE4498,天后宫,113.8921071,22.4777862,广东省深圳市南山区招商街道赤湾六路9号,
B2094652DB6BAAF94793,深圳小梅沙度假村,114.327137674,22.600242349,广东省深圳市盐田区惠深沿海高速万科天琴湾别墅区东侧,
B2094652DB64A1FC4199,深圳国际展览中心,114.0882865340254,22.56561746988453,广东省深圳市福田区华富街道笔架山公园,
B2094652DB65A0FD489E,深圳市基督教深圳堂,114.046923,22.568185,梅林路126号,
B2094652DB68A1FA449F,深圳市宝安区基督教松岗堂,113.853915,22.778856,燕罗路31号,
B2094257D26AABFD4792,深圳市基督教侨城堂,113.94345,22.540592,科兴路10号汇景豪苑裙楼科技园文化广场一楼,
B209425CD265AAFE419E,基督教深圳堂,114.046983,22.568339,梅林路126号,
B209425CD66BA6FD449B,深圳美术馆,114.0237937,22.6249746,民治街道腾龙路30号1栋,
B2094354DA6EA1FC4292,深圳美术馆(新馆),114.0237963,22.6249793,民治街道腾龙路30号1栋,
B209425DD568A2F9489F,深圳美术馆新馆,113.970682,22.691778,德政路10号,
B209425DD26DABFC4499,深圳美术馆(办公入口),114.024573,22.625046,深圳美术馆(红山地铁站A1口步行360米),
B2094653D26DA7FE459B,深圳美术馆,114.147264,22.571062,东湖二街32号,
B2094653D268A7FA4193,东部华侨城茶溪谷,114.278168,22.631507,大梅沙东部华侨城景区内,
B2094757D064A0FB489F,茶溪谷,114.278168,22.631507,大梅沙东部华侨城景区内,
B2094757D168AAF5419A,茶溪谷湿地公园,114.2777637,22.6340854,广东省深圳市盐田区盐田街道东部华侨城内,
B2094757DB64A6FB4493,森林小火车（东部华侨城店）,114.2776796,22.631681,深圳市盐田区大梅沙东部华侨城内,
B2094653D26AAAF4489C,南岭村,114.151050405,22.612082809,广东省深圳市龙岗区布吉镇布沙路旁,
B2094655D26EA2FE4092,南岭园,121.409119,31.235096,曹杨五村25-80号,
B209455CDB6BA6FB4693,南岭头村,112.9988416,36.0411693,长治市上党区,
B2094552D368A4FB4692,南岭村,123.5578068,42.4456243,铁岭市调兵山市,
B2094651D165A7FB449E,南岭村,116.975972,32.61416,泉山路43号,
B2094653D26AAAF4489D,南岭村委公交站,114.15176,22.61175,广东省深圳市龙岗区南湾街道南岭东路人人购物广场(南岭店),
B2094557D56AAAF54592,南岭村社区文化广场,114.150028,22.610708,南岭南路35号,
B2094653D26EA2F44192,万家乐百货,114.150995,22.61121,南湾街道南岭社区南岭北路7号,
B209455CD16FA0FC419F,南岭村,123.534028,41.6888839,沈阳市浑南区,
B209445CD06CABF4449A,麦当劳(南岭村店),114.15075,22.6118,布吉南湾南岭村南岭东路28号人人购物广场首层,
B2094552DB6BABFB4993,南岭村,113.2966897,23.271321,广州市白云区,
B2094250DA6DABFC489D,Helens海伦司(南岭村店),114.151054,22.612701,三角街南岭村统建楼C栋一楼,
B2094552D56CA7F44093,南岭村,109.9537688,20.2554556,广东省湛江市徐闻县角尾乡,
B2094553D16BA5FF4598,南岭村,114.0500087,35.5843144,新乡市卫辉市二二六省道,
B2094553D16BABFE4392,南岭,114.05,35.5843179,新乡市卫辉市二二六省道,
B2094652DB6BABFA419B,南岭村第一幼儿园,114.147166,22.609919,健民路20号,
B209455CDA6BA3F5499C,南岭村,118.4263822,37.6366152,东营市利津县,
B209455DD265A2FF4398,南岭村,112.69254,35.37603,山西省晋城市泽州县南岭乡,
B2094552D36DAAF5419C,南岭村,115.9674086,39.9376681,北京市门头沟区零零四县道,
B2094552D465A1FD4293,南岭村,110.7002972,21.5328989,茂名市化州市,
B2094255D56FA7FD4899,小梅沙沙滩,114.3284571,22.6009529,小梅沙度假村(小梅沙地铁站C口步行410米),
B2094651D664ABFF4299,黄山白云宾馆,118.1679326,30.1302972,天海景区,
B2094757D06FA1F9439E,黄山风景区-光明顶,118.169186,30.132266,汤口镇黄山风景区内,
B2094757D66DA5F54493,黄山光明顶,120.16123,30.263449,浙江省杭州市下城区武林街道凤起路493号武林街道长寿社区东区,
B2094354DA68A3FC4692,光明顶,118.1691882,30.1322652,汤口镇黄山风景区内,
B2094757D66DAAFC4393,光明顶,113.9449741,22.7808832,光侨路3453号,
B209445DD46FA4FB409E,甘孜牛背山光明顶客栈,102.3760443,29.773776,四川省雅安市荥经县甘孜泸定县牛背山最顶峰观景台,
B2094757D66CA2F5459E,光明顶,116.36126064,39.958209583,北京市海淀区北太平庄街道学院南路北京邮电大学,
B2094354DB6AA3F5459F,科学顶(光明顶),113.9449768,22.7808862,广东省深圳市光明区新湖街道光明科学公园北翼西89米,
B2094453D069A5F5419A,光明顶烤鱼音乐吧(上河路店),105.58737,29.40727,上河路上河城桥头鱼庄旁,
B2094252DA6CA1F44298,光明顶,117.9464319,24.8489224,莲花镇福安居民宿东南侧160米,
B2094256D46AA6FD4293,东山岛光明顶初海民宿,117.53374,23.736572,铜陵镇顶街145-1号,
B2094253D669A5FD409B,普洱光明顶文旅文创庄园,100.995569,22.76174,旅游环线与茶苑路交叉口西40米,
B2094251D065A0FC4092,东山岛光明顶外星人集散中心,117.533775,23.73654,铜陵镇顶街145-1号,
B2094457D369A7FB419D,光明頂,120.9877923,24.7899512,,
B2094251D664A4FA4499,光明顶沉浸式剧场(上海总店),121.5198,31.074839,恒南路688弄27号,
B2094253D66BA1FE449F,光明顶顺德菜,113.278937,22.775565,容桂街道奇光路39号,
B209425CD56CA3FA419B,友谊饭店(光明顶路),117.2002196,31.7745466,丹霞路翰林雅居A区4号-110号,
B2094354D46AA0F9429D,武当山光明顶,111.0644587,32.4829641,023乡道,
B209425CD66AA4F44999,遇见·光明顶,107.5895813,23.3585231,小橙能源LNG/CNG平果加气站东北侧210米,
B209445CD46CA1FC429E,万魔教 ·光明顶,113.994342,22.591736,深圳市南山区西丽学苑大道1133号14F,
B2094757DB64A6FB4493,森林小火车（东部华侨城店）,114.2776796,22.631681,深圳市盐田区大梅沙东部华侨城内,
B2094652D66FA3F84998,大鹏山公园,115.374235,22.790659,香洲街道东兴社区文德路140号,
B209445DD56CA3FA4193,深圳大鹏山海亭度假屋,114.4163998,22.6101923,葵涌街道沙鱼涌70号,
B2094652DB6BAAF54098,大鹏山庄,114.478317,22.601484,鹏飞路1号,
B2094452D265A6FE4993,大鹏山,114.53113,22.528547,深圳市大鹏新区南澳地质公园路1号大鹏半岛地质公园内,
B2094254D26BA0F9409F,大鹏山,121.83541,30.07522,浙江省舟山市定海区金塘镇,
B2094251DA64ABF9409A,大鹏山,118.3074799,25.360872,福建省泉州市永春县,
B209455CDB6BA2FB4898,大鹏山,111.571312,26.6741918,永州市冷水滩区零零九县道,
B2094255D765A3F9489A,大鹏山庄,116.16814,23.25386,广东省揭阳市普宁市大南山街道,
B2094452D465A1FB439C,观澜湖生态运动公社,114.079301,22.718649,高尔夫大道1号观澜湖生态体育公园内,
B209425CD76EA1FD4798,观澜湖生态运动公社-国际网球场B区,114.0796972,22.7172788,观澜高尔夫大道1号观澜湖生态运动公社内(南侧),
B2094252DA6AA4F44099,漂卡E族卡丁车俱乐部(观澜湖生态运动公社店),114.07903,22.716509,观澜湖生态运动公社内,
B209425CD664A3FC4399,观澜湖生态运动公社-游乐场,114.0794821,22.7189317,观澜高尔夫大道1号观澜湖生态运动公社内,
B2094656D364A5F44198,正定隆兴寺,114.582541,38.144129,中山东路109号,
B2094251D564A6F8479A,龙兴寺,118.44099,36.646594,069县道,
B2094452D264ABFD449D,龙兴寺,121.117846,28.839013,赤诚路3-3号,
B2094655D56FA6F94298,龙兴禅院,103.942479,30.990797,四川省成都市彭州市天彭街道彭州市龙兴园丁苑龙兴禅院,
B2094354DA6EA1F44692,龙兴寺,103.9425023,30.9908068,龙兴北街1号,
B2094557D768A5F44792,龙兴寺,114.262289,22.736065,格水路92号,
B2094656D76AA5F9479C,龙兴寺,111.225735,35.617847,龙兴路2号,
B209425DDA6EAAF8409E,彭州市龙兴寺历史文化特色街区,103.939484,30.992433,龙兴寺中街与延秀街交叉口东80米,
B2094655D069A1FE4492,龙兴寺,106.7950425,29.6982717,藏龙街1号,
B2094557D568A2F9499F,龙兴寺经幢,120.163296,30.2643779,杭州市拱墅区凤起路450号,
B2094653D56CA1FC4999,龙兴寺,116.33942,26.59814,江西省抚州市广昌县驿前镇908乡道,
B209455DD16BA1F94392,龙兴寺,112.9806736,27.7890776,湖南省湘潭市湘潭县贵竹北路东500米,
B2094250D064A4FA419B,龙兴寺,117.801238,31.4934378,安徽省合肥市巢湖市散兵镇,
B2094655DB68A7F8499C,邛崃市临邛镇龙兴寺社区,103.45527,30.41665,善新巷167号,
B2094651D16CA4FB459D,龙兴寺,117.56899,32.87668,北凤凰山日精峰下,
B2094254DA6CA1FF489F,彭州怡家丽景酒店,103.947308,30.9921862,花园路162号（近沃尔玛）,
B2094253D16CA6FF419A,龙兴寺,103.0226561,29.9783681,南坝西街82号,
B209455DD368ABFA4599,龙兴寺,104.72608,30.55953,四川省成都市金堂县云合镇,
B2094553D76AAAF8469B,龙兴寺,112.8438753,33.9925796,平顶山市宝丰县,
B209455DD36EA4FF4793,龙兴寺,103.67657,30.72404,四川省成都市崇州市观胜镇昭忠祠街,
B2094557D56AA0FB409E,深圳电视塔,114.1937241,22.5681521,广东省深圳市罗湖区莲塘罗沙路2076号,
B2094557D56AA0F44398,祥山艺术馆,114.1012889,22.6031674,布吉街道西环路88号文博宫,
B2094551D46AA2FE419F,深圳·红立方,114.24852,22.717157,龙翔大道8028号,
B2094251D36BA3FE499C,深圳红立方公共艺术与城市规划馆,114.248617,22.717159,龙翔大道8028号,
B2094355DB6BA2FD419F,深圳红立方-科技馆,114.2476297,22.7180275,广东省深圳市龙岗区龙翔大道8028号,
B209455DDB64A2FB4493,星高度云里梦想乐园,114.069076,22.631201,坂田街道发达路云里智能园13栋1层01A室,
B209425CD26CA4F9459C,星高度云里梦想乐园-入口,114.06957,22.630566,发达路与坂雪岗大道交叉口西北方向20米,
B2094254D464A6FE449F,深圳市坪山区美术馆,114.346596,22.706864,坪山街道六和社区汇德路4号,
B2094251D06DABFB4499,广州府新安县衙,113.9204786,22.5438033,中山东街96号,
B209475CD168A4FB4592,梧桐山,114.216375,22.570368,莲塘街道罗沙路2076号,
B2094252DB6BABFE4093,广东梧桐山风景名胜区,114.214689,22.577706,莲塘街道罗沙路2076号,
B2094355D36FA1F94698,梧桐山风景名胜区-秀桐道,114.236481,22.5821336,广东省深圳市盐田区莲塘街道罗沙路2076号广东梧桐山风景名胜区内(东侧),
B2094557D768A1FF4592,富力红树湾红树林湿地保护公园,109.999369,19.897083,西线高速573公里三林立交口处,
B2094251D76DA5FD499A,红树湾公园,113.926395899,22.488786799,广东省深圳市南山区福田红树湾公园,
B2094252D26FA2F94393,海南红树湾湿地公园-南门,109.99712,19.8925,海南省澄迈县红树湾湿地公园,
B2094250D16DA7FA459F,红树湾公园,108.6075175,21.8553864,广西壮族自治区钦州市钦南区北部湾南大道,
B2094356D664A7FF4799,蜜塘suger钓虾营地,114.0334502017,22.541273620844,深南大道6038-6068号,
B2094256D168A7FC4799,塘朗山公园-极目阁(暂停开放),113.9861668,22.5733253,塘朗山郊野公园山顶,
B2094354D56EA6F94999,塘朗山公园-极目阁,113.9861146,22.5733571,塘朗山郊野公园山顶,
B2094354DA69A0FA489A,梧桐山风景名胜区-恩上水库,114.234067,22.5690759,深圳市盐田区恩上公路梧桐山风景名胜区,
B2094354DA64A5F9479B,梅拉尼亚小镇-布拉格广场,113.9741024,22.535562,广东省深圳市南山区深南大道9037号地铁世界之窗站H、I出口步行10米梅拉尼亚小镇内,
B2094354DB6CA4F54593,大湾区一号(港珠澳大桥航线),113.9134117,22.4686131,广东省深圳市南山区海运路蛇口邮轮中心,
B2094355D269A5FD4792,西丽湖公园,113.9550025,22.6109719,广东省深圳市南山区西丽街道丽湖社区西丽湖路4001号,
B2094257D769A2F54492,马峦山郊野公园梅亭,114.320587,22.629127,坪山新区马峦山梅亭,
B2094355D369A2FE409C,马峦山梅亭,114.3205971,22.629123,广东省深圳市坪山区坪山新区,
B2094355D069A7F5489E,东涌沙滩-东西冲徒步,114.5841338,22.4891257,广东省深圳市龙岗区大鹏新区南澳街道Y249(东涌路),
B2094355DB6CA6F54199,周杰伦涂鸦墙,114.13658637708,22.611175626951,深圳市龙岗区大芬油画街大芬油画村,
B2094252D565AAF84892,大梅沙海滨公园大梅沙海滩,114.308688,22.592543,大梅沙海滨公园,
B2094356D16CA4F84299,大梅沙海滩,114.30862866075,22.592528034316,广东省深圳市盐田区梅沙街道盐梅路105号,
B2094253DA69A3FE409F,大梅沙海滩水乐园,114.311617,22.595082,梅沙街道梅沙社区盐梅路33号,
B2094357DA6FA0F9489C,大沙河生态长廊绿道-赛艇看台,113.9549129,22.525699,沙河西路辅路与高新南十一道交叉口东北160米,
B2094252D66AA6FE4099,深圳梅林山郊野径,114.043443,22.575973,龙尾路(梅林公园-东北侧约210米),
B2094253D06CA1FF439D,中部郊野径梅林山段梅坳(入口),114.0569,22.571676,广康路与中康路交叉口西220米,
B2094357DA68A7F84998,梅林山郊野径,114.023204,22.6003772,深圳市龙华区鸿荣源·熙园山院西南侧约220米,
B2094357DA6BABFF4993,秋叶湖,114.0714067,22.6638064,深圳市龙岗区坂李大道云谷星寓东北侧约240米,
B2094350D56AA0FD439E,七娘山起点大榕树,114.5209675,22.5281812,广东省深圳市龙岗区地质公园路31号,
B2094252DB6FA2FC459A,前海石公园,113.890151,22.52691,南头街道前湾一路西150米,
B2094254D56BA2FA449B,前海石广场,113.890178,22.526982,南头街道前湾一路西150米,
B2094255DB6BA4FB4493,海堤公园,113.890178,22.526982,南头街道前湾一路西150米,
B2094355DB65A3FA4693,前海石公园桂湾段,113.8921526,22.5335679,广东省深圳市南山区桂湾四路,
B2094252DA65A6F84092,前海石公园-东1门,113.89136,22.527374,金岸中街与石竹巷交叉口正北方向32米,
B2094350DB6FA1F44999,前海石,113.8967799,22.5338068,广东省深圳市南山区前湾一路西150米,
B209445CD764A5FC499A,深圳前海钥石财富管理有限公司,113.934113,22.517651,广东省深圳市南山区后海路和海德三道交汇处,
B2094351DB6BA7F9419C,麦麦博物馆,114.0402586,22.5645593,广东省深圳市福田区梅丽路9号APARK,
B2094352D569AAFE4392,文伟旗绘本美术馆,113.884214,22.547202,广东省深圳市宝安区新安街道海天路,
B2094251D56EA6FB489E,阳台山森林公园-揽胜台,113.9865891,22.657966,大浪阳台山森林公园内(东侧),
B2094354D76AA5F54092,COOBBY+·数字艺术共创空间,113.9430819,22.5759963,留光路111号万科设计公社C区c117,
B2094357D065A6FF489D,深圳市国际会展中心,113.7742536,22.6979516,广东省深圳市宝安区福海街道和平社区展城路1号,
B2094252D469A0FC4092,集寿亭,113.9090312,22.4981014,别墅路8号南山公园内(东北角),
B2094252D26DA3FA459B,小阳台山顶,113.981357,22.6517753,福龙路(阳台山森林公园),
B2094354DA6EA1FC4292,深圳美术馆(新馆),114.0237963,22.6249793,民治街道腾龙路30号1栋,
B209425DD568A2F9489F,深圳美术馆新馆,113.970682,22.691778,德政路10号,
B2094252D26EAAFE4699,阿婆髻水库,113.8857514,22.692906,广东省深圳市光明区,
B2094252D269A3FB469F,龙岗河,114.24754,22.706347,广东省深圳市龙岗区,
B2094653D269A4FE499D,龙岗河桥,114.2617646,22.729092,广东省深圳市龙岗区,
B2094351D568A5FF4098,龙岗河运动公园,114.2477091,22.709961,广东省深圳市龙岗区龙岗街道G205(龙岗大道),
B2094253D165A6FF469A,后海中心河公园,113.942856,22.486747,后海滨路1122号,
B2094252D265ABF94998,后海中心河,113.94136,22.505734,广东省深圳市南山区,
B2094252D36EA2FD409F,清林径水库,114.2270618,22.778938,广东省深圳市龙岗区,
B2094252D364A6FA4898,凤凰山-慈云阁,113.8582861,22.70181,洪田路140号,
B2094252D665A1FF469E,坝光野海滩,114.54042,22.64806,Y243与埔坪路交叉口附近,
B2094252D768A4F4409E,火山-观音寺,113.8582874,22.7018878,凤凰山,
B2094250D16FA2F9409C,清水洞观音寺,120.1003349,31.5884519,无锡市惠山区阳山镇安阳山村山下组,
B2094750D564A4F84893,和发紫薇园,109.9646863,40.5934573,黄河大街与文明路交汇处路南,
B2094752D56CAAFE459C,奥体新城紫薇园,118.723516,32.0150126,梦都大街158号(梦都大街地铁站1号口步行120米),
B2094656D16DA7F4439B,光明紫薇园,118.69658,39.735383,建华南路56号,
B2094454D16AAAFA4299,中华紫薇园,112.1045939,31.9537166,尹集乡紫薇园路,
B2094752D56CABFB459D,双龙紫薇园,111.5077793,27.2356042,邵阳市双清区新华南路紫薇公园西南侧约80米,
B2094651D26AA5F9439D,紫薇园,116.32811,37.46013,育英大街169,
B2094751D26FA7FA439E,紫薇园,117.094612,36.133041,山东省泰安市岱岳区北集坡街道东环路山东第一医科大学泰安校区,
B2094656D16EA2F94798,光明紫薇园会馆,118.69508,39.73697,河北省唐山市滦州市滦河街道团结路96紫薇园(建华大街),
B2094655D268A0FE449E,协合紫薇园,121.429832,31.144637,老沪闵路680弄之1-18号,
B2094753DA6EA4FB419D,嘉宏紫薇园,121.4784288,31.2657299,同心路28弄1-12号,
B2094655D26FA6F9409C,紫薇园,121.40984,31.151896,桂平路123弄之1-24号,
B2094652D36DA3FD429C,南台新苑紫薇园,119.2917126,26.031414,鹭岭路63号,
B2094652D46AA6F8479E,阳光紫薇园,113.0834,28.242619,星沙街道凉塘路18号,
B2094656D465A5FD419A,香滨桂府(紫薇园南),113.7131286,34.7511076,河南省郑州市金水区凤台路2号,
B2094252D36DABF8419C,刘阿伯螺蛳粉(紫薇园店),109.41305,24.33924,跃进路东3巷5号紫薇园2栋1-3号,
B2094550D36AA5FB449D,紫薇园,117.487976379093,34.160150690124,徐州市吕梁风景区紫薇园,
B2094650D36AA1F8479C,紫薇园,107.427197,40.757239,光辉南路,
B2094650D564A2F8489E,紫薇园公交站,119.79217,31.70046,江苏省常州市武进区嘉泽镇延政西大道,
B2094752D66DA3FF409F,东方美庐.紫薇园,113.822826,36.077115,林州市东方美庐大酒店北,
B2094254DA64ABFC429E,保利花园·紫薇园,114.5398331,38.0747331,长安建华北大街与北二环交口西南角永泰生活附近,
B2094252D565A3FC4393,封神山,114.327148,22.6529942,广东省深圳市坪山区,
B2094252DB69A0FD409B,盐灶古村,114.5154162,22.6469513,葵涌街道坝核公路与243乡道交叉口西北50米,
B2094253D364A3FF439A,犁壁山,114.3951777,22.6291938,广东省深圳市龙岗区,
B209455CD26CAAFE439B,犁壁山,115.200272,29.0607643,宜春市靖安县,
B2094552D66FA5FB4198,犁壁山,116.3905281,26.3827761,赣州市石城县,
B2094552D66FA4FD449D,犁壁山,119.015236,25.8661475,福州市永泰县,
B2094552D66FABFC449B,犁壁山,119.5110367,27.072663,宁德市福安市,
B2094552D668A6FE4999,犁壁山,118.13531,27.64882,福建省南平市武夷山市上梅乡,
B2094552D564A3FF489D,犁壁上山,112.4936471,24.2949253,清远市阳山县,
B2094552D564A3FF4892,犁壁山,112.493645,24.2949232,清远市阳山县,
B2094553DB64A2FC4999,犁壁山,114.3457198,26.435799,吉安市遂川县,
B2094553DB65A3FE499C,犁壁山,114.5153243,28.2829515,宜春市万载县,
B209455CD26DA3FF419D,犁壁山,117.7887963,28.9676445,上饶市德兴市,
B209455CD268A0F5489F,犁壁山,116.164971,26.555349,赣州市宁都县,
B209455CD26AA6FD4898,犁壁山下,115.0567241,25.1026863,赣州市信丰县,
B2094652DB68A5F9499F,凤岩古庙,113.853848,22.676102,福永街道凤凰村凤凰山森林公园内(东北角),
B2094253D069A2F4439E,凤凰山-凤岩古庙,113.853848,22.676102,福永街道凤凰村凤凰山森林公园内(东北角),
B2094253D16EA7FA459A,粤海城·金啤坊,114.135383,22.577171,东昌路9号,
B2094253D664A3FB449F,nicemini网红打卡·光影艺术馆,114.0585139,22.7474538,观澜街道桂花路与企坪西巷交叉口南140米鸿鹄时代产业园4楼401,
B209425CD565ABF8489A,仙湖植物园-苦苣苔园,114.1812043,22.5804252,仙湖路160号,
B209425DD26BA5FB499B,金龟背天鹅,114.545214,22.5219867,大鹏新区南澳地质公园路1号深圳大鹏半岛国家地质公园内(西侧),
B2094753DA69AAFF459D,企鹅岛,145.26809,-38.46851,"位于东南128,公里处",
B2094554D06BAAF44592,企鹅岛,115.69171,-32.30493,"Penguin Island, Shoalwater",
B209445CD46EAAFE419F,企鹅岛,-70.572266,-52.923584,智利蓬塔阿雷纳斯企鹅岛,
B209425DD06DAAFB4093,企鹅岛,113.8666652,22.536631,纬四路与经一路交叉口北300米,
B2094757D469A6FD489D,企鹅岛,117.217471,39.18582,爱贤道敬贤里底商261号(近职业大学),
B2094350D468A3FA4992,腾讯总部园区,113.8666666,22.5366382,纬四路与经一路交叉口北300米,
B2094252D164AAFC459D,南极企鹅岛,121.572182,38.87919,星雨街与连山街交叉口东南100米,
B2094255D36FA0FA4192,企鹅岛,108.5096,41.57699,酒厂十字街东西北方向60米,
B209425DD169A4FA419B,深圳国际园林花卉博览园-滙芳园,114.0081527,22.540222,侨城东路深南大道8002号深圳国际园林花卉博览园内(东北角),
B2094356D069A7F9429A,汇芳园,114.0081551,22.5401881,深圳市福田区侨城东路深南大道8002号深圳国际园林花卉博览园内,
B2094251DB6CA0FC4499,南澳柚柑湾沙滩,114.489774,22.48022,鹅公村柚柑湾,
B2094251DA6EA6FC409D,深圳仙湖植物园-揽胜亭,114.1737281,22.5810765,莲塘仙湖路160号仙湖植物园内,
B2094251DA68A5FF479D,深圳弘福寺,114.004545,22.5393731,园博东街118号,
B2094251DA69A7FA409B,华强北博物馆,114.087124,22.544182,华强北路1058号广博现代之窗大厦5层,
B2094251DA6BA5F94498,深圳国家现代农业科技展示中心,113.96839,22.763193,光明街道迳口新村,
B2094652D56BA7F8419C,狮子山公园,111.336954,27.732924,上渡街道上梅东路1号,
B2094651D669A3F9479C,狮子山公园公交站,117.0189,30.51127,大观区大王庙街146号(近皖河口路),
B2094252DB69A1FA439E,狮子山公园,121.463668,29.958881,慈城镇慈水东街(官山河地铁站B口步行470米),
B2094757D16EA2FA459A,狮子山公园,118.7782294,31.7700414,狮山路,
B2094255D56EA3F44193,长沙狮子山公园,113.033578,28.091002,万家丽南路(毛竹塘地铁站3号口步行410米),
B209465CDB68A0FD469C,獅子山郊野公園,114.18918,22.3417,香港九龙北部,
B2094653D664A0F5449E,狮子山公园,108.260962,23.148751,宁武路,
B2094251DB69AAF44093,狮子山公园,113.849976,22.617244,机场南路与机场南路出口交叉口,
B2094753D065AAFA4692,狮子山公园,100.2304639,26.8699118,丽江市古城区黄山段19号,
B2094250D36AAAFB4793,狮子山公园,117.021245,30.513869,大王庙街146号,
B2094252D168A2F94998,万州区狮子山公园,108.3760541,30.8372162,杜家花园路146号,
B209425CDA6CA4F8469A,狮子山公园,114.1888183,22.3423016,九龙黄大仙竹园道,
B2094252D168A7FA4792,狮子山公园,111.928721,25.613365,323省道和059县道交汇口,
B2094252D56CAAFC4998,玉林市狮子山公园,110.2180746,22.6569647,人民东路东651附近,
B209425CD76DAAFF489A,狮子山公园,113.2039173,29.5423158,育红路与中心二街交叉口西160米,
B2094252DB6AA1FF4399,徐庄软件园狮子山公园,118.88749,32.09238,江苏省南京市玄武区环园东路南京徐庄高新技术产业园,
B209425CD164A1FC499E,狮子山公园足球场,113.8495526,22.6171554,机场南路辅路,
B2094253D068A0F94999,狮子山公园,104.65767,29.526234,严陵镇外西街181号,
B2094253D06BA0FE499D,赛斯乐法餐厅(狮子山公园店),113.03321,28.092155,万家丽南路122号,
B209425CD768A2FF4899,狮子山公园(公交站),119.3367333,27.1069958,周宁社区巴士2号线路,
B2094251DB6CA6FC4098,碧桐道,114.2334084,22.5561412,莲塘街道罗沙路2076号广东梧桐山风景名胜区,
B2094251DB6FA2F54992,文天祥廉政教育馆,113.8365478,22.6913311,文天祥纪念馆西门旁,
B2094251DB69ABFE439C,小南山公园-南山妈祖庙,113.884746,22.49022,小南山公园内(北侧),
B2094251DB64A3FA439E,石岩水库,113.9048966,22.7059834,水库路与星湖路交叉口南40米,
B209425DD168A5F44598,打磨石岩水库,112.4056917,33.183848,,
B2094251D565A2FC499B,湾区新技术新产品展示中心,113.85354,22.575432,碧海君庭1号,
B2094251DA6DAAF8419F,广东内伶仃福田国家级自然保护区,114.006124,22.528541,白石路与红树林路交叉口西南300米,
B2094251D569A6F9469E,广东内伶仃福田国家级自然保护区管理局,114.00756,22.528881,红树林路1号广东内伶仃福田国家级自然保护区内,
B2094651DB69A6FF499D,郑氏宗祠(水溪头路),120.6403,27.90665,浙江省温州市瓯海区丽岙街道郑氏宗祠,
B2094557D569A5F94398,郑氏宗祠,113.386467,23.106949,广东省广州市海珠区琶洲街道珠江,
B2094251D06CAAFF449D,郑氏宗祠,113.9524185,22.5415146,大冲一路9号(高新园地铁站B口步行110米),
B2094652D36BA2FE4293,郑氏宗祠(满春幼儿园西南),119.633839,27.098347,富春路8号,
B2094652D36BA7FF459B,郑氏宗祠,119.648964,26.886457,福建省宁德市福安市甘棠镇302省道,
B2094253D26CA5F5449B,郑氏宗祠(桂庙路),113.917345,22.523796,广东省深圳市南山区向南西街66号,
B2094653D069A4F8439A,郑氏宗祠,113.314002,22.510267,书带坊街与剑龙新村第三巷交叉口东北80米,
B209475CDA6BA2FF419B,郑氏宗祠,120.2386167,29.6998087,暨阳街道苎罗东路2号西施故里内(西北角),
B2094652D36CA7F4419C,北山郑氏宗祠,119.404268,25.985106,安前街140号天仙府附近,
B2094652D36DA6FA4593,岱阳郑氏宗祠,119.48889,25.93224,福建省福州市长乐区首占镇岱阳郑氏宗祠,
B2094252D568ABFE4093,上饶县郑氏宗祠,117.939602,28.417279,茶亭镇志敏西大道３８号西北方向１８０米,
B2094252D569A1FA479A,沙一路郑氏宗祠,120.542599,27.807824,浙江省温州市瑞安市陶山镇泥涂文化礼堂,
B2094251D56AA0F84892,深圳市书法院,114.0981915,22.5470177,同德路2-1号(通新岭地铁站F口步行360米),
B2094251D56FA3F84399,深圳仙湖植物园-罗汉松园,114.18065,22.580479,莲塘仙湖路160号仙湖植物园内,
B2094251D56DA7F84798,深圳原创设计时装周,114.058914,22.53182,深圳会展中心5号展馆,
B2094251D46FA6FD449B,笔架山公园-笔俊峰,114.083527,22.5631832,梅岗路与梅岗南街交叉口北360米,
B2094251D769A0FF449B,大田世居,114.288984,22.714075,打石岭路与源盛新二巷交叉口西南220米,
B2094251D769A2F54892,宝安区城市规划展览馆,113.8826461,22.549212,宝兴路1号(宝华地铁站D口步行240米),
B2094251D665A4FF479D,禾塘湿地公园,114.41901,22.6403,金岭路,
B2094352D76CABFD479F,新大河禾塘湿地公园,114.5218521,22.5391582,广东省深圳市大鹏新区南澳新东路,
B209425CD66AAAFD469F,风铃溪谷·金铎岭,120.302286,31.152905,金庭镇太湖西山风景区东河社区金铎村金铎岭,
B2094251D665A5F4429D,风铃溪谷,114.15101,22.58773,淘金山绿道,
B2094757D065A4FB449D,蛇口 赤湾码头,113.888877869,22.4759902954,深圳南山区 蛇口 赤湾码头,
B2094652DB6AAAFF449C,赤湾左炮台,113.891278,22.467375,蛇口赤湾左炮台路,
B2094652DB6AAAFD479E,天后宫庙,113.8924489,22.478121,广东省深圳市南山区招商街道赤湾六路9号,
B2094251D16DA5FF459F,深圳赤湾特斯拉交付中心,113.89073,22.47769,招商街道赤湾社区赤湾四路三号A5库(赤湾一)07,
B2094757D16DABF44498,赤湾(地铁站),113.8975315,22.4792796,赤湾六路5东北方向190米,
B2094652DB6AAAFF4592,赤湾村,113.8874074,22.479012,赤湾四路,
B2094653D26AA5FD4998,赤湾工业园,113.89335,22.48381,蛇口赤湾少帝一路赤湾工业园C栋3楼正西方向30米,
B2094652DB6AAAFF4499,赤湾天后庙,113.8924489,22.4781252,广东省深圳市南山区招商街道赤湾六路9号,
B2094652DB6AAAFD489B,赤湾西餐厅,113.89032,22.47988,赤湾六路10,
B2094652DB6AAAFD4899,南山区天后博物馆,113.8921,22.477764,赤湾六路9号,
B2094257DA64AAFF4198,左炮台,113.891288,22.467218,蛇口赤湾左炮台路,
B2094256DB6FA7F5409E,赤湾总部大厦,113.8956847,22.4785612,赤湾六路8号(赤湾地铁站B口步行440米),
B2094653D26DA4F4419F,赤湾石油大厦,113.891223,22.478738,赤湾五路6号,
B2094554D064A3FF429B,赤湾古炮台,113.891288,22.467218,蛇口赤湾左炮台路,
B2094653D26BA2FB4693,赤湾公交站,113.89525,22.48162,广东省深圳市南山区招商街道少帝路3号赤湾学校,
B2094652DB6AAAFD4898,赤湾港,113.887275,22.476221,东山市场北,
B2094652DB6AAAFE439F,赤湾集装箱码头有限公司(右炮台路),113.882758,22.464364,广东省深圳市南山区招商街道右炮台路7号,
B2094652DB69A2FB4498,赤湾集装箱码头有限公司CCT前海1号堆场,113.87268,22.50055,广东省深圳市南山区南山街道妈湾大道96中国海油松湖加油站(妈湾大道),
B2094757D56EA4F44193,赤湾站(地铁2号线),113.903078,22.478838,中国广东省深圳市-南山区兴海大道,
B2094251D16CA0F5499A,赤湾,113.88683,22.47419,广东省深圳市南山区,
B2094251D06DAAFD449D,环立新湖绿道,113.8277716,22.6923071,桥头社区稔山二路8号立新湖公园(东北角),
B2094251D36BA3FE499C,深圳红立方公共艺术与城市规划馆,114.248617,22.717159,龙翔大道8028号,
B2094652DB6DA7FE439F,天后宫,117.022324,23.422166,隆澳路天后宫,
B2094550D068A7FA4399,天后宫,117.74377,34.557575,台儿庄古城内,
B2094554D06BA3FD449B,秉正堂石花膏(天后宫总店),118.5881716,24.8947741,天后路3号,
B2094654D468A1FF479F,南沙天后宫,113.619064,22.757265,天后路88号,
B2094757D069ABF84892,勅建天后宫,117.192677,39.143278,古文化街80号,
B2094757D664A1F4449C,王胖子酸菜坛肉馆（天后宫路店）,123.4512384,41.810486,大东区天后宫路147号,
B2094554D06AA7FD429B,天后宫,120.739059218228,37.921450204946,山东省蓬莱市西北部,
B2094757D064A7FF499D,天后宫,120.327255,36.0617,太平路19号(人民会堂地铁站A口步行170米),
B2094757D065A7FF4693,鹿港天后宫,120.431142,24.059223,中山路430号,
B2094652D66EAAFB439D,陆丰虎岛天后宫,115.64556,22.988652,陆丰虎岛天后宫(240省道东),
B2094653D168A0FA4993,天后宫,116.679436,23.447444,庵埠镇庵凤路,
B2094652D06FA4FC4192,郡泉天后宫,118.5887511,24.8952315,福建省泉州市鲤城区南门天后路一号,
B2094452D265A2FD4699,天后宫,114.7588144,22.6896341,惠州市惠东县凤嘴路1号,
B2094757D164A4F84699,泉州天后宫,118.588755,24.895235,天后路1号天后宫内,
B209445DDA6DAAFA439A,随州天后宫旅馆,113.380156,31.708418,舜井大道148号,
B2094652DB6AAAFD479E,天后宫庙,113.8924489,22.478121,广东省深圳市南山区招商街道赤湾六路9号,
B2094651D56BA0FE459A,天后宫(庆安会馆东北),121.56237,29.87242,江东北路156,
B2094757D76CA4FD429D,格林春天后宫大酒店,120.35364,31.581207,锡山区华夏南路11号丰汇广场3号门3楼(近学前东路),
B2094655D36AA7F8479A,十八街麻花(勅建天后宫北),117.18107,39.14025,鼓楼南街21号(乐佛宾馆对面),
B2094757DA6CA2F4419F,天后宫公园,113.385006,22.595493,港口镇茂生街38号,
B2094251DB65A6F54993,江氏大宗祠,113.8125182,22.7533467,沙井镇步涌新村,
B2094251DB64A1F9469B,德琳生态园白盆珠水源保护区,114.3169332,22.7771868,湖田路与新香街交叉口东北220米,
B2094252D46BA6F4439B,东湖公园-棕榈园,114.147004,22.5572068,沿河北路布心路出口附近,
B2094251DA68AAFE4799,茅洲河工业文明展示馆,113.7907029,22.7556689,长安镇新民社区堤围路3号,
B2094252D26CA0F94292,茅洲河展示馆,113.8475464,22.7927441,洋涌路与众福路交叉口东南400米,
B2094552D36BA3F5489D,打鼓岭,117.7970073,30.9136227,铜陵市铜官区,
B209475CDA6BA3F84399,打鼓岭,117.8189341,30.084849,"黄山市黟县美溪,宏潭,洪星三乡交界处",
B2094252D768A1FC479C,打鼓岭,114.268936,22.65326,广东省深圳市龙岗区,
B209445DD56DAAF9459C,黟县黄山打鼓岭人家农家乐,117.8275,30.0654,美溪乡打鼓岭风景区内(打鼓岭风景区内),
B209455DD069A6FF499F,打鼓岭,110.6147758,26.7369974,邵阳市武冈市二一九省道,
B2094252D468AAFE419A,打鼓岭湖景山庄,113.0385562,22.5783114,打鼓岭旁边,
B209445DD36FA1FF419A,打鼓岭三叠瀑农家客栈,117.827114,30.064073,安徽省黄山市黟县打鼓岭景区,
B2094552D168A0FE4592,打鼓岭,117.5975549,30.1918814,池州市石台县,
B2094552D46FA2F4499D,打鼓岭,114.061955,23.6159972,惠州市龙门县,
B209455DD364A6FD4899,打鼓岭,110.6844213,26.5847864,邵阳市武冈市,
B2094552DB6BA0FB469B,打鼓岭,113.07548,23.41028,广东省广州市花都区赤坭镇,
B2094252D069ABFC4792,打鼓岭分区警署,114.15382,22.53809,北区莲麻坑路,
B2094253DA69A0FC479B,打鼓岭,114.161555,22.537197,香港特别行政区北区,
B209475CDA6BA2F5429E,朱家尖打鼓岭,122.39634,29.88497,舟山市朱家尖岛大青山石门峰后,
B2094550D76BA3FD409E,黟县打鼓岭望竹楼客栈,117.828114,30.063028,黄山黟县打鼓岭桥头上游500米左右,
B2094552D36BA2FE499F,何家打鼓岭,116.4296655,30.3917716,安庆市太湖县,
B2094553DB65A7FB429F,打鼓岭,115.139306,29.208326,九江市武宁县,
B209455CD36CA0FB409A,打鼓岭,116.7832926,29.1378335,上饶市鄱阳县二零八省道,
B209455CD368A2FD4099,打鼓岭,115.359067,26.2090184,赣州市兴国县,
B209455DD06DABFE4698,打鼓岭,113.0864081,25.724502,郴州市苏仙区,
B2094252DA6CABFF4398,meland(前海欢乐港湾店),113.8887193,22.5425623,新安街道海滨社区欢乐港湾2号东L1-027-032,
B2094252DA6CA1FA419D,碧岭瀑布群,114.2938055,22.648969,坪山街道坪马线公路马峦山郊野公园内(西侧),
B209425CD46DA1FE439C,碧岭瀑布群步道,114.2938089,22.6489617,坪山街道坪马线公路马峦山郊野公园内(西侧),
B2094252D56BA2FE429C,南头古城垣,113.9206289,22.5418067,中山东街与中山南街交叉口东150,
B2094252DB65ABF5419D,半仙小馆(南头古城垣店),113.92258998805,22.543549988048,广东省深圳市南山区南山大道南头古城东门东街181号(东门直走100米右手边),
B2094252D56AA7F9429A,三角台公园,114.115533,22.5541187,深土路与人民公园路交叉口北20米,
B2094252D56FA5F8449C,福田河绿道,114.076216,22.537769,福田路与福华路交叉口西北200米,
B2094251D26AA3FB4593,深圳市野生动物园-海洋天地,113.970988,22.599608,西丽镇西丽路4065号深圳野生动物园内(北侧),
B2094557D568A2FF409D,海洋天地,113.9709756,22.5996668,深圳市南山区西丽镇西丽路4065号深圳野生动物园内,
B2094252D46BA6FB449C,袁庚祖居,114.488691,22.5809136,水贝村水贝老屋红11号,
B2094253D26BABFE4599,梦海双界河桥,113.898778,22.543476,广东省深圳市南山区,
B2094252D46AA3FB439A,双界河,113.9001346,22.5444943,广东省深圳市南山区,
B2094356D669A5F54399,双界河公园,113.89221935358,22.537638685986,广东省深圳市南山区南山街道双界河人行景观桥,
B2094253D06BAAFA499A,双界河社区公园,113.9121527,22.5540448,南青路与南富苑一街交叉口东80米,
B2094252D468ABFE409A,鸡公头,114.0853048,22.6009114,广东省深圳市龙岗区,
B2094552DA6FA6FF4298,鸡公头,110.6291746,24.7583332,桂林市阳朔县,
B209445DD06AABFB499A,重庆鸡公煲(江头店),118.129573,24.497896,江头北路126号,
B2094552D56AABF54798,鸡公头,112.5723919,22.2280765,江门市开平市,
B2094557D069A3F44992,黄尚煌三汁焖锅&重庆鸡公煲(江头店),118.13378,24.49844,"江头台湾街412号(建设银行正对面,公交天地花园站往前走几步就到)",
B2094552D16DA2FC439B,鸡公头,118.5930741,29.7254437,黄山市歙县,
B2094552D468A0F94992,鸡公头,113.5156962,24.149551,清远市英德市,
B2094552D46BA7FA459C,鸡公头,112.10555,24.79418,广东省清远市连山壮族瑶族自治县禾洞镇,
B2094552DA6BA3FF489C,鸡公头,110.740413,23.542131,梧州市藤县三二一国道,
B2094553DB6BABFF479A,鸡公头,114.3689157,25.956774,赣州市上犹县,
B2094553DB65A1F5449B,鸡公头,114.5152024,25.8876137,赣州市上犹县,
B209455DD26CA0F4489E,鸡公头,109.7931621,26.320503,怀化市通道侗族自治县,
B209455DD365A3F5499B,鸡公头,109.9958962,26.4057636,邵阳市绥宁县,
B209455DD06FA4F5449F,鸡公头,112.1017958,25.3798924,永州市蓝山县,
B209455DD06FAAFD4292,鸡公头,113.4035652,26.4898729,郴州市安仁县,
B209455DD064A0F8419A,鸡公头,112.2684042,26.1142566,郴州市桂阳县,
B2094252D765A2FF499E,南头古城-关帝庙,113.9208654,22.5406768,深南大道12022号,
B2094252D76BA1FD469D,美成空间,113.992544,22.539284,华侨城创意园北区A4栋210-212,
B2094252D769ABFA4098,黑岩角,114.503246,22.4496439,广东省深圳市龙岗区,
B2094252D76CA6FC449E,摩天轮画廊,113.8858234,22.544443,海府一号A栋603(临海地铁站出入口步行480米),
B2094750D564A2FB469B,中楠双水湾花园,120.99133,31.3941,双水湾花园4栋11号商铺正东方向160米,
B2094750D568A4FE4393,开元碧水湾,120.642127,31.258165,吴中迎春南路196号(澹台湖大桥南侧),
B2094650D168A1F9419C,威尼斯花园,120.643336,31.258234,城南街道白云街2号,
B2094650D16BA7F84098,清水湾花园,120.623265,31.240516,长桥街道澄湖西路111-110号,
B2094651D064A2FB429C,金水湾蒸汽浴(河口公园东北),118.53259,37.89667,山东省东营市河口区河口街道长春饭店(公园街),
B2094757D068A4F54893,武义清水湾•沁温泉,119.8249578,28.8859558,金华市武义县温泉旅游度假区温泉南路1689号,
B2094557DA6BA3FB429A,浅水湾洗浴中心,119.354147,33.243224,江苏省扬州市宝应县开发区宝应大道,
B209445DDB65A3FB4192,碧水湾商务宾馆,117.89282,33.13641,国防路14,
B2094652D269A2FB469D,金水湾,120.055244,28.873501,金水路63-65号附近,
B2094554D064ABFE4492,清水湾水上大世界,119.82461,28.887379,金华市武义县温泉旅游度假区温泉南路1689号,
B2094757D569AAF8429D,御水湾花园,120.272064,31.98888,中国江苏省靖江市通江路,
B2094757DA6DA6F4449D,雅居乐海南清水湾销售中心,109.862734,18.39177,英州镇清水湾卓美亚清水湾雅居乐度假酒店附近,
B2094757D16CA6FD4892,花水湾名人度假酒店,103.25592222754311,30.553802154060747,成都市大邑县花水湾温泉区,
B2094750D56DAAFD4593,浅水湾艺术创意中心,121.439895,31.248973,宜昌路179号,
B2094757DA6DA4FD469B,龙江水湾小区,104.5494222,30.40054199,中国四川省简阳市,
B2094554D064A4FE4893,浅水湾水上公园,121.176733,32.324836,江苏省南通市如东县城中街道浅水湾水上公园,
B2094554D26FA6F5459A,蓝水湾精品酒店,120.2326739,29.2934541,甘溪西街139号,
B2094650D468A6FA449E,浅水湾美墅,118.762769,34.539305,牛山街道幸福北路166号,
B2094757D16CA5F5409D,海南香水湾君澜度假酒店(纯别墅),110.1470519,18.5644822,陵水黎族自治县香水湾名胜度假区A区C地块,
B209445CDA6AA0FF4598,撒西咪(御水湾店),120.273956,31.990816,滨江新城中洲路22号号,
B2094252D665A0F54193,弘法寺-斋堂,114.182134,22.576866,莲塘仙湖路160号仙湖植物园内,
B2094252D165AAF84598,米兜欢乐王国(观澜福城天虹店),114.0408787,22.6995253,观澜大道117号福城天虹购物中心L2层,
B2094252D164A6FA409B,福田美术馆,114.067201,22.571647,梅林梅东二路5号(孖岭地铁站D口步行400米),
B2094252D16BAAFB409A,梧桐山风景名胜区-凤谷鸣琴景区,114.198364,22.581852,广东省深圳市罗湖区,
B2094252D16AA2FA4798,凤凰山森林公园-凤凰广场,113.850385,22.6820821,福永街道凤凰社区凤凰山森林公园内(北侧),
B2094252D169A4FD409F,梧桐山风景名胜区-十里杜鹃,114.184296,22.557072,莲塘罗沙路2076号,
B2094252D064A2F4429B,阳台山森林公园-棕榈岛,113.9841574,22.6687666,阳台山森林公园内(东北角),
B2094252D364A6FA469B,世界之窗-恺撒宫,113.9733725,22.5350153,深南大道9037号世界之窗,
B2094252D36BA2FE4492,玄武观,114.139741,22.708897,芙蓉石场附近,
B2094651DB6CA2FE429C,玄武观,120.785043,27.858486,天河街道二甲村,
B2094253D365A7FF409C,玄武观,104.686924,31.0273447,凯江镇继光大道中段894号玄武公园(西南角),
B209425DD06DAAF4499B,玄武湖公园-柳湾观鱼,118.795902,32.076612,玄武巷1号玄武湖公园梁洲内,
B2094250D16EABF44792,玄武观,114.54447,22.71922,广东省惠州市惠阳区大亚湾澳头街道澳头螺岭玄武观,
B209425CD06DA1FF469B,娄底玄武观,111.9750151,27.6543045,万宝镇盟峰山,
B2094250D064A5FA479F,玄武观,113.12159,33.0616,河南省南阳市社旗县下洼镇余庄村,
B2094252D36EA4FD4499,谭仙祖庙,114.4095158,22.7515229,丹梓大道附近,
B2094252D36EA3FB4392,光明文化艺术中心美术馆,113.937683,22.746362,光明街道创投路与观光路交叉口东北100米,
B2094252D26BAAF4439D,深圳梧桐山十里杜鹃观海亭,114.2060121,22.5703073,莲塘街道罗沙路2076号广东梧桐山风景名胜区,
B2094251D36CA1F84992,西涌三号黄金海岸沙滩,114.543686,22.479584,鹤薮路与Y268交叉口东南655米,
B2094653D26AAAFE439C,锦绣中华,113.988741,22.530907,深南大道9003号中国民俗文化村,
B2094750D16AA1FD4299,锦绣中华民俗村,113.988741,22.530907,深南大道9003号中国民俗文化村,
B2094256D664A4FA449B,锦绣中华·中国民俗文化村,113.988741,22.530907,深南大道9003号中国民俗文化村,
B2094652DB6BA6F9429A,田头山游泳池,114.4288,22.69397,广东省深圳市坪山区坪山街道金田路476号,
B2094250DA6CA5FF4698,田头山,114.4236147,22.6772577,广东省深圳市坪山区,
B2094552D468A1F94599,田头山,116.1895416,23.36416,广东省揭阳市普宁市大坝镇,
B2094552D46AA1FF419A,田头山,115.3243623,23.9931055,河源市龙川县一七五县道,
B2094552D569A3FF4999,田头山,110.944776,21.7752244,茂名市高州市,
B2094552D465A6FD459C,田头山,110.271228,21.5033958,湛江市廉江市,
B2094552D56DA6FA409B,田头山,110.1556214,21.9340777,玉林市博白县四零一县道,
B2094552D569A0FD4599,田头山,109.9365827,21.0773444,湛江市雷州市,
B2094552DA6FA2F4409B,田头山冲,109.5527997,25.539078,柳州市三江侗族自治县,
B2094552DB6BA0F5489D,富田头山,113.5144662,23.1631216,广州市黄埔区,
B2094653D56CA2F44493,天上人间咖啡茶语,117.06977,27.7063,建设中路39-1号,
B2094657D56EAAFF4499,天上人间酒吧,128.746238,45.9795633,政通大街与蓝雀街交叉口北60米,
B2094650DA6BA7FD439A,天上人间,117.0506,36.68714,山东省济南市历下区东关街道黄台南路91,
B209465CDB6CABFB499B,海南君澜热带雨林温泉酒店,109.673548,18.704368,七仙岭温泉国家森林公园,
B2094651DA6FA4FE4798,天上人间,120.71739,28.85043,浙江省台州市仙居县南峰街道城北西路359号明珠花苑,
B2094651D76CA1F94698,天上人间KTV酒吧(中港西路店),119.18163,31.13057,中港西路2号,
B2094651DB65A3FE439B,天上人间KTV,119.47908,28.45654,浙江省丽水市松阳县西屏街道环城西路21号,
B2094653D464A5FD4899,天上人间,117.06929,28.69716,江西省上饶市万年县陈营镇建德大街49号,
B2094650D56CA1FD4192,天上人间休闲广场,119.986044,31.796005,天宁区北环路86号,
B209465CD66AA6FD4292,天上人间,110.3806092,19.9908027,海口市琼山区凤翔东路1号,
B2094650D064ABF4409D,天上人间浴场有限公司,120.7315,31.66737,长江西路118号,
B2094653DB6FA1FD409E,天上人间音乐会所,105.02476,30.28403,四川省资阳市乐至县天池镇金穗路4号,
B2094657D26FA6F4479F,天上人间,111.75585,34.76805,河南省三门峡市渑池县城关镇会盟路印象仰韶文化主题酒店,
B2094652D16CA5FB449E,天上人间KTV,118.18752,26.17001,福建省三明市尤溪县城关镇中国信合(城中信用社)文苑大厦,
B2094653D464A4F5429E,天上人间KTV,118.25284,28.672,江西省上饶市玉山县冰溪镇横路街72玉山县保育院,
B2094557DA64A0FF459E,天上人间理疗保健会所,120.057768,28.894354,金城路69号,
B2094650D665ABFF499B,天上人间KTV,120.13681,33.37958,江苏省盐城市亭湖区文峰街道解放中路3盐城市解放路实验学校,
B2094650D76CAAFD4998,东台天上人间大酒店,120.31735,32.85123,东台市江苏省盐城市东台市,
B2094652D56AA5F5429B,天上人间(桃花仑西路),112.35986,28.586427,桃花仑西路610号,
B2094652D06BA5FC429F,漳平天上人间KTV,117.423,25.28993,汇盛名城E幢2层,
B2094453D46FAAF5409E,天涯海角,120.54331,31.854485,南苑西路南苑新村25栋,
B2094757D06FA2FA419E,天涯海角游览区,109.348172,18.2949694,天涯镇马岭山麓,
B2094651DA69A4F5419F,天涯海角,121.229,28.12813,浙江省台州市玉环市玉城街道城中路62号玉环财政大楼,
B2094254D56BA0FF459B,天涯海角游览区-天涯石,109.343578,18.298639,天涯海角游览区(西北角),
B2094256D665A4F44898,天涯海角游览区-爱情石,109.349027,18.290977,天涯海角游览区内(南侧),
B2094453D56CA7F94492,天涯海角,102.469765,25.550596,广场路11号,
B2094655D26EA1F44193,天涯海角,121.387947,31.22177,长宁区天山路186-192号(近北虹路),
B2094757D76DAAF5409A,天涯海角游览区休闲吧,109.331867,18.30687,三亚旅游区天涯镇马岭山(海滨西侧),
B2094757D66DA6F8479E,天涯海角,116.45226564,40.0825119326,三亚天涯海角,
B2094251D16DA6FB419A,天涯海角广场,109.35065,18.292576,桶井(马岭-羊栏)火车站牌西南侧50米,
B2094453D064ABF8459F,天涯海角茶楼,107.38736,29.69652,望涪路5号附近,
B2094550D26EA7FC449E,天涯海角,113.1353,29.3887,湖南省岳阳市岳阳楼区望岳路街道望岳路278号,
B2094652D265ABFE499E,天涯海角,119.799017,25.503385,西航路与龙凤路交汇处西南50米(近盛林路),
B2094257D46AA7FF439D,天涯海角游览区星空营地,109.348992,18.291931,天涯镇马岭山麓天涯海角游览区内(南侧),
B2094257D76CA3FC419D,天涯海角,110.361488,20.007709,流芳路金岛楼104号,
B2094655D769A6F4459A,天涯海角,118.80419,32.02789,江苏省南京市秦淮区大光路街道八宝前街36公园新寓,
B2094256D768A2FC4292,天涯海角游览区-南天石刻,109.3468352,18.2957434,225国道西100米,
B209425CD765A0FD4392,天涯海角-石刻,109.3433569,18.2987144,225国道西150米,
B2094554D16CA3F94499,天涯海角,113.9920511,22.5290037,深圳市南山区深南大道9003号锦绣中华内景点,
B2094757D16AA6FB4092,天涯海角,120.119557263,30.2819656301,三亚天涯海角,
B2094554D06BABFE439C,思月书院,114.1196272,22.5463514,东门文化广场,
B2094554D06AA6F8499B,黄思铭公世祠,114.026054,22.5257,深圳市福田区沙头下沙东涌村,
B2094554D06AA0F8469A,日月潭野炊山庄,114.218999,22.6769123,园山街道机荷高速荷坳服务区,
B2094750DA64A0FC4093,吉林长白山风景区天池,128.0708715,42.0258174,长白山主峰火山锥体顶部,
B2094757D06BA1F8459C,长白山机场,127.6100696,42.0683652,松江河镇长白山保护开发区池西区,
B2094750D66FA7F54493,长白山万达智选假日酒店,127.506053,42.094589,长白山国际度假区白云路87号,
B2094251D169A5FA419C,长白山风景区,128.054132,42.023555,二道白河镇,
B2094253D16DA2F84092,长白山天池,128.129146,42.462334,吉林省延边朝鲜族自治州安图县,
B2094256D464A1FB409B,长白山国家级自然保护区-二道白河,128.07228900003,42.096754000031,吉林省延边朝鲜族自治州安图县两江镇,
B2094257D56DA1FC479D,长白山华美胜地瑞士酒店度假村,127.528808,41.969504,漫江镇长白山华美胜地,
B2094750DA65A3F5439F,长白山万达威斯汀度假酒店,127.508265,42.100019,白云路333号,
B2094750DA69A1F5459B,长白山万达国际度假区,127.496277,42.106282,松江河镇果松北,
B2094556D368ABFF4493,特色长白山风味小吃,124.03066,45.00845,冬藏大街1041号附近,
B2094254D569A3FC449B,长白山温泉皇冠假日酒店,128.178721,42.187776,长白山景区老山门前400米处,
B2094556DA69A3FC409C,长白山土特产品购销处(柴河路店),124.91806,42.10108,辽宁省抚顺市清原满族自治县清原镇柴河路2-1号,
B2094556D66AA7F4429C,长白山特色(团结西路店),123.19856,45.85113,团结西路420号,
B2094253D064ABFF469B,长白山雪岭景区,128.629794,42.517846,仙峰国家森林公园内,
B2094450D56FA2FA4293,长白山,128.021666,42.003029,吉林省白山市抚松县白河镇长白山自然保护区,
B209425CD565A0FF419D,长白山·二道白河,128.1145316,42.4386052,白云街与美人松路交叉口南100米,
B2094253D46FA6F4489E,长白山天池,127.51527,42.14807,圣山路,
B2094256D46EA4FF4292,长白山北景区,128.17719,42.18415,长白山国家级自然保护区内(长白山北坡),
B2094757D06FA3FA499C,长白山(武川路总店),121.4941453,31.3009859,武川路45号（近武东路）,
B2094555D26DABFE459A,长白山,129.51368,42.91415,局子街延边医院东门对面,
B2094452D06FA5FE4293,陆丰市南塘镇华山寺庙,114.14040120443,22.662881673177,广东省陆丰市南塘镇华山公园,
B2094452D265A7FF4898,龙岩古寺,114.469056,22.5922514,大鹏新区大鹏街道观音山公园北侧,
B2094652DB6BAAF44193,观音山公园-龙岩古寺,114.469057,22.59225,东部大鹏街道,
B2094253D16CA2FA429A,观音山公园-龙岩古寺,114.469057,22.5922553,大鹏新区大鹏街道观音山公园北侧,
B2094452D264ABFB449A,大鹿港,114.501499,22.462469,南澳街道富民路120号,
B2094752D26EA0FD4698,万佛禅寺,114.147781,22.555801,水库东路沿河北路,
B2094554D069ABF9439C,万佛禅寺,119.920097,40.005416,东戴河新区,
B2094252D36BA1F94599,万佛禅寺,119.99238,31.948889,春江镇圩塘街北89号,
B209425CDB6AA2F5459F,安溪万佛禅寺,118.1603425,25.0355888,,
B2094252D068A7FE489E,万佛禅寺,115.21522,29.850534,G351与白沙路交叉口东南方向160米,
B2094750DB6BA1F9469B,茵特拉根小鎮,114.2792728,22.6335843,深圳市盐田区大梅沙东部华侨城内,
B2094750D364A1FD4392,欢乐海岸水秀剧场,113.990272,22.5220237,滨海大道2008号(深圳湾公园地铁站E口步行170米),
B2094757DA6CA6FB429A,泓法寺素斋,114.168798,22.568259,莲塘仙湖植物园泓法寺内,
B2094653D26AABFB479D,鹤湖新居,114.2660263,22.7276344,新瑞路21号,
B2094656D265A4F94299,大钟山,111.547392,24.399283,江南街道新兴南路86号,
B2094256D168A2FE419D,大钟山公园,111.5424211,24.4013783,新兴南路与厦兴路交叉口南280米,
B2094557D56AA0F5479C,大钟山,113.823057,22.719376,新桥街道万丰社区万丰中路303号,
B2094552D764A2F8419F,大钟山,104.8817235,32.8314672,陇南市文县二一二国道,
B2094653D269A2FF429F,深圳(宝安)劳务工博物馆,113.932787,22.684725,永和路8号,
B2094653D26FA6F54899,龙岗人民革命烈士纪念碑,114.250496,22.75508,白龙路附近,
B2094653D26DA5FD439B,沙漠植物区,114.179077,22.583638,莲塘仙湖路160号仙湖植物园内,
B2094250D369A2FB409A,深圳仙湖植物园沙漠植物区,114.179077,22.583638,莲塘仙湖路160号仙湖植物园内,
B2094252D668A4F5439A,海花岛珍奇特色植物园-沙漠植物区,109.17633,19.656618,中国海南海花岛1号岛E区海花岛珍奇特色植物园,
B2094653D26CA6F94699,深圳市工业展览馆,114.0591311,22.5435633,广东省深圳市福田区福中三路2010号深圳市民中心B区黄塔2~8楼,
B2094252D56FAAF8489A,深圳市工业展览馆(福中三路),114.059085,22.5440599,福中三路市民中心B区2-9层,
B2094653D26CA7FC439D,深圳科学馆,114.095771,22.542247,上步中路1003号,
B209445DDB6AAAFE419E,锦江之星风尚(深圳科学馆店),114.0949,22.5385,松岭路62-64号(原城市客栈科学馆店),
B2094554D268A0F8449E,7天连锁酒店(深圳科学馆地铁站店),114.091478,22.537794,南园路与爱华路交口149号,
B2094652DB64ABFA4493,下沙博物馆,114.025066,22.5267,大围路与1路交叉口(下沙地铁站B口步行370米),
B2094251D769A7FB4193,浙江理工大学下沙(校区)-丝绸博物馆,120.35121,30.311302,2号大街与顺雅巷交叉路口往西北约150米(浙江理工大学),
B2094757D069AAF9489F,小梅沙海洋世界,114.331532,22.603478,小梅沙,
B2094652DB6BAAF9489A,深圳海洋世界,114.331532,22.603478,广东省深圳市盐田区梅沙街道盐葵路36号深圳小梅沙海洋世界,
B2094252D46DA2FE4698,深圳观澜海洋世界,114.078431,22.721469,高尔夫大道13号(观澜湖地铁站A口步行50米),
B2094652DB6BABF9429F,茂盛世居,114.201652,22.65314,茂盛路169对面,
B2094652DB6BA7FD4193,龙岗客家民俗博物馆,114.2662115,22.7277691,罗瑞合北街1号(龙园地铁站B口步行310米),
B2094652DB6BA7FD4099,盘龙世居,114.364565,22.728582,龙田街道老坑社区盘龙路69号,
B2094652DB6BA7FC4992,大万世居,114.342815,22.681227,马峦街道坪环社区大万路33号,
B2094652DB6AA1F9469A,南山公园海关登山口,113.9178412,22.4971683,深圳市南山区沿山路8号南山公园,
B2094255D06FABF54598,深圳市大城小舍酒店式短租公寓(南油店)(南山公园-海关登山口分店),113.92108,22.4995,深圳南山区深圳南山新一代国际酒店公寓,
B2094557D569A5FC429E,观澜古寺,114.0536892,22.7196078,广东省深圳市龙华区沿河路观澜古墟西南部,
B2094557D56AA0F5489D,东江游击队指挥部旧址纪念馆,114.1176611,22.5446195,东门街道南庆街13号(老街地铁站出入口步行130米),
B2094557D568A2FF419F,孔子圣像,120.428569,36.075224,山东省青岛市崂山区中韩街道青大一路2号楼,
B2094250D16EABF8419E,孔子圣像,114.1448734,22.567536,黄贝街道水库社区爱国路4006号东湖公园(西北角),
B2094252D568A7F8479B,孔子圣像,116.3700448,39.9597712,新街口外大街辅路与金声路交叉口西北100米,
B2094250D16DA2FF4392,孔子圣像,119.40291,32.34328,华扬西路196号扬州大学(扬子津校区),
B2094250D16DA5FD499C,孔子圣像,108.89357,34.15366,西长安街万科城对面陕西师范大学(长安校区),
B2094250D16EAAFC4199,孔子圣像,113.93929,22.58168,留仙大道2190深圳职业技术学院留仙洞校区,
B2094257D76DA0F44199,木星美术馆,114.056602,22.502045,蓝花道6号,
B2094250D16EABFF439E,旭联海洋牧场旅游景区,114.49114,22.48774,南澳镇鹅公湾旭联海洋牧场旅游景区,
B2094250D068A6FF499A,深圳中心公园-E1区,114.0789376,22.5515566,振华西路1号深圳中心公园内(北侧),
B2094653D26BA3F44593,铁岗水库公交站,113.88853,22.60886,广东省深圳市宝安区西乡街道铁岗水库路宝安桃花源科技创新园,
B2094250D06CA6F44592,铁岗水库,113.88728,22.62127,广东省深圳市宝安区,
B209425CDB6BA4FD469A,铁岗水库路,113.8897423,22.6056125,广东省深圳市宝安区,
B2094250D365A5F54499,溪涌度假村海滨浴场,114.361952,22.607151,深葵公路1085号,
B2094250D264A0F4439B,南山公园别墅登山口,113.91205,22.485167,蛇口别墅路8号,
B2094757D069A3FC459F,太湖鼋头渚风景区-樱花谷,120.223419,31.526602,鼋渚路1号太湖鼋头渚风景区内(西北角),
B2094750D564ABFE4499,抚仙湖畔樱花谷,102.919815,24.665729,澄江县环湖东路7号,
B2094750D16BA0F5429D,樱花谷-白沙滩,102.952057,24.60646,环湖东路7号樱花谷外滩内(北侧),
B2094257D46BA1FA439D,无量山樱花谷,100.520223,24.767,无量镇德安村,
B2094252DB6AA1F5499A,狐尾山公园-樱花谷,118.086023,24.481707,气象台路85号之5号,
B2094557D768A5F4489E,浔龙河樱花谷,113.186251,28.346158,黄兴大道果园镇浔龙河村集中安置小区x028号,
B2094257DB65A5FD429A,樱花谷休闲娱乐广场,103.568457,25.428673,迎宾路净水湾旁,
B209475DD265A6F84899,樱花谷爱丽丝庄园,116.06565,24.349676,广东省 梅州市 梅州市梅江区,
B2094252D26BA6FD459B,张村樱花谷,120.9542416,29.8198628,章镇张村,
B2094254D665A1FE4793,浪漫樱花谷,119.8849152,30.420341,彭安路22号,
B2094254D669A4FC419F,宜良山后樱花谷景区,103.215193,24.930198,山后社区山后村委会石子坡左50米,
B2094254D56BA0FC4092,抚仙湖公园-樱花谷-白沙滩,102.95206,24.606466,环湖东路7号樱花谷外滩内,
B209465CD169A2FC479E,腾冲樱花谷森林温泉景区,98.655134,25.105287,北海乡双坡村境内,
B2094557D768A4FC479E,樱花谷,107.187789,27.77918,平远村樱花大道,
B2094757DA6EA3F5429A,樱花谷,101.41962592,25.08894396,中国云南省楚雄市,
B2094253D66CA7FD4493,瑞安市桐浦凤凰樱花谷,120.570379,27.848582,瑞枫线,
B2094757D164A1F4479A,樱花谷,98.490002,25.020617,保山市腾冲县北海乡双坡村境内,
B2094252D26EABF94192,宜良山后樱花谷,103.215193,24.930198,山后社区山后村委会石子坡左50米,
B2094753D36DA3F8419A,樱花谷主题乐园,108.386596,22.807111,民族大道118号石门公园内,
B2094557D768A4FF469A,宜春栖隐山庄樱花谷,114.3479875,27.6164273,宜春市三明线古庙村东南村社背组22号,
B2094250D26CA6FA499B,红树林观鸟,114.003457,22.522443,滨海大道深圳湾公园海滨生态公园内,
B2094257DB6FA6FA4598,东湖绿道揽胜亭观景台,114.159237,22.574817,仙湖路160号仙湖植物园内,
B2094257DB6DA0FF409C,蝶谷幽兰,114.176182,22.575418,莲塘街道仙湖社区仙湖路160号仙湖植物园内,
B2094356D269A1FD4693,深圳仙湖植物园-蝶谷幽兰,114.1762729,22.5753384,广东省深圳市罗湖区莲塘街道仙湖社区仙湖路160号仙湖植物园内,
B2094652DB6AAAFF449C,赤湾左炮台,113.891278,22.467375,蛇口赤湾左炮台路,
B2094257DA64AAFF4198,左炮台,113.891288,22.467218,蛇口赤湾左炮台路,
B2094554D064A3FF429B,赤湾古炮台,113.891288,22.467218,蛇口赤湾左炮台路,
B2094652DB6AAAFD479F,古炮台,113.891288,22.467218,蛇口赤湾左炮台路,
B2094253D16DA4F5499B,左炮台东(地铁站),113.899715,22.46991,12号线南宝线,
B2094257DA6BA2FF409E,港珠澳大桥东人工岛,113.849279,22.280064,广东省深圳市南山区,
B2094257D769A2F54492,马峦山郊野公园梅亭,114.320587,22.629127,坪山新区马峦山梅亭,
B2094355D369A2FE409C,马峦山梅亭,114.3205971,22.629123,广东省深圳市坪山区坪山新区,
B2094257D664A1F54898,价值工厂美术馆,113.8974266,22.4689015,海湾路与碧海路交叉口北约160米,
B2094557D56AAAFC4393,庚子首义旧址,114.3329059,22.6369594,深圳市坪山区马峦山郊野公园内,
B2094257D069AAFE499D,大羊台山顶,113.9606867,22.6513032,石岩街道阳台山森林公园内,
B2094257D26BA2F44392,甘坑客家小镇状元府,114.101721,22.6581256,吉华街道甘坑社区甘坑古镇内(西北角),
B2094257D26AA6F4449F,蓝岸画廊(OPLAZA欢乐海岸购物中心店),113.990722,22.5262625,白石路东8号欢乐海岸购物中心3层9号,
B2094257D269A2FE489C,深圳绿道,113.999581,22.698943,新岭路93-25号,
B209425CDA6CA5F8499A,深圳湾绿道,113.9746122,22.5192884,滨海大道(深圳湾公园白鹭坡),
B2094256DB6DA3FE439A,蛇口海洋科普馆,113.926967,22.487666,蛇口大厦副楼(东角头地铁站A口步行460米),
B2094256D76EA1FD4893,南山党建公园,113.940455,22.547705,深圳软件园一期,
B2094757D168A5FC499B,大鵬灣國家風景區,120.479675293,22.4574108124,屏東縣東港鎮大鵬里大潭路169號,
B2094257D464ABF84292,深圳大鹏湾,114.5084,22.58742,大鹏半岛东部校场尾小区,
B2094256D06CA4F4469F,大鹏湾,114.4663937,22.4693222,广东省深圳市龙岗区,
B2094551D069A6FB429E,深圳大鹏湾奢华海景度假别墅(沙湖大道南分店),114.066993713,22.751310348,广东省东莞市,
B2094551D76FA6F44898,大鹏湾游艇,114.4652728,22.562163,深圳市龙岗区大鹏新区六月海酒店东南侧50米,
B2094554D06BA7FB4493,大鹏湾国家风景区,120.47971,22.45776,台湾屏东县东港镇大鹏路53号,
B2094550DB6DAAFE4098,深圳大鹏湾奢华海景度假别墅,114.3698893,22.606655,葵涌万科十七英里,
B2094252D36EA4FA489D,大鹏湾华侨公墓,114.3469,22.598478,小梅沙背仔角检查站,
B2094252D664ABF54998,大鹏湾游艇基地,114.467674,22.560474,大鹏新区六月海酒店东南侧50米,
B2094255D56AA5FF419C,Dapeng Bay (大鹏湾),120.47893,22.45701,"No. 169, Datan Road, Donggang Township, Pingtung County, Taiwan 928",
B209445DDB65A4FA4193,深圳囍house大鹏湾海边客栈,114.5102,22.5882,大鹏新区较场尾较三西四巷1号(近银滩路较场尾P1停车场，鹏城桥公交站附近),
B209425CD468A5FA419F,大鹏湾华侨墓园,114.3462917,22.5981995,盐葵路南50米,
B209445DD56CA6F84393,北京大鹏湾快捷酒店,116.2756,39.9717,北四环西路89号(四海桥东北角),
B2094254D56CAAF4459C,大鹏湾,113.3284076,28.2292111,长沙市浏阳市永安镇,
B2094253D26FA2F4449A,大鹏湾,114.319714,22.531358,香港特别行政区北区,
B209475CDA6EA7F4489F,北京大鹏湾洗浴宾馆,116.282096,39.974014,海淀区北四环西路89号（四海桥北）,
B2094457D368ABFF4393,大鵬灣琉球管理站,120.387682,22.360521,台湾屏东县琉球乡民族路20之1号,
B2094554D064A3FC4298,大鹏湾环湾自行车道,120.4795,22.45705,台湾屏东县东港镇大鹏里大潭路169号,
B209455DD06AA1FF419D,大鹏湾,109.9513898,28.2673242,湘西土家族苗族自治州泸溪县零五七县道,
B2094651D665AAFA469D,铜陵市工业学校农民工培训站,117.83396,30.91698,安徽省铜陵市铜官区铜官山区虚镇仪凤路496号铜陵市第十七中学,
B2094651D66CA3FA4293,韩国工业园公交站,117.04881,32.64021,安徽省淮南市大通区洛河镇田大南路五一公园,
B2094650DA64ABFF419D,省煤炭工业局公交站,116.97309,36.67362,山东省济南市天桥区堤口路街道堤口路山东济南白癜风医院,
B2094651D369A0F9499E,山东工业技师学院浮烟山校区公交站,119.03275,36.64734,山东省潍坊市潍城区望留街道春鸢路,
B2094652D36AA7F9459B,同安城东工业区公交站,118.17622,24.71819,福建省厦门市同安区大同街道洪塘路,
B2094651D369A1F5429E,帛方纺织工业园公交站,119.18198,36.65995,山东省潍坊市坊子区凤凰街道凤山路,
B2094650DA64A4FB479E,工业南路西口公交站,117.07617,36.67004,山东省济南市历城区东风街道工业南路324和信汽车销售有限公司东郊分公司,
B2094651D66CA3FA419B,工业学校公交站,117.01017,32.65713,安徽省淮南市田家庵区公园街道学院北路,
B2094757D56AA2FC4893,机械工业第二十六计量测试中心站,120.56764025,31.2847526,中国江苏省苏州市-虎丘区黄埔街,
B2094651D16BA5FE479E,怀远工业园公交站,117.25094,32.96992,安徽省蚌埠市怀远县经济开发区206国道,
B2094652D269A0FE4792,秋滨工业区公交站,119.61079,29.07076,浙江省金华市婺城区秋滨街道金衢路,
B2094650D76DAAF4409C,轻工业学校公交站,120.14156,33.36055,江苏省盐城市亭湖区黄海街道青年路高架南苑宾馆(瑞景花园北),
B2094651D169A5FA429C,汽车工业学校公交站,117.28314,31.9719,安徽省合肥市长丰县双凤开发区凤霞路,
B2094651DA64A5FB469D,工业学校公交站,121.44719,28.66314,浙江省台州市椒江区海门街道屷崦路椒江铭鼎花园小区,
B2094551D06EA2FD4498,南京地铁10号线工业大学站-明发新城复式,118.649865,32.065597,南京浦口区明发新城中心2栋4单元725室,
B2094650D164A7FE419F,浦庄工业园公交站,120.49921,31.17548,江苏省苏州市吴中区临湖镇浦庄大道石庄工业园,
B2094652D56CA3FA409D,双马工业园公交站,112.97249,27.83185,湖南省湘潭市岳塘区板塘街道湘潭大道,
B2094651D064A2FC4392,工业园公交站,117.924,37.36844,山东省滨州市滨城区杜店街道渤海二十四路536渤海活塞技校,
B2094650DA64A4FB4799,工业北路西段公交站,117.07489,36.70773,山东省济南市历城区华山街道工业北路兴飞商务宾馆,
B2094655D168AAF9409A,两路工业园区转盘公交站,106.60379,29.68766,重庆市渝北区回兴街道宝桐路齐芳苑,
B2094552D464A2F84199,鬼仔角,113.3145037,22.191351,珠海市斗门区西堤路,
B2094552D765A6FA429E,鬼仔角,114.5724642,22.481726,广东省深圳市龙岗区南澳街道,
B2094256DB6CAAF5449A,背仔角沙滩,114.350933,22.597675,S360(深葵路),
B2094252D66CAAFE409C,背仔角灯塔,114.340682,22.59143,梅沙街道深葵路海滨栈道背仔角端,
B2094251D564A2FB4293,背仔角海滩,114.341332,22.592967,盐葵路,
B2094552D36EA6F9479D,背仔角,114.3413776,22.5919279,广东省深圳市盐田区梅沙街道盐葵路,
B2094757D76BABFB439D,背仔角烧烤场,114.34859,22.5982,盐田区背仔角检查站(近小梅沙),
B2094256D668A5F44199,背角仔海滩,114.341347,22.591799,广东省深圳市盐田区背仔角检查站旁,
B2094653D26AA4FB4992,背仔角检查站,114.34865,22.5982,广东省深圳市盐田区梅沙街道盐葵路,
B2094750D765ABFD499F,背仔角海景海鲜餐厅,114.34747,22.597933,盐田区背仔角检查站,
B2094550D36AA0FE459B,深圳画院,114.085154,22.5747821,金湖一街36号,
B209445CD765A6F5459B,深圳市一念书画院,114.235242,22.551315,深圳市盐田区海山街海涛路东和大厦4楼,
B2094557D568A3FB4498,深圳宝安画院,113.917245,22.566226,新安二路74号,
B2094251DB65A7F54498,中国书画院(深圳分院),113.84705,22.609154,三围航空路9号,
B2094252DA6DA0F5449A,香蜜湖四季花谷,114.0251,22.54231,农园路30号香蜜公园(东南角),
B2094753D169A2FA479B,黄果树风景名胜区,105.668711,25.9885092,黄果树镇,
B2094252D46DA5F54498,黄果树风景名胜区黄果树瀑布,105.669102,25.989377,黄果树风景名胜景区,
B2094354DA6EA2FB429C,黄果树瀑布景区,105.6693576,25.9889631,贵州省镇宁布依族苗族自治县黄果树镇贵黄公路(黄果树风景名胜区),
B2094757DA6AA7FB4393,黄果树瀑布官方微博,105.68670470717,26.00135998649,黄果树风景名胜区,
B2094354D36EABF5469C,黄果树瀑布,105.380846,25.61713,501乡道,
B209465CD265A5FB479F,贵州省黄果树瀑布信鸽协会,105.76718,26.05295,贵州省安顺市镇宁布依族苗族自治县城关镇黄果树大道128,
B2094554D16CA5F4429E,黄果树瀑布假日酒店,105.66772,26.006316,黄果树景区洒把村贵黄公路水黄路口,
B209425CD36CA4F9419C,黄果树瀑布,113.9908181,22.5305854,深南大道9003号锦绣中华民俗村内(东侧),
B2094251D36DA6F94093,黄果树瀑布村,105.682365,26.010006,贵州省安顺市镇宁布依族苗族自治县,
B209425DDB6BABFB4098,黄果树瀑布,119.6378763,30.012358,胥口镇上练村富春桃源风景区内(东侧),
B2094357D168AAFB4299,黄果树瀑布至也度假酒店,105.654807,26.024556,贵州省安顺市关岭布依族苗族自治县白水镇翁寨村村民委员会南235米,
B2094255D16AABFB429F,安顺黄果树瀑布老奶奶公寓,105.68172,26.01318,黄果树迎宾大道,
B2094753D269A7F5439D,梵蒂冈圣彼得大教堂,12.459638,41.899585,Basilica di San Pietro,
B2094253D26CA7FD4092,梵蒂冈圣彼得大教堂,113.9752229,22.5326823,深南大道9037号世界之窗,
B2094552D46EA2FF419E,麻竹山,114.3215474,22.9224071,惠州市惠阳区七零七乡道,
B209425CD16FA7FC409A,S301南坪快速,114.3169851,22.6614999,广东省深圳市南山区,
B209455DD16AA6FE489A,麻竹山,112.145926,27.4234859,娄底市双峰县,
B209455CD26EAAFA449A,麻竹山下,116.437952,26.5209463,赣州市石城县,
B209455CDA68A1FB439B,麻竹山,110.2686382,25.9279721,桂林市龙胜各族自治县一四四县道,
B209455DD36DA6F8489C,麻竹山村,112.3649532,28.6628947,益阳市资阳区,
B209455DD36EABFE4698,麻竹山,111.1747546,28.1854643,益阳市安化县,
B209455DD36BA5F84698,麻竹山,112.1850378,28.6666248,益阳市资阳区,
B209455DD068ABFB4698,麻竹山,112.2068841,25.5452193,永州市蓝山县,
B2094352D76EA4FF449A,大塘角海防沙滩,114.528987,22.588918,深圳市龙岗区深圳奥比都斯民宿东侧约200米,
B2094352D669A7FB4198,人民公园-月季书吧,114.118516,22.552341,人民北路人民公园(东南角),
B2094651D56DABF5469B,镇海塔,120.937707,30.51746,海滨西路142千佛阁附近,
B2094354D16EA3FB4392,广州街·香港街-九层镇海塔,120.299661,29.175845,明清西路28号广州街·香港街景区内(东北角),
B2094554D065A2FD4399,镇海塔塔基,120.93758,30.518015,浙江省嘉兴市海盐县海滨西路,
B2094256D365A5FF409B,米易县撒莲镇海塔村小学,102.00746,26.90738,四川省攀枝花市米易县撒莲镇,
B2094351D565A6FB4598,镇海塔,114.2357398,22.5450036,深圳市盐田区海景二路古塔社区公园,
B2094552D46DABFA479C,丁心湖,116.4475542,23.0888485,揭阳市惠来县,
B2094251D66BA0F4409D,弯月山谷公园,113.9536571,22.5055594,东滨沙河西立交桥东150米,
B2094350D464A1F9499B,弯月山谷,113.9535216,22.505742,广东省深圳市南山区深圳湾公园弯月山谷,
B2094350D16DA1FB459F,深圳市恒远海立方环游城,113.9929747,22.6781441,深圳市龙华区横郎社区后浪新天地第26栋,
B2094257D66BABF4429F,南山水库,120.5957955,29.4058844,浙江省绍兴市嵊州市,
B2094357DB64A1F5419C,南山水库,114.0785543,22.6151924,广东省深圳市龙岗区坂田街道S301(鸡公山一号桥),
B2094357D46CA7FF4693,北湾鹭港-观景台,113.9599461,22.5194154,深圳市南山区北湾鹭港(滨海大道南110米),
B2094357D765A6FB409D,碧眼水库,113.9581276,22.7475315,广东省深圳市光明区虹桥公园内,
B2094357D76AA5FA4693,梧桐山森林会客厅,114.248384,22.5739725,深圳市盐田区惠深沿海高速梧桐山风景名胜区,
B2094357D66CA7F54599,光明欢乐田园欢乐采摘园,113.962442,22.7881595,广东省深圳市光明区新湖街道圳园路科学城展示中心旁,
B2094357D068A4F84998,元勋旧址,114.11509837906,22.565651943864,深圳市罗湖区赤湾六路6号天后宫(田心庆云花园东南附近),
B2094357D36DA3F44893,谭仙公庙,114.2364725,22.6112199,广东省深圳市龙岗区北山道与平盐路交叉口西100米,
B2094555D764A0F94792,玫瑰园,119.8151765,28.8779773,南门街中段,
B2094654D46DA4F84798,时代玫瑰园,113.287,23.2244298,黄边北路151号(黄边地铁站C口步行280米),
B2094651D165A7F84898,玫瑰园大酒店,116.86937,32.59436,田家庵区朝阳东路128号,
B2094450D569AAFA469B,长江玫瑰园,120.2729978,31.9565715,荟民路与滨江公路交叉口西360米,
B2094652D66DA1F8479F,玫瑰园,117.838518,36.064697,金水路20-3东南方向80米,
B2094757D569A3F8489E,靖江市长江玫瑰园别墅小区,120.26758681,31.956419,中国江苏省靖江市同康路,
B2094750D56AA4F4499D,亚太・玫瑰园,103.2640458,36.7340296,兰州市永登县新民巷永登金鼎商业步行街,
B2094750D564A5F4429A,碧溪玫瑰园,118.7447062,34.5281582,玉带河与振兴路交口处路西,
B2094757D069AAFF429D,北京玫瑰园,116.267537,40.159981,沙河镇北八达岭高速路11出口,
B2094750D56AA1FA489F,绿城・玫瑰园,121.3455183,28.5657298,台州市路桥区南官大道999-9号,
B2094550D365A0F8499D,玫瑰园商务宾馆,111.20827,40.27689,东胜东街地税局斜对面,
B2094656D36CA0FC4293,玫瑰园十一公寓,103.8509149,30.0423127,眉山市东坡区环湖东路二段201号,
B2094752D56CA5F5449F,玫瑰园,130.3992059,46.8145163,黑龙江省佳木斯市东风区光复东路341号,
B209465CD16AA5F44798,玫瑰园休闲阁,101.99684,23.59525,云南省玉溪市元江哈尼族彝族傣族自治县红河街道兴元路1号,
B2094750D564A6F9409E,绿城・玫瑰园,121.681169,31.8034941,江苏省南通市启东市汇龙镇民乐东路88号,
B2094653D46BA6F8469C,玫瑰园,117.579162,28.937683,玫瑰园48号,
B2094750D56AA0F9449F,绿城·千岛湖玫瑰园,119.0578089,29.5826037,浙江省杭州市淳安县开发路379号,
B2094650D66BA0F94099,玫瑰园饭店,119.83572,33.99924,新建南路26号,
B209475DD768A0FE4798,金通・玫瑰园,119.9322486,32.477494,泰州市海陵区东风南路金通玫瑰园,
B2094750D66EA4F8409B,玫瑰园,119.149375,36.72948,北宫街新华路口,
B2094253DB6DABFF489D,深圳妇儿大厦儿童探索馆,114.04482,22.55262,景田路78号深圳妇儿大厦裙楼1层儿童大堂,
B2094353D36EA4F54598,深圳儿童探索馆,114.044821,22.552622,景田路78号深圳妇儿大厦-裙楼1层儿童大堂,
B2094252D26AABFC4992,青岛市帆船之都,123.65334,41.86482,双园路301号世博园内,
B2094255D56EA7FD459B,中国·观澜版画原创产业基地,114.0913,22.7407,裕新路169号,
B2094557D56AA0FA449F,版画原创产业基地,114.0815824,22.7241289,深圳市龙华区裕新路美联红木艺术博物馆,
B2094253D365A0F8499E,朱仙镇国际版画基地,114.273155,34.630856,朱仙镇启封故园状元街,
B2094557D565AAFC419E,大鱼ART油画陶艺版画扎染体验馆(当代儿童创意美术基地),108.971219,34.275771,五路口万达广场北门皇城美术馆,
B2094257D06FAAF94893,车墩镇丝网版画创作基地,121.31427,31.01304,影视路44-1,
B2094554D264A0F4429D,台东鹿角民宿(AntlersHostel),121.126263,22.797202,国泰街71号,
B2094351D46CA1FD469C,花间词·繁花世界艺术大展,113.2672986,23.1222488,广东省广州市越秀区西湖路光明广场6楼,
B2094356DB6AA0FA479E,大螃蟹乐园,113.9503829,22.5063157,广东省深圳市南山区粤海街道深圳人才公园,
B2094356D169A4F5479B,鲲鹏径(十段)YK183,114.1669146,22.5835319,广东省深圳市罗湖区东湖街道梧桐绿道,
B2094253D26DA3F9449F,罗屋田水库,114.4530691,22.650899,广东省深圳市龙岗区,
B2094253D664A4FD449E,求雨坛(不对外开放),113.8508494,22.6429666,广东省深圳市宝安区,
B209425CD16BA3FC4193,我侬桥,113.830912,22.597843,金湾大道旁西湾红树林公园内,
B209425CD169A6FA4999,深圳招商局历史博物馆,113.913663,22.477721,南海大道与港湾大道交叉口东40米,
B2094652D36CA5FC4099,林氏宗祠(苍霞学校南),119.389832,25.68001,龙江路滨海嘉苑南侧约200米,
B209425DD06DA4FB4392,厚福林氏宗祠,119.621274,26.010574,厚福祠西,
B2094652D36DA5FF429C,林氏宗祠(竹田影剧院西北),119.512617,25.860279,古槐镇上店村,
B2094653D668ABFD4293,林氏宗祠,113.635481,22.91056,厚街镇双岗村下环,
B2094652D36AABFE459F,林氏宗祠(柘荣县东源乡西宅村委会西),119.8901,27.219152,西宅村西宅108,
B2094652D36DA7FA469E,林氏宗祠(礁溪龙潭瀑布南),119.664804,26.331328,官坂镇下濂村,
B2094653D068A3FA4898,林氏宗祠,110.40844,21.212993,塘下村西横巷8号文化公园,
B2094653D068A0F94099,林氏宗祠,110.060153,20.838875,松竹镇南亭村,
B2094652D069A3FF449C,林氏宗祠,117.631077,24.547369,208省道仙景村,
B209425DD06AA3FE489A,城门林氏宗祠,119.3639341,25.9957857,福峡路与城门洲路交叉口北260米,
B2094652D36BA2F8459F,林氏宗祠(苏坂村民委员会东北),119.532909,27.054144,福建省宁德市福安市康厝畲族乡林氏宗祠,
B2094653D068A3F5439E,林氏宗祠(卜巢村敬老院西南),110.143212,21.149435,观海堂西北侧,
B2094652D36DA2FE409D,林氏宗祠(开善寺西北),119.509607,26.513955,起步镇南山村,
B2094652D364A5FC409D,林氏宗祠,120.423765,27.167632,福建省宁德市福鼎市沙埕镇林氏宗祠(马沙线),
B2094651DA6EAAFF4898,林氏宗祠(天台新中镇中心小学西北),120.809545,29.154916,峇黄线附近,
B2094652DA6BABFB439B,林氏宗祠,114.861809,22.635977,213县道,
B2094653D56AA0FF449A,林氏宗祠,117.24461,29.51614,江西省景德镇市浮梁县蛟潭镇林氏宗祠,
B2094652D26AA1FF419D,林氏宗祠,122.09311,30.1133,定海区五三线,
B2094652D36CA7F8419F,爱心幼儿园(上井林氏宗祠西南),119.22074,25.97043,福建省福州市闽侯县南屿镇优师教育(南屿校区)闽馨幼儿园,
B2094652D36CA7F8469F,上井林氏宗祠,119.222136,25.971536,江南路与117县道交叉口东300米,
B209425CD06FA2FD469B,深圳青年美术馆,114.1040918,22.5483229,青年广场东厅(红岭地铁站B口步行70米),
B209425CD36DA1FD479B,崖头顶,114.560209,22.47934,,
B209425CD264A7FC459D,深圳仙湖植物园-大雄宝殿,114.1824566,22.5773727,莲塘仙湖路160号仙湖植物园内,
B2094253D56CA6FB4593,百旺休闲钓鱼场,113.9648399,22.6334351,阳台山森林公园(南侧),
B2094253D469A2F5479E,下文山湖,113.9330916,22.5308938,南海大道3688号深圳大学学术交流中心,
B2094253D46DA1FB489A,深圳欢乐谷-矿山车站,113.981305,22.542492,侨城西街1号深圳欢乐谷,
B2094253D76EA2F5469F,碧谷流岚,114.185451,22.615259,望桐路512号,
B2094253D76EA2FD469E,大窝岭,114.222128,22.73674,龙岗区,
B209425DD16CA7FE439C,大窝岭郊野径连心路(出入口),114.215742,22.743384,连心路167号,
B2094552D56CA5F9439F,大窝岭,111.9618689,23.0103445,云浮市云安区,
B2094253D168A0F84193,大窝岭,114.352666,22.675316,广东省深圳市坪山区,
B2094357D26AA4F4459F,大窝岭郊野径驿站,114.223838,22.7348754,广东省深圳市龙岗区龙城街道龙岗儿童公园,
B209455DD365A5FD439C,大窝岭,112.4228969,25.5831721,郴州市嘉禾县,
B2094552DB6BA0F5439A,大窝岭,113.2821444,23.4257253,广州市花都区,
B2094552D56DA5FF4092,大窝岭,110.2659072,21.9877532,玉林市陆川县三八五县道,
B2094552DB6BA1FF4099,寻岭大窝,113.4624572,23.3415019,广东省广州市白云区莲塘白玉兰森林公园,
B2094553D36CAAF54898,大窝岭,108.1773267,27.1003726,黔东南苗族侗族自治州施秉县,
B209455CD36DA4FC4699,大窝岭,116.3141342,26.3158639,赣州市石城县南苑路,
B209455CD36FA5FC459F,大窝岭,114.0860378,29.0198755,九江市修水县,
B209455DD26CA2FC4293,大窝岭,112.0258057,25.6279466,永州市宁远县,
B209455DD26DA7FA489B,大窝岭,112.8063112,25.5718584,郴州市北湖区,
B209455DD26DA4F54693,大窝岭,112.428234,25.5126094,郴州市临武县,
B209455DD064ABFA4693,大窝岭,112.4734538,26.105599,郴州市桂阳县,
B209455DD66BAAFD4899,大窝岭村,112.243318,25.8321061,湖南省永州市新田县新圩镇,
B2094253D665A4F5449B,深圳自然博物馆,114.362454,22.692312,坪山燕子湖片区,
B2094253D66BA3FF479A,大岭古,114.3427956,22.6186967,广东省深圳市盐田区,
B2094252D164A4F5449A,大岭古别墅区,114.0904755,22.809904,大岭古街与诸佛岭同兴街交叉口西北100米,
B2094552DB6BAAFD459D,大岭古,114.0909282,22.8114193,东莞市塘厦镇宏业南七路15号130室131室,
B2094457D368AAF4439C,大古嶺,121.3531332,23.3606593,,
B2094252D065A5FC4498,大岭古,113.7361,23.24412,广东省广州市增城区,
B2094552D46FA7F5409E,大岭古,114.9975073,23.3692153,河源市紫金县,
B2094552D46AA4FC469E,大岭古,114.6128158,22.9114667,惠州市惠东县,
B2094552DB6BA2FD459B,大岭古,113.1033752,23.4393251,广州市花都区,
B209425CD165A4FB4192,大力桨板俱乐部,114.3137437,22.5960912,大梅沙盐梅路35号,
B2094253D668A4FE419B,三杆笔,114.5035454,22.6687574,广东省深圳市龙岗区,
B2094253D668A2F9409B,卡鲁冰雪世界,114.079478,22.718136,观澜湖生态运动公社内(东南角),
B2094653D26BA2F54398,西丽水库公交站,113.95874,22.58967,广东省深圳市南山区西丽街道西丽湖路,
B2094452D265A7FB4093,西丽水库桃花林,113.96887,22.608126,广东省深圳市南山区 沙河西路,
B2094253D66FA3FD4992,西丽水库,113.9639164,22.6044742,广东省深圳市南山区,
B2094253D66CABFC4493,深圳市大芬美术馆,114.138523,22.609886,大芬油画村大芬美术馆,
B2094653D268ABFB4293,大芬美术馆,114.138523,22.609886,大芬油画村大芬美术馆,
B2094253D66CA6FD489E,弘法寺-经堂,114.1816399,22.5770134,莲塘仙湖路160号仙湖植物园内,
B2094253D16AA3F5479D,五丰草莓园,114.3633572,22.7261411,盘古石五丰路与盘龙路交叉路口往东南约80米,
B2094253D16FAAFE489D,正坑水碧道,114.1809447,22.608865,南天门伯公庙西侧240米,
B2094253D36DABF4499E,大筒仓TheSilos,113.8965756,22.4673785,海湾路8号(左炮台东地铁站A口步行450米),
B2094253D26BA5FB489D,黄氏宗祠(江夏堂),114.3578563,22.7203989,龙田街道老坑社区松子坑路,
B2094253D269ABF5489D,宝安西湾红树林公园-2号观海台,113.8371856,22.5863497,西湾红树林公园,
B2094253D26EA1FE4599,中英街滨海栈道,114.231684,22.541254,港西面滨海栈道,
B2094252D568AAF44892,蟳蜅妈祖庙,118.6524493,24.8546415,福建省泉州市丰泽区浔埔村,
B2094652D06CA1FD4093,妈祖庙,119.148041,25.089955,湄洲岛北端牛头尾山麓,
B2094554D06BA4F8469E,泗阳妈祖文化园,118.697413,33.6957258,众兴镇船闸大桥西,
B209425CD76BA2FD4898,蟳埔妈祖庙,118.6523774,24.8548156,蟳埔村,
B2094252D369A0F8499B,湄洲岛国家旅游度假区-妈祖庙,119.148041,25.089955,湄洲岛北端牛头尾山麓,
B2094452D265A2FD4699,天后宫,114.7588144,22.6896341,惠州市惠东县凤嘴路1号,
B2094652D36BA2FB449F,妈祖庙,119.653947,27.072013,城南溪口2号,
B2094656D065AAF5449A,蚕沙口妈祖庙,118.62731621245824,39.228573460176754,河北省唐山市曹妃甸区柳赞镇曹妃甸蚕沙口天妃宫景区(妈祖庙),
B2094355DA6EABF9489A,湄洲妈祖祖庙,119.145279,25.090426,莆田市秀屿区湄洲岛,
B2094653D769AAFF4098,妈祖庙,109.0757593,21.476134,北海市海城区军民共建路北海市海城区地角小学西侧约280米,
B2094253D269ABFF459F,海丰县大德妈祖庙旅游区,115.559753,22.83674,大湖镇,
B2094252D265A7FD4999,拉树房妈祖庙,121.627021,39.07382,大连湾街道拉树房村,
B2094652D06AA1FF489E,北门妈祖庙,117.616751,24.119272,朝阳路90号,
B209465DD26EA0F4409E,妈祖庙,110.589434,19.157185,博鳌镇博鳌村,
B2094651DA64A7F4499D,钓浜水坑妈祖庙,121.641937,28.298228,浙江省台州市温岭市石塘镇钓浜水坑妈祖庙温岭石塘半岛旅游度假区,
B2094253D369ABF9459B,妈祖庙海滨浴场,121.626611,39.0741895,大连湾街道沈海高速公路妈祖庙,
B2094752D16FA1FF409F,妈祖庙,113.562332,22.158191,中国澳门妈祖庙,
B2094753D36BA5F54893,妈祖庙,109.7675234,18.3105839,海南省三亚市海棠湾镇蜈支洲岛旅游风景区内,
B2094253D169A0FE489C,妈祖庙,121.6270241,39.073828,大连湾街道拉树房村,
B2094252D06AA6FB4298,北洋港妈祖庙,110.49419,20.02117,国营桂林洋农场桂林洋经济开发区林海一路,
B209425CD16BA2FE4892,女娲滨海公园-女娲补天,113.9174824,22.4809883,蛇口海上世界,
B209425CD46DA1FE439C,碧岭瀑布群步道,114.2938089,22.6489617,坪山街道坪马线公路马峦山郊野公园内(西侧),
B2094251DB6DA2FB439A,龙津石塔(花塔公),113.808914,22.741802,沙井大街382号,
B2094356D26BA2FB4592,龙津石塔,113.8088786,22.7417576,深圳市宝安区沙井大街382号,
B2094354D465A2F9489E,揹仔角绿道-观景平台,114.333719,22.6021673,深葵路与盐葵路交叉口东南40米,
B2094356D269A1FD4693,深圳仙湖植物园-蝶谷幽兰,114.1762729,22.5753384,广东省深圳市罗湖区莲塘街道仙湖社区仙湖路160号仙湖植物园内,
B2094355DB64A5FF409E,中英街景区,114.2330458,22.5433429,深圳市盐田区沙头角镇中英街,
B2094753DA65A7F4439D,大鹏半岛较场尾海滩,114.513142,22.590426,大鹏新区大鹏街道鹏城社区,
B2094256D669A4FD459A,较场尾海滩,114.512889,22.590172,大鹏新区大鹏街道鹏城社区,
B2094452D265A2F4499D,深圳大鹏半岛国家地质公园博物馆,114.531016,22.528997,大鹏半岛国家地质公园内,
B2094557D56AA4F84592,大鹏半岛东西冲海岸线,114.496917,22.553913,海滨北路大鹏半岛,
B2094757D66CA3FD449D,大鹏半岛,114.49052,22.54764,广东省深圳市龙岗区大亚湾西侧,
B2094252D76BA6FB4499,深圳大鹏半岛国家地质公园,114.571709,22.521436,地质公园路,
B2094253D66CA4FE419A,大鹏半岛,114.4961334,22.4740481,广东省深圳市龙岗区,
B2094355DA69A3FE499F,大鹏半岛,114.5717053,22.521438,地质公园路,
B2094652DB6DA7FE439F,天后宫,117.022324,23.422166,隆澳路天后宫,
B2094550D068A7FA4399,天后宫,117.74377,34.557575,台儿庄古城内,
B2094554D06BA3FD449B,秉正堂石花膏(天后宫总店),118.5881716,24.8947741,天后路3号,
B2094654D468A1FF479F,南沙天后宫,113.619064,22.757265,天后路88号,
B2094757D069ABF84892,勅建天后宫,117.192677,39.143278,古文化街80号,
B2094757D664A1F4449C,王胖子酸菜坛肉馆（天后宫路店）,123.4512384,41.810486,大东区天后宫路147号,
B2094554D06AA7FD429B,天后宫,120.739059218228,37.921450204946,山东省蓬莱市西北部,
B2094757D064A7FF499D,天后宫,120.327255,36.0617,太平路19号(人民会堂地铁站A口步行170米),
B2094757D065A7FF4693,鹿港天后宫,120.431142,24.059223,中山路430号,
B2094652D66EAAFB439D,陆丰虎岛天后宫,115.64556,22.988652,陆丰虎岛天后宫(240省道东),
B2094653D168A0FA4993,天后宫,116.679436,23.447444,庵埠镇庵凤路,
B2094652D06FA4FC4192,郡泉天后宫,118.5887511,24.8952315,福建省泉州市鲤城区南门天后路一号,
B2094452D265A2FD4699,天后宫,114.7588144,22.6896341,惠州市惠东县凤嘴路1号,
B2094757D164A4F84699,泉州天后宫,118.588755,24.895235,天后路1号天后宫内,
B209445DDA6DAAFA439A,随州天后宫旅馆,113.380156,31.708418,舜井大道148号,
B2094652DB6AAAFD479E,天后宫庙,113.8924489,22.478121,广东省深圳市南山区招商街道赤湾六路9号,
B2094651D56BA0FE459A,天后宫(庆安会馆东北),121.56237,29.87242,江东北路156,
B2094757D76CA4FD429D,格林春天后宫大酒店,120.35364,31.581207,锡山区华夏南路11号丰汇广场3号门3楼(近学前东路),
B2094655D36AA7F8479A,十八街麻花(勅建天后宫北),117.18107,39.14025,鼓楼南街21号(乐佛宾馆对面),
B2094757DA6CA2F4419F,天后宫公园,113.385006,22.595493,港口镇茂生街38号,
B2094355D26CA2F4479E,茅洲河碧道,113.9164432,22.7805698,广东省深圳市光明区,
B2094252D26DA7F9459A,茅洲河碧道试点段建设项目(宝安段)项目部,113.84663,22.792562,海滨大道乔山尾工业园东北侧约170米,
B2094350D265A3FE4492,茅洲河碧道长安镇段,113.809949,22.7828786,广东省东莞市锦盛路,
B2094354DB6BA7F8489D,风门坳牌坊,113.9563952,22.6505881,深圳市宝安区(羊台山森林公园),
B2094354DB6AAAFE439A,福海河,113.779908,22.7035149,广东省深圳市宝安区展景路会展湾中港广场东侧约150米,
B2094354DB6FA4F94092,新洲河碧道,114.0492126,22.5325137,广东省深圳市福田区广播电台路,
B2094354D56EABFB4399,鲲鹏径第八段梅林山大脑壳顶福田与龙华界碑,114.047606,22.582581,大脑壳-神秘车酷S东北侧120米,
B2094354D56DA7FF4792,大南山公园荔林登山口,113.9056296,22.5066186,东滨路357号-359号荔林公园内(西侧),
B2094354D46BA1F84693,西涌暗夜天文馆,114.532502,22.47901,南西路23号,
B209425CDB68AAF4439D,尼克汪汪队主题水乐园,113.991429,22.526159,深圳欢乐海岸购物中心3号门外广场,
B2094356D46FA6FB419F,星高度魔法村儿童公园游乐园,114.225362983,22.736778097468,盐龙大道与回龙路交叉口北侧龙岗儿童公园内,
B2094354D664A0F54698,星高度魔法村,114.225807,22.735403,龙城街道回龙埔社区儿童公园,
B2094652D36FA0F84799,将军府大酒楼,118.1705,24.53527,钟宅路854,
B2094252D36FA5F44593,将军府壹号·鸡毛店(人民公园店),104.06047245,30.659080899,四川省成都市青羊区将军街1号,
B2094753D66DA1FD4899,扶风伏波将军府主题酒店,107.8974,34.3731,"扶风陕西省宝鸡市扶风县新区西府古镇东门,近扶风新区东大街",
B209465CDA6DA1F8469F,将军府,87.54248,44.14785,新疆维吾尔自治区五家渠市人民路街道迎宾大道将军府酒店,
B209445DDA68A1F54398,婺源将军府福绥堂度假宅院,117.8034073,29.340015,思溪延村,
B2094556D56AA0FD4792,将军府古镇山庄,107.90392,34.38011,新区东大街西府古镇内,
B209475CDB6EA3F8449E,五家渠将军府大酒店,87.5420832,44.1483649,迎宾大道850号（兵团党校旁）,
B209465CD26FA3F4469D,将军府,106.28569,32.23095,四川省广元市旺苍县东河镇滨河中路386号水岸华庭,
B209425DD76BA6F84098,将军府壹号·鸡毛店(春熙路店),104.081303,30.657034,书院街道总府路1号2楼,
B2094453DA69A1F4479D,木兰天池将军府,114.286385,31.177431,湖北省武汉市黄陂区长轩岭街道木兰天池,
B2094554D06AABFF439A,将军府,120.71737,40.621765,葫芦岛兴城市兴城古城内,
B2094557D768A1FF499D,黑龙江将军府,123.9052044,47.4139867,沿江北街4号明月岛(西北角),
B2094254D468A3FF449A,将军府,122.9714713,39.6636811,辽宁省大连市庄河市环湖路与建设南三街交叉口东500米（千韵坊东南侧约280米）,
B2094253DB6BA1F54092,鸡毛店·将军府一号(武侯祠店),104.051306,30.645385,武侯祠大街123号附22号,
B2094554D064A5F44093,将军府,115.677824,24.165914,近453乡道,
B2094557D568A4F8409E,将军府,113.249064,23.101528,芳村大道东1850创意园(长堤街),
B2094554D16CA1F44298,将军府,121.619753,23.986258,花莲市中正路622巷6号,
B2094554D064A3F8409B,游击将军府,98.222534,39.802105,嘉峪关市郊外嘉峪关文物景区内,
B2094554D365A1FB4493,将军府火锅,119.96145,31.71933,定安中路14,
B2094554D16CA3FE419C,陈炯明将军府,115.34142,22.898579,广东省汕尾市城区海城镇博约街东侧,
B2094354D26BA5FB409B,观天路网红隧道茜坑端(入口),114.0241518,22.688811,观天路隧道茜坑端入口,
B2094653D26AA1FF439D,深圳湾游艇会,113.916251,22.4766553,广东省深圳市南山区望海路1199号,
B209425DDB6AAAFE459C,深圳湾游艇俱乐部,113.916349,22.482982,招商街道望海路1128号海上世界内(西北角),
B209425DD464A6FF429F,白眉石,114.0326173,22.5831663,,
B209425DD66EA4FE409D,凌云道,114.1876236,22.5597689,莲塘罗沙路2076号梧桐山风景名胜区仙桐景区,
B209425DD169A1FC4993,泰和塔,114.3428436,22.6709583,体育四路与体育二路交叉口东200米,
B209425DD06EA5F54099,深圳仙湖植物园荫生植物区,114.177045,22.5752526,莲塘仙湖路160号,
B209425DD06CA1F84392,凤凰山绿道,113.8426793,22.6654791,福凤路(凤凰山西南侧约90米),
B209425DD368A3FF489F,梧桐山大望草莓园,114.176306,22.6044262,东湖街道大望村望桐路与信告地路交叉口往东50米北侧,
B2094652DB68A7F9429A,光明滑草游乐园,113.962991,22.754429,清和路旁,
B209445DD464A2FF489F,澳门巴黎人酒店(TheParisianMacao),113.567185,22.140818,澳门路氹金光大道连贯公路,
B2094254D06FAAF54498,澳门巴黎人,113.5667243,22.140641,"澳门路凼金光大道连贯公路,近路凼城大马路",
B2094554D064ABFC4098,巴黎人剧场,113.56791,22.140306,澳门路氹金光大道连贯公路澳门巴黎人酒店5楼,
B2094554D064A3FB429E,澳门巴黎人埃菲尔铁塔,113.567809,22.14063,澳门路凼金光大道连贯公路澳门巴黎人5楼,
B2094554D56DA1FB4993,巴黎人 Brasserie(澳門路店),113.56146,22.14378,澳門路氹金光大道連貫公路,
B2094257D26DA4FC429B,澳门巴黎人娱乐场,113.56696,22.1406,澳门特别行政区路凼城澳门特别行政区路凼城路凼金光大道连贯公路,
B2094256D76EA0FB499A,御莲宫(澳门巴黎人购物中心),113.5660399,22.1403898,路凼城大马路与路凼连贯公路交叉口西北200米澳门巴黎人购物中心L3层,
B209425DDB65A7F4439D,澳门巴黎人,113.32283,22.931824,横江南二苑大街与横江南三苑八巷交叉口西北40米,
B2094252D56BA2FB429A,澳门巴黎人综合度假区,113.56712,22.140882,澳门特别行政区路凼城路氹连贯公路,
B2094252DB6FAAF54999,澳门巴黎人,121.2730181702,31.192152519579,上海市青浦区徐泾镇双联路168号,
B2094257D76BA5FC489C,翡翠拉面小笼包(澳门巴黎人店),113.5664646,22.1412533,路氹金光大道连贯公路澳门巴黎人1层3122号,
B2094653D36FA0FC499C,佛山金腾明珠大酒店,113.12709,23.01497,禅城区文华北路243号岭南明珠体育馆大众馆,
B209475CD66FA0FC429A,澳门银河酒店,113.5587569,22.1460966,澳门银河综合度假城,
B2094757DB68A1F54093,澳門銀河酒店,113.54457200188,22.21931930006,广东省珠海市香洲区拱北街道华平路1号10幢广发花园,
B209425CD16FA1FF419E,澳门银河酒店大堂,113.5579851,22.1471585,排角路78号,
B209475DDA65A1F44693,澳门银河酒店,121.398269,31.166761,上海市 奥林匹克,
B2094252D564AAFA4193,澳门银河酒店东翼广场,113.5597695,22.1467529,排角路与地堡街交叉口南160米,
B2094757D66DA2F94299,澳门银河酒店娱乐场,121.4706261,31.296301963,上海市虹口区凉城新村街道锦苑小区(汶水东路)锦苑小区(凉城路),
B209425DD36DABFC409C,周大福(澳门银河酒店店),113.5581647,22.1465667,澳门路凼城望德圣母湾大马路(澳门银河)渡假城G006号铺,
B2094453D46BA3F5459C,澳门银河娱乐度假酒店快富站美食,113.556175,22.1486,路氹望德圣母湾大马路,
B2094551D06EA1FB489B,三亚亚特兰蒂斯酒店,109.744974,18.357051,海棠北路36号,
B2094253D66BA2F4459D,三亚亚特兰蒂斯酒店·松鹤楼,109.7449756,18.3570681,海棠北路亚特兰蒂斯酒店L楼,
B2094257D76EA5F8479B,三亚亚特兰蒂斯酒店·宴会厅,109.73325,18.326944,海棠湾海棠北路,
B2094257DA69AAFF4898,三亚亚特兰蒂斯酒店-健身房,109.74522,18.357344,亚特兰蒂斯·棠岸,
B2094554D268A7FE4193,佰顿商务酒店(文华新天地岭南明珠体育馆店),113.129506,23.020318,祖庙街道办忠义路51号,
B209445DDA6DA0F84699,四季苹果酒店(北京万达广场店)(原苹果酒店),116.233235,39.8887937,吴家村三顷地甲2号,
B2094256D66DA3F54093,北京四季酒店·MIO,116.4665684,39.9499752,亮马桥路48号四季酒店三层(近燕莎商城),
B2094750DA64A7F5449A,北京四季酒店,116.466623,39.949985,亮马桥路48号(亮马桥地铁站B东北口步行340米),
B209475CDB6AA6FD4499,北京星河湾四季会酒店,116.5265367,39.926185,北京市朝阳区青年路四季星河路6号,
B2094554D16DA6FB449D,倪氏海泰大酒店(北京四季青店),116.2767629,39.9583352,北京市海淀区远大路39号—2号院,
B2094554D269AAF4459F,橄榄树四季温泉酒店(北京良乡大学城店),116.1652164,39.7239356,良乡长虹东路2号,
B2094251D564A1FA469A,北京四季酒店·OPUS,116.46663,39.949997,亮马桥路48号北京四季酒店一层,
B2094654D265ABFE4792,北京克拉玛依雪莲宾馆,116.310026,39.870828,西局南街17号,
B2094557D46FA4F8449A,北京亚泰四季酒店,116.70076,38.68644,红木城东800米,
B2094654D16EA3FF4393,金泰之家连锁酒店北京四季青店,116.27672,39.93791,北京市海淀区西四环北路136号（近定慧桥五路居出口 ）,
B2094252D368A6F94199,北京四季酒店-大堂酒廊,116.46648,39.94995,亮马桥路48号北京四季酒店1楼,
B2094757D069A0FB479B,北京名华四季国际酒店,116.2245881,39.9559228,北京市海淀区杏石口路89号,
B209425DD06EA2F5479E,北京海淀四季青亚朵X酒店,116.2715996,39.9541323,四季青路7号院1号,
B209445DD464A4F44899,北京四季酒店式公寓三里屯店,116.4561,39.9241,呼家楼朝阳北路235号复地国际公寓3层(朝阳医院，三里屯太古里，工体，复兴国际中心),
B2094550D165ABF4429C,北京四季鸿酒店,-1.006507,-1.006012,北京朝阳区朝阳路7号院5号楼,
B2094255D06DA4F9489D,北京长城四季酒店,117.2691021,40.647574,龙湖长城源著一期16-106,
B209425CDB6FA2F54099,四季国际酒店(十堰北京中路大学城店),110.8036976,32.6254296,天津路48号,
B209445DD56CA3F5459C,美家精品酒店公寓(北京五道口唐宁ONE店),116.3352191,39.9891213,北京市海淀区中关村东路16号院龙湖唐宁one2号楼,
B2094254DA6FA7FB469D,皇朝大酒店(新蒲店),107.036397,27.709361,林达阳光城7号楼一层,
B209445DD46AABFF409A,三亚艾迪逊酒店,109.749329,18.365301,海南省三亚市海棠区海棠北路100号,
B2094250D06DA7FD409A,海滩烧烤餐厅(三亚艾迪逊酒店),109.75097,18.36351,海棠北路100号(近三亚国际免税城亚特兰蒂斯水世界及水族馆),
B2094253D16FA4FC4999,三亚艾迪逊酒店·海滩俱乐部BEACH CLUB,109.74957,18.364265,海棠北路100号三亚艾迪逊酒店G层,
B2094253D16FA3FE459D,三亚艾迪逊酒店·星空吧SKY BAR,109.749235,18.3640544,海棠北路100号三亚艾迪逊酒店12F,
B2094252DA6DA6FD489F,三亚艾迪逊酒店·天鹭 EGRET,109.74957,18.36423,海棠北路100号三亚艾迪逊酒店G层,
B2094253D16AA1FD479A,三亚艾迪逊酒店·海滩烧烤BARBACOA,109.7495015,18.3638056,海棠北路100号(近三亚国际免税城、亚特兰蒂斯水世界及水族馆),
B2094250D06DA3F94193,三亚艾迪逊酒店-海湾泳池,109.751141349,18.364182698,海南省三亚市海棠区海棠北路100号,
B209425CDB6AA1FB4793,三亚艾迪逊酒店·晋餐厅MARKET,109.749174,18.364712,"海棠北路100号,近三亚国际免税城亚特兰蒂斯水世界及水族馆",
B2094253D66FA2FB429C,VILEBREQUIN(三亚海棠湾艾迪逊酒店),109.749313,18.364302,海棠北路100号艾迪逊酒店星合生活美学社区JH02-1,
B209425DDA6BA7F4449F,三亚艾迪逊酒店·鲜海XIAN HAI,109.749725,18.363869,海棠北路100号艾迪逊酒店G层,
B2094356D26EA5FA439B,三亚艾迪逊酒店·网球场,109.74778599537,18.364686132099,三亚市海棠区海棠北路三亚艾迪逊酒店,
B2094253D66EA7FD429A,DIOR限时精品店(三亚艾迪逊酒店一层),109.74919,18.365452,海棠北路100号艾迪逊酒店,
B2094550D66EA1FD459E,桂林温莎假日酒店,110.1878771,25.2454781,奥林匹克花园温莎城堡内,
B2094554D265A3F94699,华庭连锁酒店(珠海香洲汽车总站店),113.5651458,22.2750369,紫荆路137号,
B209445DD469A3FB4899,维也纳铂金酒店,115.38972,28.40212,环城南路新高安二中正对面,
B2094652D06FA4F8429C,铂金酒店,118.610402,24.884557,泉秀路中心站对面,
B2094757D064A2F5449F,铂金国际大酒店,119.916794,31.782784,常州市五星街道星园路,
B2094757D064AAFC4792,金太阳铂金五星级大酒店,112.90411024,23.154622768,三水区西南广海大道东2号,
B2094255DB64A4F8489B,三亚洛克铂金海景酒店,109.496166,18.258664,三亚湾路49号,
B209445DD469A3FC409E,御荷源铂金酒店,113.94025,27.13638,二环路西(县法院后门),
B2094255D16EA3FA469B,绵阳铂金时代酒店,104.677305,31.471044,普明南路116号,
B2094557DA6AA1FA4399,铂金湾休闲度假酒店,126.0710658,42.6907186,"吉林省通化市辉南县朝阳镇朝阳大街550号御龙苑东侧,近爱民大街",
B209445DDB68A2FB4292,天柱山铂金汉宫大酒店,116.5918,30.6308,潜阳路198号铂金汉宫大酒店(近滨河路和潜阳路交口),
B2094753D66DA1FF469F,图腾铂金酒店（成都人民南路美领馆店）,104.0659,30.6284,人民南路4段12号华宇蓉国府4号楼(来福士广场对面，省体育馆旁),
B2094757DA69A7FB409C,成都润和柏栎酒店,104.0663126,30.758227,四川省成都市新都区先驱大道2号,
B2094551D26EAAFA4999,重庆众芸铂金酒店(江北国际机场t3店),106.655078,29.708913,两路镇机场路重庆江北国际机场T3A航站楼国内达到口,
B2094255DB6FAAF4459C,喜园铂金大酒店,114.41154,27.81309,宜阳大道239号宜春天虹购物中心,
B2094551D26EA4F4499F,威信铂金文化大酒店,105.0361332,27.8444596,扎西镇环城西路168号,
B2094257D56BA7FF4593,惠州裕华铂金酒店,114.449436,22.778139,白云二路81号,
B2094753D66DA3F4409C,丽水威豪·铂金酒店,119.940651655197,28.4491993451299,丽青路451号,
B2094256DB6CA6FB439C,杭州费尔曼铂金大酒店,120.134474,30.289826,教工路195号,
B209445DDB64A2F84698,皇冠铂金酒店,114.52398,26.31478,川江路12号,
B2094753D66DA2F9449C,昆明怡雅阳光铂金酒店,102.7786,24.9452,商盛街新螺蛳湾国际商贸城二期6号写字楼(公交车站对面),
B2094655D56EA0F4449B,观湖铂金公寓酒店,114.2770939,30.593885,台北路云林街65号,
B2094554D16CA5F94693,石梅湾威斯汀度假酒店,110.281966,18.66637,滨海大道1号石梅湾旅游度假区,
B2094257D664AAF4459F,石梅湾威斯汀度假酒店-活力沙滩,110.2830479,18.6655824,礼纪镇滨海路1号,
B2094354DA6DA7FD499E,万宁石梅湾威斯汀度假酒店,110.281932,18.6663768,海南省万宁市滨海路1号,
B2094251DB68A5F5449A,石梅湾威斯汀度假酒店-星空吧,110.28202,18.66661,礼纪镇石梅湾威斯汀酒店三楼,
B2094252D165A1FE4398,石梅湾威斯汀度假酒店汀吧,110.28216,18.666368,滨海路1号(华润石梅湾九里),
B2094251DA69A3FB4193,石梅湾威斯汀度假酒店-品味餐厅,110.28202,18.66661,石梅湾旅游度假区滨海路1号石梅湾威斯汀度假酒店2楼,
B209425DD76CA4FD4893,石梅湾威斯汀度假酒店大堂,110.2819634,18.666685,滨海路与海田路交叉口东南280米,
B2094653D06AABFE479D,盛景商务酒店,113.40038,22.50904,中山市东区东裕路93号  ,
B2094653D06AABFE479F,盛景商务酒店卡拉OK,113.40167,22.50901,广东省中山市东区街道东裕路盛景·尚峰中央生态花园,
B209445DDB65ABF54292,泰安快乐驿站商务酒店,117.1291664,36.1845483,山东省泰安市泰山区青年路5号,
B2094550D76DA3FD499A,盛景华庭商务酒店,104.15062,29.99062,金马路二段176,
B2094256D765A4FB4992,国资盛景商务酒店-会议室,132.19601,46.32602,中央大街683号,
B209445DD565A1F4409F,全季酒店(昆明西山区碧鸡广场店),102.6704157,25.0380648,云山路357号,
B2094554D26CA0FB429B,星座主题酒店(珠海金鼎景峰广场店),113.565274,22.275905,紫荆路189号,
B2094653D265AAFF4093,金银桦酒店,113.565234,22.276962,银桦路1号(香洲汽车总站对面),
B2094653D26EA7F44698,深圳福田香格里拉大酒店,114.0570841,22.536264,广东省深圳市福田区福田街道益田路4088号,
B209465CDB68A7FD449A,香港半岛酒店,114.17672,22.292434,尖沙咀弥敦道19-21号7-9pak Hoi Street,
B2094757D068A4FF4792,香港半島酒店（The Peninsula Hong Kong）,113.832477222,29.4754353165,香港九龍尖沙咀梳士巴利道22號,
B2094656D26CA3FB489A,香港半岛酒店,108.89897,34.2436,莲湖区高新南二环西段60号永安大厦裙楼,
B209425DD66AA3FE409A,CHANEL(香港半岛酒店店),114.1771381,22.292593,"555轩尼诗道,城市大学",
B209425DD465A2F4479D,香港洲际半岛酒店,114.17274,22.317476,旺角上海街653-655号2楼,
B2094651D56EA3FE4198,博雅花园酒店,120.756364,30.740771,迎宾大道88号,
B2094554D268ABFC409C,昆明都市空间公寓酒店,102.667859,25.031963,滇池柏悦小区2栋16楼1622室,
B2094255DA6CA2FF489E,维也纳酒店(贵州遵义新蒲日月星城店),107.035426,27.702448,长征大道日月星城一号楼(长征大道64号),
B209445DDB69A2F4409C,咸阳悦都公寓酒店,108.7105,34.3296,团结南路国润翠湖1号楼商业街内,
B2094557DB65A2FE479C,华尔富商务酒店,114.4266,23.1074,江北期湖塘路3号,
B2094550D66CA0F9419F,伯爵世家酒店(铜陵吾悦天地店),117.814928,30.946523,北斗星城C4座,
B209475CDB6EA1FD4098,伯爵世家连锁酒店（马鞍山店）,118.5219627,31.7011356,湖北东路461号伯爵世家酒店(马鞍山高铁东站店),
B2094651D169A0F94793,伯爵世家酒店,117.263695,31.827306,金寨南路1022号,
B2094554D264A1F8419F,伯爵世家连锁酒店(合肥南七店),117.2636567,31.827291,安徽省合肥市包河区金寨南路1022号,
B2094757DB6DA6FD4092,伯爵世家酒店双岗店,117.2871718,31.8791132,安徽省合肥市庐阳区濉溪路87号国金大厦1楼,
B2094554D16DAAF9439A,伯爵世家连锁酒店(蚌埠火车站店),117.3765635,32.944193,淮河路216号,
B2094253D06EABF9449C,伯爵世家酒店(肥东星光国际店),117.4659828,31.8878349,伯爵世家酒店星光国际北门旁,
B2094251DA68A4FB4693,伯爵世家酒店(乃东店),91.7572493,29.2352634,三湘大道市公安局南侧,
B209445DD46BA0FB479B,伯爵世家酒店（长兴海兴路店）,119.91855,30.99526,海兴路73-75号(雉城派出所斜对面),
B2094554D264AAF44793,伯爵世家连锁酒店,117.31956,31.88754,北二环156号竹溪大厦,
B2094253D468A6FC4498,嘉兴伯爵世家酒店,120.779806,30.742891,凌公塘路与中环东路交叉口,
B2094251D665A6F8489B,伯爵世家酒店(蒙城天河广场店),116.5589367,33.2429145,政通路与嵇康路交口天河广场一楼,
B209425CD76FA1F84799,伯爵世家酒店(徐州店),117.177765,34.215479,泰山街道三环南路30号云泰悦府18号楼,
B209425DD46CABFC4198,伯爵世家酒店(阜阳八里松路双清湾店),115.8048847,32.8568717,阜阳开发区京九街道八里松路丽丰凯旋门南门5栋写字楼,
B2094252D665A5FC449E,伯爵世家酒店(长兴中心广场店),119.90364,31.005714,县前西街与道园路交叉口(老人民广场对面),
B2094350D26DA2FD4092,伯爵世家酒店(滁州市政府店),118.3353211,32.2478773,南谯区龙蟠街道世贸购物生活广场1号楼,
B2094753D66DA5FB4498,"澳门威尼斯人-度假村-酒店,(The,Venetian,Macao,Resort,Hotel)",113.565316,22.144794,氹仔金光大道望德圣母湾大马路,
B2094550D26DA1FE439A,林湖驿站公寓式酒店,108.7105,34.3298,团结路南口国润翠湖1号楼(近秦皇中路),
B2094557D46FA4FD409D,恒8连锁酒店绍兴(奥林匹克中心店),120.58068,30.03747,凤林西路265号,
B2094757D069A2FF449A,太仓锦江国际酒店,121.127336,31.451859,上海东路89号,
B2094656D068A1F9409A,电谷锦江国际酒店,115.4667839,38.9074289,保定国家高新区高新区创业路122号,
B2094650D569ABFD499B,常州锦江国际大酒店,119.980598,31.83501,江苏省常州市新北区通江中路599号,
B2094454D769A3FA439E,九华锦江国际酒店,119.43029,32.186153,南徐大道66号,
B2094655D465ABFC4793,武汉锦江国际大酒店,114.270489,30.596562,建设大道707号,
B2094757D165A0FC419E,赣州锦江国际酒店,114.9115997,25.8512728,金东北路88号,
B2094757DB6DA5FE4999,信阳锦江国际大酒店,114.128835797,32.14099783,浉河区羊山新区新四二大街(近新七大道),
B209445CD26EA6F9439A,锦江国际酒店,87.606877,43.822526,南湖南路西三巷3号,
B2094757D165A5FD4493,旷远温德姆酒店,119.033736,25.436226,海丰中街1118号,
B2094657DB65AAF94199,内蒙古锦江国际大酒店,111.68065731921321,40.812884409016505,呼伦贝尔南路119号,
B2094652D76BA2F94799,宜昌均瑶锦江国际大酒店,111.2943029,30.7046232,西陵一路51号,
B209475CDB6EA1F9419D,仁寿嘉斯曼锦江国际酒店,104.1516352,30.01437181,城北新区龙滩大道9号,
B2094757DB6EA0FE479D,自贡英祥锦江国际大酒店,104.7715439,29.3329498,汇兴路333号,
B209445DD564A5FA459A,天明锦江国际酒店,114.696999,33.639353,平安路西段16号,
B2094757D464A4FF449B,沈阳海韵锦江国际酒店,123.388587,41.797906,兴工北街64甲,
B2094655DB6DA4FA4692,世代锦江国际酒店,104.061857,30.6479265,下南大街59号,
B209475DD16EA3FE4098,遂宁东旭锦江国际酒店,105.5984458,30.5181183,遂宁市船山区五彩缤纷路遂宁东旭锦江国际酒店,
B209445DD165A1FD459E,常州锦江国际大酒店西餐厅,119.9806,31.8348,通江中路599号(黄河路),
B2094652D564A5FE4492,青和锦江国际酒店,110.547836,29.3495073,军邸路1号,
B2094753D66DA2FC499E,泰华锦江国际大酒店(康巴什店),109.786937,39.598285,文化西路与普阳街交叉口西北100米,
B209445DDB6AA3F5459B,常州柏臣精品酒店,119.9647,31.8113,通江大道兴业路翡翠锦园7-1(三井大厦旁),
B2094255D16EA7F94793,丽枫酒店(廊坊市政府店),116.677523,39.541406,华夏幸福城雅园22号楼,
B2094254DA6FA7F84999,星程酒店(昆明西山区政府店),102.66718,25.03944,兴苑路112号,
B209445CD76EA6F44299,永利皇宫,113.576099,22.144773,澳门特别行政区路氹填海区永利皇宫,
B2094254D068A2FA4998,澳门永利皇宫酒店(Wynn Palace),113.576096,22.1447774,澳门路氹体育馆大马路西50米,
B2094251D56EA6F84499,永利皇宫Wynn Palace-永利宫,113.57608,22.14551,邻近体育馆大马路永利皇宫酒店首层,
B2094256D76CAAFA4899,永利皇宫Wynn Palace-永利扒房,113.5756,22.14473,路凼体育馆大马路永利皇宫首层,
B209425CDA6BAAF44393,澳门永利皇宫,114.26894,22.721075,建威路与建新路交叉口东南100米,
B2094251DB6DA4F9429E,永利皇宫Wynn Palace-泓,113.575594611,22.144698665,澳门特别行政区路凼城永利皇宫,
B2094557D768A4F9489B,永利皇宫观光缆车,113.582594,22.150646,澳门特别行政区澳门路凼城路凼城机场大马路西,
B2094251D56FA1FD499A,永利皇宫娱乐场,113.57783,22.14459,澳门特别行政区路凼城路凼体育馆大马路,
B2094557D56AA3F44892,永利皇宫缆车,113.569399966643,22.14848320502,中国澳门永利皇宫,
B2094253D66CA6FE499D,泓”日本料理(永利皇宫店),113.5765863,22.144841,机场大马路与溜冰路交叉口西240米,
B2094252DB6BA6FD4999,永利皇宫表演湖,113.543873,22.198745,澳门特别行政区澳门半岛澳门路凼城路凼城机场大马路西50米,
B209425CD26DA7FD4793,永利扒房(永利皇宫店),113.5762421,22.1445947,澳门路凼城体育馆大马路永利皇宫北名店街地面层,
B2094252D66FA5F54993,永利皇宫观光缆车站,113.57429,22.145157,澳门特别行政区路凼城路凼体育馆大马路(永利皇宫),
B2094257D565A3FE479D,澳门星记猪骨(凯德永利皇宫店),104.0692,30.6027,天仁路388号凯德・天府6层,
B2094354D064A3FB499E,Wynn Palace VERTU(永利皇宫),113.575499,22.14383,体育馆大马路,
B2094252D464A6FF4599,永利皇宫Wynn Palace-甜艺廊,113.57608,22.14551,澳门特别行政区路凼城路凼填海区邻近体育馆大马路永利皇宫酒店首层,
B2094252D56DA7F9429D,永利皇宫缆车站,113.57449,22.145113,澳门路凼城路凼城机场大马路西50米,
B2094253D068A4F44893,如珠如包(永利皇宫店),113.57608,22.14551,路凼体育馆大马路永利皇宫首层,
B2094251D36FA0FC4299,伯爵(永利皇宫店),113.575493899,22.145164799,澳门特别行政区路凼城路凼城体育馆大马路澳门永利皇宫9号店,
B2094251D764A1FB499C,小意.大利(永利皇宫店),113.57608,22.14551,澳门特别行政区路凼城路氹城体育馆大马路永利皇宫首层,
B209445DD56EAAFB469D,花样年华榆悦酒店,113.91932,35.29482,金穗大道与新一街交叉口东南角宝龙公寓北座,
B2094653D06FA1FF469E,湛江环球大酒店,110.369134,21.261984,椹川大道北366号,
B2094554D16EA6F4479E,环球国际酒店,110.369134,21.261984,椹川大道北366号,
B209465CD369A3F9479B,林源大酒店,104.83072,26.58897,贵州省六盘水市钟山区黄土坡街道向阳南路21号院鑫昊宾馆(向阳南路),
B2094554D16CABFF4792,林芝林源大酒店,94.366001,29.656678,福清路202号,
B2094255D66EABF94492,林源大酒店,116.57925,31.35577,安徽省六安市舒城县五显镇石笋路,
B2094757D169A3F9439C,银川戴斯酒店,106.2397969,38.484363098,银川泰康路9号,
B2094757DA6EAAF9489D,银川灵武中银戴斯酒店,106.3283,38.0935,南熏路西湖公园内,
B2094656D16BA4FB4792,广厦商务酒店,115.67098,37.74201,育才南大街29号,
B2094650D569ABFD499B,常州锦江国际大酒店,119.980598,31.83501,江苏省常州市新北区通江中路599号,
B2094757D064A2F5449D,环球恐龙城维景国际大酒店,120.0105,31.817795,河海东路56号,
B2094653D06FA1FF469E,湛江环球大酒店,110.369134,21.261984,椹川大道北366号,
B2094554D16EA6F4479E,环球国际酒店,110.369134,21.261984,椹川大道北366号,
B2094757D168A3FA4692,常州环球恐龙城维景国际大酒店,120.0104685,31.8177787,江苏省常州市新北区河海东路56号,
B2094256D56CA3F84499,安达曼国际酒店(百色龙景街道环球商业中心店),106.629776,23.887918,龙景街道利荷路LJ01-0903地块,
B2094757DA6DABF5479B,环球国际大酒店,108.3059078,22.794399,五一东路7号,
B2094254DA6FA7FD4492,维也纳国际酒店(成都环球中心新会展中心店),104.0767998,30.5473558,成都高新区中和大道一段6号汇城国际,
B2094256D46DA5FB4292,维也纳国际酒店(宁波南部商务区罗蒙环球城店),121.5486487,29.8027776,泰安中路229号(南部商务区地铁站C口步行460米),
B2094253D66DA4F8479B,北京通州环球度假区美仑国际酒店,116.667637,39.877731,梨园镇云景豪庭347号C座南门,
B2094251D065A0FE4398,纽宾凯国际酒店(仙桃环球中心店),113.4572958,30.3692914,环球中心广场南门A9栋,
B2094254D56AA7FD439D,乌鲁木齐环球国际大酒店,87.57569,43.841445,北京南路76号,
B2094253D66AABFB489D,喀什南疆环球港国际酒店,75.947518,39.4650666,西域大道291号,
B2094253D268ABFB439F,月星南疆环球港国际酒店,75.94752,39.465105,新疆维吾尔自治区喀什地区喀什市西域大道291号,
B209425DD565AAF4489D,环球国际酒店,110.3004987,25.2770058,解放东路一号,
B209445DDB6FA5F5409D,重庆环球半岛国际大酒店,106.579863,29.556245,邹容路50号环球半岛国际商务大厦9-10楼,
B2094255D56EA1F8479D,茂名环球国际影城(汇丰大酒店汇丰广场店),110.91788,21.664093,油城四路263号汇丰广场3楼,
B2094453D569A6FB4793,环球国际大酒店餐厅(五一东路店),108.30586,22.79438,五一东路7号环球国际大酒店7楼,
B2094557DA6AA7FE429C,武汉环球国际套房式酒店公寓(楚河汉街店),114.337454,30.557894,万达SOHO环球国际中心A座1号楼,
B2094551D568AAFA4798,维也纳国际酒店(宁波南部商务区罗蒙环球城店),121.54848,29.80281,泰安中路229号,
B209445DD46AABFE4199,开元颐居度假庄园(绍兴镜湖湿地奥体中心店),120.580319,30.054889,解放大道与梅南路交叉口镜湖湿地公园内,
B2094753D668A6FD429F,7天连锁酒店(哈尔滨新阳路店),126.6131,45.7567,新阳路219-2号(新阳路和安发街交口旁、原剑桥一中旁),
B2094757D06BA3F5479A,常州富力喜来登酒店,119.968717,31.816712,通江中路88-1号,
B2094252D16BA2F4469D,常州富力喜来登酒店 YUE 采悦轩中餐厅(新北万达广场店),119.96848,31.81653,通江中路88-1号富力喜来登酒店2楼,
B209445DD565A6FB409B,新乡聚友咖快捷酒店,113.91942,35.2942399,宝龙钻石公寓3号楼,
B2094550D365AAF8409E,沈阳艾芮达假日酒店,120.1495,30.3109,云峰南街40号,
B2094554D26EAAF84793,星期8酒店,104.8305564,26.5870512,六盘水市钟山区明湖路星期8酒店,
B2094252D765A5F4489A,阳泉星期8情侣主题酒店,113.591324,37.85304,南大街19号楼底商铺,
B209445DDB6FA0FA479B,星期8快捷酒店(焦作和平街店),113.2484,35.2418,和平东街51号(消防队东临),
B2094554D265AAF8439D,速8酒店(三河燕京理工大学店)(原星期八快捷宾馆),116.81602,39.97392,燕郊迎宾北路田园牧歌小区右侧,
B209445DD46BA1FA409C,星期8商务酒店,113.67023,34.69538,连云路100-5,
B209445DD46BA4FF479F,星期8酒店,103.85842,30.69868,南熏大道一段88号温江新客运中心前150米右侧,
B209445DDA69A5FF419A,星期8快捷酒店修武店,113.44705,35.24236,环城北路中段,
B2094557DB6CAAFB419E,安康星期8主题酒店巴山西路店,109.01654,32.683275,陕西省安康市汉滨区巴山西路230号,
B209445DD56EA7FF4793,星期8主题酒店,115.34665,38.94395,桃园街第二幼儿园正对面,
B2094557D469A4FE4092,安康星期8主题酒店金州路店,109.0183,32.6898,陕西省安康市汉滨区新城街道兴安西路32号,
B209445DDA6BA4FF489F,惠州华耀酒店,114.4250432,23.1154277,江北云山新沥路嘉荣超市旁边（近佳兆业）,
B2094254DA6CA2FE489F,芜湖苏宁环球大酒店,118.427925,31.355845,赤铸山中路999号(政务中心地铁站2号口步行410米),
B209465CDB6FA0FD409F,帝苑酒店,114.182565,22.295765,"香港尖沙嘴东部么地道69号,好时中心对面",
B2094653D36BA4FD459D,帝苑酒店,113.11788,23.0139,禅城区金澜北路5号,
B2094757D16AAAF5409F,泰山帝苑酒店,117.0749387,36.1927038,长城路48号,
B2094653D76FA1FD409D,桂林帝苑酒店,110.307122,25.282119,临江路186-1号,
B2094656DB6EA7F54198,帝苑大酒店,113.061432,34.935789,司马大道中段103号,
B2094757DB6EA3FA439B,合晋帝苑酒店,113.327192,23.0946823,赤岗路12号,
B209445DDB69A1FA479F,青帝苑快捷酒店,120.407753,36.127237,黑龙江路288号,
B2094757DA6AA1FC4593,下川岛帝苑别墅度假村酒店,112.58075836677,21.621342796863,台山市川岛镇下川岛,
B209445DDB64ABF4489F,帝苑酒店,121.1606,30.05056,宪卿第78号,
B2094757DB6DA7FC4099,利川帝苑大酒店,108.94546,30.29219,六合街62号,
B2094656D26BAAF94293,帝苑酒店,113.16451,30.66374,陆羽大道36号,
B209445DDB6AA4FE4692,福海帝苑大酒店,87.4784852,47.1155098,人民西路供大桥旁,
B209465CD16DA0FB4598,帝苑大酒店,103.379474,23.360934,兴盛路119号,
B209445DDA6CA1F94893,皇林帝苑大酒店,117.77164112403,41.954782248034,河北省承德市围场满族蒙古族自治县龙涛小区c区,
B209445DDA6CA1F84592,帝苑商务酒店,119.15015,36.59535,西华昌后二街38,
B2094555DB6EA6FD489B,帝苑大酒店,110.63804,21.65747,沿江东路146号,
B2094554D165A6FE439A,帝苑酒店(Ritz Garden Hotel),101.084103,4.589397,"86-88,JalanYangKalsom",
B2094656D165A4FC499A,速8酒店(邢台凯旋店),114.48773,37.07892,邢台市桥西区团结西大街83号,
B2094554D264A3F44893,速8酒店(邢台凯旋二店),114.4868017,37.078803,团结路西大街83号,
B209445DDB6BA4F94398,大东裕酒店,113.397854,22.50034,大东裕国际中心3座,
B2094652D368A7FC449B,厦门天鹅大酒店,118.092624,24.474323,白鹭洲东路3号,
B2094655D764A6FF499C,南京丽豪大酒店,118.83649,32.33341,近郊六合区雄州南路1号(近雄州东路),
B2094753D66DA1FF4493,丽豪大酒店,120.74726,30.75706,杨柳湾路237号,
B2094757DB6DAAF84392,武汉天际丽豪大酒店,114.3865661,30.6143549,和平街仁和路98号,
B2094554D16CABFA449C,丽豪大酒店,120.2708067,29.6999092,苎萝东路186,
B2094757D16CA7FF409A,浦东丽豪国际大酒店,121.758853,31.147453,浦东新区施新路958号(近川南奉公路),
B2094751D36AA3F4419B,丽豪大酒店,119.95637,31.77065,吊桥路22号金鹰百货正对面,
B2094254DA6CA2FC4593,丽江金林豪生大酒店(束河古镇店),100.22971,26.908241,西安街道清溪路202号,
B2094554D264A3F4459E,丽江豪玺大酒店,100.2317254,26.8579274,康仲路吉祥二村,
B2094254DA6FA7FC4798,上海丽昂豪生大酒店,121.600165,31.25258,金新路99号(台儿庄路地铁站2号口步行260米),
B2094753D66CA5FB4693,喀什丽豪大酒店,75.9846,39.4669,人民西路65号(商业步行街前门旁),
B2094757D569A6FE409D,丽豪大酒店,120.16758,31.98936,公新大道251号西北方向60米,
B209445DD464A2FE439A,和田天都丽豪大酒店,79.9232,37.092,迎宾路376号,
B2094354D66AA5FF429E,溪口曼特丽豪生大酒店,121.297604,29.690443,溪口镇锦堤南路200号,
B2094453D76CAAFB419D,丽豪大酒店,119.69489,30.2279,锦天路1919,
B209445DDB64A3F84699,丽豪大酒店,107.26604,30.20558,澄溪镇正大街346号,
B2094554D264A3FB4098,丽水豪登大酒店,119.9425,28.4672,丽阳街1119号(星光大道海派KTV楼下),
B2094650DB69AAF5409C,丽汀豪大酒店中餐厅,120.345825,36.08985,市北区华阳路36号丽汀豪大酒店内(近长春路),
B2094550D26CAAFF499F,豪丽大酒店,117.31161,33.31812,黄园路爱诗伦思美容美体养生馆斜对面,
B2094255D265A5FC4599,丽豪大酒店,111.23605,37.86396,山西省吕梁市方山县圪洞镇,
B2094255D06BA1FA4892,丽豪大酒店,118.63171,36.63513,山东省潍坊市青州市黄楼街道,
B209445DD76BA4FA4198,邂逅主题酒店,115.88654,28.65448,洪城路556,
B209445DDB68A3F8479A,邂逅风情主题酒店,106.61161,29.70725,华辰・财富广场B座(二号楼)8楼,
B2094550D265AAFD499B,亿旺・邂逅主题酒店,120.96946,28.10912,清远路280号,
B2094554D26EA6FA4293,邂逅筝心主题酒店,114.3703,30.51165,凯乐桂园A座6层,
B2094551D26DAAF54199,邂逅时光主题酒店,103.810217,25.4682726,月雨路243,
B209445DDA65A7FC4292,邂逅主题酒店(南浔古镇店),120.418138,30.874992,泰安路569号(新华书店对面),
B2094252D16EA1FC4498,邂逅情侣主题酒店,125.25067,43.81579,佳园路150-313号超大创业园2栋(肿瘤医院后侧),
B209445DD46DA4FD469F,抚州邂逅港湾主题酒店,116.3482,27.9794,梦湖东路666号龙梦沁园商业楼(万康健身旁),
B209445DD56FAAF54793,小城邂逅主题酒店,114.4637,37.08288,钢铁北路与泉南西大街交汇处北侧,
B2094551D768A6F9429D,武汉邂逅情侣主题酒店,114.267689,30.548508,汉阳钟家村汉商银座d座1420,
B2094554D16CAAF44393,昆明邂逅主题酒店长水机场店,102.927769,25.089885,昆明官渡区机场东路旁,
B2094551D06EA1FF439F,昆明邂逅云滇主题酒店,102.8602246,24.8584183,聚贤街80号第七街区3栋23层,
B2094551D069A2F84693,邂逅主题酒店,119.78795,33.7542,上海路城市广场2号楼正北方向50米,
B2094757DB6DA5F54099,维尼斯风尚酒店,121.26614,28.63112,二环南路22号,
B2094554D269A7FE4999,维尼酒店,112.351608,28.5521823,湖南省益阳市赫山区康富路291号,
B2094751DB64A6F44692,维尼大酒店,113.73843,22.77726,厦岗福海路96,
B2094651D464AAFD469F,湖州维尼斯风尚酒店,120.08421,30.86789,吴兴区杭长桥北路99号金世纪大厦602-637室,
B2094550D36FA0F9469B,维尼主题棋牌酒店,113.919722,30.915954,滨河路滨河花园2号楼门面,
B209445DD564ABF8419F,临沂维尼酒店,118.3208,35.0878,育才路与青杨路交汇处南行80米路西,
B209445DD469A7F5419F,宿州维尼77主题酒店,116.993061,33.636963,火车站南约200米欧亚医院对面,
B209445DD46BAAF4449F,维尼斯酒店,114.1106011,22.6164223,吉华路258号澎渤商业大厦1楼(近下水径公交站、地铁站),
B209445DDB6BA1F8499E,维尼世纪酒店,106.51903,29.60734,云杉南路17号大众御湖苑,
B2094554D66EA5FF409F,奥贝格加弗努尔萨维尼干酒店(Auberge Gouverneur Shawinigan),-72.754715,46.540768,1100PromenadeduSaint-Maurice,
B2094554D76EA5FC439B,巴厘岛维尼拉努沙杜瓦酒店(Vinila Nusa Dua Bali),115.214677,-8.818128,JalanDesaSawanganNusaDuaSelatan,
B2094551D069A0FE4198,维尼迩至尊酒店(济南泉城广场店),117.034399,36.659338,泺源大街8号绿城济南中心公寓B座,
B2094255DB6FA4FF4893,拉维尼杜酒店(Le Lavandou),2.5956,51.09801,"42 Ollevierlaan, 8660",
B209445DD46EA5F84592,维尼斯风尚酒店,119.1145456,34.8413289,青口镇黄海西路与义塘路交汇处18号威尼斯,
B209445DDB69A3FD4099,维尼斯快捷酒店,112.47046,34.64749,龙门大道大杨树路口西南角,
B2094554D16DA3FD4193,成都维尼酒店式公寓,104.06878,30.67261,人民中路三段1号壹号公馆,
B2094551D16DA7F8459E,维尼阅主题酒店(临沂机场店),118.39171,35.047342,陶然东路与滨河东路交汇东100米路北盛世花城28号楼,
B2094554D76FA7F54598,巴黎香榭丽舍大道维尼酒店(Hotel de Vigny Champs Elysees Paris),2.3004,48.8737,9RueBalzac,
B2094557DA6AA1FE439A,宁波维尼尔松景度假酒店,121.405713,30.022122,慈城五星村绿野山居景区内,
B2094550DB6DAAFE499B,平维尼赫拉特特罗姆瑟酒店(Pingvinhotellet Unn Tromsø),18.979895,69.682876,Hansine Hansen veg 67,
B209465CDB6AA4F5489E,香港文华东方酒店大堂,114.164383,22.279387,干诺道中出口与雪厂街交叉口东南40米,
B2094757D068A3FE479D,杭州百瑞运河大饭店,120.142932,30.317663,金华路58号,
B2094757D16DA0F54693,林隱假日大酒店,112.5537489,26.892008,湖南省衡阳市蒸湘区解放大道43号,
B2094652D56DA4FF4799,林隐假日大酒店,112.55362,26.891863,解放大道43号,
B2094555DB6FA5F5459B,林隐假日大酒店-餐饮部,112.55376,26.89211,解放大道43号,
B2094650D56AA2F8439F,常州万豪花都国际大酒店,119.9742,31.7997,晋陵中路580号(近黄山路，中央花园对面),
B2094555DA65A7F8459C,常州万豪酒店餐饮部(都会尚膳全日餐厅),119.97199,31.81421,龙锦路1590号常州万豪酒店内1楼(传媒大厦),
B2094554D46FA1FB4599,常州万豪酒店-行政酒廊,119.9721,31.81428,龙锦路1590号常州万豪酒店46楼,
B2094253D16CA3FC429A,常州金坛万豪酒店,119.59105,31.717769,金山路299号,
B209445DDB69A5FB479B,常州万豪酒店,119.972232,31.814113,龙锦路1590号,
B2094252D76DA1F8449E,常州万豪酒店-宴会厅,119.97218,31.814077,龙锦路1590号常州万豪酒店内1楼(传媒大厦),
B2094251D56AABF9419C,常州万豪酒店-CITY BISTRO都会尚膳自助餐厅,119.9721,31.81428,龙锦路1590号常州万豪酒店内1楼(传媒大厦),
B209445DD46CA1FF459D,银川富雅花园酒店,106.189416,38.497646,福州北街348号,
B2094757D06EABF54998,上海外滩华尔道夫酒店,121.489731,31.233602,中山东一路2号(豫园地铁站6号口步行490米),
B2094757D16CABFE429A,Pelham's (上海外滩华尔道夫酒店内),121.4914507,31.233135525,上海市黄浦区中山东一路2号，华尔道夫会所大堂层,
B2094252D664A5FA429D,上海外滩华尔道夫酒店-酒吧,121.491264,31.233816,中山东一路2号华尔道夫酒店L楼(近延安东路),
B2094252DA6BA4F4439C,Salon de Ville浦江汇(上海外滩华尔道夫酒店店),121.49105,31.233822,中山东一路2号外滩华尔道夫会所1楼,
B2094253D66EA6F54593,上海外滩华尔道夫酒店(正门),121.489708,31.233463,中山东一路2号上海外滩华尔道夫酒店,
B2094252D56BA0F5429D,Pelham's(上海外滩华尔道夫酒店),121.49068,31.23368,四川中路上海外滩华尔道夫酒店内,
B2094352D368A1FE4392,Waldorf Astoria On The Bund(上海外滩华尔道夫酒店),121.4897661,31.2336061,上海市黄浦区中山东一路2号,
B209465CDB69A3FD4098,帝京酒店,114.1781213,22.3212134,旺角太子道西193号,
B2094550D76BA7FC439B,帝京酒店(Royal Plaza Hotel),35.552793,32.763523,Ganei Menorah Blvd,
B2094554D26BABF9469E,玉州大酒店,114.421763,23.11198,惠州大道58号,
B209465CDA6CA0F5459C,海大酒店,87.6123228,43.8286268,南湖北路89号,
B2094652D168A2FD4899,抱海大酒店,122.138934,37.479314,海滨中路29号,
B2094757D064A0FA499A,君临天下大酒店,119.5476184,35.4080137,海曲东路288号,
B2094656D66BA7FE4599,海外海大酒店,112.55855,37.858951,迎泽大街236号(大南门地铁站B口步行130米),
B2094757DB6EA6FF4492,衢州知海大酒店,118.8645,28.9779,九华北大道327号(近亭川东路),
B2094757D064AAF4479B,浙海大酒店,121.50786,29.869727,联丰中路88号,
B2094555DB6FABFB4493,锦海大酒店,120.4776356,32.5512311,河滨东路133号,
B2094757DB6CA5FB4192,开海-红岛海鲜虾水饺,120.4030612,36.0716324,江西路113号,
B2094651D26BA1F4409E,观海大酒店,120.7743,37.8231,海滨路3号(八仙渡海口景区西),
B209445DD06CA0F4429E,开海红岛海鲜虾水饺(崂山湾店),120.4742676,36.1070469,仙霞岭路48号,
B2094656DA6DABF4499B,宾海大酒店,115.63522,32.17259,河南省信阳市固始县秀水街道343乡道固始县第一中学(西校区),
B2094651D76FA0F94998,爱琴海大酒店,117.86846,31.59004,安徽省合肥市巢湖市天河街道世纪大道27号,
B209475CD06FABF4409C,揽海大酒店,110.3173654,20.0547126,海甸岛碧海大道88号,
B2094757D66FA0F54493,万海大酒店,108.341198707,21.6082741957,港口区友谊大道9号,
B2094656D768A1FC409B,海外海大酒店,112.86502,35.49703,红星东街945号,
B2094751D36DA1FC4899,海外海大酒店(南内环街店),112.56452,37.83892,迎泽区南内环街97号(近信合大厦),
B209445DDB65A5FC4693,爱琴海大酒店,102.743299,24.9459994,云秀路3266号,
B2094550D06EA5FB499F,山东省威海市抱海大酒店,118.7158,32.0057,乐山路186号,
B2094652D06FA0F4439A,文头悦海大酒店,118.602425,24.574103,金井镇中兴路265号,
B2094554D16EA1F8429E,北上海大酒店-酒店公寓,121.44306,31.29734,江场西路277号4层,
B209465CDA6CA4FD4898,福华大酒店,87.6339,43.7995,西后街57号,
B2094554D16CABFA4798,福华大酒店,111.48717,28.90126,渔父南路中国银行旁,
B2094253D46CABF8459E,福华世纪大酒店,120.5612366,27.5570797,世纪大道3489-3547号,
B2094651DB6CA6FA459E,福华大酒店,120.555562,27.580423,龙翔路637-649号,
B2094752DA64A2F84098,福华大酒店,104.928112,11.535237,No.281，Norodom Blvd.，Phnom Penh，Combodia,
B2094656D76CA1FA459E,福华园大酒店,112.93289,40.09005,山西省大同市左云县109国道,
B2094757D769A5F5409F,福华缘大酒店,116.951,36.7199,二环北路8388,
B2094255D36CA3FC4492,福华源大酒店,120.00836,36.10516,二零四国道袁家小庄东南方向70米,
B209445DDB65A3FF469A,城市便捷酒店(湛江世贸大厦店),110.3696943,21.2606334,椹川大道北72号,
B209445DDB6AA0F9479C,凯丽大酒店(双碑东街),104.695156,31.4641876,涪城区高新区绵兴东路50号,
B2094651D56BA3F4439F,宁波开元名都大酒店,121.552059,29.814531,首南中路666号,
B2094251D56DA0FC479D,宁波中都开元名都大酒店,121.534814,29.85801,甬水桥路99弄6号,
B2094554D269A7F8419D,捌壹花园酒店,104.832392,26.584868,八一路210号,
B2094651D46DAAFF439A,利华假日酒店,120.143906,30.313862,登云路38号近运河广场,
B2094656D16FAAFC469D,利华假日酒店,116.3895,39.1371,益津北路霸州一中北50米,
B2094757DB6DA0FB439F,商丘居美快捷酒店,115.6567112,34.429595,神火大道与八一路交叉口东100米路南,
B2094657D368ABF94292,科尔沁酒店,121.610653,38.918215,沈阳路8号(沈阳路与长江路交汇处),
B209445DD56CA6F44392,尚客优连锁酒店(通辽科尔沁大街西段南桥店),122.2422965,43.6096139,科尔沁大街西段西顺家园小区北门斜对面,
B2094256DA65AAF84899,维也纳国际酒店(通辽科尔沁店),122.2580831,43.6197532,交通路486号,
B209445DD469A1F4429C,海友酒店(通辽火车站店)(原通辽科尔沁大街店),122.28311,43.610126,平安路平安南区1#楼1-4层8室,
B2094551D06FABF44799,如家驿居酒店(通辽科尔沁大街市医院店),122.273976,43.611411,科尔沁大街429号,
B2094251D569A2FA489A,深圳大中华喜来登酒店-行政酒廊,114.0617776,22.535537,深圳大中华喜来登酒店(会展中心地铁站A2口步行80米),
B2094252D069A5F5479B,深圳大中华喜来登酒店-怡聚轩全日餐厅(深圳大中华喜来登酒店店),114.06178,22.535536,福华一路1号大中华国际交易广场深圳大中华喜来登,
B2094757D068A7F84692,深圳大中华喜来登酒店,114.062085,22.535858,大中华交易广场福华一路1号,
B2094251D06AA3FC439A,大中华喜来登酒店MEZZO意大利餐厅(深圳大中华喜来登酒店店),114.06246,22.535599,福华一路1号大中华国际交易广场深圳大中华喜来登酒店1层,
B2094750D26CAAF4419E,深圳大中华喜来登酒店-宴会厅,114.0620365,22.5354974,广东省深圳市福田区福田街道福华一路1号,
B2094653D36DABF4419D,兆荣酒店,113.119124,23.02691,祖庙街道福宁路90号,
B209475CD564A4F8449C,驻马店兆荣国际花园酒店,114.019724,33.006634,骏马路与通达路交汇处(天中广场西南角),
B2094554D369A6FC429D,兆丰园荣文酒店,121.0837122,31.4487714,弇山西路125号(黄金海岸北侧、亿立义乌小商品市场往西200米),
B209445DD46BA0FF4898,绵阳世爵假日酒店,104.6942322,31.4633822,高新区绵兴东路53号中元广场一栋,
B2094457D66CA5FF469E,富力万达嘉华酒店(万达广场店),118.505199,31.657886,太白大道3200号,
B209475DD668A3FB489A,南昌万达嘉华酒店,115.851088,28.6945721,凤凰中大道1000号(红谷滩万达购物广场旁),
B2094550D769A7F44899,四平万达嘉华酒店,124.3934885,43.1546351,平东街四平万达广场E区E1号E3号楼,
B2094255DB68A1FD479F,维也纳国际酒店(绵阳中沅广场高铁站店),104.693007,31.463493,高新区绵兴路东段57号1幢1层1-1号,
B2094254DA6FA7FE4793,镇江南徐大道亚朵酒店,119.4417073,32.1857733,江苏省镇江市润州区南徐大道与黄山南路交叉口聚鑫雅苑3号楼,
B2094251D669A0FE4298,梦想美居·城市观景民宿(贵阳高铁北站店),106.667673,26.621486,西二环北大资源梦想城7-S19A12栋1单元1楼,
B209445DD46CA2FC429E,昆明春夏秋冬温泉酒店(兴苑路店),102.655827,25.039949,兴苑路中段,
B209445DDB68A3F9439F,7天连锁酒店(邢台火车站守敬北路店),114.482304,37.074781,守敬北路235号,
B2094554D26FABFA489C,连云港登壹商务酒店,119.2112,34.593,朝阳东路35号登壹大厦1楼(市政府附近，联通大厦东侧),
B209475CD36AA7F4429C,银都大酒店-餐厅,104.65586,30.11471,正东街18号银都大酒店3楼,
B2094653DB6EAAF4459C,银都大酒店,104.655835,30.114725,正东街18号,
B209445DD46FA1FE4499,枣庄银都大酒店新汽车站店,117.477634,35.08684,山亭区新汽车站西邻,
B2094453D665ABF4479D,章丘市银都园大酒店,117.54295,36.70126,双山桃花山街南,
B209465CDA6DA0FD459B,银都酒店,87.5912382,43.8100344,新疆维吾尔自治区乌鲁木齐市沙依巴克区西虹西路179号(近立交桥下侧),
B2094652D56FA4F54593,银都大酒店,112.948055,25.38977,文明南路218号(中夏公园斜对面),
B2094753D66DA7F9429B,新疆尊茂银都酒店,87.591192,43.810045,西虹西路179号,
B2094652D56FA3FA439D,银都大酒店(永昌兴宾馆北),113.11721,26.11911,永兴大道116号,
B2094757D66CA3FC489F,珠海银都嘉柏大酒店,113.5534096,22.2271655,粤海东路1150号珠海国际金融大厦,
B2094757D065A0FB419C,义乌银都酒店,120.0896693,29.3157753,浙江省金华市义乌市宾王路168号,
B2094650D76CA6FC459B,盐城银都大酒店,120.463,33.1973,大丰市人民南路21号,
B209465CD168A7FC499A,银都国际大酒店,103.80434,25.49452,云南省曲靖市麒麟区南宁街道曲靖市商业银行(南宁西路支行)银都国际大酒店,
B2094556D768A6F5479C,银都酒店(东风南路店),119.93187,32.49496,东风南路迎春小区西大门北侧,
B2094650D76CA0FE479E,真维斯(银都大酒店西北),120.46269,33.19824,江苏省盐城市大丰区大中街道名都步行街b-1031号,
B2094651DB68A5F94692,银都大酒店,120.561799,27.672703,昆阳镇联东北路181号,
B2094751DB6DA2FF479C,银都大酒店,120.458694,33.252143,大丰市人民路,
B2094650D76CA0FE489B,与狼共舞(银都大酒店西北),120.46229,33.19825,江苏省盐城市大丰区大中街道名都步行街A-1002号市民演艺广场,
B2094650D76CA0FE4792,杜安(银都大酒店西北),120.46247,33.19825,江苏省盐城市大丰区大中街道名都步行街1047市民演艺广场,
B209465CD564AAFB4992,克拉玛依博达银都大酒店,84.87694,45.58381,克拉玛依区友谊路16号(近汇福美食街),
B2094650D669A5FF4192,银都大酒店,119.431201,32.403076,大虹桥路18号虹桥坊,
B2094654DB6AA6FF4699,上海豫园万丽酒店,121.48803,31.227466,河南南路159号(豫园地铁站3号口步行100米),
B209475CD369A6F9479A,上海豫园万丽酒店-行政酒廊,121.4879712,31.227494,豫园街道河南南路159号豫园万丽酒店17楼(近福佑路),
B2094554D26FA5FE449B,海友酒店(苏州火车站北广场店),120.6089018,31.3307414,火车站北广场西侧汽车客运站南楼4层,
B209445DD46FA7FF499B,海友良品酒店(苏州火车站北广场店),120.6112478,31.3315764,江苏省苏州市姑苏区车站路57号,
B2094653D66BA6FB479D,圣展酒店,108.369382,22.80966,金湖南路49号,
B209475CDB6EA2FF499A,崇左圣展酒店,107.382831,22.3817538,山秀路汇豪城上海街23号,
B2094254DA68AAF5459C,贵港市圣展酒店,109.59828,23.09954,国际生活港2609号,
B2094251D065A2FD439D,圣展·听海墅度假酒店,108.59381,21.816557,龙海路滨海新城辣椒槌片区C-05-03东盟生态园区内,
B2094757DA6AA7FE489B,南宁圣展酒店,108.369335,22.8096481,广西壮族自治区南宁市青秀区金湖南路49号B座,
B2094256DB6BA2FC419E,来宾时光岛圣展度假酒店,109.3226,23.69598,城厢镇蓬莱洲旅游度假区,
B2094757D16BA4FE4593,圣展酒店,108.21769768,22.693788229,南宁金湖南路49号,
B2094254DA6FA5F8449F,河池信地圣展酒店,108.0287164,24.6887865,广西壮族自治区河池市金城江区六十米大道1号,
B2094757DA6DA4FE499E,圣展酒店·海派体验中心,108.36959771,22.80975043,中国广西自治区南宁市区金湖南路,
B2094757D76AAAF84292,圣展酒店中餐厅,108.36963,22.81571,青秀区金湖路59号(江春路),
B2094557D56DABFF489A,圣展酒店(黄姚古镇店),111.2128594,24.2523893,黄姚古镇四海堂客家文化步行街,
B2094550D06DAAF8459F,圣展凌云故事酒店,106.56938,24.362521,凌云县泗城镇茶乡大道纳灵洞风景区旁,
B2094653D06FA1FF469D,湛江富丽华大酒店,110.369504,21.261028,椹川大道北72号,
B2094656D16FA7F4459A,燕青酒店,116.685648,39.53796,广阳道228号(近市政府大楼),
B2094751D36AA5F44993,燕青・仕博酒店,116.68582,39.53817,广阳西道228号,
B2094554D26EA7FD489A,燕青快捷酒店,117.95187,41.04031,五星幼儿园斜对面,
B2094555DB6FA4F5499C,燕青大酒店,116.82396,37.29118,040县道南50米,
B2094255D768A1FF479F,燕青大酒店,124.5583,48.64333,内蒙古自治区呼伦贝尔市莫力达瓦达斡尔族自治旗尼尔基镇,
B2094753D66DA5FA469C,中大国际酒店,118.191633,39.640443,龙泽南路53号(临近大城山公园),
B2094653D06FA0FB4898,中大国际酒店,110.371301,21.265588,康顺路32号,
B2094251D46FA0F9479C,中大国际酒店唐·大都会(中大国际酒店店),118.191765,39.640583,龙泽南路53号(唐山学院旁),
B209465CD268A1F9479F,星岛酒店(贵阳中大国际广场店),106.718764,26.59975,新添大道南段78号,
B2094254DA6FA7F9489A,英卓未来公寓智能酒店(西安高新中大国际智能店),108.89449,34.22176,科技三路和高新一路十字西南角万科金域国际,
B2094356D365A2F44898,全季酒店(西安雁翔路中大国际99店),109.01018768981,34.180952500288,陕西省西安市雁塔区杜陵西路1669号中海曲江大城·君尚府小区49幢一楼,
B2094551D464A5FB479C,中大国际酒店唐·大都汇自助餐,118.164972,39.633652,龙泽路53号自助餐,
B2094352D165A5FC489C,丽思卡尔顿酒店(中大国际店),108.897909,34.223572,科技二路50号(甘家寨地铁站A口步行90米),
B2094757D769ABF5429B,豪龙酒店,125.3338831,43.9134197,铁北二路1088号（与北四条街交口处）,
B2094655D765A1F94292,南京豪龙大酒店,118.81607,32.11375,栖霞区和燕路390号,
B2094255D46BA2FD409D,豪龙酒店,110.43051,32.69291,小花果社区居民委员会正东方向70米,
B2094554D26FA6F4409E,桂林临桂花样年福朋喜来登酒店,110.175256,25.229285,西城南路1号,
B2094254DA6FABF8419E,九江八里湖智选假日酒店,115.9538,29.65704,八里湖新区九龙新城B区,
B2094556D464ABF44898,和平饭店(人民东路店),119.67848,29.1125,人民东路1429号,
B2094453D56FA7FF439C,和平饭店(交通路店),119.04509,31.6621,交通路240-5号(乐天玛特斜对面),
B2094650D16AAAF8449C,和平饭店(因果巷),120.62226,31.31338,江苏省苏州市姑苏区平江街道苏州市消防医院,
B2094650D66BA4F94699,和平饭店,119.7879,33.75331,上海路348东北方向40米,
B2094651DA64A5FC499E,台州和平国际饭店大堂,121.386361,28.5883755,腾达路99号台州和平国际饭店1层,
B2094650D76DA3FF429A,和平饭店(建湖县农村信用合作联社南),119.78537,33.45895,上海花苑南26,
B2094654DB6BABFD469C,和平饭店,121.489233,31.239098,南京东路20号,
B2094651D66CA1FD409D,和平饭店,118.52553,31.6826,菊园路中岗二村十二栋西,
B2094650D76CABFB4098,和平饭店(富腾路),120.33123,32.85157,江苏省盐城市东台市东台镇富腾路,
B2094752D76DA5FA449F,和平饭店,120.437208,33.203481,江苏省盐城市大丰区大中街道西康北路275号瑞城国际苑,
B2094650D66BA0F84599,和平饭店,119.83616,33.99903,新建南路155,
B2094650D66BA5FB459C,和平饭店(阜宁县地方海事处西北),119.78207,33.78311,江苏省盐城市阜宁县阜城镇阜城西大街113号,
B2094651D46CA0FC459B,杭州和平饭店,120.177067,30.279048,朝晖路108号,
B2094753D26EA5F44199,和平饭店,120.4426828,33.2032085,大中街道幸福西大街31号,
B2094650D66BA5F4439B,和平饭店(阜城西大街),119.76731,33.78343,阜城西大街111号,
B2094254DA6CA2F84399,和平饭店,127.1619121,44.9184213,通达街118号(市幼儿园东),
B2094655D265A0F5459F,斯沃琪和平饭店艺术中心,121.48935,31.23872,南京东路23号,
B2094550D365ABFE409C,九江市和平饭店,115.9811,29.7334,滨江路109号(农工商超市斜对面),
B2094757D064A3FE459C,廊坊和平饭店,116.7263,39.5375,和平路99号(与广阳道东南角),
B209475CD06BA0FC4992,兰州和平饭店,103.854160899,36.041260799,甘肃省兰州市城关区天水南路166号,
B2094753D66DA7FA4399,信阳中乐百花酒店,114.094755,32.140721,羊山新区新七大道109号,
B209475CDB6EA2FC4898,韶关家园商务酒店,113.5792,24.796,新民路33号(近矿山公园),
B2094653D26EA7F44698,深圳福田香格里拉大酒店,114.0570841,22.536264,广东省深圳市福田区福田街道益田路4088号,
B2094655D269A4F44793,静安香格里拉大酒店,121.4504519,31.2231066,延安中路1218号,
B2094650D16AABFA419B,香格里拉大酒店,120.558938,31.292493,塔园路168号,
B2094651D56BA0FD4898,宁波香格里拉大酒店,121.561677,29.867428,豫源街88号,
B2094656D26DA5FB459E,西安香格里拉大酒店,108.897456,34.233238,科技路38号乙,
B209475DD36DA3FF4698,香格里拉大酒店有限公司,123.436524,41.777632,青年大街115号香格里拉大酒店有限公司,
B2094657DB6BA4FE479E,呼和浩特香格里拉大酒店,111.672482,40.810198,锡林郭勒南路5号,
B2094757D068A6FB419F,桂林香格里拉大酒店,110.3073164,25.2954379,桂林市七星区环城北二路111号,
B2094557D06DA0FA4498,香格里拉大酒店,121.554398,36.9282052,光明街香格里拉小区,
B2094757D068A2FE439B,温州香格里拉大酒店,120.723426,28.014636,香源路1号,
B2094757D068A0F5469D,长春香格里拉大酒店,125.318601,43.889666,西安大路569号,
B2094452D36AA6F4419C,合肥香格里拉大酒店,117.268615,31.879953,濉溪路256号,
B2094750D165A6FB459E,常州香格里拉大酒店,119.958227899,31.664845799,江苏省常州市武进区西湖路2号,
B2094452D069ABFD419F,唐山香格里拉大酒店,118.147205,39.650425,长虹西道889号,
B2094757D06BA5FF429D,香格里拉大酒店紫金楼盛世厅,120.255174494,29.27233373,上海市浦东新区富城路33号紫金楼3口盛世厅,
B209445DD569A0F8469D,新香格里拉大酒店,114.930668,28.2213485,锦江下街头青阳桥头,
B2094450D66CAAF4439D,三亚海棠湾香格里拉度假酒店,109.7424355,18.3505045,海南省三亚市海棠区海棠北路88号,
B2094757D06BA1F9449D,香格里拉大酒店自助餐厅,120.55873,31.292353,高新区塔园路168号香格里拉大酒店1楼,
B209475DD46EABFD409C,拉萨香格里拉大酒店,91.10185,29.651312,罗布林卡路19号,
B2094550D265A1FF419D,延长香格里拉大酒店,110.0075947,36.5754654,中心街与旧居巷交叉口南300米,
B2094251D669A0FF4193,在叙·缦居酒店(贵阳高新区北站店),106.666981,26.621431,阳关大道北大资源梦想城11栋8层,
B209465CDB68A1FB409B,柏寧酒店,114.19133,22.27806,铜锣湾告士打道310号1楼,
B209445DDB6EABFF479B,柏宁春天风尚酒店,121.2457958,28.6500023,世纪大道39号,
B2094757DB6DABF94198,香港柏宁铂尔曼酒店(The Park Lane Hong Kong a Pullman Hotel),114.19122,22.27835,铜锣湾告士打道310号,
B2094554D26BA1FB4199,柏宁假日酒店,130.9746482,45.3015219,和平北大街55号(园林路房管局对面),
B2094757DA6AA7FE4799,东莞柏宁酒店,113.75814,23.03968,东莞市长安镇德政中路222号,
B2094653D365A1F5489D,佛山三水柏宁山庄酒店,112.8767,23.1718,三水区西南广海大道西20号(近柏安大酒店),
B2094554D268A1F5489D,柏宁酒店(宁波天一店),121.55681,29.8716,和义路45号,
B209445DD569A0F4459E,柏宁主题酒店,100.078234,23.879952,云南省临沧市临翔区晚翠路106号,
B209475CDB6EA0FC4593,香港隆堡柏宁顿酒店,114.190913,22.275888,香港铜锣湾边宁顿街13-15号(近铜锣湾地铁站F口),
B2094255D16BAAF9429B,贵阳泊宁创想酒店(原柏鑫酒店),106.65095,26.61597,金阳高新区湖滨路滨湖俊园3栋7层,
B2094252D765A1FB499B,宁波柏悦酒店·钱湖渔港,121.6437032,29.767865,大堰路188号,
B2094653D069ABFA429A,中山柏宁酒店,113.3642,22.5214,西区街道富华道(近中山步行街),
B209445DDB6EA2FD4398,广州柏宁精品酒店,113.203323,23.380995,站前路19号,
B2094557D46FA7F54393,宁乡柏丽酒店,112.56981,28.247512,长沙宁乡县玉潭东路义乌小商品城,
B2094252D06BA3FC449A,宁波柏悦酒店·悦轩餐厅,121.642334,29.7674186,东钱湖大堰路188号柏悦酒店内(近小普陀),
B2094252D268ABFB489B,宁波柏雅酒店,121.62068,29.924023,明海南路388号,
B2094254DA6CA1F5439D,杭州柏宁顿酒店,120.05239,30.23634,留下镇留和路60号,
B2094652DA6CA0FB4892,柏宁酒店,113.08807,22.58426,蓬江区跃进路122号,
B2094557D56CABF5479A,拉合尔柏宁酒店(Park Lane Hotel Lahore),74.349232,31.503538,"107 B-3, M.M. Alam Road, Gulberg III",
B2094550D26DA5FC4193,精途酒店（江门东湖公园店）(原柏宁酒店),113.0878,22.5842,跃进路122号,
B2094757D56DA5FB489B,北京金都假日酒店,116.353911,39.925072,北京西城区北礼士路99号(阜成门华联商厦后面),
B2094554D16CABF9439C,丽都大酒店,114.49751,29.60606,九宫大道隆鼎丽都入口,
B2094550D26CA6F4429E,岱山丽都国际大酒店,122.2179886,30.2499168,高亭镇衢山大道717号2层西面7-12层,
B2094554D16DAAF44898,绍兴丽都大酒店,120.8591782,30.0362773,市民中心三路1号,
B2094651D464A0F4459F,丽都大酒店,120.09516,30.87607,滨河路726-732,
B2094757DB6DA6FC429F,嘉善丽都国际大酒店,120.9173158,30.8287095,浙江省嘉兴市嘉善县亭桥南路588号(近人民大道),
B2094654D76EA1FE489B,丽都大酒店,113.26943,23.12071,越秀区广州市北京路183号,
B209445DDB69A7FF489D,荆门丽都大酒店,112.2026,31.0368,金虾路52号(银泰城2号门对面),
B209445DDB6AA6F4419B,海盐万豪丽都大酒店,120.9284,30.5091,百尺南路300号，金域蓝湾南邻，玲珑小镇斜对面,
B2094753D66DA3FF429F,丽都国际大酒店,114.506233,36.6087575,人民东路328号,
B209445DD764A1FC4492,丽都大酒店(一环北路),103.8313867,30.058608,一环北路金罗马广场转盘旁边,
B2094650D36BA1FE4093,多伦丽都大酒店,116.483332,42.204392,政府广场文化公园北侧,
B209475CDB6EA2F84692,汶上县丽都国际大酒店(济宁),116.5054446,35.71416557,汶上县城广场路东端(汶上县一中东侧),
B2094556D564A5F94598,丽都大酒店(燕山路店),117.26787,34.80555,燕山路255号,
B209445DD56EA0F9439E,洛阳丽都唯客大酒店,112.4518,34.6223,市府西街与政和路交叉口北100米路西(食品药品监督管理局北),
B209445DD56DA7F4439D,邵东丽都大酒店(金龙道店),111.7426354,27.2679497,金龙大道149号,
B209445DDA65A3FE499D,济宁丽都国际大酒店,116.5806571,35.4205951,洸河路161号,
B209445CD765A3FC459D,台州香榭丽都大酒店,121.5083875,28.5053833,金清镇金清大道388号,
B2094652D564A4F4449D,丽都大酒店,109.970549,27.554079,迎丰西路火车站附近步步高对面,
B209445DD56EA3FA479E,丽都大酒店,82.997442,41.707136,天山中路328号,
B2094652D064A4FB439B,龙岩丽都大酒店,117.01005,25.11059,福建省龙岩市新罗区工业西路6号,
B2094557DB64A3FA459A,新长安大酒店(学院中路店),120.6872,28.0045,学院中路293号(近温州司法局),
B209445DD765A1FD469C,全季酒店(昆明呈贡店),102.8250592,24.8813831,谊康北路实力心城公寓8-1栋27楼,
B2094251DA6BA2F9419F,全季酒店(昆明呈贡春融街地铁站店),102.82425,24.881737,实力心城24栋111号商铺,
B2094251D668A6FD4999,全季酒店(昆明呈贡斗南花市店),102.7830844,24.8979137,斗南花卉大厦,
B209425CDB6DA5F44292,全季酒店(昆明呈贡大学城店),102.821065,24.8187667,云南白药街与雨花路交叉口怡香天苑广场1栋商业楼,
B209445DD56CA6F9499F,乐天精品酒店,104.6951079,31.4612021,双碑东街27号,
B209445DDB6AA7FB4592,维也纳酒店(韶关矿山公园店),113.57819,24.7961634,红星商贸大厦主楼一楼10号商铺,
B2094254DA6FA7FF439B,景辰酒店,126.5555476,45.804402,近江路1151号(靠近世茂大道),
B209445DD565A7F8499F,景辰商务酒店,103.581,29.73035,体育路240,
B2094753D66CAAFF439E,景辰酒店,109.8637586,40.6452969,友谊大街东段49-1号,
B2094653DA68A0FD449F,景辰·银都酒店,106.093796,30.791953,什字下街76号,
B209445DDB65A7FD469E,南充景辰·银都酒店,106.093763,30.792023,什字下街76号,
B2094253D365A0F4459B,景辰东格酒店,104.1644398,30.5830216,三圣街道红砂联合一组302号,
B2094252D064A6F4429C,嘉善景辰大酒店,120.9254829,30.8187649,罗星街道嘉善大道666号,
B209445DD56AA1FB4598,青岛景辰酒店,120.673003,36.235561,王哥庄街道仰口风景游览区,
B209445DDB64AAF4439B,泉州悦缤纷酒店,118.6086554,24.8849464,福建省泉州市丰泽区泉秀街189号,
B209475DD26CA2F9439F,福州世茂洲际酒店,119.3065112,26.0685383,广达路108号,
B2094252D26DA5F9429F,福州世茂洲际酒店·绽放全日制餐厅,119.30635,26.06862,广达路108号4楼,
B209445CD16EA2FD489C,福州世茂洲际酒店•福邸(广达路店),119.30639,26.06866,广达路108号世茂洲际酒店6楼福邸中餐厅,
B2094557D26AABFE4699,福州世茂洲际酒店-大堂酒廊,119.30635,26.06862,广达路108号福州世茂洲际酒店1层,
B2094254DA6CA2FD439E,苏州高铁金科大酒店,120.643473,31.419054,南天成路67号,
B2094257D46CA6FF409D,金科hotel璇宫咖啡厅(苏州高铁金科大酒店店),120.64365,31.418638,相城区苏州高铁新城南天成路67号,
B2094757DB6CA1FD409E,如家快捷酒店(南通世纪大道崇川科技园店),120.8807867,31.9770993,世纪大道371号,
B2094252D66BA2FD4693,杭州绿城尊蓝钱江豪华精选酒店-室内恒温泳池,120.1966178,30.2246184,望江东路39号附近,
B2094450D66BA5F4499A,杭州绿城尊蓝钱江豪华精选酒店,120.196583,30.224453,望江东路39号,
B2094252D669A4FC429E,杭州绿城尊蓝钱江豪华精选酒店-宴会厅,120.19627,30.224703,望江东路39号杭州尊蓝钱江豪华精选酒店2层,
B2094557DB64A2FE479D,苏州吴中希尔顿欢朋酒店,120.640174,31.26591,迎春路38号,
B2094252D669A4F8499C,苏州吴中希尔顿欢朋酒店-中餐厅,120.640144,31.265997,迎春路与文曲路交叉口北约100米,
B2094454D769A3FA439E,九华锦江国际酒店,119.43029,32.186153,南徐大道66号,
B2094255D465A0F8489E,九华锦江国际酒店-咖啡厅,119.43041,32.18617,南徐大道66号,
B2094554D16EA1F8459D,高程大酒店,112.93251,28.22619,岳麓大道282,
B2094752D46FA2F54498,西子印象精品酒店,116.6871879,39.537317,广阳道228号,
B2094757D16FA7FE4398,鲤鱼门大酒店(沧浪新城店),120.596083,31.2684455,江苏省苏州市姑苏区新郭路333号沧浪新城新郭路333号季节商业广场5楼,
B2094555D364ABFD4993,新城华府大酒店,119.24488,34.28507,民安中路97,
B2094757D068AAFC4298,香格里拉金花饭店,108.9947031,34.2685537,陕西省西安市新城区长乐西路8号(近东二环地铁一号线通化门站B出口),
B2094650D668A1F4489E,宏运新城大酒店,119.5708,32.43706,区政府北门,
B209445DDB69A5F44593,新城大酒店,107.036477,27.698687,长征大道与新蒲大道交汇处,
B2094251D06DA1F94792,桂林宏谋大酒店,110.1700058,25.2453293,公园北路与凤凰路交叉口,
B2094757D164A5FF419D,新城国际大酒店,110.9396715,22.3614581,迎宾大道88号,
B2094650D665ABFD419D,新城大酒店,120.15869,33.34246,盐都区江苏省盐城市盐都区,
B2094554D16DA4FC459C,鸿华大酒店(梅州新城店),116.0970541,24.2778983,梅州市梅县区扶外路运来花园西北侧约40米,
B2094652D26AA1F9499D,舟山新城凯迪大酒店,122.1994,29.98528,浙江省舟山市定海区临城街道海天大道210,
B2094653D065A7FA469F,新城大酒店,114.687399,23.750483,河源大道北79号(近文明路),
B209445DD46FA2FA4793,新城大酒店,115.26201,30.4404,闻一多大道91,
B2094653D66FABFE479E,新城大酒店(振兴路店),113.680363,23.009591,道滘镇新城区振兴路东217号广深高速路口(近广深高速),
B2094652D165A5FE4798,新城大酒店,117.3293,34.804,光明大道新市府武夷山路1号,
B2094752D26BA2FA4793,嘉定新城雍记大酒店,121.258453,31.349838,嘉定新城德富路1288号,
B2094554D16DAAFC469F,张掖新城大酒店,100.4001756,38.9491249,滨河新区滨湖路888号大成学校对面,
B2094750DA6AA6FF4592,水天堂大酒店(沧浪新城店),120.600333,31.264744,宝带西路1155号世茂运河广场大润发4楼,
B2094550D66EA2F4429F,新城国际大酒店,105.3042698,34.7456161,大像山镇新城国际北面邻街1030号西南方向140米,
B209475CD36DA7FC419D,江湾新城大酒店,113.27868,23.114977,沿江中路298号江湾大酒店内(近东堤站),
B2094651D169A0F94193,新城大酒店,117.18386,31.74113,安徽省合肥市肥西县上派镇合安路,
B209465CDB6FA0FD409F,帝苑酒店,114.182565,22.295765,"香港尖沙嘴东部么地道69号,好时中心对面",
B2094653D36BA4FD459D,帝苑酒店,113.11788,23.0139,禅城区金澜北路5号,
B2094757D16AAAF5409F,泰山帝苑酒店,117.0749387,36.1927038,长城路48号,
B2094653D76FA1FD409D,桂林帝苑酒店,110.307122,25.282119,临江路186-1号,
B2094656DB6EA7F54198,帝苑大酒店,113.061432,34.935789,司马大道中段103号,
B2094757DB6EA3FA439B,合晋帝苑酒店,113.327192,23.0946823,赤岗路12号,
B209445DDB69A1FA479F,青帝苑快捷酒店,120.407753,36.127237,黑龙江路288号,
B2094757DA6AA1FC4593,下川岛帝苑别墅度假村酒店,112.58075836677,21.621342796863,台山市川岛镇下川岛,
B209445DDB64ABF4489F,帝苑酒店,121.1606,30.05056,宪卿第78号,
B2094757DB6DA7FC4099,利川帝苑大酒店,108.94546,30.29219,六合街62号,
B2094656D26BAAF94293,帝苑酒店,113.16451,30.66374,陆羽大道36号,
B209445DDB6AA4FE4692,福海帝苑大酒店,87.4784852,47.1155098,人民西路供大桥旁,
B209465CD16DA0FB4598,帝苑大酒店,103.379474,23.360934,兴盛路119号,
B209445DDA6CA1F94893,皇林帝苑大酒店,117.77164112403,41.954782248034,河北省承德市围场满族蒙古族自治县龙涛小区c区,
B209445DDA6CA1F84592,帝苑商务酒店,119.15015,36.59535,西华昌后二街38,
B2094555DB6EA6FD489B,帝苑大酒店,110.63804,21.65747,沿江东路146号,
B2094554D165A6FE439A,帝苑酒店(Ritz Garden Hotel),101.084103,4.589397,"86-88,JalanYangKalsom",
B209465CDB6FA7FE4499,港麗酒店,114.17025,22.27408,香港金鐘道88號太古廣場,
B209445DDB64A1F54892,桐庐港丽大酒店,119.6835,29.7835,白云源西路2号,
B2094650D468A5FB449B,连云港世纪港丽国际酒店,119.1956,34.5906,朝阳东路3号,
B2094757D569A5FC499D,新港丽大酒店,120.3046648,31.9183788,长江路218号,
B2094551D16CAAF8429E,普宁港丽酒店,116.177865,23.3051647,流沙新光路84号港丽大厦01号,
B209445DD56BA0F5449E,港丽精品酒店,121.6609534,31.8052516,公园中路523号,
B2094757D16BAAF5499F,Conrad International 港麗酒店,114.16472,22.277477,香港金鐘道88號太古廣場港麗酒店,
B2094757D06BA2F44899,港丽酒店,114.1703026,22.2741568,金钟道88号太古广场L4层,
B209445DD36DA5FE4399,港丽度假酒店,72.723228,3.617398,马尔代夫马尔代夫港丽度假酒店,
B209445DD06EA5F8499C,港丽酒店,119.80795,31.34787,氿滨南路199,
B2094255D165AAF44098,连云港港丽希尔顿欢朋酒店,119.196258,34.590381,朝阳东路3号,
B2094255D16DABFF499D,香港港丽酒店(Conrad Hong Kong),114.17024,22.2741,金钟 金钟道88号太古广场,
B2094253DB68A3FF449D,港丽智选酒店(吉安城南行政中心店),114.971381,27.08512,井冈山大道新186号,
B2094251D36EA0F44699,上海环球港丽柏酒店Park Inn By Radisson,121.4195,31.242147,中山北路2701弄1号,
B2094554D664A3F5409E,伊丽莎白港丽笙蓝标酒店(Radisson Blu Hotel Port Elizabeth),25.671122,-33.987235,CornerofMarineDrive&9thAvenue,
B2094757D565AAFD499E,东莞长安港丽酒店,113.80875163,22.80731906,广东省东莞市长安镇莲峰路78号,
B2094252D36AA0F9449A,港丽餐厅灌汤包(奥体中心军缘快捷酒店店),119.547799,39.907215,河北大街西段225号A1,
B2094557D46FABFC459F,港丽湾酒店,114.908083,35.9413895,振兴路与硝河桥交汇处,
B209475CDB6DABFA409F,港丽酒店,106.56555,29.53154,江南大道7号1栋,
B2094753D468A5F8449A,港丽酒店,100.548324,13.738163,港丽酒店,
B2094657D36BAAFD4192,如家快捷酒店(大连五一广场店),121.6077,38.9183,西岗区长江路708号(长春花园小区对面),
B209445DD565ABFD499A,吉林市金茂翡翠假日酒店,126.578621,43.862546,火车站西广场,
B209445DD56DA6FA4299,海口盛福乐康年酒店,110.1956791,20.0459957,海南省海口市秀英区长滨东三街5号(新市政府西门旁),
B2094557DB64A1FA479F,谛优酒店,119.4022,32.3927,文昌西路202号(浦发银行旁),
B2094757DB6DA6FA4599,莆田悦华酒店悦园咖啡厅,119.006196,25.462231,龙桥街道东圳西路1539号三正半山温泉酒店内(延寿山庄内),
B2094254DA6FA5FC459A,沃栈酒店(南昌秋水广场店),115.8520616,28.6686132,红谷中大道99号,
B209445DD464A5F54498,丽枫酒店(清远金碧湾店),113.054892,23.702271,金碧路7号(天湖郦都销售中心斜对面),
B2094652D669A2F9449A,灿阳大酒店,116.357277,23.5600726,广东省揭阳市榕城区供销贸易总公司b幢301号,
B2094652DA6EA5FC489D,名冠金凯悦酒店,113.0803785,22.616776,发展大道188号,
B2094653D16EA4F8449D,云浮金凯莱国际商务酒店,112.048105,22.932063,兴云中路1号(近益华国际广场),
B2094656DA6FA0FB479B,金凯悦东方酒店,112.538097,33.023543,张衡路6号,
B2094554D264ABF54193,金凯酒店,115.68485,37.74066,衡水桃城区和平路与自强街交叉口西南角,
B2094650D76CA6FA429B,金凯悦大酒店,120.47076,33.1994,大丰市大丰市康平南路附近,
B2094554D26BABFA4093,安康金凯祺商务酒店,109.033818,32.682448,南环路39号(安大图书馆向西20米),
B2094653D168A5FD499C,东莞石龙名冠金凯悦大酒店,113.871089,23.097762,莞龙公路西湖路段(交警支队第四大队对面),
B2094653D668A7FF4592,寮步金凯悦大酒店,113.88012499046457,23.00011689167018,东城区寮步镇教育路1号,
B2094653D668A2FA409A,金凯悦大酒店,114.146312,22.744214,凤岗镇凤深大道158号,
B2094257D264A4FA4798,金凯莱酒店-健身房,112.04831,22.93219,兴云中路1号金凯莱石文化主题酒店6楼,
B209445DD469A6FA4092,金凯悦大酒店,115.18594,36.81116,振兴路与东方大道交叉口处西行,
B209465CD36CAAFD4592,金凯帝豪酒店,107.96769,26.58124,凯里市凯里北京西路70号,
B2094451D26DA2F54793,濮阳金凯悦酒店,115.0443075,35.7685228,濮阳飞龙车站向北400米,
B2094757D068ABF8439D,金凯门大酒店,121.6927,31.20758,川沙路4118号,
B209445DDB6FA3FF4692,金凯悦酒店,106.45952,26.54589,云岭西路46号附16号,
B209475CDB6EA6F4439A,银川金凯利商务酒店,106.2885833,38.46901292,兴庆区湖滨街与中山街交汇处,
B2094656DA65A4F84793,洛阳金凯悦大酒店,112.46502,34.61804,开元大道与望春门街交叉口,
B2094554D16DA0FE4192,东莞凤岗名冠金凯悦酒店,114.1463181,22.744212,凤岗镇凤深大道137号,
B2094652D764A3FF499B,金凯大酒店,109.410558,29.508256,凤翔大道34号,
B2094757DA6DA1FC469B,金凯逸大酒店,115.83577,22.81893,碣石镇玄武山北门大道,
B2094651D565A1FB4198,南苑环球酒店,121.551937,29.820344,鄞县大道东段1288号,
B2094554D269A7FB4193,南苑e家(宁波小港联合大厦店)(原轩兰酒店),121.7440441,29.9545438,浙江省宁波市北仑区小港街道公园路38-5号,
B2094251DB6CA5FC499D,南苑环球酒店云顶高级中餐厅,121.551537,29.820389,鄞县大道1288号南苑环球酒店52-53层,
B2094757DB6FA4FE469A,南苑环球酒店游泳池,121.551324,29.8203992,鄞县大道东路1288号南苑环球酒店36楼,
B2094556D16BABFF429B,星巴克(宁波南苑环球酒店店),121.5511026,29.8207969,鄞县大道东段1288号南苑环球酒店大堂西入口南侧商铺,
B2094453DA65AAFF419C,南苑环球酒店云庭自助下午茶餐厅,121.5516311,29.8206739,鄞县大道东路1288号南苑环球酒店36楼,
B209425CD568A2FC429A,南苑环球酒店(东部新城会展中心店),121.6196063,29.8723359,海晏北路800号,
B2094252D169A6FE439D,宁波南苑新城酒店(罗蒙环球城店),121.54621,29.805567,泰康中路667号,
B209425CDB65A2FB439F,八马茶业(南苑环球酒店),121.61969,29.872513,海晏北路800号1楼大厅,
B209425DDB6FA3F9479A,SK上客KTV(东部新城南苑环球酒店),121.6195294,29.8727843,海晏北路800号(会展中心地铁站B口步行200米),
B2094757D56BAAFE4798,南昌白金汇海航酒店,115.8518785,28.6730283,红谷中大道白金汇海航酒店写字楼A座14层,
B2094757DB6DA4FD4999,梅州大埔县瑞锦酒店,116.683884,24.3525094,内环西路与龙山二街交汇处,
B2094557D46DA5FF4499,大埔国源酒店,116.7030035,24.3613819,大埔大道东段,
B209465CDB6EA3FE439D,大埔酒店,114.1739767,22.4443667,运头角里6号美枫大厦1楼,
B2094652DA65A0F44698,大埔鸿华酒店,116.700484,24.353901,新城路88号,
B2094652DA65A0F44993,大埔金帆大酒店,116.6946,24.3512,文明路138号(近建设银行大埔县支行),
B2094757D565A3F8499A,大埔交通大酒店,116.6941,24.356,大埔县义招路89号交通大厦内(近大埔县交通局),
B2094652DA65A1F5439F,华侨大酒店(大埔影剧院东),116.695666,24.350021,湖寮县城府前路36号,
B2094251D66CA0FA489E,维也纳酒店(梅州大埔店),116.6947431,24.3386175,虎源路褀祥综合大厦,
B209445DDA64AAF4459E,大埔恒发商务酒店,116.704,24.362,湖寮镇大埔大道白云桥头旁,
B209445DD569A7FB499D,大埔海棠四季酒店,116.6968,24.351,湖寮镇虎山路96号,
B2094757DA68AAF4409C,广州阳光酒店,113.366025,23.122658,黄埔大道中199号中国石油广州大厦,
B2094757D064AAF5469C,广州礼顿酒店,113.317744,23.1208212,广东省广州市天河区珠江新城华成路6号,
B2094251D669AAFB4798,广州阳光酒店-会议中心,113.36564,23.122742,黄埔大道中199号(天河公园南门左侧)三楼,
B209475CDB6DA4FB4099,广州铂宫阳光国际酒店公馆(天河城店),113.2702446,23.12288679,广州市越秀区北京路238号名盛广场金润铂宫15楼1507号,
B209475CDB6EA6FC439C,骏田阳光国际酒店公馆,113.2693082,23.1187058,广东省广州市越秀区北京路147~149号锦源国际公馆26楼2624房,
B209445DD565A5F4479E,广州青年阳光酒店南沙万达店,113.53601,22.796819,广州南沙区南沙区环市大道中万达广场B5栋1022室,
B2094551D26EA5FF4299,广州住进阳光里-森呼吸酒店式公寓,113.284277,23.134637,广州越秀区建设五马路29号好世界公寓29号好世界公寓2005房,
B2094554D16CAAFF489E,广州阳光商务酒店,113.400217,23.115472,广州天河区东圃总站大马路,
B2094251D669A7F8429D,广州阳光酒店公寓,113.383339,23.098519,新港路10号东南方向20米,
B2094550D16AABFA4693,廊坊雅墅酒店,116.68678,39.538077,广阳道222号,
B2094557DB64A1FA4192,禧龙舒适型商务酒店(安发街店),126.6147,45.7553,安发街26号(近满汉楼),
B209475CD36DA4FF459B,杭州西子湖四季酒店金沙厅,120.1296311,30.251883,灵隐路5号杭州西子湖四季酒店1层(近曲院风荷),
B2094757D068A5FE469A,杭州西子湖四季酒店,120.128537,30.2513653,灵隐路5号,
B2094550D06CA1F94192,杭州西子湖四季酒店,121.5102,31.1824,东明路383号,
B2094257DB6CA4FF449D,杭州西子湖四季酒店-西餐厅,120.12812,30.25119,浙江省杭州市西湖区灵隐路5号杭州西子湖四季酒店,
B2094252D46AA3FA4598,杭州西子湖四季酒店WL BISTRO西湖餐厅(灵隐路店),120.127754,30.251097,灵隐路5号杭州西子湖四季酒店1层(近曲院风荷),
B209445DDB6AA5F4419D,都市之家精品酒店(淮南朝阳东路金地国际城店),117.0361399,32.6433551,罗马广场东南门西90米,
B2094757D068A1F94693,中福世福汇大酒店,121.4846179,31.2322751,上海市黄浦区广东路339号,
B209445DD465A6FF449F,都市精品酒店,121.61012,38.91942,沈阳路5,
B209445DDB65A5F9459D,都市悠客精品酒店,121.59126,29.88141,达升路23号,
B2094753D66DA0F44892,都市118连锁酒店(大连沈阳路店),121.6100621,38.9196754,沈阳路5号,
B2094652D36AA6FD429F,厦门都市精品酒店,118.0799,24.48554,厦门市思明区东渡路85号,
B2094757DB6DA1FD479E,厦门都市精品主题酒店（莲花南店）,118.125987052,24.482549718,厦门市思明区莲花南路7号,
B2094550D26BA6FA409E,都市精品酒店,117.11706,36.19017,东岳大街253,
B2094550DB68A1FC4192,南昌都市精品酒店,115.9404651,28.6777181,上海北路永人村400号,
B2094753D66CA7F9449D,厦门石敢当客栈(原厦门都市精品主题酒店(曾厝垵店)),118.12256,24.42479,曾厝垵社118号,
B209425DD069A3F94399,悠栈都市精品酒店,104.143556,30.657521,长融东三路155号1栋6层601号,
B209445DDB65A4FD449F,厦门都市精品主题酒店(莲花北路店),118.129683,24.48505,莲花北路4-6号,
B209445DD46EA4FF429E,现代都市精品酒店,114.02431,32.99557,丰泽路199,
B209445DD56EA7FA4493,都市精品酒店,109.10212,21.45701,重庆西路,
B209445DDA6FA5F5419A,南京都市月光精品酒店公寓,118.82201,31.94541,胜太路与双龙大道交叉口悦恒君铂大厦,
B209445DDB69ABF5459B,都市精品酒店(厦门莲花南路店),118.125665,24.48287,莲花南路7号,
B2094251D76EA1FE4898,都市精品酒店(明城墙西门外水司店),108.92038,34.251118,"丰庆路13号(西安市汽车站旁,近西北大学)",
B209445DD46FA3F4429B,深圳都市精品酒店,113.86311,22.636261,深圳市宝安区西乡洲石路九围富源工业城(工业城大门口),
B2094251D668AAFD429C,沈阳都市精品酒店,123.401569,41.794541,民族北街58号正东方向190米,
B2094251D668ABF84792,都市逸栈精品酒店,120.40267,36.27193,重庆北路413号,
B2094752DB69AAF94592,天津海河悦榕庄酒店,117.196854,39.143689,海河东路34号,
B2094355D76EA7F9419F,天津海河悦榕庄,117.1968691,39.1436847,天津市河北区海河东路34号,
B2094557D46DABF8479A,呼和浩特满都海亚朵酒店,111.6875251,40.8180698,内蒙古自治区呼和浩特市赛罕区乌兰察布西路45号,
B2094757D66CA3FF469A,长城快捷酒店,106.5147251,29.5332729,大坪长江二路174号,
B2094757DA65A5F8499C,如家快捷酒店（北京密云长城环岛店）（原鼓楼东大街）,116.86750263,40.37671219,北京市密云县长城环岛东北侧长城大厦(檀西路与京密路交叉口),
B2094554D26FA7FA409F,乐家快捷酒店(保定长城店),115.506334,38.828403,长城南大街1557号,
B2094757DB6DA0FF409A,汉庭快捷酒店（泰安长城路市政广场店）,117.07455039,36.192555334,泰安市泰山区长城路28号(近十二号街),
B2094753D66DA3F5449C,汉庭快捷酒店(长城路店),108.7977,37.59343,长城路综合楼(陕西省靖边县长城路交警大队南侧),
B2094252D56BA3FB4698,如家快捷酒店(长城路万达广场店),117.07725,36.173206,长城路西侧附属医院南900米新陶名苑,
B2094254D76EAAFD4893,格林豪泰酒店(保定市徐水区长城北大街快捷酒店),115.6494797,39.0369759,长城北大街5718号,
B209445DD46FA2F5499D,长城快捷酒店,114.52136,35.57838,解放路与卫河路交叉口向南40米路西,
B209445DDB6AA0FD419D,如家快捷酒店(北京长城环岛店),116.867194,40.377094,长城环岛东北侧,
B2094554D268A3F4449A,七橙音乐酒店,106.2402253,38.4783986,新昌东路（中国移动旁）,
B209445DD564A5FA459A,天明锦江国际酒店,114.696999,33.639353,平安路西段16号,
B2094550D065A0FA419A,上海外滩W酒店,121.496369,31.248984,旅顺路66号(国际客运中心地铁站3号口步行230米),
B2094255DB65A7F8459B,上海外滩W酒店-WET池畔酒吧,121.496475,31.249016,旅顺路66号上海外滩W酒店W层,
B2094256D765A2F94699,上海外滩W酒店-WOOBAR,121.49646,31.248957,旅顺路66号上海外滩W酒店W层,
B2094355D168A7F84999,上海外滩W酒店(上海白玉兰广场店),121.496792,31.248532,上海市虹口区旅顺路66号,
B2094252D06FA2F5449E,上海外滩W酒店-宴会厅,121.4964756,31.2487299,旅顺路66号近国际客运中心地铁站,
B2094257DA6FA7F8459A,上海外滩W酒店-WET室外泳池,121.49649000003,31.248730000034,上海市虹口区旅顺路66号上海外滩W酒店W层,
B2094356D26FA0FC4992,标帜餐厅The Kitchen Table(上海外滩W酒店店),121.49654768056,31.248808068285,旅顺路66号上海外滩W酒店W层,
B2094252DB68A0F9439C,上海外滩W酒店-碧波泳池,121.49649,31.24873,上海市虹口区旅顺路66号上海外滩W酒店W层,
B2094252D465A0F4439A,上海外滩W酒店大堂,121.496312,31.248949,上海市虹口区,
B2094554D268A2FB439C,汉庭酒店(上海北外滩新华医院店),121.514897,31.2745,控江路1690号(江浦路地铁站2号口步行320米),
B209445DD565A5F84592,方圆快捷酒店(南阳七一店),112.525257,32.9859016,七一路与文化路口西南角,
B2094550D66DA1FC439F,西安W酒店,108.98871,34.195905,曲江池东路333号,
B2094257D46DA6F9429D,西安W酒店·WEI全味西餐厅,108.988208,34.196893,曲江池东路333号W酒店一楼,
B2094252D06FA7FD4598,西安W酒店·飨艳YEN中餐厅,108.988235,34.196957,曲江池东路333号W酒店二楼(曲江池东路与曲江池南路交口北200米路东),
B2094257D168A6FD459A,西安W酒店-飨艳中餐厅,108.98914,34.19656,陕西省西安市雁塔区曲江池东路333号,
B2094256D66AA1F9439A,西安W酒店-健身房,108.98914,34.19656,寒窑南路与黄渠桥交叉口东南方向160米,
B2094253D064ABFD4493,西安W酒店·WOOBAR,108.988214,34.196879,曲江池东路W酒店一楼,
B2094256D46EA0FC439D,西安W酒店-西餐厅,108.98914000003,34.196560000032,陕西省西安市雁塔区曲江池东路333号,
B2094250D365A3FF489B,西安W酒店-小釜火锅餐厅,108.989140899,34.196561799,陕西省西安市雁塔区寒窑南路南侧120米,
B2094257D56CA2FD4499,西安W酒店·小釜FU火锅自助餐厅,108.98914,34.19656,曲江池东路333号W酒店三楼,
B2094354DA6CA7F4409F,西安W酒店(曲江池东路店),108.9886546,34.196591,陕西省西安市雁塔区曲江池东路333号,
B2094252DB6FA0FC449E,西安W酒店-宴会厅,108.98914,34.19656,陕西省西安市雁塔区曲江池东路333号,
B2094252D26EA0F5439F,西安W酒店-WET室内游泳池,108.989140899,34.196561799,陕西省西安市雁塔区曲江池东路333号,
B2094251DA6AA2FB4798,西安W酒店地下停车场,108.98918,34.19749,曲江池东路333号,
B2094351D168ABFC459F,荣轩(西安W酒店店),108.98906100665,34.196237874199,陕西省西安市雁塔区曲江池东路333号w酒店3层,
B2094255D16BA6F9479A,西安WESH微迩思酒店,108.947778,34.293263,未央路33号(地铁2号线龙首原D出口向北)正南方向90米,
B2094653D16AABFB479E,金澳花园酒店,113.761741,23.032026,东城大道33号(方中大厦旁边),
B2094650D26DA1FC489B,金澳酒店,111.7217,40.81837,赛罕区大学东街金固大厦后侧,
B2094557D46FA2F8429A,如家派柏云（呼和浩特创业路店）（原金澳酒店）,111.7216572,40.8182956,内蒙古自治区呼和浩特市赛罕区幸福街5号,
B209445DDB6AA6F4449F,金澳商务酒店,115.3616823,22.7757341,澳门街中段(美宜佳对面),
B2094757D46BABFA439D,金澳大酒店,118.77828,32.03592,白下区王府大街103号(近秣陵路),
B2094651D46FA0FF479C,杭州金澳假日酒店,120.459,30.1842,瓜沥镇友谊路473号(友谊路和东灵北路交接口农业银行旁边(近明日宾馆),
B2094554D269A3F84899,星程酒店(兰州小西湖店)(原金澳宾馆),103.789372,36.060503,硷沟沿121号,
B209475CDB6DA4FA499D,北京金澳国际酒店公寓,116.3783777,39.97075635,海淀区马甸东路19号(金澳国际公寓楼28层2825室),
B2094557D664A1FB4099,金澳大酒店,124.88721,48.47888,老党校斜对面(老农业局),
B209475CDB6EA7F84392,浙江金澳帽精品公寓酒店(—钛合国际店),120.1707,30.2785,下城区朝晖路168号钛合国际B座大厅(与上塘路交汇处),
B2094652D66AA5FC419C,金蓬莱商务酒店,116.35762,23.5575,揭丰公路与美阳路交界处,
B2094656D164A3FF4793,忠义商务会馆(衡水火车站店),115.678272,37.734473,人民西路192号,
B2094557D469A6FD4799,衡水忠义商务会馆火车站店,115.678381,37.73476,中华大街与人民路交叉口西南角,
B2094757D06BA1F84292,西安莲湖区赛瑞喜来登大酒店,108.946472,34.290717,未央路32号,
B2094757D068A2F9489E,西安喜来登大酒店,108.897531,34.258442,沣镐东路262号,
B2094656D26DA4FE4092,老树咖啡(西安喜来登大酒店东北),108.89862,34.25964,丰镐东路197号(喜来登酒店斜对面),
B2094356DA69A6FE429E,西安赛瑞喜来登大酒店,108.94642968786,34.290781331149,陕西省西安市莲湖区未央路32号临近大明宫国家遗址公园,
B2094554DA6AAAF5459E,西安赛瑞喜来登大酒店-大堂吧,108.9465151,34.2906575,未央路32号,
B2094656D26DA4FE4093,名典咖啡语茶(西安喜来登大酒店东北),108.89851,34.25959,丰镐东路199号,
B2094252D165A5F44592,西安莲湖区赛瑞喜来登大酒店停车场,108.94709,34.29121,未央路32号,
B2094551D56DA3FF4699,西安喜来登大酒店唐苑中餐厅,108.925702,34.264339,西安市沣镐东路喜来登酒店向前50米,
B2094757D064ABFD419F,江东天港禧悦大酒店(大堂),121.6043019,29.8668979,浙江省宁波市鄞州区惊驾路1088号,
B209445DDB6DA5F5489E,随县九龙山商旅酒店,113.299529,31.853802,神农大道327号,
B2094753D66CAAFD459D,"香港九龙东皇冠假日酒店(Crowne,Plaza,Hong,Kong,Kowloon,East)",114.264171,22.305492,"将军澳唐德街3号(3,Tong,Tak,Street,,Tseung,Kwan,O)",
B209465CDB65A1FF449B,九龍維景酒店,114.1807365,22.316744,旺角窝打老道75号,
B209445DDB6AABFF4498,新九龙商务酒店,113.91314,29.72646,河北大道333号,
B2094753DB6FA5FD4792,香港九龙贝尔特酒店(Pentahotel Hong Kong Kowloon),114.20463,22.33444,九龙新蒲岗六合街十九号,
B209465DD26CA7FB459A,九龍皇悅酒店,114.18015,22.29831,尖沙咀金巴利道62號,
B2094757DB6DABF84193,香港九龙海逸君绰酒店（原香港海逸酒店）,114.197205,22.299725,"九龙,红磡黄埔花园德丰街20号(20,Tak,Fung,Street,,Hunghom,,Kowloon)",
B2094750D269A6FA4393,九龍珀麗酒店,114.16714,22.318284,香港九龍大角咀道86号,
B209465CDB65A6FF439D,富豪九龍酒店,114.1829039,22.2961623,尖沙咀么地道71号,
B2094557D46DA7FF469A,上高九龙半岛大酒店,114.9434387,28.2386476,青莲路1号,
B2094650D66BA1FA4798,九龙大酒店,119.58419,34.19073,响水县工商路118号响水物价局东,
B2094757DB6EA3FD4598,娄底九龙华天酒店,111.995707,27.72241,娄星区扶青路(近乐坪西街),
B2094757D069A5FF429C,武汉九龙国际大酒店,114.3441463,30.5101061,湖北省武汉市洪山区雄楚大街272号九龙大酒店1-3楼（近省出版城、南湖）,
B2094757D068A0FD4899,香宫(九龙香格里拉酒店),114.181971,22.294205,尖沙咀海滨长廊与么地道行人天桥交叉口西100米,
B2094650D46FA0FB479B,连云港九龙国际大酒店,119.1791,34.6047,解放中路11号,
B2094757DB6EA6FC4092,香港九龙维景酒店,114.180735,22.3167492,旺角窝打老道75号,
B2094652D76AA0FC4499,荆州金九龙大酒店,112.2100078,30.3362653,学苑路与新风一路交叉口东北60米,
B2094551D764A3FD479A,宝鸡九龙山国际温泉酒店,106.838424,34.418747,坪头镇九龙山景区内游客中心东100米,
B2094753D66DA3FF4893,大庆九龙潭商务酒店,125.103733,46.5993112,东风新村经三街103号(东风中学南侧),
B2094554D16DABF44899,广州九龙湖国王酒店,113.430315,23.470405,花东镇山前大道3号九龙湖度假区,
B209445DDB65A3FB4299,佳烁快捷酒店,114.4936418,37.0750472,河北省邢台市襄都区车站北路55号,
B2094550DB6FABFE4299,枣庄米高时尚酒店,117.75501,34.559035,东顺路台儿庄古城东门对边路东,
B209445DD46BAAFF4992,米高时尚酒店,116.99687,36.67745,东西丹凤街32,
B209445DD56FA7FA479D,米高时尚酒店,117.2204066,37.7357441,德州市乐陵市开元中大道嘉诚·黄金水岸西侧,
B209445DD56DA1FD4398,米高时尚酒店淄川店,117.9775573,36.647789,淄城东路47号,
B2094550DB6EA3FF459E,米高时尚酒店(青州店),118.4935245,36.6953689,海岱中路南阳欣城1077号,
B2094253D36AA2F84999,米高时尚酒店(赤峰高铁站店),118.8876768,42.276076,五金机电城温商大厦1号楼02021,
B2094551D06DABFD4593,泰安米高时尚酒店泰山天外村店,117.105625,36.200462,"傲徕峰路33号,与擂鼓石大街交汇处北50米路西(距离泰山天外村入口仅8分钟路程)",
B2094254DA69A2FD469B,米高时尚酒店,119.1747041,36.6508683,凤凰大街与龙山路交汇口西南角,
B2094550D16BA5F84099,赤峰米高时尚酒店火车站店,118.9625011,42.2622888,新华路南段2号（原东方斯卡拉）,
B209445DD565A4F44593,米高时尚酒店,118.68158,37.4241,沂州路与玉河路交界处,
B209445DDA64A2FD419A,米高时尚酒店,118.4569,35.54591,祥和路与历山路交汇处路东,
B2094255D06EA2FF439F,烟台米高时尚酒店,121.4107989,37.4583399,山东省烟台市莱山区虎山南路19号,
B209445DD469ABFB4492,北京米高时尚酒店,116.136349,39.738853,北京房山区良乡西潞北大街89号盛川大厦,
B2094255D168A5FB489F,米高时尚酒店,118.03862,36.8077,尚美第三城对面共青团西路111号,
B2094557D46DA6F84398,米高时尚酒店(青岛五四广场远洋店),120.398701,36.066579,香港中路61号阳光大厦楼上,
B2094256D66FABFF4198,米高时尚酒店,117.94082,35.27487,建设西路508号,
B209445DD468A1F84398,济南米高时尚酒店奥体中心店,117.118872,36.665378,济南历下区奥体中路与坤顺路交叉口往西100mi,
B2094350DA64A0F9489C,艺龙米高时尚酒店(南宁广西花鸟市场小鸡村地铁站店),108.35801706458,22.856626136842,南梧路229号,
B2094757D06EAAF8499F,上海半岛酒店,121.489135,31.241292,中山东一路32号,
B2094654DA6EABFC499D,上海外滩半岛酒店有限公司,121.4735,31.22361,金陵西路3号香港新世界大厦4604,
B2094255D464A4F9429D,上海半岛酒店-大堂吧,121.4890467,31.2414211,上海市黄浦区外滩街道中山东一路32号,
B2094253D06FA2FD429F,HARRY WINSTON(上海半岛酒店专门店),121.488729,31.241415,中山东一路32号半岛酒店L1U,
B2094550D76DA3F5469C,上海半岛酒店公寓,121.708979,31.17805,上海浦东新区川周公路8288弄1号,
B2094251DA6BA6F4479D,上海半岛酒店-玫瑰厅,121.48901,31.2415,中山东一路32号上海半岛酒店1层,
B2094253D06FA6FE469A,上海半岛酒店·半岛精品店,121.489118,31.241399,中山东一路32号上海半岛酒店B1楼,
B209425CD369A5F9409F,CHANEL(半岛酒店精品店),121.4899092,31.2412921,中山东一路32号半岛酒店1层,
B2094554D16DA4FD469F,佘山半岛假日酒店公寓(上海欢乐谷店),121.2323,31.0829,城隆路629弄2号楼(城隆路与城桂路交口北行50米路西),
B2094653D168A5FF4498,方中假日酒店,113.857931,23.083077,茶山镇茶山大道西28号,
B2094253D268A0F5419B,方中假日酒店餐厅·宴会厅,113.857466,23.084256,广东省东莞市茶山大道西28号方中假日酒店内,
B2094757D169A4F4449C,上河▪大观酒店,102.67615,25.025651,大观路284号,
B209475CDB6DAAFE489F,米乐时尚商务酒店,106.23611,38.48121,雪绒巷聚合6号宁夏统计局东侧,
B2094550D269A2FE489E,韩帝商务酒店(五一店),121.6036,38.9177,辽宁省大连市沙河口区中山公园街道信诚街61五一广场,
B2094650D76DA1FE4492,金明大酒店,119.60437,33.58818,益林镇建新西路80号,
B2094757D06AA7FA499A,金明大酒店,121.405516043,31.257940521,上海普陀区曹杨路2088号(近芝川路)),
B2094656DA6BABFB4398,金明池大酒店,114.30306,34.79838,开封市金明区金明大道中段,
B2094652D06EABFF4898,南安水头金明大酒店,118.4338,24.705559,水头镇福兴广场金明大酒店,
B2094654DB69A0FB439A,金明大酒店餐厅,121.40477233122,31.259109861248,普陀区曹杨路2088号(近潮州路),
B2094652D06EABFF4899,中国农业银行(金明大酒店内),118.433678,24.70567,水头镇福兴街1号,
B2094253D769A0FB4892,金明珠大酒店,121.2921518,38.7991389,模珠街45号,
B2094551D26FA2FF429F,嘉优隆精品酒店,102.8253942,24.8805031,彩云南路实力心城9栋15楼,
B2094654D76BA6FD459B,今日世界度假大酒店,113.39662,22.94694,广东省广州市番禺区大龙街道丰尚路50-52星尚名玥花园,
B2094554D265A2FE4193,格林豪泰快捷酒店(上河时代店),117.362119,32.9617545,永安街301、304号,
B2094757DB6DA0FB439D,时代假日酒店,115.6629571,34.4294491,八一东路与归德中路交叉口东240米,
B209465CD368ABF84999,时代假日酒店,104.857608,26.581317,中山中路66号,
B2094652DA6BA1FC4192,时代假日酒店（惠州上排店）,114.39081,23.07676,上排下浪肚时代假日酒店2楼(第八中学对面),
B2094757DB6DA6FE479E,时代公寓,111.00696,21.51637,人民路136号,
B2094354D769A6FA479F,昆山时代皇冠假日酒店,121.0485942,31.3829221,前进东路333号1层,
B209475CD36AA3FA409F,时代假日酒店中餐厅,111.310318,24.5303218,钟山中路66号时代假日酒店7F,
B209465CD369A1F54792,正宗贵阳肠旺粉面(时代假日酒店西北),104.85734,26.58263,贵州省六盘水市钟山区荷泉街道聚伦工委综合楼小区,
B2094757D56FA7FF4293,盛通时代国际假日酒店,116.2398,39.895,鲁谷东街甲26号(近远洋山水),
B2094757DB6EA2FF459C,东兴时代假日酒店,107.97604,21.54274,民族路53号,
B209445DDB6AA7F54692,新时代假日酒店,111.183456674,30.474914349,湖北省宜昌市长阳土家族自治县龙舟大道锦绣清江1号楼,
B2094554D268A3F8469D,锡林浩特时代丽晶假日酒店,116.0705,43.9345,察哈尔大街与天津路交汇处西南角(盟冷库西),
B2094753DA6EA5F54299,时代凯悦假日酒店,104.06627,30.67121,西府北街8东渡国际时代凯悦大厦一单元,
B2094652D26AA3FE469E,时代假日酒店,122.115849,30.021492,昌国路258号,
B209445DD765A0F84599,时代假日酒店,110.32848,33.69546,中心街中段,
B2094654D269A0FB439F,时代假日酒店,116.41307,39.91883,北京市东城区灯市口大街57号(毗邻王府井教堂),
B2094557D46DA5FC489D,重庆时代长江假日酒店,106.582527,29.551576,长滨路136号,
B2094550D76DAAF4429C,冷水江时代壹佰假日酒店,111.429791,27.676045,娄底冷水江市锑都南路8号,
B2094550D36DA1FF4193,时代100假日酒店,111.4305,27.6762,锑都南路8号,
B209445DD56FABFB479F,时代假日酒店,113.50213,27.66178,金塔・湘东商贸中心附近,
B209445DDB6AA2FD419A,汉庭酒店(西安西稍门机场大巴店),108.9008,34.2604,桃园中路1号(丰镐东路与桃园路十字向北50米，近西稍门机场大巴、钟鼓楼市中心),
B2094254DA6FA0FB439A,爱斯特美仑酒店(哈尔滨冰雪大世界店),126.544075,45.812113,世博路77号,
B2094554D265A3FA479F,金桂恒大酒店,110.297104,19.998001,滨涯花园新村326,
B2094753D66DA7FB4292,华新大酒店,112.564773,26.893416,解放大道28号,
B209445CDB6BA0FC489D,华新年年有鱼大酒店(中坝南路店),120.4535,32.551,中坝南路93号(华新一品西大门),
B209445DDB6FA7FD429A,南部华新国际大酒店,106.034577,31.3468129,迎宾大道中段（近桂香路）,
B2094652DA6DA5F9479E,美丽华新发大酒店,112.78749,22.25485,台山市台城环北大道26号,
B2094657DA6BABF44592,老华新大酒店,126.286536,46.117284,黑大公路华茂新城北侧约90米,
B2094557D469A6F54499,华新大酒店,108.24944,33.03898,向阳路中段新华大厦,
B2094255D46AA6F4449B,华新大酒店,115.77685,30.01233,湖北省黄冈市武穴市花桥镇,
B2094255D46BA2FE459B,华新大酒店,113.37896,31.73476,北郊孔家坡消防通道279号,
B209445DDB6AA0F9409B,圣丰大酒店,104.687762,31.465618,绵新东路68号,
B2094757D66BAAF5449A,圣丰索菲特大酒店西餐厅,113.264435,23.129163,广州大道中988号广州圣丰索菲特大酒店近明月一路,
B2094757D068A5FC419A,广州圣丰索菲特大酒店,113.315783,23.138051,广州大道中988号,
B2094257D069A4F5459F,广州圣丰索菲特大酒店,113.3155499,23.1382188,圣丰广场西门北50米,
B2094653D46AABF9489B,圣丰大酒店,115.98337,29.69305,江西省九江市浔阳区向阳街道龙开河路步红花园玫瑰苑,
B2094255D769AAFB499E,圣丰源大酒店,105.78004,30.32108,玉溪镇古玉路中国农业银行东,
B2094550DB68A3FF4093,西宁普通酒店,101.7156492,36.6408533,万达广场SOHOA座14层,
B2094554D16EA5FA449B,南昌天和商务酒店,115.9332083,28.6123836,航空路28号,
B2094656D26BA3F5439E,鑫都国际大酒店,115.82465,32.88696,颍州南路1号,
B2094651DA6BA2F4429C,台州鑫都国际大酒店,121.372479,28.585125,东路桥大道1号,
B2094757D06BABFC4699,神州半岛喜来登度假酒店,110.358029,18.67089,神州半岛旅游度假区,
B2094757DA6AA6FF419B,海南神州半岛喜来登度假酒店,110.45923758782,18.748061414411,海南省万宁市东澳镇南道村,
B2094253DB6BA2FC4798,万宁神州半岛喜来登度假酒店·日落餐厅,110.35737,18.670034,神州半岛旅游度假区(西南角),
B2094357DA69A0F8459B,万宁神州半岛喜来登度假酒店,110.3580251,18.670893,海南省万宁市东澳镇神州半岛旅游度假区,
B2094252D368A7F4449F,神州半岛喜来登度假酒店盛宴西餐厅,110.35826,18.67083,神州半岛旅游度假区喜来登度假酒店二楼,
B2094651D369A1FB4693,潍坊富华大酒店,119.159401,36.7170122,山东省潍坊市奎文区福寿东街168号,
B2094657D46CA2FF459A,君怡酒店,125.291901,43.827502,修正路811号,
B2094757D16DA4FA459C,君怡国际酒店,113.5225359,22.2752115,梅华西路881号,
B2094652D668A5FF429F,阳江丽嘉大酒店,111.964942,21.872664,西平北路388号(国税局对面),
B2094653D769ABFC4299,君怡大酒店(汽车站店),108.658923,24.49363,龙江路2号(宜州汽车服务站北行500米),
B209465CDB68A1FE4399,君怡酒店,114.1788017,22.2977789,"尖沙嘴金巴利道28号,近加拿芬道金巴利街交界",
B2094554D268A2FD4493,君怡酒店,119.8981513,31.775637,龙江中路6-1号（万泰商务广场）,
B209465DD26CA5FE4799,澳门君怡酒店(Grandview Hotel),113.55704,22.15422,凼仔柯维纳总督马路142号,
B209445DDB68AAF8469C,君悦酒店,113.0162566,28.098631,时代阳光大道61号,
B2094451DA6EA0F8459E,厦门君怡酒店,118.1312,24.5036,乌石浦路188号(近乌石浦路电子中专),
B2094652D46BA7FF459A,天雁大酒店,113.0162593,28.0986215,湖南省长沙市雨花区阳光大道61号,
B2094753D66CA7F4499C,君怡山水酒店,112.6166505,26.8889016,湘江南路57号,
B2094554D264A1F4409C,温县君怡明珠大酒店,113.0947445,34.9469542,太行路与子夏大街交叉口,
B2094757D76EA0F54293,梅华海鲜城(君怡酒店),113.5224848,22.275373,梅华西路881号君怡国际酒店,
B209445DDB69A2FF4099,君怡贵宾酒店润宇店,111.6949,40.84087,润宇装饰城十字路口东北角,
B209445DDB69A3F84493,长虹·君怡酒店,104.7402774,31.4736976,跃进路85号,
B2094554D76FA7F9489E,沙美岛君怡度假酒店(Samed Grandview Resort),101.46558,12.56778,"95/2 Moo 4 Tumbon Phe, Amphur Muang",
B209445DDA69A5FE499B,君怡连锁酒店气象局店(君怡快捷酒店),111.662314,40.836947,海东路气象局南口,
B2094653D06EA0F5419F,君怡酒店,112.80786,23.30135,景升南街2号,
B2094253D76CA1FF4593,阳江江城君怡广场亚朵X酒店,111.9648393,21.8726432,君怡广场西平北路388号,
B2094653D66BA3FD4098,君怡酒店,108.275028,22.80309,"五一路中兴桥南(理工学校,协和医院旁)",
B2094653D065A0F94392,恒心酒店,113.39364,22.49882,广东省中山市东区街道兴文路汇星台,
B2094255D26BA6F54299,恒心酒店,117.19039,36.19966,创业大街16正东方向100米,
B209475CDB6EA0FE4498,尚客优快捷酒店（马鞍山康乐路店）,118.5189,31.6634,印山东路贵都花园16栋,
B2094557D469A6F8459A,擎天新悦酒店,102.747116,24.953161,季宏路银海金岸A座,
B2094757DB6DA6FE439F,捷特漫大酒店,120.1966394,30.2277558,望江东路鲲鹏路363号(近江地铁站D口步行360米),
B2094254DA6CA2F9479C,金士顿国际假日酒店商丘市政府店大堂,115.659271,34.423513,文化东路与归德中路交叉口西南60米,
B2094757DB6EA2FE469F,特美思大酒店,116.356716,23.560389,马牙路与建阳路交汇处,
B209445DD46DA0FE489C,喆·啡酒店上海曹杨店,121.402463,31.241864,上海市普陀区兰溪路185号,
B209445DD464A5FA459D,凯达国际酒店公寓(惠州佳兆业中心店),114.418957,23.11508,惠州大道佳兆业中心1期3座29层09室(惠州市政府旁),
B209475CDB6EA0FD459B,三亚布丁快捷酒店(商品街店),109.5154619,18.2468983,海南省三亚市吉阳区商品街六巷49号,
B2094656D66BA7F94492,青龙大酒店,112.5580128,37.8381195,南内环街302号,
B209445DD468A6FC4999,巩义青龙温泉大酒店,112.9982194,34.7326892,310国道汽车总站南700米路西,
B2094656D76AA5F8469B,供销大厦(青龙大酒店北),110.98593,35.603636,稷峰东街与大佛路交叉口东南40米,
B2094554D26AA6FD4599,青龙湖大酒店,90.3898882,46.6748846,环城东路17号,
B209445DD46BA7FC419C,钟祥青龙湾国际大酒店,112.5957,31.1628,钟祥市镜月湖大道7号,
B2094354D66CA6F8429E,飞龙国际大酒店(青龙路店),117.1774541,31.6970079,肥西县工人文化宫马路对面 乐平站地铁站A出口往前200米,
B2094652D46EA1FF4798,青龙红大酒店,113.7236,27.973097,广场路10号,
B2094555DA6BA0FA479E,青龙湾国际大酒店-御厨房,112.59569,31.16279,镜月湖大道7,
B2094757D66CA6F44893,青龙骏生态大酒店,120.0187,31.8169,新北区河海东路9号,
B2094550D068A2F5409F,青龙县交通局祖山接待中心大酒店,119.4392,40.2216,251省道西(祖山中心幼儿园附近),
B2094356DB6AA1FB429A,永兴楼,117.1820332,31.7245911,经济技术开发区青龙潭路智能装备园南区D1栋2-3楼,
B2094650DA6BA7F8479F,龙山大酒店(青龙山北路),116.963684,36.629787,青龙山北路28号,
B2094350D168A4FA499C,西安交大南洋大酒店(交通大学青龙寺店),108.9894335,34.24131,兴庆南路1号,
B2094557D669A5FC4298,夜上海大酒店(青龙路店),117.29305,31.88998,青龙路(近元一明城),
B2094255D16DA2F5479C,青龙银河大酒店,118.98871,31.95571,青龙大道19西北方向140米,
B2094255D468A1F84892,青龙大酒店,116.11258,31.64797,安徽省六安市裕安区石婆店镇,
B2094551D16EA1FC4698,海口巨制荷泰酒店,110.196409,20.046233,长滨三路8号,
B2094757DB6CA1FC4398,无锡君来世尊酒店,120.320353,31.477511,太湖新城和风路111号,
B2094750D36BA6F8459E,无锡君来世尊酒店,120.2887,31.59183,滨湖区和风路111号,
B209445CD16DA0FB449F,无锡君来世尊酒店-梅花厅,120.32082,31.47679,太湖新城和风路111号,
B2094554D065A0F44399,佳莉雅水疗中心(无锡君来世尊酒店店),120.32105,31.476648,无锡市滨湖区太湖新城和风路111号君来世尊酒店B1楼,
B2094551D26CA1FB449A,南昌萨维尔上舍酒店,115.8518713,28.6730227,江西省南昌市红谷滩区红谷中大道348号萨维尔上舍a座19楼,
B2094254D46CA2F44398,南昌萨维尔・上舍酒店写字楼,115.85198,28.6731,红谷中大道348号,
B2094254DA6CA2F5479F,临沂北城新区亚朵酒店,118.344693,35.124532,沂蒙北路与武汉路交汇东南环球香樟园4号楼,
B2094551D26EAAFE419E,昆安里酒店,102.8253664,24.8805082,彩云南路实力心城9栋26层101(春融街D出口),
B209475CDB6EA3FB489F,乌鲁木齐爱派皇冠酒店,87.5990721,43.813884,新疆维吾尔自治区乌鲁木齐市水磨沟区河滩北路38号(华凌河滩辅道旁),
B2094651D26EAAFD429B,如家酒店(西六路店),118.0471924,36.8068227,山东省淄博市张店区公园街道共青团西路95号,
B2094557D469A4FD4799,益阳都市100连锁酒店大堂,112.3502454,28.5532519,梓山西路与康富南路交叉口西120米,
B2094757DB6EA7FA439F,上海中星君亭酒店（原上海中星大酒店）,121.4847612,31.2275641,人民路839号,
B2094551D26CA1FB449A,南昌萨维尔上舍酒店,115.8518713,28.6730227,江西省南昌市红谷滩区红谷中大道348号萨维尔上舍a座19楼,
B209445DD46AABFF429A,南昌红谷丽尊酒店,115.851875,28.6730297,红谷中大道白金汇海航酒店写字楼A座14层,
B2094355D268A5F84292,南昌禧悦丽尊酒店(红谷滩秋水广场店),115.859002,28.6894695,江西省南昌市红谷滩区红谷中大道1366号,
B2094254DA6CA1FE479A,杭州云鲤悦酒店(双池街分店),119.977471,30.273651,仓前街道龙园路88号4幢,
B2094554D268A5F8449C,台州发米莱时尚精品酒店,121.3944,28.5877,腾达路35号(国际塑料城北侧),
B2094554D268ABFE489C,金广快捷酒店(苏州火车站北广场客运站店),120.608302,31.331149,火车站北广场客运站4楼西,
B2094251D668A2FD4892,天津云舒酒店,117.199508,39.1470829,河北区光复道街狮子林大街119号,
B2094550D66AA4FC439B,吾关酒店,120.6897359,28.0115499,温州市鹿城区航标路花园1956文化创意产业园,
B209445DD564A0FE439E,台州易成酒店式公寓,121.4170611,28.6367387,白云山南路万达广场3号楼大堂,
B209445DDB69ABF54192,橙果酒店(前海宝安中心店),113.8982245,22.5568658,翻身路68号,
B209445DD764A3FF459A,全季酒店(杭州未来科技城绿汀路店),119.9903243,30.279538,联创街588号(上尚城对面),
B2094650DA6EA4F54598,东方儒家天宏酒店,115.466459,35.237556,牡丹南路108号,
B2094254DA6CA1FF499D,济宁太白路亚朵酒店,116.60456,35.40711,车站东路1号,
B209425DDA6EA2FD4193,济宁太白路亚朵轻居酒店停车场,116.597715,35.4076935,,
B2094757D564A1F5489F,璞琚酒店(南昌大桥东地铁站店),115.881128,28.654357,洪城路778号,
B2094453D46CABFA439B,鲤鱼门大酒店,121.13553,31.43884,太仓市科教新城海运堤路80-12号,
B2094751D368ABFC4399,开心鱼大酒店鲤鱼门分店,120.6041125,31.3367117,苏州市姑苏区平河路如家酒店(苏锦地铁站店),
B2094757D16FA7FE4398,鲤鱼门大酒店(沧浪新城店),120.596083,31.2684455,江苏省苏州市姑苏区新郭路333号沧浪新城新郭路333号季节商业广场5楼,
B209475CD16DA6F9419A,鲤鱼门大酒店,120.59632,31.26949,吴中西路与新郭路交叉口(苏州中医院西侧),
B2094757D16AA4FF4693,鲤鱼门大酒店,120.57215678,31.319443646,金阊区西环路2928号(近金阊区政府),
B2094753D66DA1F5489A,鲤鱼门大酒店,117.8668944,39.1827151,扬帆路168号,
B2094653D36DA6FD479B,鲤鱼门石湾大酒店,113.08257,23.00501,禅城区和平路(近石湾公园),
B2094554D364A6F8409C,鲤鱼门海鲜・酒店虹桥店,121.0388435,28.2191598,育红路318号去茶去隔壁,
B2094556DB65ABF8449D,鲤鱼门大酒店(石锦路店),120.3147,28.1073,油竹新区石锦路222号,
B2094653D16EA7F5499F,清远国际酒店,113.0606448,23.6958148,沿江路1号,
B2094653D16CA4F94798,清远好来登国际酒店,113.039722,23.69522,北江二路35号,
B2094757DB6EA2F4479C,清远佛冈篁胜国际温泉花园酒店,113.529788,23.881797,佛冈县石角镇北园路(县政府西侧),
B209475CDB6EA2FA459E,清远聚龙湾利鑫国际酒店,113.5347593,23.856095,振兴南路39.41.43.45.47.49.51.53号,
B209445DDB68A4FF479C,清远铂金嘉华国际酒店,113.0401251,23.6934448,清远市清城区东二号区9号港懋大厦首层,
B2094254DA6FA0F4489B,清远美林国际酒店,113.0220737,23.7351814,广东省清远市清新区笔架路28号,
B209475CDB6EA2FB4792,清远乐天国际酒店,113.043437,23.69088035,广东省清远市新城三号区路口(工商局侧),
B2094356D669A4FE439A,清远瑞雲·欢朋国际酒店(清远玄真漂流店),113.02818586888,23.741446872166,清远市太和镇环城路7号容安公馆2楼,
B2094252D065ABF44298,清远国际酒店JAM.Coffee,113.0606419,23.6958093,沿江路1号,
B209425DD26DA3F44392,清远国际酒店心怡月子会所,113.0604728,23.6958749,沿江路1号清远国际酒店22-23层,
B2094556DB6DA2F5499D,清远国际酒店御珍轩食街(沿江路店),113.06073,23.69574,沿江路一号国际大酒店负一楼御珍轩食街,
B2094554D268A5FF439A,杭州百合花酒店曙光路店,120.130655,30.258574,曙光路156号,
B2094551D16CAAFB469C,名城乐活公寓酒店,120.57342,31.3153,西园路47号,
B2094753D66DA0F54998,宁波凤凰山商务酒店,121.848682,29.899067,凤凰城北区5幢111号,
B209475CDB6EA5F94299,乌鲁木齐信达海德酒店(原海德酒店),87.6222096,43.796033,乌鲁木齐市天山区健康路219号,
B209445DD564A7FA4698,宁波北仑世茂希尔顿逸林酒店,121.841588,29.896386,黄山路699号,
B2094554D16DA4FB439C,苏州澹台湖大酒店,120.63668,31.261618,太湖东路299号,
B2094253D265A5F4419A,苏州澹台湖大酒店宝带楼,120.637026,31.261801,太湖东路299号苏州澹台湖大酒店内,
B2094757DA6DA1FB449D,新会碧桂园凤凰酒店,113.048397,22.50584,会城镇启超大道1号,
B2094557D469A4F9459F,昆山金鹰尚美酒店,120.9729749,31.3757325,珠江中路199号金鹰国际购物中心(昆山店)L1层,
B2094556D16AA3F94992,星巴克(昆山金鹰店),120.9734812,31.3763939,江苏省昆山市珠江中路199号昆山金鹰国际购物中心一层1-01铺位,
B2094354D66AABFC479F,昆山金鹰尚美酒店·尚美西餐厅,120.972846,31.375229,珠江中路199号(尚美酒店内),
B209445DD065ABF54492,中影梅溪国际影城,112.532964,32.99075,梅溪路梅溪国际酒店,
B2094650D764A2F94199,汉韵快捷商务酒店,117.22717,34.24309,二零六国道楚王陵对面,
B2094652D46FA2F94293,岳麓山大酒店,112.925319,28.2246968,长沙市岳麓区岳麓大道岳麓区汽电宿舍,
B2094255D568A6F84493,菏泽华泰连锁酒店,115.4717693,35.2294983,菏泽市太原路南段166号,
B209445DD46BA6F8499B,逸米酒店(上下九第十甫路店),113.243793,23.1134664,第十甫路83号福星商场3层,
B2094250D66EA7FF469A,全季酒店(抚州市政府店),116.3619529,27.9411211,高新技术产业开发区赣东大道1988号5栋,
B2094650D06FA7F54298,无锡华美达梨庄大酒店,120.3000642,31.5961736,锡澄路190号,
B209445DDA6CAAF94498,全季酒店(沈阳火车站店),123.3925931,41.8003462,北二东路10号东北黄金大厦1层,
B2094550D265AAFE4499,爱丁丽舍艺术主题酒店,103.8377,36.0518,金昌南路实验小学对面健友宾馆1楼大厅,
B209475CDB6EA2FF4092,瀚都商务酒店(沈阳火车站店),123.391923,41.799755,兴工北街53号瀚都国际1楼、28-30楼,
B209445DDB65A2FD459E,速8酒店(郑州火车站二店),113.6645192,34.7479029,河南省郑州市二七区福寿街6号,
B209445DD46BABFB439B,泉州速八酒店师范学院店,118.6662425,24.8650696,东海湾1加1广场3楼（师范学院正大门旁）,
B2094757D06FA7F84398,北京金融街威斯汀大酒店,116.3591564,39.917426,金融大街丙9号,
B2094252D16AA7FF4593,北京金融街威斯汀大酒店·食集,116.35921,39.917747,金融大街乙9号威斯汀大酒店(近月坛),
B2094252D668A0FB499E,北京金融街威斯汀大酒店·Prego地中海餐厅,116.3592663,39.9174764,金融大街丙9号北京金融街威斯汀大酒店1层,
B2094354DA6DA3FC4199,Prego地中海餐厅(北京金融街威斯汀大酒店),116.35932765082,39.917482427013,金融大街丙9号北京金融街威斯汀大酒店内一层,
B2094357D06FA0FD4192,富华斋饽饽铺·宫廷糕点·北京伴手礼(北京金融街威斯汀大酒店),116.359226,39.9174738,北京市金融大街丙9号,
B2094350D369A2FF469F,北京金融街威斯汀大酒店(金融大街店),116.3592757,39.917474,北京市金融街西城区金融大街丙9号公寓区,
B209425DDA65A0F8449F,禅园啤酒花园(北京金融街威斯汀大酒店),116.359239,39.917562,金融大街丙9号北京金融街威斯汀大酒店,
B2094254DA6FA4F4429E,苏州高铁北站木莲庄酒店,120.6396132,31.4223385,高铁新城南天成路66号万汇广场1号楼,
B2094251D768A7F9439D,木莲庄酒店(苏州高铁北站店),120.63965,31.42222,南天成路66号万汇大厦3-8楼,
B2094557D56DAAF5499E,希岸酒店(重庆茶园店),106.654494,29.499167,茶园同景路3号1栋附12号17楼(恒大同景国际广场旁),
B2094757DA65A5FB499E,汉庭酒店(上海中山公园二店),121.42395,31.21879,愚园路1333号,
B2094554D265A2FD449A,(新品)汉庭酒店(上海中山公园二店),121.42392,31.218784,愚园路1333号,
B2094550D26DA0F94599,迈高德酒店,113.66477,34.74742,福寿街3-1,
B2094251D665A1FC4598,迈高德酒店(郑州经一路店),113.69742,34.76422,经一路12号,
B209445DDA6DA3FA459F,如家快捷酒店(淄博西六路齐赛科技店),118.0332554,36.8117134,北西六路22号齐赛科技城对过,
B209445DD568A1F8499E,7天连锁酒店(乌鲁木齐幸福路大巴扎店),87.636461,43.7838243,新疆维吾尔自治区乌鲁木齐市天山区二道湾二巷199号（兵团三中旁）,
B2094554D26CA4F9489E,梵珀酒店,113.4039759,22.5051386,起湾道新村大街2号,
B2094753DB6EA7FF409F,长城花园V酒店,114.899658,30.382271,凤凰路76号莲花山接龙台,
B2094253DA68A2FB469B,鄂州长城花园V酒店停车场,114.9001584,30.382634,长城花园V·园林式酒店(鄂州大学莲花山店),
B2094254DA6CA1F84092,长沙省政府地铁站亚朵酒店,112.990819,28.108223,杉木冲中路236号,
B2094757DB6EA3FE429C,惠州江景商务大酒店,114.4225698,23.1012423,江北菊花二路（会展中心侧）,
B209445DD764A7FF479D,时代同辉酒店,106.5159031,29.5340773,大坪长江二路177-1号,
B209445DD46DA0F9479E,登壹国际酒店,119.2110924,34.5932442,朝阳东路35号登壹大厦,
B2094753D66DA0FF4798,本色・情侣酒店,114.9257439,25.8342931,江西省赣州市章贡区钨都大道2-90号,
B2094757DB6EA3FB4293,汕头金冠酒店,116.7185845,23.368833,榕江路7号,
B209475CDB6DAAFA489C,星月快捷酒店(乌鲁木齐华凌店),87.612318,43.816754,西虹路东路华安三巷13号,
B2094757DB6DA6FA4599,莆田悦华酒店悦园咖啡厅,119.006196,25.462231,龙桥街道东圳西路1539号三正半山温泉酒店内(延寿山庄内),
B2094254DA6CA2FC4193,莆田悦华酒店,119.006543,25.461638,东圳西路1539号,
B2094251D56DA6FC4298,莆田悦华酒店-国际会议中心,119.006096,25.460615,东圳西路1539(莆田悦华酒店大门往左走),
B2094252D46EA3FC419F,莆田悦华酒店-天丰楼,119.0063941,25.4637235,东圳西路1539号莆田悦华酒店,
B2094256D76EA3FD4392,莆田悦华酒店中餐厅,119.005933,25.462048,城厢区龙桥街道东圳西路1539号莆田悦华酒店,
B2094757DB6CA1F94493,汉庭快捷酒店（杭州火车南站通惠路店）,120.2844048,30.1778477,浙江省杭州市萧山区通惠中路669号西广场,
B2094753D668A7FC479C,7天连锁酒店（太原南内环街店）,112.5594,37.839,南内环街283号(南内环长治路口往西50米路北，青龙电脑城斜对面),
B2094554D264A7F44698,欣馨新酒店,113.56536,22.27487,金宝路商业广场南侧,
B2094653D66CA6FE4292,东莞龙泉国际大酒店,113.687164,22.811472,虎门镇连升路金洲段,
B2094453D26FA4F5479A,深圳中洲万豪酒店,113.933352,22.517502,海德一道88号,
B2094257D56DA6FD479E,中洲万豪南山尚膳自助餐(深圳中洲万豪酒店店),113.93325,22.517475,"海德一道88号深圳中洲万豪酒店43楼(中洲控股中心A座,近海岸城,天利,保利广场)(海岸城)",
B2094355D66CA5F5479B,深圳中洲万豪酒店(中洲控股中心店),113.9333547915,22.517488645729,广东省深圳市南山区海德一道88号中洲控股中心A座,
B2094757DB6DA5F8479D,立达人酒店,112.9807794,28.1061592,玉邦路22号,
B2094251D768A5F9489B,立达人酒店-会议中心,112.98094,28.10616,御邦路22号立达人酒店3层,
B2094254DA6CA1FE429E,翡翠洲际酒店(抚州市),116.365048,27.941001,金巢大道1111号总部经济中心,
8008653340100000000,香格里拉,99.823446,27.898577,香格里拉市是迪庆藏族自治州下辖市之一，市境位于云南省西北部，是滇、川及西藏三省区交汇处，也是“三江并流”风景区腹地。截止到2014年，香格里拉市总面积11613平方公里，辖4个镇、7个乡，共有6个社区、58个行政村。 2011年，香格里拉市年末总人口为17.45万人，除主体民族藏族外还有汉族、纳西族、彝族、白族等十几个民族，人口密度为10人/平方公里，是云南省面积最大、人口密度最低的市份之一。2011年，香格里拉实现县级生产总值359580万元，市级一、二、三产业增加值占全县生总产值的比重为9.4:38.3:52.3。香格里拉县主要旅游景点有哈巴雪山，普达措，梅里雪山等景点。 ,
B2094652D268A7F84398,香格里拉大酒店(永康市供电局东),120.05334,28.90547,浙江省金华市永康市东城街道花园大道977号,
B2094757D16EA7F84893,大佛寺,99.706848,27.811199,建塘镇独克宗古城伦火廊9号,
B2094555DB6EA0FB4492,香格里拉市,99.743582,27.842185,香格里拉市,
B2094253D269ABFD429D,香格里拉市独克宗古城,99.704464,27.804057,康珠大道,
B209425DD765A0F4489F,香格里拉市独克宗古城-月光广场,99.7076053,27.8112222,康珠大道香格里拉市独克宗古城,
B2094355D06AA5FB409B,独克宗古城,99.7073926,27.8110228,云南省迪庆藏族自治州香格里拉市建塘镇,
B2094252D56CAAF4469B,香格里拉市独克宗古城-北门,99.703926,27.814325,步行街与团结路交叉口东南60米,
B2094554D06BA6FD479F,香格里拉市高原精酿工艺啤酒厂,99.71161,27.726025,迪庆州香格里拉市箐口工业园区,
B2094256DB6AA1F8439B,香格里拉市野生菌(松茸)交易市场,99.7138053,27.8077438,环城南路与纳举廊交叉口东北120米,
B2094251D16CABF84998,香格里拉市行政中心,99.742805,27.84136,奔巴路与吉参路交叉口北侧,
B2094253DA6FABFD449D,香格里拉市牦牛博物馆,99.718696,27.731492,箐口工业园区003号,
B2094256D268A7FD459E,香格里拉市三坝乡白水台小学,100.0399564,27.5041618,白水台小学旁叉路口法庭下面正西方向70米,
B2094252D365A2F9489E,香格里拉市小中甸国有林场,99.8136874,27.552083,香格里拉市森林公安局小中甸森林派出所,
B209465CD66DA2FE4292,香格里拉市民贸大楼,99.703843,27.820723,香格里建塘镇长征大道38号,
B2094252D46EA3FC449E,香格里拉市安信唐宸大饭店,99.710815,27.83332,香巴拉大道72号,
B2094252D368A7F9439F,香格里拉市独克宗古城-古波廊,99.7070576,27.8145418,建塘镇康珠大道香格里拉市独克宗古城内(北侧),
B209425DD16AA7FC4692,香格里拉市人民医院,99.7379128,27.8435152,新城区白螺路,
B2094252DB6AA1FB409F,香格里拉市红坡攀岩馆,99.8156051,27.8072017,红坡村88号,
B2094253D56EA3FB419A,香格里拉市人民法院,99.715025,27.8102841,建塘镇康珠大道18号,
B2094354DA6AA4FF479F,迪庆红军长征博物馆(香格里拉市独克宗古城),99.7139126,27.8180358,云南省迪庆藏族自治州香格里拉市建塘镇独克宗古城金龙街1号,
B2094652D464A4FA469F,东方红大酒店(天鹅路),112.54075,27.90962,湖南省湘潭市韶山市清溪镇天鹅路,
B2094757DB6DA1F94799,天鹅湖大酒店,117.1735386,29.263419,瓷都大道219号,
B209445DD565A0FB489A,星程酒店(景德镇市政府店)(原天鹅湖大酒店),117.1737377,29.263316,瓷都大道219号,
B2094757D16DA1F84193,小天鹅·戴斯国际大酒店,112.9874952,28.1953017,湖南省长沙市芙蓉区五一大道648号,
B2094652D368A7FC449B,厦门天鹅大酒店,118.092624,24.474323,白鹭洲东路3号,
B2094554D26EA0FF4298,新县天鹅湾国际大酒店,114.882973,31.637116,京九路666号,
B2094653D26BA4FA409D,天鹅大酒店,113.560312,22.277936,银桦路98号,
B2094656D768AAF94598,天鹅大酒店,111.5019,36.099027,向阳西路2号,
B2094753D66CA6F9469C,天鹅湖国际大酒店,111.14791,34.792532,三门峡风景区,
B2094650D66BA0F4409A,蓝天鹅大酒店,119.83665,34.00431,人民北路11,
B2094753D169A0FB4498,天鹅湖大酒店,120.26334,33.76454,射阳县农林局西200米,
B2094651D769A0FD439B,白天鹅大酒店(衢州斗潭路店),118.871644,28.96589,斗潭路3号,
B2094750DB69A2F9469F,天鹅湖大酒店,119.795492,33.761207,香港路578号(近新苏国际),
B209445DDB6AA6F4419D,天鹅国际大酒店,116.6635052,26.2608522,中环中路118号,
B2094557D26BA4FE4293,天鹅大酒店西餐厅(西餐厅),111.49055,36.09722,向阳西路与滨河路口路北天鹅大酒店内,
B2094757D56BA7F8449E,六安白天鹅大酒店,116.512215,31.730163,梅山南路白天鹅大酒店,
B2094757DB6DA4FA4099,淮南天鹅湖大酒店,117.0259,32.6414,田家庵区朝阳东路(前锋二村对面),
B2094753D76AA1FC469F,鑫远白天鹅酒店自助餐厅,112.9928379,28.112856,湘府中路258号,
B2094656DA65A2FC439F,洛阳新天鹅国际大酒店,112.436722,34.670714,中州中路262号,
B2094652D568AAFA429B,天鹅湖国际大酒店,111.646235,29.446748,安福东路881号,
B209445DDB65A4F94298,维也纳酒店(南昌洪城二店),115.8791221,28.6495095,建设西路888号（阳光灯饰广场旁）,
B2094554D26FA4FD449C,星空联盟快捷酒店(东方店),119.1650856,36.7193728,山东省潍坊市奎文区东方路2589号(东方路福寿街南100米路西),
B2094554D26BABF84599,太东亚酒店(利和广场店),113.3938542,22.5110435,库充商业街2栋11-14卡,
B2094750D164ABFC4293,7天连锁酒店（南通青年路店）,120.855714082718,32.0035406099841,南通市崇川区姚港路29号,
B2094554D26BAAFE459E,汉庭酒店(上海真如店),121.40238,31.2468,兰溪路258号,
B2094557DA6AA1FE4799,杭州暗香瑞莱克斯大酒店,120.284524,30.179686,金城路1618号(通惠中路地铁站C口步行50米),
B2094757D065A3FE4298,云水国际大酒店,112.552964,37.835389,平阳路10号,
B2094453D765A0F54492,云水国际大酒店餐厅(平阳路店),112.5531,37.8353,平阳路10号,
B209445DDB65A2FE499A,汇景国际酒店,115.879497,28.653224,洪池路2号(南昌大桥东地铁站1号口步行400米),
B209445DD56EA5FB439F,汇景国际酒店,118.2884712,32.0789591,椒陵大道888号,
B209475CDB6EA6FD489F,新世纪酒店公寓(石家庄汇景国际3号公馆店),114.52198,38.044877,广安大街22号汇景国际3号公馆,
B2094551D26FA2F84992,昆明瀚缘大酒店,102.8435758,24.946569,云景路180号,
B2094757D56AA6F4439A,梦尔假日酒店,120.21449,30.20896,江南大道90号中化大厦B座,
B2094451D169AAF84092,凯天龙商务酒店,117.86514,25.69389,凤山东路688,
B2094750D164A7FB4399,凯天酒店,114.4734097,22.7878429,淡水开城大道北30号,
B2094652D564A7FD469E,凯天国际酒店,110.541548,29.351186,武陵源军邸路附近,
B209445DDB6FA1F5459C,凯天豪概念酒店,115.55271,28.06058,共和东路1号,
B2094753D66CABFA409D,花垣凯天国际大酒店,109.480784,28.582366,湖南省湘西州花垣县建设中路34号,
B2094757DB6EA1FE469B,南宁凯天大酒店,108.255913854,22.839531565,相思湖区大学东路83-1号,
B2094656D669A3FC4993,凯天假日大酒店,112.7405972,38.4169368,忻州忻府区新建路48号,
B2094554D264A3F8489A,凯天酒店,112.74184,27.2434,鑫盛路58号,
B2094557D46EA2F84392,曲靖凯天国际酒店,103.8204624,25.5372164,兴源路与珠江源大道交叉口,
B2094554D16EA3FD439E,东莞凯天莱酒店,113.762186,22.779761,振安中路与靖海西路交汇处,
B209445DD468A3FC499A,凯天酒店,101.4991288,25.0592917,云南省楚雄彝族自治州楚雄市滇中大商汇对面1号综合楼,
B2094453D169A0FF469D,凯天莱酒店西餐厅,113.7621,22.779634,振安中路320号,
B209445DD46FAAF8429F,凯天商务酒店,114.67189,37.00497,和阳大街西段公交公司附近,
B2094252D26FABF5499E,凯天大酒店,102.93671,26.90093,新华南路客运站西侧,
B209475CDB6EA5F94692,张家界凯天国际大酒店,110.5419018,29.35123537,湖南张家界市武陵源军邸路(近景区入口),
B209445DD564A3F44799,凯天便捷酒店,107.18705,27.95725,温泉路59,
B2094356D16FA7FE449B,凯天四季酒店(南宁动物园清川地铁站店),108.25660406829,22.839240443212,广西壮族自治区南宁市西乡塘区大学东路83-1号,
B209445DDB65A3FD499A,OYO凯天大酒店,112.54297,28.23172,白马南路219号,
B2094255D265A5FC4498,凯天酒店,112.95887,36.03556,山西省长治市长子县慈林镇,
B2094255D06EA3F54099,凯天豪酒店(东方八中店),108.61951,19.09577,"解放西路57-2,上海三联对面",
B2094757DB6DA1FD4799,如家快捷酒店（厦门莲岳路松柏店）,118.1143525,24.4839884,槟榔东里24号,
B209445DD76AABF4469A,(新品)汉庭酒店(沈阳北二西路店),123.3427419,41.819438,北二西路26号甲,
B209445DDB6AA2F5409E,重庆世纪精品酒店,106.572111,29.603459,"海尔路178号附32号美全22世纪A塔13层(13-1,13-11)中国华融旁边",
B2094251D668A7F4469B,重庆世纪星云精品酒店,106.4918744,29.58325,百灵路1号5幢,
B2094452D069ABFD419F,唐山香格里拉大酒店,118.147205,39.650425,长虹西道889号,
B2094656D365A4FF439D,中茂海悦酒店(河北宾馆),114.527465,38.031189,育才街168号,
B2094352D168A2FD4292,河北宾馆中茂海悦酒店,114.5274669,38.0311877,育才街168号,
B2094454D36BA7F4489E,东吴开元名都酒店,120.09746,30.8741,劳动路555号,
B209445DD36BA2F8409F,东吴开元名都酒店-行政酒廊,120.0975657,30.8741384,劳动路555号东吴开元名都酒店,
B2094753D66CAAF9469A,湖滨四季春精品酒店,120.285767,31.524393,金城西路山水湖滨花园1期1号,
B2094757DA6CABF84592,世茂名庭酒店,116.365068,23.5626233,建阳路中段,
B2094254DA6CA1F9459C,高科・安豫精品酒店,115.6595439,34.4257963,文化路与归德路交汇处向北88米路西,
B2094750D16BAAFF449A,7天连锁酒店(清远新城汽车站连江路店),113.04862,23.68693,新城8号区连江路16座,
B2094452D064AAFC4892,丽枫酒店(苏州火车站店),120.6141041,31.3335098,西和合街跟人民路交叉口,
B2094554D265AAF4449D,如家快捷酒店(深圳龙岗大道布吉地铁站店),114.1118377,22.6071579,布吉镇西环路7号,
B2094753D66FA6FA4693,汉庭酒店(南京中山东路总统府店),118.8003143,32.040347,中山东路416号,
B2094650D66DA0FC4799,旺角大酒店,120.8624,32.0034,崇川区跃龙路12号(近南通供电公司),
B2094556D46AA5F8469F,好旺角大酒店(开拓路店),116.63629,36.93619,开拓路260号,
B2094757D76EA6F9479A,旺角大酒店,118.81147,32.10847,近郊栖霞区和燕路299号,
B2094652DA6DA4F9499D,旺角大酒店,112.78691,22.24956,台城镇光兴路82—88号,
B2094757D56AA4FE4893,旺角大酒店,119.67296224,29.98320991,中国浙江省富阳市,
B2094255D06AA0F44699,好旺角大酒店,126.02353,44.81249,国道102陶赖昭高速入口处,
B2094250D668A6FC4399,旺角大酒店,112.87539,23.87687,龙颈镇龙新路36号正东方向60米,
B2094250DB69A5FC4193,百盛旺角大酒店,116.65967,31.75996,安徽省六安市金安区三十铺镇龙舒路,
B209445DD56EA5FE4098,益阳维也纳国际酒店高新区店(康复南路店),112.3516811,28.548303,康富南路229号,
B2094254DA6CA2F9469E,苏州博乐诗全套房酒店公寓,120.6128,31.33321,苏站路1398号A座,
B2094554D26DA5F94792,克里司汀酒店,114.8872476,30.3728258,古城南路侧2号,
B2094653D365A6FA4493,佛山禅城湖景酒店,113.1304716,23.0012954,绿景三路2号,
B2094554D268A5F4429B,大连嘉韵酒店公寓,121.6041057,38.9155496,辽宁省大连市沙河口区五一广场长生街47号(第九频道),
B2094657DB6EA5FD439A,鹤岗龙运大酒店,130.281814,47.341615,东解放路10号,
B209475CDB6EA2FD459D,银盛国际酒店,115.475559,35.233154,中华路1256号,
B2094757D16CA4FA499C,凯旋门大酒店,113.61472,23.121086,新塘镇解放北路175号,
B2094757D16CA1FC479C,安吉凯旋门大酒店,119.6710148,30.6341515,递铺镇浦源大道969号,
B209445DD56CA7FE469D,石家庄以岭健康城凯旋门建国大酒店,114.604405,38.0230179,珠江大道和珠峰大街交叉口东南角以岭健康城,
B2094650D76CA6FE4599,凯旋门海鲜大酒店,120.456035,33.204375,大中镇金丰北路8号,
B2094650D66BABF4469B,凯旋门大酒店,119.790378,33.76974,无锡路18号,
B2094757D169A1FB469D,凯旋门大酒店,112.00354,21.87501,东风三路257号,
B2094656D36AA5FE499E,凯旋门大酒店,114.60832,38.02336,石家庄高新区天山大街238号,
B2094651D16AABFE4699,凯旋门大酒店,117.3226,32.9109,禹会区华光大道1239号,
B2094653D56EA4FC4892,凯旋门大酒店,115.4272,27.3279,永丰大道与欧阳修大道交叉口欧阳修广场对面,
B2094653D464A6F54899,凯旋门大酒店,118.236278,28.688801,上饶玉山人民北路附近,
B2094651D769A1FB4299,凯旋门大酒店,118.872942,28.967908,斗潭路48号,
B2094751D36CA7FC4899,凯旋门大酒店,116.789833,33.969985,建安路344号,
B2094757DA65A5F9459D,北京凯旋门大酒店,116.342870593,39.965851578,北京海淀区北三环西路23号 大钟寺中坤广场一层,
B2094651D464AAFD4399,长兴凯旋门澳门豆捞大酒店(轻纺城店),119.9206,30.9956,明珠路45号(对面就是加油站，美辰风尚旁),
B2094652D66FA4FF4693,凯旋门大酒店(南新大道),111.79095,22.16376,阳春市南新大道29号,
B209445CDA6AA7F9459B,凯旋门大酒店(邹区),119.840981,31.799894,江苏省常州市钟楼区灵西路4楼,
B2094653D56EA5FB439C,井冈山凯旋门大酒店,114.1696024,26.58596,风景区桐木岭路36号,
B2094554D265A1FF439D,富康凯旋门大酒店,98.5051449,39.7320068,富康路2号,
B2094757D76AA2F8479D,凯旋门大酒店中餐厅,114.60218,38.04441,裕华区黄河大道与珠峰大街交叉口南行50米路西,
B2094453D16CA2FC449F,凯旋门大酒店,122.96531,39.70259,泰昌路122~126,
B2094551D06FA0F84293,杭州庭泊城市酒店(浙一医院火车西站店),119.9858418,30.274824,文一西路1382号,
B2094757DB6EA0F44899,如家快捷酒店（乌鲁木齐大十字店）,87.619689702,43.794288885,乌鲁木齐天山区中山路359号(近解放路),
B2094757D068A4F44598,中山京华世纪酒店(利和广场店),113.385139,22.511164,中山三路8号,
B2094653D065A0FA4392,京华酒店,113.3853097,22.5110536,广东省中山市中山三路8号,
B209445DDB6AAAFF419C,柏高酒店(广州塔大塘地铁站店),113.3254824,23.0806172,大塘聚德西路汇源新街南大街1-4号,
B2094255D16EA6F9489F,如家精选酒店(昆明高铁南站春融街地铁站店),102.8246993,24.8827535,东盟大厦A座（春融街地铁站D出口）,
B2094757DB6DAAFB4192,天怡青年酒店,112.97964,28.11023,湘府西路1号省青少年活动中心,
B209445DDA68A0FC409E,如家酒店(鄂州火车站滨湖西路店),114.876735,30.368126,滨湖西路110号城南世家1楼,
B2094554D26CA2FB429C,速8酒店(广州新塘牛仔城店),113.617624,23.121718,新塘镇广深大道中50号,
B2094554D268A7FB439A,熙顺酒店公寓(木马公寓店),118.7877883,32.0515645,鱼市街56号木马公寓9层901室,
B2094554D26FA4FE419A,东莞港建8号酒店,114.0332861,22.9609384,常平镇港建路8号(航天电子有限公司旁),
B2094753D66DA0FA409C,昆明唐高尔夫花园酒店,102.837946,24.956383,云景路138号,
B2094350D26CA0FD469B,唐高尔夫丽呈酒店(昆明策源地花园度假酒店),102.8379417,24.9563816,云南省昆明经济技术开发区云景路138号,
B2094753D66DA5F9419D,樟树林现代设计酒店,115.9151062,28.697604,佘山路66号,
B2094254DA6FA6FC4299,如家精选酒店(天津古文化街店),117.198,39.14775,天津市河北区光复道街道海河东路11如家快捷酒店(天津火车站店),
B2094757D464A4FA469E,沈阳金海岸大酒店,123.3093684,41.7936,辽宁省沈阳市于洪区迎宾路街道黄海路35号,
B2094753D66DA1FA449A,全季酒店(汉中北街口店),107.028632,33.0696342,石灰巷20号,
B2094557D46CA5FB469D,维也纳国际酒店（东莞山庄店）（原东莞山庄）,113.748547,23.02669,莞太路段11号,
B2094254DA6FA6FE469F,苏州工业园区智选假日酒店(苏州奥林匹克体育中心店),120.747235,31.308135,苏州奥林匹克体育中心,
B209475CDB6EA3FE4599,雅致快捷酒店公寓沈阳站店,123.39123,41.79959,兴工街57号金昊大厦,
B2094652D369A0FA4792,厦门京闽中心酒店,118.1209349,24.4922955,屿后南里158号,
B2094652D36AA7F8489E,京闽中心酒店,118.1209634,24.4922736,福建省厦门市思明区屿后南里158号,
B209445DD765ABF5419F,宿迁汉源大酒店,118.268545,33.969396,骆马湖路210号,
B209445DD565A7FC489F,私享家连锁酒店公寓(长沙县爱都国际店),113.088428,28.246108,开元东路49-52号(尚城小区东侧),
B209445DD465ABFD449F,尚客优快捷酒店(保定阳光北大街店),115.48076,38.895618,复兴路1152号,
B209445DD76BA4FA449B,内江加州阳光主题酒店,105.050255,29.578602,玉溪路519号(三桥铁路桥下),
B2094757DB6DA4FC4693,嘉瑞禾酒店,110.376409,21.267516,康顺路68号,
B209475DDA64A7F84192,嘉瑞禾维景国际度假酒店,107.971183,26.561689,贵州省黔东南苗族侗族自治州凯里市大十字街道友庄南路,
B2094757D169A4F44498,嘉瑞禾凯里大酒店,107.977046,26.583114,凯里市北京西路东方大厦4-19楼,
B2094557D36BA1FB479F,嘉瑞禾酒店蓝湾西餐厅,110.37634,21.26778,南桥街道康顺路9号西北,
B2094757DB6EA0F4439B,凯里嘉瑞禾腾龙酒店,107.98262,26.573828,贵州凯里市宁波东路8号,
B2094557D16FA3F9489A,凯里嘉瑞禾维景度假酒店(迎宾中路店),107.9674,26.5597,迎宾中路13号(风情园旁边),
B2094252D26BA6F5449C,凯里嘉瑞禾度假酒店大堂,107.9672976,26.5595572,风情大道与凯棉路交叉口南60米,
B2094550D06CA0FD4998,嘉瑞禾酒店,110.4162,21.2023,广东省湛江市霞山区海滨街道海淀路6之1号小脚印(国际)幼儿园,
B2094450D564A2FE4499,君颐润华酒店,116.2995277,39.8583239,丰管路20号院(泥洼地铁站A2西北口步行460米),
B2094255D16DA6FE4993,贵阳北站亚朵酒店,106.66822,26.623076,北大资源梦想城7-A13栋,
B2094350D765A1F9439B,贵阳北站德福中心亚朵S酒店,106.6527993,26.6180989,贵阳市观山湖区长岭南路鑫新国际,
B2094757D765AAFB479D,沈阳国兴大酒店,123.2984,41.7946,黄海路46号(于洪广场西侧),
B2094655D664A1F9469F,宜家快捷酒店沈阳国兴大酒店二部,123.29839,41.79477,于洪区黄海路46号-10(近于洪区委),
B2094652D26CAAFC4798,金华申华商务酒店,119.650689,29.076612,丹溪路1113号申华大厦,
B2094750D56DA3FE499A,云浮九鼎明珠酒店,112.048133,22.923786,浩林东路68号,
