poiid,category,address,describe
B2094253D269ABF5489D,景点,广东省深圳市宝安区西湾红树林公园,无
B209425DD66DABF4459D,中餐厅,广东省深圳市宝安区规划一路与文昌路交叉口东北20米,无
B2094250D268ABFB419E,景点,广东省深圳市宝安区金湾大道旁西湾红树林公园内,无
B209425CD16BA3FC4193,景点,广东省深圳市宝安区金湾大道旁西湾红树林公园内,无
B209425CD76CA4F5429C,中餐厅,广东省深圳市宝安区西乡街道南昌社区南昌旧村A区2号101-102,无
B2094751D36DABFF4192,西餐厅,广东省深圳市南山区望海路91号南海玫瑰园1期108号铺,null
B2094357D36BA2FA4898,西餐厅,广东省深圳市南山区望海路1903-10号（南海玫瑰花园1楼）,无
B2094252D56FA5F8419B,美式风味,广东省深圳市南山区望海路1103-33南海玫瑰园二期,无
B2094257D769A6F54193,餐饮,广东省深圳市南山区湾厦路42-3号(东角头地铁站A口步行120米),无
B2094757D16BA6FD4893,无,餐饮,广东省深圳市南山区蛇口老街88号(东角头地铁站A口步行360米)
B2094354D56AABF8419C,中餐厅,广东省深圳市南山区蛇口街道渔村路1号之二(东角头地铁站A口步行320米),无
B2094251DB69A2FE489D,出行住宿,广东省深圳市南山区蛇口街道蛇口老街统建一号楼116-2号,无
B209425DDB69A2FE4598,出行住宿,广东省深圳市南山区蛇口老街116-3号,无
B2094652DB6AAAFA469B,餐饮,广东省深圳市南山区蛇口街道蛇口新街58号(东角头地铁站B口步行200米),NULL
B2094757D16EA5F84693,地铁站,广东省深圳市南山区(在建)13号线二期南延;2号线(8号线),无
B2094750D26CAAF8469D,广东菜,广东省深圳市南山区沿山路1-4,"春满园是一家以粤菜为主的餐厅。背倚大南山,前望深圳湾,风水不错。美仑会所在别墅中间,环境清幽静雅,豪华气派,走廊上还挂着很多国家领导人来访的照片,是一个高档的商务宴请的好地方。服务也是非常好的,你有什么需求,不用说,服务员全部过来帮你处理,你都没机会开口,这就是无缝式服务,贴身服务,看的出来是服务员是经过长期训练的。装修很有个性,的确有会所的格调。\n餐前还有水果供客人食用,露台还搭了个人工的高尔夫场地,虽然不大,也是精心布置的结果。\n服务周到,装修很有现代感,虽然说消费稍微有点高,但还是很值得的。"
B2094750D46CA6F4499B,无,湖南菜,广东省深圳市南山区南海大道1019-9
B2094352D46CA2FA499F,中餐厅,广东省深圳市南山区招商街道水湾社区太子路71号振兴大厦A101,无
B2094253D565A6FE4399,广东菜,广东省深圳市南山区太子路83号(海上世界地铁c出口直走20米),无
B2094356D06AA3F9439F,火锅店,广东省深圳市南山区水湾社区太子路83号胜发大楼1楼102（啫苑广州啫啫煲隔壁）,无
B209425CD56EA2FA479A,出行住宿,广东省深圳市南山区蛇口康乐路1-1号(水湾地铁站D口步行240米),无
B2094750D164A0FE419D,经济型连锁酒店,广东省深圳市南山区蛇口太子路59号,经济型酒店
B2094253D368ABF8409F,广东菜,广东省深圳市南山区招商街道水湾社区太子路83号发胜大楼107-6,无
B2094252D269A3F5459F,西餐厅,广东省深圳市南山区蛇口南海意库6栋,无
B2094253D26FA3F8489D,海滨浴场,广东省深圳市南山区南山公园,无
B2094257D165A7FB429F,银行,广东省深圳市南山区蛇口新街62,无
B2094257D06BA2FB4292,餐饮,广东省深圳市南山区南水步行街南水路38号,无
B209445DDB6BA1FE409C,三星级宾馆,广东省深圳市南山区石云路3号(龙宫VIP会所4-5楼),无
B209425CD068AAFE4992,糕饼店,广东省深圳市南山区蛇口街道海昌街92号不止面包,无
B2094252D169A5F5459C,餐饮,广东省深圳市南山区南水路55号(原南水步行街),无
B2094251D26CA6FB4498,冷饮店,广东省深圳市南山区石云路3-4号兴业银行旁,无
B209445CD06DA3F5429A,广东菜,广东省深圳市南山区蛇口新街86,无
B2094354D468A4F94698,甜品店,广东省深圳市南山区蛇口街道南水路100号(东角头地铁站A口步行310米),无
B2094356D569A6F4419C,冷饮店,广东省深圳市南山区后海大道东角头D出口102商铺,无
B2094354D76BA4FE499A,出行住宿,广东省深圳市南山区蛇口街道蛇口荣村工业园H栋3-5层,无
B2094256DB6DA3FE439A,展览馆,广东省深圳市南山区蛇口大厦副楼(东角头地铁站A口步行460米),无
B2094254D56AABFD459E,冷饮店,广东省深圳市南山区蛇口新街207号(蛇口影剧院对面),无
B209425CD56DA5FD459F,中餐厅,广东省深圳市南山区蛇口新街199号翠苑小区底层商铺4至5号,无
B2094757D16CA4FC4799,无,餐饮,广东省深圳市南山区蛇口新街219号
B209445CD06CA1F4489A,甜品店,广东省深圳市南山区蛇口新街北渔村路82号,无
B2094554D469A7FF489F,餐饮,广东省深圳市南山区蛇口街道蛇口石云小区大门口左侧2号,无
B2094252D46CA0F5499C,休闲娱乐,广东省深圳市南山区渔村路蛇口东角头合欢大厦A1栋4层403房,无
B209425CD165A6F9479D,餐饮,广东省深圳市南山区招商街道水湾社区兴龙大厦一层76-2号铺,无
B209445DD26BA4FB4099,餐饮,广东省深圳市南山区招商街道太子路92-7号长青购物广场,无
B2094354D668A1FA4793,餐饮,广东省深圳市南山区蛇口新街124号(东角头地铁站D口步行300米),无
B2094251DA6EA3F94498,中餐厅,广东省深圳市南山区太子路兴龙大厦1栋1层(水湾地铁站),无
B2094357D46FABF9409E,甜品店,广东省深圳市南山区蛇口街道新街124-2号,无
B209425DD565ABFB4498,中餐厅,广东省深圳市南山区蛇口新街112号,无
B2094251D76DA5FD499A,景点,广东省深圳市南山区福田红树湾公园,无
B2094255D46FA0FA469F,中餐厅,广东省深圳市南山区蛇口新街152号白云路与蛇口新街交汇处(蛇口大厦对面),无
B2094554D568A0FC489D,餐饮,广东省深圳市南山区蛇口街道后海大道东角头厂房D21\/F\/03-A2,无
B2094253DB68A6F94093,冷饮店,广东省深圳市南山区蛇口街道大铲社区公园路52号,无
B2094356D06DA6F8439F,餐饮,"广东省深圳市南山区招商路140-1号（水煮鱼乡旁,中国银行对面）",无
B2094253D66BA4FA4593,中餐厅,广东省深圳市南山区招商街道招商路140-1,无
B2094253D76BA6FE419A,出行住宿,广东省深圳市南山区蛇口街道雷岭社区花果路36号米兰公寓1期,无
B2094257D76BAAFC479C,景点,广东省深圳市南山区南山街道荔湾社区别墅路8号南山公园内(南侧),无
B209425CD664A1FE459A,中餐厅,广东省深圳市南山区招商街道蛇口荔园路5号水湾公交站旁,无
B2094356D764A2FA439E,中餐厅,广东省深圳市南山区招商街道水湾社区荔园路9号102-3,无
B2094355D26EA5F8439A,西餐厅,广东省深圳市南山区荔园路9号G&amp;G创意社区南区一樓（正門拐左黑色雨棚）,无
B2094252DA64ABF44198,西餐厅,广东省深圳市南山区招商街道水湾社区荔园路9号201,无
B2094351D76EA7FB4798,景点,广东省深圳市南山区蛇口招商街道别墅路8号,无
B2094356D368A7FC429E,景点,广东省深圳市南山区蛇口招商街道别墅路8号南山公园,无
B2094256D168A6FB419E,景点,广东省深圳市南山区南山街道荔湾社区别墅路8号南山公园,无
B2094351D069A1FC4693,景点,广东省深圳市南山区沿山路28号,无
B2094253D36DA2FC499C,住宅,广东省深圳市南山区前海荔湾沿山路28号(荔湾地铁站B口步行490米),无
B209445CD365A4F5419B,湖南菜,广东省深圳市南山区招商路与花果路交汇处米兰公寓一楼9号铺,无
B2094652DB6BA3F84992,无,餐饮,广东省深圳市南山区花果路雷公岭54号
B2094253D46DABFB429F,广东菜,广东省深圳市南山区花果路54号,无
B2094557D469A4FE459F,三星级宾馆,广东省深圳市南山区蛇口花果路72号,无
B2094653D26FA7FB4993,医院,广东省深圳市南山区工业七路3-14号,无
B2094554D06CABFC4792,火锅店,广东省深圳市南山区招商街道近海路69号,无
B2094255D06FABF54598,出行住宿,广东省深圳市南山区深圳深圳南山新一代国际酒店公寓,null
B2094354D56FABF4409B,餐饮,广东省深圳市南山区招商·花园城三期西区东门西北50米,无
B2094354D36BA0FD4192,中餐厅,广东省深圳市南山区南海大道1090号City花园城G层G001,无
B2094352D56CA5F8479D,四川菜,广东省深圳市南山区南海大道1115-4号美年国际广场1栋105室（近12号线四海地铁站E口）,无
B2094252D064A2F8409D,产业园区,广东省深圳市南山区妈湾大道27号附近,无
B2094251DB69ABFE439C,寺庙道观教堂,广东省深圳市南山区小南山公园内(北侧),无
B2094652DB6AAAFE439E,生活服务,广东省深圳市宝安区月亮湾大道1075号,无
B2094652DB69A2FB449B,生活服务,广东省深圳市宝安区临海大道59号,无
B2094652DB69A2FB4498,公司,广东省深圳市宝安区南山区南山街道妈湾大道96中国海油松湖加油站(妈湾大道),无
B2094753DA6CA2FE419F,住宅,广东省深圳市宝安区南山区前海湾汽车物流园区,该项目只租不售，一期正处于主体结构施工阶段，二期正处于内部装修阶段。设有营销服务中心。
B2094250D36FA7F9449E,住宅,广东省深圳市宝安区前海湾临海大道53号,无
B2094757DB69AAF9469D,住宅,广东省深圳市宝安区港城路62号(妈湾地铁站A口步行150米),B687／42／51
B2094252D76DAAFB459E,住宅,广东省深圳市宝安区港城路(妈湾地铁站A口步行120米),无
B2094554D064A7F4479B,景点,广东省深圳市宝安区南山区,无
B2094652DB6AA1F9469A,景点,广东省深圳市南山区沿山路8号南山公园,无
B2094252D469A0FC4092,景点,广东省深圳市南山区别墅路8号南山公园内(东北角),无
B2094252DB64A6F84799,火锅店,广东省深圳市南山区沿山路71-6号(四海地铁站F口步行390米),无
B2094652DB6AA1FE499A,景点,广东省深圳市南山区月亮湾青青路1号,"·青青世界是一家以休闲度假为主题的观光农场,为“鹏城十景”之一。·园中的游乐项目有制陶,垂钓,蜡雕,手工纺织,编织中国结,城市农夫,制做唐山彩陶版画,蜡染等,妙趣横生,很能锻炼人的动手能力。·在这里还可以参加足底健康步道,惊险吊桥,果汁屋,蝴蝶谷,茶寮,烧烤场等娱乐设施中的各项活动。"
B2094257D46FABFA4892,景点,广东省深圳市南山区南山公园内(东北角),无
B2094253D468AAFB4593,甜品店,广东省深圳市南山区招商街道工业八路303号壹栈人才公寓门口商铺-tpd甜品店,无
B2094554D365A2F84598,餐饮,广东省深圳市南山区南山街道港城路中海阳光玫瑰园3栋102铺,无
B2094253D46AA1FF489F,餐饮,广东省深圳市南山区南山街道港城路中海阳光玫瑰园3栋102铺,无
B2094252D56DA0FC4898,景点,广东省深圳市南山区别墅路8号南山公园内(东北角),无
B2094354D56DA7FF4792,景点,广东省深圳市南山区东滨路357号-359号荔林公园内(西侧),无
B2094357D264A7FF4792,火锅店,广东省深圳市南山区南海大道1090号招商花园城L4层,无
B209445CD06CA4FA4492,广东菜,广东省深圳市南山区招商街道兴工路8号龙电花园B区,无
B2094554D468A5FB489E,火锅店,广东省深圳市南山区粤海街道南海大道2088信和购物广场二层L2-12号商铺,无
B209425DD26AAAFC499C,广东菜,广东省深圳市南山区东滨路永新汇1号楼3层301(南油西站C出口),无
B2094757D66DA6FD4598,未知分类,广东省深圳市南山区深圳后海大道后海办公楼(近蔚蓝海岸)  ,无
B209425CD465ABFE489D,中餐厅,广东省深圳市南山区粤海街道南油生活B区73南商路71-73栋108号,无
B2094652DB6AABFD4193,小学,广东省深圳市南山区粤琴二路19号,无
B2094356D768A0F8409A,火锅店,广东省深圳市南山区南山街道登良社区南海大道2163号深圳来福士广场F4,无
B209425DD36DABF9499C,日本料理,广东省深圳市南山区登良路23号汉京国际正门右手第二间铺,无
B2094354D465A0FB4899,餐饮,广东省深圳市南山区公园道大厦B座,无
B2094253D66AA6FB4193,火锅店,广东省深圳市南山区南山街道南光社区海德二道411号,无
B209445CD36BA2F8449E,餐饮,广东省深圳市南山区海德二道409号,无
B209425DD06AA5FA469B,韩国料理,广东省深圳市南山区南山街道南光社区南海大道2309号山东大厦假日酒店主楼2层,无
B2094354D36BA0F94892,中餐厅,广东省深圳市南山区南油第四工业区7栋1楼(南山地铁站C口步行160米),无
B2094253D665A3F44693,日本料理,广东省深圳市南山区南山街道南光路122-7号,无
B2094250D368ABF94199,日本料理,广东省深圳市南山区南山街道南光路122-7号,无
B209445DD268A2FE499C,餐饮,广东省深圳市南山区滨海大道东南区地景坡地南面,无
B2094256D26AA1F9419F,中餐厅,广东省深圳市南山区南山大道2009号亿利达综合楼一层,无
B2094250D368ABFB489E,中餐厅,广东省深圳市南山区桂庙路46号(南山地铁站H出口),无
B2094350D164ABF8449F,餐饮,广东省深圳市南山区桂庙路40号(停车场请导航亿利达村停车场),无
B209475CD16EA2FE469D,自助,广东省深圳市南山区前海路88号北头商厦东方山水酒店1-5楼(近南园小学),无
B2094253D26CA5F5449B,寺庙道观教堂,广东省深圳市南山区向南西街66号,无
B209425CD46FA1F8499C,图书馆,广东省深圳市南山区梦海大道5073号前海国际人才港2-3层,无
B2094354DA6AAAFC4593,火锅店,广东省深圳市南山区南新路2081号（锐斯特酒店旁边）,无
B209425CDA6FA6FE419B,火锅店,广东省深圳市南山区南新路2081号,无
B2094351DB6DA4FB459C,餐饮,广东省深圳市南山区南山街道南新路2085号,无
B209425DD669A6FA4698,餐饮,广东省深圳市南山区听海大道5001号(桂湾地铁站E口步行460米),无
B2094253D66AA0F44692,中餐厅,广东省深圳市南山区学府路153-3号,无
B2094454D368A3FB469C,餐饮,广东省深圳市南山区学府路220-13,无
B209445CD06DA1FB4499,广东菜,广东省深圳市南山区学府路西312号天朗风清家园A栋裙楼二楼,无
B2094252D464ABFB469F,四川菜,广东省深圳市南山区南山街道桂庙路22号向南瑞峰花园一楼104(瑞峰幼儿园旁菜鸟驿站隔壁),无
B2094250D368AAFF449B,日本料理,广东省深圳市南山区南山大道2009号亿利达村3栋112,无
B2094256D46DA7FA469D,餐饮,广东省深圳市南山区南山大道亿利达村3栋(南山地铁站H口步行170米),无
B2094252D068AAF9419F,广东菜,广东省深圳市南山区南山大道2009号亿利达村3栋107铺,无
B2094652DB6AA2FC499F,博物馆,广东省深圳市南山区常兴路,无
B209445CD06CAAFB439E,广东菜,广东省深圳市南山区学府路与南光路交叉口东南角100米阳光华艺大厦A座102铺,无
B209445CD365A3FF419F,四川菜,广东省深圳市南山区南山街道南光路南海明珠1栋104D,无
B2094356D365A1FF449B,餐饮,广东省深圳市南山区南山街道南光路南海明珠1栋104D,无
B2094350D365A1F9429C,餐饮,广东省深圳市南山区南光路75-11,无
B209425DDA68AAFE4193,东南亚餐厅,广东省深圳市南山区南光路75-7号,无
B2094255D56CABF4429D,烧烤,广东省深圳市南山区学府路与南海大道交汇处东北角厚德品园ABC裙楼108号房,无
B2094253D46CA5FD4792,餐饮,广东省深圳市南山区荔芳一街与南山大道交叉口西40米,无
B209425DD46CABFE4493,餐饮,广东省深圳市南山区南山大道2017-10号(南山地铁站F口步行380米),无
B2094357DA6AABF5439A,火锅店,广东省深圳市南山区南山大道2017号中兴之家1栋东座104号(开车可停亿利达村停车场),无
B2094352DB6BA4FD479D,餐饮,广东省深圳市南山区南山街道南山大道2019-1号,无
B2094251D16DA0FE479A,烧烤,广东省深圳市南山区学府路66-11(近南山11号线地铁H口),无
B2094350D06BABFD4592,餐饮,广东省深圳市南山区南山街道荔芳村B栋,无
B2094355D465A6F9449C,火锅店,广东省深圳市南山区常兴路39号,无
B2094355D46BA0F8489D,餐饮,广东省深圳市南山区学府路66-4号,无
B2094253D56CA1FC469E,餐饮,广东省深圳市南山区南新路2028号仓前锦福苑南苑,无
B2094250D66AA5FE4299,餐饮,广东省深圳市南山区学府路荔馨村A1栋112铺66-12号,无
B2094255D56EA0F84493,东南亚餐厅,广东省深圳市南山区南山大道2039号桃苑单身公寓南座101-103号,无
B209425CDA68ABF84692,中餐厅,广东省深圳市南山区荔芳街道学府路135号锦福苑6-7栋裙楼1-19,无
B2094356D06CA6F84099,餐饮,广东省深圳市南山区学府路66-10号,无
B2094551DA69A1FA4698,东南亚餐厅,广东省深圳市南山区南山大道2039号桃苑单身公寓南座101-103号,无
B2094252D768A1F8469B,烧烤,广东省深圳市南山区学府路荔馨村综合楼南面7号铺,无
B2094253D76FA6F94892,餐饮,广东省深圳市南山区南山大道2039号桃苑公寓11号铺,无
B2094251D668A1FE439E,西餐厅,广东省深圳市南山区桃厦二街26号(鱼掌勺直入30米),无
B2094356D76AA3FD4693,日本料理,广东省深圳市南山区南山大道桃苑公寓1层15号铺,无
B2094252DB6BA0F5419D,日本料理,广东省深圳市南山区桃苑单身公寓15-18号,无
B2094250D06EA6FB489D,日本料理,广东省深圳市南山区桃苑单身公寓15-18号(桃园地铁站F口步行320米),无
B2094253D468A0FB4193,中餐厅,广东省深圳市南山区南海大道3688号深圳大学(粤海校区),无
B2094350D069A5FE459B,中餐厅,广东省深圳市南山区常兴路南新路统建楼,无
B209425DD76DA3FF409D,中餐厅,广东省深圳市南山区常兴路115-4胖明粉馆旁,无
B2094253D06EA4FC439F,餐饮,广东省深圳市南山区南头街道田厦社区常兴路115-5,无
B2094757D06BA0FC499A,医院,广东省深圳市南山区桃园路89号,无
B2094253D469A2F5479E,景点,广东省深圳市南山区南海大道3688号深圳大学学术交流中心,无
8008644030500000000,无,无,无
B209445DD268A3F8419A,餐饮,广东省深圳市南山区华侨城欢乐谷一楼,无
B209445DD66FABFD4999,日本料理,广东省深圳市南山区西海明珠大厦西侧200米,无
B209425DD66CA2FD4393,西餐厅,广东省深圳市南山区壹方汇L3层006(3楼户外),无
B2094252D16EABFC4993,商场,广东省深圳市南山区梦海大道5109号(桂湾地铁站E口步行380米),无
B209425CD76FA3F94198,火锅店,广东省深圳市南山区南山街道梦海大道5033号前海卓悦INTOWN购物中心T3号楼二层L201-L202号,无
B209445CD36BA7F54292,餐饮,广东省深圳市南山区前海路港湾丽都商铺138-139号（大新地铁站c2南150米）,无
B2094252D56FA7F84898,中餐厅,广东省深圳市南山区南山街道桂湾四路169号万象前海购物中心二层,无
B2094253D66DA2FA459E,餐饮,广东省深圳市南山区南头街道前海路西桃园路南港湾丽都花园商铺138-139号,无
B2094252D564A6FF479D,中餐厅,广东省深圳市南山区桂湾四路169号万象前海购物中心L327号店铺,无
B2094356D36CAAF54999,餐饮,广东省深圳市南山区桂湾四路169号万象前海购物中心B176,无
B2094355D16FA4F9419A,餐饮,广东省深圳市南山区南山街道万象前海,无
B2094252D564A1F4429D,牛扒店,广东省深圳市南山区桂湾四路169号万象前海购物中心二层L251,无
B2094253D16FA1F5459A,餐饮,广东省深圳市宝安区前海嘉里中心T8栋3层03室,无
B2094253D16CA2FD4193,日本料理,广东省深圳市宝安区前海嘉里商务中心T1-101,无
B2094350D76CA3F4499E,西餐厅,广东省深圳市宝安区前海嘉里中心T2栋102号铺,无
B2094253D36CA5FA4493,餐饮,广东省深圳市宝安区前海嘉里中心T1栋,无
B2094252DB6FA2FC459A,公园,广东省深圳市宝安区南头街道前湾一路西150米,无
B2094254D56BA2FA449B,公园,广东省深圳市宝安区南头街道前湾一路西150米,无
B2094255DB6BA4FB4493,公园,广东省深圳市宝安区南头街道前湾一路西150米,无
B2094252DA65A6F84092,地点,广东省深圳市南山区金岸中街与石竹巷交叉口正北方向32米,无
B2094355DB65A3FA4693,广场,广东省深圳市南山区桂湾四路,无
B209425DD06DAAFB4093,景点,广东省深圳市宝安区纬四路与经一路交叉口北300米,无
B2094357D46EA5FE409F,日本料理,广东省深圳市南山区桂湾四路169号万象前海购物中心B2层B204号,无
B209425DDA69A7FC4999,潮州菜,广东省深圳市南山区桂湾四路169号万象前海F3层,无
B2094351D16DAAFF4098,餐饮,广东省深圳市南山区前海深港合作区南山街道枢纽大街66号前海周大福金融大厦,无
B2094356DB68A6F94499,火锅店,广东省深圳市南山区南头街道桂湾四路169号万象前海L3层（桂湾地铁站A出口）,无
B2094354D368A3F4499D,餐饮,广东省深圳市南山区听海大道与桂湾四路交叉口西100米(桂湾地铁站E口旁),无
B2094356D06DA1FF4992,火锅店,广东省深圳市南山区桂湾四路万象前海购物中心3楼308号铺,无
B2094252D56EA4F4459F,广东菜,广东省深圳市南山区前海深港合作区南山街道桂湾四路169号万象前海购物中心L324,无
B209425CD465A2F5469F,日本料理,广东省深圳市南山区桂湾四路169号(地铁5号线桂湾站A出口直达)万象前海B1层,无
B2094652DB6AA2F9429B,广东菜,广东省深圳市南山区桃园路193号金桃园大厦1-3楼(近南山医院),无
B2094653D26BA2F4479C,公交站,广东省深圳市南山区南头街道桂湾四路,无
B2094252D465A5FC499D,餐饮,广东省深圳市南山区南头街道桃园路1号西海明珠花园B座裙楼119商铺,无
B2094757D165A7FD429A,湖南菜,广东省深圳市南山区常兴路98,无
B2094252D76FA4FA4893,湖南菜,广东省深圳市南山区常兴路如意家园综合楼98号,无
B2094353D36FA0F9459D,餐饮,广东省深圳市南山区常兴路126号常兴广场首层103、102-2号,无
B2094356D369A4FC429D,餐饮,广东省深圳市南山区常兴路126号常兴广场西侧一楼21号铺,无
B209445CD06DA0F9429D,四川菜,广东省深圳市南山区桃园路92,无
B2094653D26EA3F54599,无,餐饮,广东省深圳市南山区桃园路南贸市场2栋A座5号
B2094653D26AAAF5429E,商圈,广东省深圳市南山区南头街道南山大道桃花园(南山大道),无
B209445CD36BA0FC409E,火锅店,广东省深圳市南山区金鸡路1号田厦翡翠明珠1楼C5室(近圣淘沙酒店翡翠店),无
B2094750D76BABFC4498,无,广东菜,广东省深圳市南山区金鸡路3号圣淘沙酒店翡翠店3楼
B2094551D16EAAFA4192,餐饮,广东省深圳市南山区高新南环路26-07,无
B2094251D06EABFC489D,五星级宾馆,广东省深圳市南山区粤海街道高新区社区科技南路18号深圳湾科技生态园12栋B1-2层、1-4层、45-58层,无
B2094354DB6AA0FD4793,中餐厅,广东省深圳市南山区高新南七道安居高新花园北区1楼（高新南站C出口）,无
B2094351DB6AA0F94793,中餐厅,广东省深圳市南山区高新南六道朗科大厦2楼,无
B2094252D165A3F94998,湖南菜,广东省深圳市南山区科苑南路综合服务楼1楼,无
B2094253D16EA7FE419D,中餐厅,广东省深圳市南山区高新南一道13号赋安科技大厦B座,无
B2094551DA69A3FC4399,东南亚餐厅,广东省深圳市南山区蛇口,无
B209425DD16FA0FD4899,中餐厅,广东省深圳市南山区深南大道与科苑路交汇处金融科技大厦深大地铁口D出口(皇冠假日酒店47楼),无
B2094653D269AAF54993,咖啡厅,广东省深圳市南山区深南大道2028号中国凤凰大厦3号楼101铺,无
B2094253D26EA1FC4299,法式餐厅,广东省深圳市南山区粤海街道麻岭社区深南大道9968号汉京金融中心303-1,无
B2094750D764A7FA489C,无,冷饮店,广东省深圳市南山区桃园西路122号前海金岸大厦11号商铺
B2094350DB6FA1F44999,景点,广东省深圳市南山区前湾一路西150米,无
B2094357D06AABF8409E,江苏菜,广东省深圳市南山区听海大道5059号前海鸿荣源中心B座L4-001号（平台花园）,无
B2094355D26EA4FA4598,火锅店,广东省深圳市南山区南头街道丽乐美居A栋103-104,无
B2094652DB6AA4FF469E,广东菜,广东省深圳市南山区南头街100-6号旺海怡苑一楼(近大新小学),无
B2094354D46EA1FC419B,餐饮,广东省深圳市南山区南头街100-7甲,无
B209425CD065A4FA469B,潮州菜,广东省深圳市南山区关口下街74-1号(吉祥花园南),无
B2094757D168ABFC459A,地铁站,广东省深圳市南山区11号线\/机场线;1号线\/罗宝线;5号线\/环中线,无
B2094354D368A7FD489E,中餐厅,广东省深圳市南山区3228号,无
B2094356D56AA3F8499A,糕饼店,广东省深圳市南山区前海路3234号,无
B2094354DB6EA2F84893,四川菜,广东省深圳市南山区金鸡路1-18号（地铁桃园站B出口80米）,无
B2094757D065A7F5459F,图书馆,广东省深圳市南山区常兴路176号(桃园地铁站B口步行480米),咨询微信：512675610
B2094254DB64A5F5459A,展览馆,广东省深圳市南山区南山大道2093号(桃园地铁站B口步行360米),无
B2094354D06EA4F94293,意式餐厅,广东省深圳市南山区南新路南山欢乐颂负1楼,无
B2094253DB6AA1FF4299,其他,广东省深圳市南山区南头街与南山大道交叉口西南60米,无
B2094253D56AABF5469F,餐饮,广东省深圳市南山区南新路3030号欢乐颂购物中心F4层F4-30,无
B2094452D06EA2FA489B,休闲娱乐,广东省深圳市南山区南头街62号,无
B2094253D36DA1FE439F,地铁站,广东省深圳市南山区(在建)12号线(南宝线),无
B2094251D569A7FF449E,道路,广东省深圳市南山区,无
B2094252D765A2FF499E,寺庙道观教堂,广东省深圳市南山区深南大道12022号,无
B2094350D468A3FA4992,产业园区,广东省深圳市宝安区纬四路与经一路交叉口北300米,无
B2094356D669A5F54399,公园,广东省深圳市南山区南山街道双界河人行景观桥,无
B2094252D364A5FC4993,景点,广东省深圳市宝安区海府路与新安西路交叉口西南方向218米,无
B2094354D368A0FC489A,游乐场,广东省深圳市宝安区新安街道滨海文化公园(临海地铁站出入口步行240米),无
B2094251D56EA5FB4693,游乐场,广东省深圳市宝安区新安街道滨海文化公园(临海地铁站B2口步行370米),无
B2094252D76AA3FD499B,地点,广东省深圳市宝安区海府路与新安西路交叉口附近,无
B209425DD46FAAF9499E,景点,广东省深圳市宝安区宝兴路8号,无
B2094252D068A2FB499A,烧烤,广东省深圳市宝安区欢乐港湾2号东L2-020,无
B2094252D46CAAFE459A,餐饮,广东省深圳市宝安区新安街道海滨社区欢乐港湾2号东岸东区L1-46,无
B2094252DA6CABFF4398,游乐场,广东省深圳市宝安区新安街道海滨社区欢乐港湾2号东L1-027-032,无
B2094250D36BA5FE4599,博物馆,广东省深圳市南山区南头较场2号,无
B2094253D668A6FD489B,地点,广东省深圳市南山区深南大道南头古城(西南角),无
B2094252D56BA2FE429C,景点,广东省深圳市南山区中山东街与中山南街交叉口东150,无
B2094251DA6AA4F94092,冷饮店,广东省深圳市南山区南头街道南头城社区中山南街41号101,无
B2094253D36DA1FE449E,日本料理,广东省深圳市南山区南头街道南头城社区春景街一坊3号,无
B2094253DA6BA0FF429C,西餐厅,广东省深圳市南山区南头古城西集小绿洲Sip Up西皮葡萄餐酒馆,无
B2094355D26DA7FA479E,冷饮店,广东省深圳市南山区南头古城中山南街72号A101,无
B209425DD568A3F8469B,餐饮,广东省深圳市南山区中山南街69号101,无
B2094757D069A1F8459C,景点,广东省深圳市南山区深南大道(中山公园地铁站D口步行330米),"在南头半岛的腹地,占地面积约7万平方米,建于明洪武二十七年(1394年)是一座历史悠久的古城遗址,也是目前深圳最具规模的历史文物旅游景点。1840年鸦片事发,香港从新安县割去,新安人民在抗击英军侵略的斗争中发挥了重要作用。城址范围东西最长距离为680米,南北最宽处为500米。古朴雄伟的南头古城,是岭南古文化的宝贵遗存,它经历并记录着深圳地区的历史变迁。"
B2094653D26FA4F94299,景点,广东省深圳市南山区深南大道(中山公园地铁站D口步行330米),无
B2094251DB69A0FA4699,西餐厅,广东省深圳市宝安区新安街道海旺社区欢乐港湾2号东L2-022A,无
B2094252D76AAAFD4892,广东菜,广东省深圳市宝安区新安西路华侨城欢乐港湾东区三楼,无
B2094252D56FA5F8459C,东南亚餐厅,广东省深圳市宝安区欢乐港湾东区L2-024,无
B2094252D064A2FB4098,冷饮店,广东省深圳市宝安区欢乐港湾东区东L1-043号铺,无
B2094253D265A6FF469A,冷饮店,广东省深圳市宝安区华侨城欢乐港湾东岸(临海地铁站出入口步行320米),无
B2094251DB68A3FD489B,特色商业街,广东省深圳市宝安区新安街道海旺社区海府路1号,无
B2094355D76DABFB419A,日本料理,广东省深圳市宝安区新安街道欢乐港湾2号东L2-027（近宝华路与海天路交叉口、近商场5号客梯）,无
B2094251DB68A0F5469B,中餐厅,广东省深圳市宝安区宝华路华侨城欢乐港湾商业街东岸L1-053,无
B2094253D06BA4FE489A,酒吧,广东省深圳市宝安区临海B2出口B1层,无
B2094352D669A6FA419B,餐饮,广东省深圳市宝安区新安街道欢乐港湾2号东L2-028号,无
B2094354D16FA6FD429C,餐饮,广东省深圳市南山区南头社区中山南街一坊49-2号,无
B2094253D26BABFE4599,桥梁,广东省深圳市宝安区南山区,无
B209445CD36BA7FC4893,西餐厅,广东省深圳市南山区南头街道荷兰花卉小镇G区4号,无
B2094354DB6EABFF4492,咖啡厅,广东省深圳市南山区前海路荷兰花卉小镇A8-07b,无
B2094556DB6AA1F84098,甜品店,广东省深圳市南山区荷兰花卉小镇B区7号,无
B2094252D369ABFB439A,地点,广东省深圳市南山区前海路辅路与郁金香街交叉口西北方向30米,无
B209445CD365A3F8449A,咖啡厅,广东省深圳市南山区月亮湾大道3008号荷兰花卉小镇,无
B2094252D46AA3FB439A,河流,广东省深圳市宝安区南山区,无
B209425DD06FABFC429A,购物服务,广东省深圳市南山区南头街道前海路前海公园南区,无
B2094750D56FA7F44498,景点,广东省深圳市南山区南头街道月亮湾大道3008号,·荷兰花卉小镇位于南山区，前身是南山花卉世界，后来改建成了颇具荷兰特色的特色街区。·这里的建筑都是参照荷兰小镇的建筑样式，色彩艳丽，很有风情。·在小镇里还能看到地道的荷兰三宝——木鞋、风车和郁金香，非常适合拍照。
B2094251DB69A2FC469D,四川菜,广东省深圳市宝安区海天路华侨城欢乐港湾东岸L2-028,无
B2094252D464A7FC479F,书店,广东省深圳市宝安区华侨城欢乐港湾东岸L1-021,无
B209425CD76AABFB4098,西餐厅,广东省深圳市宝安区新安街道欢乐港湾东岸L3-003,无
B2094354D26CA3FB409B,中餐厅,广东省深圳市宝安区新安街道滨海社区欢乐港湾东岸2号东L2-028,无
B2094252D46BA5FE409D,图书馆,广东省深圳市宝安区新安宝安滨海文化公园,无
B209425CD064ABFD4299,中餐厅,广东省深圳市宝安区欢乐港湾东岸L3-001,无
B2094253D364AAFA4499,餐饮,广东省深圳市宝安区欢乐港湾B1(临海地铁站B2口步行260米),无
B2094257D56BA0F94792,景点,广东省深圳市宝安区宝华路与海府路交汇处,无
B2094252D56FA0FF489D,咖啡厅,广东省深圳市宝安区新安欢乐港湾商业西岸天幕广场,无
B2094252D268A3F5469C,汽车服务,广东省深圳市宝安区宝华路欢乐港湾东区L1层009号蔚来空间,无
B2094252D46FABF9499E,餐饮,广东省深圳市南山区中山南街南头古城垣西71号,无
B2094252D56AAAFA4692,出行住宿,广东省深圳市南山区南头街道南头古城乐坪街一坊22号,无
B2094253D168A1F94698,咖啡厅,广东省深圳市南山区中山南街与中山西街交叉口西南20米,无
B2094252D46EA6FD4093,酒吧,广东省深圳市南山区中山东街4号(东门里第二栋),无
B2094252DB65ABF5419D,酒吧,广东省深圳市南山区南山大道南头古城东门东街181号(东门直走100米右手边),无
B209425DD76BA4F4419A,咖啡厅,广东省深圳市南山区南头街道南头城社区中山东街36号,无
B2094252D764A5F84092,冷饮店,广东省深圳市南山区南头天桥北南头古城中山西街N-1号1-3层,无
B2094251D06DABFB4499,景点,广东省深圳市南山区中山东街96号,无
B2094251DB68A1F54498,餐饮,广东省深圳市南山区南头古城春景北街一坊1号楼,无
B209425CD16EA1FE469B,冷饮店,广东省深圳市南山区南头城社区南山大道3061号,无
B2094252D26DA5FB439C,广场,广东省深圳市宝安区宝华路(宝安中心区青少年宫南侧约250米),无
B2094252D76CA6FC449E,展览馆,广东省深圳市宝安区海府一号A栋603(临海地铁站出入口步行480米),无
B2094352D269A4F44698,公园,广东省深圳市宝安区宝兴路与海天路交叉路口往南约100米,无
B2094256DB6CABFB4299,景点,广东省深圳市宝安区海天路与宝华路交汇处,无
B2094252D265A6F8489B,特色商业街,广东省深圳市宝安区宝华路与海府路交叉口西220米,无
B2094251D36AA7FC459B,景点,广东省深圳市宝安区欢乐港湾(西北角),无
B2094352D464A4FA439F,博物馆,广东省深圳市宝安区新安街道宝兴路,无
B2094252D168A2F54992,广东菜,广东省深圳市宝安区宝兴路8号前海华侨城JW万豪国际酒店3层,无
B2094253D064A4FC469F,广东菜,广东省深圳市宝安区熙龙湾花园二期五栋A座115,无
B2094352D569AAFE4392,景点,广东省深圳市宝安区新安街道海天路,无
B2094357D269A4FE439D,火锅店,广东省深圳市宝安区西乡街道麻布社区海城路3号宝安大仟里L460,无
B2094354D568A6FE4792,餐饮,广东省深圳市宝安区海城路3号大仟里购物中心宝安店3层358号,无
B2094357D06BA0F4439B,烧烤,广东省深圳市宝安区海城路3号大仟里购物中心1号门4楼金逸影城隔壁,无
B2094253D165A6F5489B,餐饮,广东省深圳市宝安区海城路3号大仟里购物中心宝安店L4层,无
B2094253DB6FA4FB4898,住宅,广东省深圳市宝安区兴业路87号东南方向90米,无
B2094252D664A6F5449C,四川菜,广东省深圳市宝安区海城路110号2层(坪洲地铁站B口步行90米),无
B2094257D765AAFE419D,住宅,广东省深圳市宝安区商会大厦旁,无
B2094357D169AAF5419A,糕饼店,广东省深圳市宝安区西乡街道前城中心,无
B2094252D56BA7FA4293,浙江菜,广东省深圳市宝安区西乡,无
B209445CD36AA0FF459A,餐饮,广东省深圳市宝安区五十区开屏花园38栋1层,无
B209475CD764A6F54392,广东菜,广东省深圳市宝安区西乡镇劳动村西乡大道旁298-4号,"餐厅装修典雅别致,清新淡雅,很有档次。包房的设计独具匠心,安静惬意,是一处良好的私密空间,绝无外来打扰。若是人多追求热闹,也可以选择餐厅的大厅,宽敞明亮,够舒适,使人身心放松。出品种类繁多,而且在保证菜肴独特口味的同时,对卖相的要求也是精益求精,外形美轮美奂,器皿精致美观,相互辉映,让人达到视觉,嗅觉,味觉的多重享受。"
B2094352D064A3F44698,餐饮,广东省深圳市宝安区大仟里,无
B209425CDA69A2F84992,餐饮,广东省深圳市宝安区宝安大仟里3楼(坪洲地铁站A口步行300米),无
B2094250DA6DA6F84492,中餐厅,广东省深圳市宝安区新湖路与海城路交汇处宝安大仟里L440-441(地铁1号线坪洲地铁站A出口),无
B2094252D768A7F4439C,广东菜,广东省深圳市宝安区西乡街道海城路3号宝安大仟里4楼L440-441,无
B209425CD265A2FF429E,出行住宿,广东省深圳市宝安区华丰前海湾二期西北门东北110米,无
B2094252D465A4FE409D,广东菜,广东省深圳市宝安区海城路大仟里购物中心负一层142号商铺(坪洲站A出口),无
B2094354D16EA2FB4492,餐饮,广东省深圳市宝安区金谷大楼A座新湾路193号(坪洲站C出口100米),无
B2094357D564A2FE499A,火锅店,广东省深圳市宝安区西乡街道麻布社区码头路1号,无
B2094257D565A6FA489C,火锅店,广东省深圳市宝安区西乡街道海城路大仟里购物中心二楼L237-238室(上河坊楼下),无
B2094253D369A1F5479D,中餐厅,广东省深圳市宝安区宝源路星巴克一直往里走100米,无
B2094257DA69A6FC4798,浙江菜,广东省深圳市宝安区西乡街道海航城路3号前城滨海花园2栋L431-433,无
B2094250DA6FA2FE419C,火锅店,广东省深圳市宝安区新湖路与海城路交汇处宝安大仟里B152-153,无
B2094250D369AAFB489C,冷饮店,广东省深圳市宝安区新湖路与海城路交叉口宝安大仟里B143-145(地铁1号线坪洲地铁站A出口),无
B2094350DB6CABFB449F,火锅店,广东省深圳市宝安区永丰社区六区2号101室,无
B209425CD069A1FF4292,中餐厅,广东省深圳市宝安区宝安大道西乡市场综合楼17号,无
B2094253D265A5FC449C,湖南菜,广东省深圳市宝安区西乡大道和宝源路交汇处海虹工业场区(东南1门)进入中央大道B座2楼层,无
B2094252D065A5F4479B,韩国料理,广东省深圳市宝安区西乡大道天琴阁14号一个锅韩式小馆,无
B2094357D46EA4F54193,中餐厅,广东省深圳市宝安区巡抚街12号,无
B2094251D464A3FD4493,餐饮,广东省深圳市宝安区宝安大道3061号德信商务中心F2层,无
B2094357D76BA5F4459A,火锅店,广东省深圳市宝安区西乡街道南沙新村东一巷2号,无
B2094253D265A4FA4899,火锅店,广东省深圳市宝安区乐群社区南沙新村中二巷一号蜀风路5101号,无
B2094351DB6EA3FE459B,餐饮,广东省深圳市宝安区西乡街道新湾路301-3,无
B209425CD76CA3FB4999,中餐厅,广东省深圳市宝安区西乡大道与新湖路交汇处天虹商场(合正汇一城店)L2层,无
B2094253D16CA5FD4599,冷饮店,广东省深圳市宝安区西乡大道与新湖路交汇处天虹商场(合正汇一城店)L1层,无
B2094251D76EA4FD469E,甜品店,广东省深圳市宝安区西乡镇真理街54-56号(近北帝古庙),无
B2094354D76DA7FF489A,中餐厅,广东省深圳市宝安区西乡街道河东路124号(佳华百货旁),无
B2094251D565A2FC499B,展览馆,广东省深圳市宝安区碧海君庭1号,无
B2094354D768A5FE499F,冷饮店,广东省深圳市宝安区西乡街道共乐路86号A107,无
B2094652DB69A2F44098,寺庙道观教堂,广东省深圳市宝安区西乡镇真理街24号,无
B2094354D76AA7FD4098,湖南菜,广东省深圳市宝安区西乡街道南昌社区固戍二路268号101,无
B2094252D56AA0F9429E,餐饮,广东省深圳市宝安区西乡街道固戍社区宝安大道4734号,无
B2094256D46AA1FA489F,岛屿,广东省深圳市宝安区广深沿江高速,无
B2094556D26EA0FB499A,餐饮,广东省深圳市宝安区南昌二队西十巷10号附近,无
B2094253D06DA5FE409D,烧烤,广东省深圳市宝安区航城大道,无
B2094252D665AAF9459C,茶艺馆,广东省深圳市宝安区泰华梧桐岛16A练实野,无
B2094251DB65A7F54498,培训机构,广东省深圳市宝安区三围航空路9号,无
B209425CD164A1FC499E,足球场,广东省深圳市宝安区机场南路辅路,无
B2094251DB69AAF44093,景点,广东省深圳市宝安区机场南路与机场南路出口交叉口,无
B2094255DB6AA0FF4592,中餐厅,广东省深圳市宝安区福永镇宝安国际机场T3航站楼F3-3W-05-04,无
B2094357D76DA4FC4593,甜品店,广东省深圳市宝安区后瑞壹航城T4-110A,无
B2094251DA68A5F4419F,餐饮,广东省深圳市宝安区航城街道后瑞社区T3航站楼3C-02-09,无
B2094253D068ABF4469B,火锅店,广东省深圳市宝安区瑞盛百货(后瑞地铁站B口步行140米),无
B2094355D16DA1FE419B,糕饼店,广东省深圳市宝安区机场南路宝安国际机场T3航站楼3楼候机厅中庭3C-03-10（39-50登机口旁）,无
B2094257D565A2F44298,餐饮,广东省深圳市宝安区航城街道后瑞社区七巷八号102,无
B2094354DA69AAF94998,餐饮,广东省深圳市宝安区深圳宝安国际机场-T3航站楼,无
B209445CD36AA3F54998,潮州菜,广东省深圳市宝安区航城街道新瑞路恒金大厦,无
B209425DD36AA5FF459D,潮州菜,广东省深圳市宝安区福围社区宝安机场卫星厅3D011,无
B2094757D764AAFE419C,餐饮,广东省深圳市宝安区东福围东街52号(近机场信息大楼),无
B2094252D56BA6FE459C,餐饮,广东省深圳市宝安区立新南路86号怀德新安中学对面,无
B209445DD46FA3F4429B,旅馆招待所,广东省深圳市宝安区西乡洲石路九围富源工业城(工业城大门口),无
B2094354D56DA5F5429D,地点,广东省深圳市宝安区洲石路659号,无
B2094356D26BA4FF429B,景点,广东省深圳市宝安区彩绘路与洲石路交叉口东220米,无
B2094253D664A4FD449E,景点,广东省深圳市宝安区,无
B2094554D36AA1FB4493,湖南菜,广东省深圳市宝安区九围路109号先歌科技园内（进入先歌科技园靠左边直走上坡后右拐进入山庄）,无
B2094257D76EAAFB4199,公园,广东省深圳市宝安区洲石路(九围愉盛工业园南侧约50米),无
B2094653D269A0FD4893,景点,广东省深圳市宝安区福永街道凤凰社区,"·凤凰山是深圳名山,位于宝安区,有“宝安第一山”的美誉。·凤凰山的树木丰茂,景色优美。山腰的凤岩古寺主供观音,香火旺盛；·山顶可以看到整个宝安的景色,所以是登山洗肺,祈福的好去处。"
B2094653D26EA7F54592,景点,广东省深圳市宝安区福永街道凤凰社区,无
B2094252D46AA4FD4292,景点,广东省深圳市宝安区福永街道凤凰村凤凰山森林公园内,无
B2094652DB68A5F9499F,寺庙道观教堂,广东省深圳市宝安区福永街道凤凰村凤凰山森林公园内(东北角),无
B2094653D26AABFF479B,公交站,广东省深圳市宝安区宝安国际机场机场九道,无
B2094556D46FA7FB4392,餐饮,广东省深圳市宝安区宝安大道,无
B2094354D068A7FC489E,广东菜,广东省深圳市宝安区福永街道怀德峰景北园48号铺,无
B2094251D36AA7F8499C,餐饮,广东省深圳市宝安区福海海鲜市场C栋101,无
B209425DD06CA1F84392,景点,广东省深圳市宝安区福凤路(凤凰山西南侧约90米),无
B2094554D369A5FB499B,广东菜,广东省深圳市宝安区福永大道128号,无
B209425CD665A6F54993,餐饮,广东省深圳市宝安区福永街道怀德社区福永大道126号城市花园113,无
B2094252D66DA4FB429C,中餐厅,广东省深圳市宝安区福二路110号101鹏飞大厦一楼,无
B2094750D564AAFB489E,四星级宾馆,广东省深圳市宝安区福永街道福永社区立新路16号,无
B2094355DB6FA1F4469A,中餐厅,广东省深圳市宝安区福州大道三星工业区二区1栋1、2楼106号,无
B2094351D568A3F8419F,景点,广东省深圳市宝安区海天路深圳前海华侨城JW万豪酒店东侧约210米,无
B2094352D168A3FB4298,休闲娱乐,广东省深圳市宝安区新安街道深圳书城湾区之眼,无
B2094252D26BA1F44493,日本料理,广东省深圳市宝安区熙龙湾花园N23区5栋106号,无
B2094251D769A2F54892,展览馆,广东省深圳市宝安区宝兴路1号(宝华地铁站D口步行240米),无
B2094252D56FA0F84099,烧烤,广东省深圳市宝安区兴华路和海秀路交汇处中兴酒店大厦一楼L1-45铺,无
B2094253D06CA1FC499C,火锅店,广东省深圳市宝安区新安街道海旺社区兴华一路(延伸段)19号中兴酒店前海HOP国际203,无
B2094354D76CAAFA429D,糕饼店,广东省深圳市宝安区新湖路泰华梧桐村7栋2楼216,无
B2094253D168A3F4499D,中餐厅,广东省深圳市宝安区新安街道海丽路前海HOP天地2楼,无
B2094251D56EA0FB489C,餐饮,广东省深圳市宝安区兴华一路19号前海HOP天地3楼,无
B2094354D26AA6FA469A,中餐厅,广东省深圳市宝安区兴华一路与海秀路交界处前海HOP天地L1-52-53,无
B2094251DA6AA0F54193,广东菜,广东省深圳市宝安区新安街道兴华一路19号HOP天地二楼点都德,无
B2094356D26CA3FC4793,湖南菜,广东省深圳市宝安区新湖路深圳前海壹方城1层L1-J026号,无
B209425DD064ABF54792,餐饮,广东省深圳市宝安区海秀路hop天地(宝华地铁站B2口步行110米),无
B2094252D565ABFD429B,火锅店,广东省深圳市宝安区新安街道海旺社区兴华一路(延伸段)19号中兴酒店前海HOP国际209,无
B2094354D56DA0FA429C,东北菜,广东省深圳市宝安区新湖路99号壹方城购物中心(原北京银行)临街商铺,无
B2094257D56AA4FD4498,中餐厅,广东省深圳市宝安区新湖路交汇西南处壹方城B1层073\/073A号商铺,无
B2094252DB6FA5F5489C,冷饮店,广东省深圳市宝安区壹方城购物中心四层,无
B2094355D569A1F94493,东北菜,广东省深圳市宝安区壹方城北区5层5009（海底捞旁）,无
B2094351D76AA6FA4399,餐饮,广东省深圳市宝安区新安街道壹方城购物中心西区(深圳前海壹方城店)深圳前海壹方城,无
B2094253D768AAF9469B,中餐厅,广东省深圳市宝安区新安街道新安湖社区新湖路99号壹方城购物中心(前海店),无
B2094355D068A1FF429A,广西菜,广东省深圳市宝安区前海壹方城4楼（电影院隔壁）,无
B2094355D269A6FB499F,广西菜,广东省深圳市宝安区前海壹方城4楼（电影院隔壁）,无
B2094357D46EA4F9439B,日本料理,广东省深圳市宝安区新湖路壹方城购物中心L2层（星巴克对面）,无
B2094253DB64A5FA4298,餐饮,广东省深圳市宝安区新湖路与圣洁路交叉口西80米,无
B209425CDB6AA6F5439E,火锅店,广东省深圳市宝安区新安街道海旺社区N12区新湖路99号壹方中心北区负1层,无
B2094356D064A3F94899,冷饮店,广东省深圳市宝安区新湖路99号壹方城购物中心北区B2层011,无
B2094354D069A6FB499C,餐饮,广东省深圳市宝安区前海壹方城购物中心北区L1-106商铺,无
B209425DD66FA7FD4999,火锅店,广东省深圳市宝安区壹方城购物中心(宝安中心地铁站F口步行300米),无
B2094253D66AAAF94893,韩国料理,广东省深圳市宝安区新安街道海旺社区N12区新湖路99号壹方中心北区2层032,无
B2094354D464A1F4409E,餐饮,广东省深圳市宝安区新湖路99号壹方城购物中心前海店L2层,无
B2094253D06BAAFA499A,公园,广东省深圳市南山区南青路与南富苑一街交叉口东80米,无
B2094252D46DA6FE419B,烧烤,广东省深圳市宝安区兴华一路68号鹏兴盛商务中心1楼10号铺,无
B209445DDB69ABF54192,三星级宾馆,广东省深圳市宝安区翻身路68号,无
B2094253D069A1FD4592,中餐厅,广东省深圳市宝安区新安街道安乐社区翻身路89号-101-102-104,无
B2094253D66AA4F5459D,中餐厅,广东省深圳市南山区建安一路23号(三区金融街),无
B2094353D36FA1F54893,西餐厅,广东省深圳市宝安区5区市场3栋宝农南巷41号,无
B2094354D464A1FA469C,餐饮,广东省深圳市宝安区翻身路314号,无
B2094354D464A7FC4492,中餐厅,广东省深圳市宝安区富御花园东北门东南70米(翻身地铁站B口步行290米),无
B2094354D46EA6F44592,中餐厅,广东省深圳市宝安区翻身路101-5号,无
B2094357DA68A0F4409C,西餐厅,广东省深圳市宝安区新安街道5区建安一路99号海雅广场1层L135（小米对面）,无
B209425DD26DA4F94992,餐饮,广东省深圳市宝安区新安街道新湖路99号壹方城L3层012号,无
B2094253D16CA5FC469B,餐饮,广东省深圳市宝安区前海壹方城星辰街L1-015b\/016,无
B2094254D668ABFA4499,西餐厅,广东省深圳市宝安区新安街道新湖路99号壹方城L3层012,无
B2094251DB6DA2FD4598,广东菜,广东省深圳市宝安区新湖路99号壹方城购物中心5层,无
B209425DD56DA0FA4198,餐饮,广东省深圳市宝安区新湖路99号壹方城购物中心(宝安中心地铁站F口步行310米),无
B209425CDB6AA6FD449E,餐饮,广东省深圳市宝安区新湖路99号壹方城购物中心L3层L013,无
B2094255D765A0F4499A,中餐厅,广东省深圳市宝安区新湖路99号壹方城5层L5-012,无
B2094354D36FA2F54193,广东菜,广东省深圳市宝安区创业一路鸿荣源西城上筑1栋AB座1014二楼,无
B2094254D66BA6F5409A,四星级宾馆,广东省深圳市宝安区兴业路8号,无
B2094250D06DA1FC479E,餐饮,广东省深圳市宝安区新安街道海裕社区82区新湖路佳华名苑103,无
B2094354D668AAF84899,火锅店,广东省深圳市南山区粤海街道科技园社区科伟路6号科技园34区9栋102,无
B2094354DA6EAAFD419D,云贵菜,广东省深圳市南山区粤海街道科技园社区科伟路6号饭多多美食汇104号,无
B2094253D66DA1FF449C,餐饮,广东省深圳市南山区粤海街道科技园社区6号科技园34区9栋110(深夜有居楼下铺面),无
B2094355D26BA7F8469E,湖南菜,广东省深圳市南山区科苑路科兴科学园A栋G层18、19、20号,无
B2094757D56DABFE439B,无,安徽菜,"广东省深圳市南山区琼宇路51大厦6楼（地铁13号线B出口,往北步行300米）"
B2094252D564A2F4409E,安徽菜,广东省深圳市南山区琼宇路51大厦6楼,无
B209445CD06CA6FF4399,餐饮,广东省深圳市南山区南头街道明珠荔景2栋6号,无
B2094253D16EA1FC499B,火锅店,广东省深圳市南山区西丽街道曙光社区西丽南路31号西丽老计生站1栋101,无
B209425CD46EA4FC4892,中餐厅,广东省深圳市南山区万科西里负一楼B25-B29,无
B2094256D668A2FA409C,烧烤,广东省深圳市南山区西丽留仙洞总部基地打石二路南侧云城万科里D绿廊(项目)L1层20号、L2层21号、L1层22号,无
B2094252D764A5FD439A,餐饮,广东省深圳市宝安区新安街道43区兴华一路富怡花园1栋106号,无
B2094354D769AAF9499C,中餐厅,广东省深圳市宝安区新安街道翻身路326号109,无
B2094250D368ABF8429D,火锅店,广东省深圳市宝安区建安一路76号信明生大厦F1层,无
B2094253D46AA1FE4198,火锅店,广东省深圳市宝安区新安街道新安湖社区建安一路99号海雅广场5层L510-8号,无
B2094354D16FABFB4599,火锅店,广东省深圳市宝安区新安街道甲岸社区宝民一路52号101,无
B2094253D668A4FE429A,广东菜,广东省深圳市宝安区新安街道新安湖社区建安一路74号华南工贸大楼宝农北巷88号,无
B2094351D269A0FD449B,东南亚餐厅,广东省深圳市宝安区宝民一路68号,无
B2094356DB68AAFE4992,中餐厅,广东省深圳市宝安区甲岸社区7区甲岸村82栋105(宝安交通运输局对面),无
B209425CD569A6F5499F,中餐厅,广东省深圳市宝安区宝民一路64-8号,无
B2094355D064A1FE4393,中餐厅,广东省深圳市南山区宝前巷26号河边海信花园c栋1楼商铺（近海雅缤纷城）,无
B2094253D764A2F94099,餐饮,广东省深圳市南山区南头古城简阅大楼A1栋101,无
B2094251D76EA0FD409E,西餐厅,广东省深圳市南山区春景北街23号后面101室大家乐广场旁边(南头古城),无
B2094252D465A3F4459D,西餐厅,广东省深圳市南山区深南大道南头古城大家乐北广场N-08商铺,无
B2094652DB69A7F54192,中餐厅,广东省深圳市南山区玉泉路与艺园路交汇处(马家龙工业区附近),无
B2094252D06CA4F4469A,中餐厅,广东省深圳市南山区湾夏地铁站B出口,无
B2094356D465A0FF419E,中餐厅,广东省深圳市南山区南山大道3186号莲花广场B座,无
B209445CD06CABF94392,广东菜,广东省深圳市南山区南头街道马家龙大新路90号,无
B2094355D36FABFE449C,餐饮,广东省深圳市宝安区新安街道兴东社区68区留仙大道2号汇聚创新园1栋302号,无
B2094351D568A5FA449B,日本料理,广东省深圳市宝安区新安街道东社区70区创业二路526号深圳啤酒小镇E6栋EL136,无
B2094351D669A4FD429E,火锅店,广东省深圳市宝安区华润雪花科创城BREWTOWN啤酒小镇东堂L2-EL235、236店铺,无
B2094253D06BA0FB449B,烧烤,广东省深圳市南山区新圳东路67号(新安公园地铁站C1口步行180米),无
B2094257D569A7F94092,广东菜,广东省深圳市宝安区新安街道建安社区建安一路250号航空综合大厦一楼,无
B2094257DA6FA7FB459E,餐饮,广东省深圳市宝安区新安街道建安社区建安一路250号航空综合大厦一楼,无
B2094757D565AAFA429D,中餐厅,广东省深圳市宝安区新安街道45区幼儿园综合楼2、3、4、5、6、7号,无
B209445CD369A5F4499F,餐饮,广东省深圳市宝安区45区自由路16-18号(宝晖大厦附近),null
B2094253DB6BAAFD4498,餐饮,广东省深圳市宝安区灵芝园新村62栋101,无
B2094252D369A4FC439E,餐饮,广东省深圳市宝安区建安一路安华楼110号(灵芝地铁站A2口步行450米),无
B2094554DA6AA4FA479E,中餐厅,广东省深圳市宝安区兴华二路73-3号,无
B2094557D568A3FB4498,未知分类,广东省深圳市南山区新安二路74号,无
B2094352D165A1FB4498,冷饮店,广东省深圳市宝安区灵芝园社区19区57栋兴华二路278号,无
B2094251D36CA1FD409E,自助,广东省深圳市宝安区新湖路与玉律路交汇处华美居商务中心D区2号楼1号铺(地铁1号线宝体站B出口),无
B2094254D664A6FB419B,广东菜,广东省深圳市宝安区新安街道宝安45区五二队南二巷3号103,无
B2094253D765A5F9429D,餐饮,广东省深圳市宝安区和丰路与玉竹路交叉口东北40米,无
B2094253D66CA1FA459B,中餐厅,广东省深圳市宝安区82区裕和花园4巷1号,无
B2094554DA6AA6FC4699,餐饮,广东省深圳市宝安区西乡街道兴业路2078号,无
B209445DD06EAAFE4498,餐饮,广东省深圳市宝安区兴业路2078号,null
B2094354D66BABFC499F,火锅店,广东省深圳市宝安区海城路与宝源路交叉口财富港商业中心(原时代城购物中心)5楼,无
B2094551D66BA1FA4693,火锅店,广东省深圳市宝安区海城路与宝源路交叉口时代城5楼,无
B2094251D069A0F44899,餐饮,广东省深圳市宝安区西乡街道码头路60号1-3,无
B209445CD364A5FF489D,火锅店,广东省深圳市宝安区海城路114号,无
B2094652DB6AA5F8459C,餐饮,广东省深圳市宝安区宝城10区前进路南则,NULL
B2094350D668AAFA4192,中餐厅,广东省深圳市宝安区新安街道灵芝新村19区兴华二路284-4,无
B2094257DA68AAFF419B,餐饮,广东省深圳市宝安区新安街道建安社区前进路南侧冠城世家1栋105,无
B2094251DA6BA4F94799,火锅店,广东省深圳市宝安区前进一路161号大富豪广场,无
B2094352D065ABF94498,餐饮,广东省深圳市宝安区新安街道灵芝园社区19区51栋兴华二路288号,无
B2094353D36FA0FB429F,餐饮,广东省深圳市宝安区洪浪二村19区26栋103清汤鲜牛腩店,无
B2094352D56AA7F9429B,火锅店,广东省深圳市宝安区深圳大悦城购物中心4楼(星厨花园内),无
B2094351D36DA4F54493,日本料理,广东省深圳市宝安区大悦城4楼411,无
B2094350D56DA6F44199,火锅店,广东省深圳市宝安区创业二路与前进一路交汇处深圳大悦城购物中心F4,无
B2094351D165A5FC489F,餐饮,广东省深圳市宝安区前进一路大悦城购物中心L409号（哥哥の深夜食堂）,无
B2094352D365A1FC429F,餐饮,广东省深圳市宝安区创业2路大悦城L316,无
B2094352D46BA7FC4798,中餐厅,广东省深圳市宝安区建安一路一巷宝安25区东南侧约130米,无
B2094352D76AA3F4459E,湖北菜,广东省深圳市宝安区前进一路77号中粮大悦城3层L311,无
B2094350D56DA1F84092,自助,广东省深圳市宝安区创业二路与前进一路交汇处深圳大悦城购物中心F4,无
B2094351DA6FA5FD469C,冷饮店,广东省深圳市宝安区创业二路与前进一路交汇处深圳大悦城购物中心LG,无
B2094351D16BABF84199,日本料理,广东省深圳市宝安区新安街道宝民社区25区创业二路61号大悦城商业中心四层L421,无
B2094352D768A6F94098,餐饮,广东省深圳市宝安区创业二路与前进一路交汇处深圳大悦城购物中心F1,无
B2094350D56EA4F5479B,中餐厅,广东省深圳市宝安区创业二路与前进一路交汇处深圳大悦城购物中心F412,无
B2094350DA65A3F8449C,餐饮,广东省深圳市宝安区创业二路与前进一路交汇处深圳大悦城购物中心LG,无
B2094653D269A3F8489B,湖南菜,广东省深圳市宝安区建安一路30区百合苑(鑫诚玩具店附近),无
B209425CD369A2FC489F,中餐厅,"广东省深圳市宝安区建安一路619-8号(近万达广场,距灵芝地铁站800米)",无
B2094554D06FA0F94393,广东菜,广东省深圳市宝安区新安街道大浪社区创业二路89号中洲购物中心A区3楼301、302、333号商铺,无
B209425CD46BA1F54292,餐饮,广东省深圳市宝安区勤诚达·22世纪和园西北门东北140米,无
B209425DD06CA2F94999,中餐厅,广东省深圳市宝安区31区前进一路186号东方明珠酒店105,无
B2094355D06EA3F5459C,冷饮店,广东省深圳市宝安区新安三路14号(洪浪北地铁站C口步行160米),无
B209425CD26FA2FB499C,中餐厅,广东省深圳市宝安区新安三路118号顺恒利大厦F1层,无
B2094251D56FAAFD4993,餐饮,广东省深圳市宝安区新安街道上合社区32区上合花园1栋A、B、C、D座104,无
B2094253D16CA6F8469C,湖南菜,广东省深圳市宝安区新安三路95号(洪浪北地铁站C口步行450米),无
B2094357D769A7F4479E,火锅店,广东省深圳市宝安区宝安万达广场A座3楼,无
B209425CDB6DA5F9479D,中餐厅,广东省深圳市宝安区,无
B2094350D56CA3FE489B,餐饮,广东省深圳市宝安区西乡共乐小学下塘四巷1号9号,无
B2094252DB6BABF8489E,餐饮,广东省深圳市宝安区盐田新一村四巷15号(西乡地铁站A口步行400米),无
B2094354D76BA1F4479E,中餐厅,广东省深圳市宝安区宝民二路35号信和丰商务大厦B座110号,无
B2094351DA6FA5F4479C,湖南菜,广东省深圳市宝安区盐田街盐田社区悦和路88号旭生和韵大厦1号楼,无
B2094355D66BA1FA439E,中餐厅,广东省深圳市宝安区盐田社区金海路19号乐群综合楼A1栋108,无
B2094356D568A5FE449F,其他,广东省深圳市宝安区金海路盐田股份综合楼,无
B2094253D169A6FE479A,茶艺馆,广东省深圳市宝安区金海路3号盐田股份综合楼2楼,无
B2094354D16AAAF54699,餐饮,广东省深圳市宝安区西乡街道河东社区流塘路泰华明珠1栋.2栋115-118号麦当劳,无
B209425DDA69AAFC4199,餐饮,广东省深圳市宝安区宝民二路泰华豪园1栋,无
B2094554D06AABF5469E,广东菜,广东省深圳市宝安区西乡街道建安二路泰华明珠1栋1层101-104号（一乐会商场）,无
B2094355D068A6F9479D,餐饮,"广东省深圳市南山区留仙大道2188号悦方广场2层L242-1号外围（4号,5号门左手边）",无
B2094557D36AAAFE449E,餐饮,广东省深圳市南山区留仙大道鼎新大厦附近,无
B2094356D068A7F5439A,烧烤,广东省深圳市南山区西丽石鼓路3036-1号,无
B2094750D764A7FB4792,无,糕饼店,广东省深圳市南山区新高路留仙居366大街1-7
B209445CD364A7FE499E,餐饮,广东省深圳市南山区西丽街道同沙路新围村188栋底商,无
B209425DD765AAFB459B,中餐厅,广东省深圳市南山区西丽街道同沙路1号中泰商住楼108,无
B2094252D66BA4F5489A,日本料理,广东省深圳市南山区同沙路24号,无
B2094252D56DABF9419B,烧烤,广东省深圳市南山区西丽镇新围村石岭工业区1栋106,无
B2094556D16CA7FD439A,江西菜,广东省深圳市南山区西丽石鼓路4003-7号,无
B2094354DA6AA4FF4898,茶艺馆,广东省深圳市南山区西丽街道深港花卉中心S05号,无
B2094354D569AAFB4598,湖南菜,广东省深圳市宝安区西乡大道与前进二路交汇处彩虹城2楼(彩虹城麦当劳),无
B209445DD06EA2F54493,广东菜,广东省深圳市宝安区西乡街道宝田一路臣田工业区综合楼D栋1楼,无
B2094251D06CA3FC409F,景点,广东省深圳市宝安区朱坳路(铁仔山公园),无
B2094252D464A4F94993,景点,广东省深圳市宝安区铁仔山公园(西北角),无
B2094253D16EA7F4439B,火锅店,广东省深圳市宝安区富通v都会瑞翔居1栋112号,无
B209425CDB6BA4FD469A,道路,广东省深圳市宝安区,无
B2094653D26BA3F44593,公交站,广东省深圳市宝安区西乡街道铁岗水库路宝安桃花源科技创新园,无
B2094253D16AA3FC419B,冷饮店,广东省深圳市宝安区西乡桃源居前进二路196号,无
B2094250D06CA6F44592,河流,广东省深圳市宝安区,无
B2094251D165AAF5409B,餐饮,广东省深圳市宝安区西乡街道101鹤洲市场4号铺,无
B2094350D764A2FB439D,火锅店,广东省深圳市宝安区华润雪花科创城BREWTOWN啤酒小镇东堂L2-EL235、236店铺,无
B2094356D365A3FE4692,中餐厅,广东省深圳市宝安区70区创业二路526号深圳啤酒小镇EL221号商铺,无
B2094352D468A4FD4892,餐饮,广东省深圳市宝安区群力二路1号,无
B2094251DA6EA5FB4099,中餐厅,广东省深圳市南山区留仙村路与创业东路交叉口西北20米,无
B2094253DB65AAF4459F,火锅店,广东省深圳市宝安区石岩街道创维创新谷5号楼2层街边巷里潮汕牛肉火锅店,无
B2094253D56FA2FE479B,中餐厅,广东省深圳市宝安区塘头一号路创维创新谷3幢3楼,无
B2094350D76DA7FA479E,烧烤,广东省深圳市宝安区石岩浪心工业区一路b栋一楼103-106铺,无
B2094350D56FABFE4698,火锅店,广东省深圳市宝安区石岩街道宝石南路95号宏发大世界二期一单元107.216.217,无
B2094251D36CA1FD4993,中餐厅,广东省深圳市宝安区359省道瑞兴旁,无
B2094351D06CA1F9449C,茶艺馆,广东省深圳市宝安区石岩街道浪心社区松白路2202号宏源发花卉苗木产业园A栋118-119屿沐园林,无
B2094354D169A5F4479E,餐饮,广东省深圳市宝安区32区上合花园2栋H座1楼43号,无
B2094352DA6EA1F44898,火锅店,广东省深圳市宝安区36区岭下花园1栋怡园路4008,无
B2094252D065AAF8469B,韩国料理,广东省深圳市宝安区新安街道兴东社区71区创业二路331号(兴东地铁站D口步行120米),无
B2094251DB64AAF44199,四川菜,广东省深圳市宝安区36区公园路4032号岭下花园17栋一楼,无
B2094351D068A5FB4698,景点,广东省深圳市宝安区尖岗山公园山顶,无
B2094355D06AABF4429A,冷饮店,广东省深圳市宝安区塘头大道29号骏业工业园内（要进工业园里面）,无
B209425DDB65A1F5489C,景点,广东省深圳市宝安区麻布新村五巷与麻布新村六巷交叉口东北440米,无
B2094653D268AAF84293,寺庙道观教堂,广东省深圳市宝安区光明区玉塘街道星湖路93石岩湖温泉度假村,无
B2094653D268AAF4489E,寺庙道观教堂,广东省深圳市宝安区光明区红星社区石岩湖度假村内,无
B2094653D269A3F44992,通行设施,广东省深圳市宝安区光明区星湖路85号,无
B2094252D264A6FB479E,中餐厅,广东省深圳市宝安区石岩街道龙腾社区松白路桥西2401号,无
B2094653D269A2FF429F,博物馆,广东省深圳市宝安区永和路8号,无
B2094253D16FA0FF479F,餐饮,广东省深圳市光明区凤凰街道塘家社区张屋新村十八巷7号1-3层,无
B2094252DA6CA4FE4993,日本料理,广东省深圳市光明区凤凰街道东坑社区龙光玖龙台6栋B座L4-22A-21B,无
B209425CD06EA3FE4598,中餐厅,广东省深圳市光明区龙光玖龙台光明蓝鲸世界A座L4-15A,无
B2094252DB6BA0F44399,餐饮,广东省深圳市光明区凤凰街道凤凰城地铁站B出口光明蓝鲸世界,无
B2094253D36FA4FC469F,中餐厅,广东省深圳市光明区凤凰街道光明蓝鲸世界G层52号(凤凰城地铁站A口旁),无
B209425DD26DA5F8419F,餐饮,广东省深圳市光明区L4-02-03(凤凰城地铁站B口步行330米),无
B2094253D265A3FE459F,餐饮,广东省深圳市光明区蓝鲸世界(凤凰城地铁站B口步行100米),无
B2094355D16EA2FC4099,自助,广东省深圳市光明区观光路万达广场2楼2011号商铺,无
B2094251DB64A3FA439E,景点,广东省深圳市宝安区水库路与星湖路交叉口南40米,无
B2094253D36CA5FF449F,餐饮,广东省深圳市光明区田湾路80号,无
B2094254DB64A7FA4598,中餐厅,广东省深圳市光明区公明街道甲子塘市场旁边(盛世华联百货侧门旁边),无
B2094252D36AA2FA4693,景点,广东省深圳市光明区东长路与光明大道交叉口北240米,无
B209425DD064ABFA459F,中餐厅,广东省深圳市光明区鹏凌路与东福路交叉口西南180米,无
B2094253D06DAAF5469D,中餐厅,广东省深圳市光明区马田街道大东明城市广场1栋,无
B2094253D06BAAFE469A,餐饮,广东省深圳市光明区公常公路732-7号大东明城市广场1栋2楼,无
B2094253D16FA4FB499C,中餐厅,广东省深圳市光明区公明街道公明社区红花路25小区1栋,无
B2094355D26CA2F4479E,景点,广东省深圳市光明区,无
B2094556D765A2FA449F,烧烤,广东省深圳市光明区红花北路红花山58号,无
B2094253D36FABF5419D,日本料理,广东省深圳市宝安区福永街道白石厦社区横巷十二巷2号,无
B2094352D768ABF54493,烧烤,广东省深圳市宝安区福海街道桥头社区同泰广场L1层-59号,无
B2094250D06EA0FD4093,火锅店,广东省深圳市宝安区福海街道宝安大道6259号同泰时代广场4楼,无
B2094653D268ABFF489C,四星级宾馆,广东省深圳市宝安区蚝业路与永和路交汇处,无
B209445DD565A7FD4598,旅馆招待所,广东省深圳市宝安区福永街道凤凰社区凤凰山大道美食街第8-9栋,null
B2094351D568A6FD4098,火锅店,广东省深圳市宝安区福园一路30号美生云谷福海楼鹏城宴1楼,无
B2094257D56CA5FB4992,餐饮,广东省深圳市宝安区福海街道和平社区永和路骏丰工业园D栋8号,无
B2094250D26BABFF4799,三星级宾馆,广东省深圳市宝安区展云路8号(国展南地铁站C口步行370米),无
B2094254D66EA5F4429C,餐饮,广东省深圳市宝安区福海街道桥头社区黄屋九巷5号101,无
B209445DD46BA3FC409E,四星级宾馆,广东省深圳市宝安区福永新田大道101号博业大厦,null
B2094554D264A7FF409E,四星级宾馆,广东省深圳市宝安区福园二路创峰数码科技园C1栋,&quot;null&quot;
B2094351D26FA4F9409B,餐饮,广东省深圳市宝安区福海街道福园一路88-1号（朗悦酒店隔壁）,无
B2094554DB68A3F9459A,中餐厅,广东省深圳市宝安区福永街道桥头社区鸿德园17-19号,无
B2094653D269A3FF4892,景点,广东省深圳市宝安区凤凰山大道,无
B2094653D269A1F84899,景点,广东省深圳市宝安区凤凰山大道172号,无
B2094251DB6FA2F54992,纪念馆,广东省深圳市宝安区文天祥纪念馆西门旁,无
B2094357D46FA4F5479A,烧烤,广东省深圳市宝安区桥头桥南新村6-1号,无
B2094251D06DAAFD449D,景点,广东省深圳市宝安区桥头社区稔山二路8号立新湖公园(东北角),无
B209445CD06CABF4419C,餐饮,广东省深圳市宝安区福永街道凤凰社区岑下路育才花园商业楼一层(为盛百货),无
B2094251D06FA1F94298,生活娱乐,广东省深圳市宝安区福海街道展城路1号,无
B2094252D26DA0FE4098,三星级宾馆,广东省深圳市宝安区福永街道塘尾社区和沙路10号,无
B2094357D065A6FF489D,景点,广东省深圳市宝安区福海街道和平社区展城路1号,无
B2094256D76DA4FF429D,会展中心,广东省深圳市宝安区福海街道展城路1号,无
B2094252D26AA2F94992,展览馆,广东省深圳市宝安区福海街道展城路1号,无
B2094354D769A6F84092,中餐厅,广东省深圳市宝安区福海街道塘尾社区华强时代广场L5-37,无
B209425DD26BA7F5409D,中餐厅,广东省深圳市宝安区尾凤塘大道5171柴火饭店,无
B2094252D564A6F4419B,出行住宿,广东省深圳市宝安区福海街道塘尾社区和沙路48号1层,无
B2094252D36CA0FC4692,会展中心,广东省深圳市宝安区展城路1号(深圳国际会展中心),无
B2094557D26FABF4499E,甜品店,广东省深圳市宝安区福永塘尾唐美商场门口安踏对面(塘尾农贸市场),无
B2094253D66FABFA4698,中餐厅,广东省深圳市宝安区福海街道塘尾社区13区3巷1号103铺(外围),无
B209445CDA65A2FB4799,云贵菜,广东省深圳市宝安区福永街道稔田社区工业北路50-7号,无
B2094253DA6CA7FA469D,旅馆招待所,广东省深圳市宝安区福园二路93号会展湾东城广场二期7栋101,无
B2094252D26EA2F44998,会展中心,广东省深圳市宝安区福海街道展城路1号(国展北地铁站C2口旁),无
B2094354DB6AAAFE439A,河流,广东省深圳市宝安区展景路会展湾中港广场东侧约150米,无
B2094253D66DA3F8489B,生活娱乐,广东省深圳市宝安区福海街道展城路1号,无
B2094252D36CA3F8439D,餐饮,广东省深圳市宝安区福永街道塘尾社区永福路254号2层,无
B2094251D06FABF44898,三星级宾馆,广东省深圳市宝安区深圳国际会展中心希尔顿花园酒店,无
B2094251D66EA7F54499,三星级宾馆,广东省深圳市宝安区展丰路80号(国展北地铁站C2口步行240米),无
B2094253D668A3F9409B,生活娱乐,广东省深圳市宝安区展城路与百川路交叉口西南140米,无
B209445CD06CA1F9469D,糕饼店,广东省深圳市宝安区塘尾社区九区接福路60号,无
B2094353D36EA4FC449C,湖北菜,广东省深圳市宝安区南环路锦胜财富广场,无
B2094354D169A2FE4498,景点,广东省深圳市宝安区沙井南环路(会展城地铁站D口步行400米),无
B2094354D76DA7FF459F,中餐厅,广东省深圳市宝安区万丰中路245号万丰海岸城购物中心沙井南环路店F5层,无
B2094354D36DA0F8439A,日本料理,广东省深圳市宝安区万丰中路245号万丰海岸城购物中心沙井南环路店F5层,无
B209445CD36BA6FC449D,餐饮,广东省深圳市宝安区新桥街道上星南路景盛豪庭一层(丽莎花都南门对面),无
B209425CD66BA5F4419D,中餐厅,广东省深圳市宝安区南环路306号102(马安山地铁站B口步行470米),无
B2094351D468A7F4439B,景点,广东省深圳市宝安区沙井南环路(会展城地铁站D口步行400米),无
B2094253D669A2F4469F,出行住宿,广东省深圳市宝安区沙井展景路与展林路交汇处,无
B2094353D36FA7FF409F,西餐厅,广东省深圳市宝安区南环路,无
B2094253D66EABFB4299,地铁站,广东省深圳市宝安区12号线南宝线,无
B2094253D069A2F4439E,寺庙道观教堂,广东省深圳市宝安区福永街道凤凰村凤凰山森林公园内(东北角),无
B2094252D16AA2FA4798,景点,广东省深圳市宝安区福永街道凤凰社区凤凰山森林公园内(北侧),无
B2094252D46BA5FB4298,山脉,广东省深圳市宝安区,无
B2094252D26EAAFE4699,湖泊,广东省深圳市宝安区光明区,无
B2094252D364A6FA4898,寺庙道观教堂,广东省深圳市宝安区洪田路140号,无
B2094252D768A4F4409E,寺庙道观教堂,广东省深圳市宝安区凤凰山,无
B2094356DB6FA2FE429D,烧烤,广东省深圳市宝安区新玉路16号,无
B2094252D168A1F44199,中餐厅,广东省深圳市宝安区新桥社区新玉路湾景商务中心4栋1-169号,无
B2094652DB68A4FF459A,火锅店,广东省深圳市宝安区沙井街道芙蓉大道102号名购百货(芙蓉店),无
B2094653D26DAAFA439A,中学,广东省深圳市宝安区东方大道26号,无
B2094757DA6CA2FF4492,出行住宿,广东省深圳市宝安区南环路和一村鸿桥工业园549号,&quot;null&quot;
B2094253D168A0FE479D,餐饮,广东省深圳市宝安区沙井街道西环路2004之3第1层(汉庭酒店旁),无
B2094557D56AA0F5479C,景点,广东省深圳市宝安区新桥街道万丰社区万丰中路303号,无
B2094653D268A5F94198,五星级宾馆,广东省深圳市宝安区沙井镇新沙路东段2号,"这是一家西餐厅,值得推荐的特色菜有黑胡椒牛排,T骨牛排,还有咖啡之类的,有蓝山咖啡等等,像其中的黑胡椒牛排,牛肉肉质紧实,鲜嫩多汁,加上黑胡椒的香味,是绝妙的搭配,让人口水欲滴。牛肉含丰富的铁质,且易为人体吸收利用。还有T骨牛排,呈T字型,是牛背上的脊骨肉。T型两侧一边量多一边量少,量多的是肉眼,量稍小的便是菲力。牛肉营养丰富,有补中益气,滋养脾胃,强健筋骨,化痰息风之功效。,n餐厅大厅宽敞明亮,晚上柔和的灯光照应在雪白的桌布上,显得格外惬意。,n服务态度自然是好的没法说,细致贴心到每一个小细节,很有人情味的一家餐厅。"
B2094357D66CA7FE4598,湖南菜,广东省深圳市宝安区环镇路18号-A,无
B2094653D268ABFF4793,景点,广东省深圳市宝安区新桥街道沙井中心路19号,无
B2094252D06CA7F84192,景点,广东省深圳市宝安区沙井街道中心路19号万景楼内(东侧),无
B2094253D368A0FA449E,景点,广东省深圳市宝安区沙井西环路海上田园景区内,无
B209425CD669A5FF4199,休闲娱乐,广东省深圳市宝安区沙井街道民主大道海上田园内,无
B209445DDB6FA7FB469E,旅馆招待所,广东省深圳市宝安区沙井民福路39号(沙井京基百纳旁),无
B2094653D26AABFB4098,景点,广东省深圳市宝安区沙井街道民主大道,深圳海上田园旅游区内湖泊溪流众多，密林遍布，绿草如茵，鸟语花香，空气清新。园区内共设有基塘田园、农家风情寨、欢乐天地、田园广场、生态文明馆、生态度假村、水乡新邨、桃林苑、生态科普雕塑群、红树林实验基地等10大景区。
B209445CD36BA5F5449B,糕饼店,广东省深圳市宝安区沙井街道沙井京基百纳广场一楼101号(南门入口处),null
B2094252DB6BABFF4392,中餐厅,广东省深圳市宝安区沙井路168号中熙广场沙井京基百纳广场五楼530号商铺,无
B2094251D06EA5FC4898,韩国料理,广东省深圳市宝安区沙井路168号京基百纳广场(沙井店)F5-L526,无
B209445DD764A7FC4093,旅馆招待所,广东省深圳市宝安区深圳沙井路与沙头七路交汇处(沙井京基百纳左侧),无
B2094253D26DA2FE4998,中餐厅,广东省深圳市宝安区沙井街道沙井京基百纳广场六楼L601602,无
B209445CD36AAAF54693,餐饮,广东省深圳市宝安区沙井路168号沙井京基・百纳广场1楼106A,无
B2094254D56BAAFF4198,游乐场,广东省深圳市宝安区沙井路168号京基百纳广场(沙井店)F7,无
B209475CDA69A2FE419F,购物服务,广东省深圳市宝安区沙井街道沙头社区沙井路168号,无
B2094250D369A0F8499F,中餐厅,广东省深圳市宝安区沙井路168号京基百纳广场(沙井店)F6-L620b,无
B209445DD66BA6FA4692,酒吧,广东省深圳市宝安区沙井街道沙井路168号中熙广场沙井京基百纳广场1楼L1-L155,无
B2094252D66EA2FE419C,餐饮,广东省深圳市宝安区沙井路168号京基百纳广场(沙井店)F5-L519a,无
B2094556D169A6FA459E,餐饮,广东省深圳市宝安区沙井京基百纳二楼华润万家超市出口,无
B2094253D265A6FF4393,浙江菜,广东省深圳市宝安区沙井路168号京基百纳广场(沙井店)F5-L510,无
B2094251D769A4F4469C,培训机构,广东省深圳市宝安区沙井路168号京基百纳广场(沙井店)F3-L311,无
B2094256DB6EA6FF499B,火锅店,广东省深圳市宝安区沙井街道沙井路168号中熙广场沙井京基百纳六楼618a号商铺,无
B2094554D369ABF8449B,咖啡厅,广东省深圳市宝安区沙井街道沙井路168号中熙广场沙井京基百纳广场一楼L1-103a、二楼L2-243,无
B2094253D265AAF54292,餐饮,广东省深圳市宝安区沙井街道沙头社区沙井路168号京基百纳广场六层610号,无
B209445CD06DA0FB489B,甜品店,广东省深圳市宝安区沙井镇沙头七路8号(即京基百纳广场东北门旁),无
B209425DD16BA6FB4498,火锅店,广东省深圳市宝安区沙头三区一巷3-1号,无
B2094253D46CABF8489C,中餐厅,广东省深圳市宝安区沙头三路15-2号(京基百纳东北门斜对面巷子120米),无
B2094653D26AABFB4099,公交站,广东省深圳市宝安区沙井街道恒海钓鱼场海上田园,无
B2094253D26FA6F4479A,餐饮,广东省深圳市宝安区沙井街道沙井路407号沪上阿姨,无
B2094253D368A0F5439B,景点,广东省深圳市宝安区海上田园情人湾,无
B2094354DB65A3FB4092,餐饮,广东省深圳市宝安区沙头西园小区20栋103,无
B2094253D368AAFB419E,餐饮,广东省深圳市宝安区民福路42号,无
B2094256D46CA7FF429D,火锅店,广东省深圳市宝安区沙井西环路2105号新沙天虹购物中心7层712号商铺,无
B2094253D16FA5FE4393,地铁站,广东省深圳市宝安区(在建)12号线二期12号线南宝线,无
B2094253D56CABFC479F,中餐厅,广东省深圳市宝安区沙井街道坣岗社区新沙路南侧华盛智荟大厦2层a区3层,无
B2094652DB68A4FE4992,公司,广东省深圳市宝安区民主大道53号,无
B2094252D769ABFA4098,岛屿,广东省深圳市龙岗区,无
B2094552D765A6FA4398,岛屿,广东省深圳市龙岗区南澳街道,无
B2094452D264ABFB449A,景点,广东省深圳市龙岗区南澳街道富民路120号,大鹿港是深圳南澳最洁净、无污染、有淡水的沙滩。沙白胜雪，海水湛蓝，风光无限，由于地处偏僻，游人少至，是清心养神的好地方。大鹿港正面是香港海域，背靠红花岭，两侧是鹅公湾和黑岩角，大自然的鬼斧神工把大鹿港打造成三面环山，一面临海的月牙状，整个海域无任何污染，海湾有一大一小两个美丽的海滩，一条常年不断的溪流从红花岭淙淙而下直抵大海。在大鹿港海边露营、野餐、游泳、沙滩排球、坐快艇、篝火晚会、集体游戏。回来时可以选择走山路、穿越。数星星、游夜泳、吹海风、听海浪，在海边漫步、默想、交谈，都是很浪漫的事。
B209445CD36BA7F9449E,餐饮,广东省深圳市龙岗区南澳街道大鹏半岛,无
B2094253D66CA4FE419A,半岛,广东省深圳市龙岗区,无
B2094251D369A1FD419A,景点,广东省深圳市龙岗区大鹏半岛(近南澳街道东南端),无
B2094250D068A0FB4698,海滨浴场,广东省深圳市龙岗区大鹏新区南澳街道西涌社区新屋村68号,无
B2094354D46BA1F84693,展览馆,广东省深圳市龙岗区南西路23号,无
B209425CD36DA1FD479B,山脉,无,无
B2094251DB6CA0FC4499,景点,广东省深圳市龙岗区鹅公村柚柑湾,无
B209425DD56FAAF8409D,景点,广东省深圳市龙岗区大鹏新区南澳街道,无
B2094354D66BA3FC4392,中餐厅,广东省深圳市龙岗区洋畴湾花园44栋1楼,无
B2094255DB6AA5FB4399,海滨浴场,广东省深圳市龙岗区企沙下路附近,无
B2094354D26CA4FF4392,中餐厅,广东省深圳市龙岗区海滨南路33号E16栋101,无
B2094253D16AA0F5429D,中餐厅,广东省深圳市龙岗区海滨南路33号海贝湾度假村E15,无
B2094253D76FA4F8479C,出行住宿,广东省深圳市龙岗区海滨南路33号E18栋,无
B2094757D06AA7F5489E,景点,广东省深圳市龙岗区西涌鹤薮村3号沙滩,·西涌海滩是深圳最长的海滩，长达10公里，这里的景色被誉为中国最美的海景之一。·大鹏半岛最南端的原生态海滨浴场，沙质细腻，海水清澈，适合下海游泳、休闲度假。·目前有快艇出海、沙滩烧烤、钓鱼、篝火晚会、东西冲穿越等娱乐项目。Tips：·海边紫外线较强，海浪也比较大，下海玩的时候要注意安全，注意防晒。
B2094251D36CA1F84992,海滨浴场,广东省深圳市龙岗区鹤薮路与Y268交叉口东南655米,无
B2094256D46CA4F84599,天文馆,广东省深圳市龙岗区大鹏新区南澳街道西涌天文路,无
B2094255D765A2F94098,中餐厅,广东省深圳市龙岗区南澳西冲,无
B2094355DB6BAAF44493,景点,广东省深圳市龙岗区大鹏半岛最南端,无
B2094552D765A6FA429E,岛屿,广东省深圳市龙岗区南澳街道,无
B2094351D66FA3FF4592,海滨浴场,广东省深圳市龙岗区新海路与天文路交叉口南约120米,无
B2094354D56CA2FE4998,海滨浴场,广东省深圳市龙岗区南澳街道西冲社区,无
B2094255DB64A4F54699,海滨浴场,广东省深圳市龙岗区南澳街道西冲社区,无
B2094252D16AA0FA489C,景点,广东省深圳市龙岗区鹤薮路,无
B2094357DB6EA7FC469F,休闲娱乐,广东省深圳市龙岗区南澳街道鹤薮小区北166米,无
B2094250D16EABFF439E,景点,广东省深圳市龙岗区南澳镇鹅公湾旭联海洋牧场旅游景区,无
B2094255D56AA2F84899,景点,广东省深圳市龙岗区大鹏东涌沙滩,无
B2094250D168A7FA459D,地点,广东省深圳市龙岗区大鹏东涌沙滩,无
B2094252D56FA4FD4793,景点,广东省深圳市龙岗区大鹏湾南澳半岛南,无
B2094252D66CA2FD419E,景点,广东省深圳市龙岗区大鹏新区南澳镇东涌村,无
B2094757D16DA7FE4598,景点,广东省深圳市龙岗区大鹏新区南澳镇东涌村,·东冲也叫做东涌，位于东南大鹏半岛的最南端，风景优美，大部分地区都还没有被开发，保持着原生态的美景。·东冲沙滩区域沙子细软，还可以游泳、打沙滩排球，已经建设了很多民宿，建设得比较成熟，是度假的好去处，不过需要收费。·这里的沙滩三面环山，礁石林立，一直到西冲的海岸线都是很原生态的风貌，非常适合徒步，在山顶看海景也是不错的选择。
B2094254D569A7FC469A,景点,广东省深圳市龙岗区东涌路深圳东冲沙滩,无
B2094355D069A7F5489E,景点,广东省深圳市龙岗区大鹏新区南澳街道Y249(东涌路),无
B209425CD06DA2F5459B,出行住宿,广东省深圳市龙岗区沙岗二路40号,无
B2094652DB6BAAF9489A,水族馆,广东省深圳市盐田区梅沙街道盐葵路36号深圳小梅沙海洋世界,"坐落于深圳东部黄金海岸线上享有&amp;ldquo;东方夏威夷&amp;rdquo;美誉的小梅沙海滨旅游区,距市区28公里。首期工程占地约20万平方米,以&amp;ldquo;七馆三园&amp;rdquo;(即：水族馆,幻游海洋馆,鲸鲨馆,鲨鱼馆,海贝馆,科普馆,航模馆,海洋乐园,海神花园,嬉水乐园),&amp;ldquo;十六套水中特色节目&amp;rdquo;(即：极限高空花样跳水表演,滑稽幽默跳水表演,憨态海豹稚趣表演,滑稽海狮幽默表演,聪慧海豚特技表演,激情海底芭蕾表演,惊险人与鲨鱼共舞表演,惊世牛鲨捕猎表演,神奇乌克兰美人鱼表演,浪漫海底梦幻婚礼表演,海底万鱼争食表演,悠闲深海潜水表演,精彩乌克兰水上芭蕾表演,乌克兰水中泳装秀,水中花样伞舞表演,水中花样扇舞表演)为展示主体,同时包括海洋乐园,海洋广尝海底隧道,触摸池,海龟岛,钓虾池,情侣廊和内湖等景观。海洋剧场：设有近3000个座位,现有4只海豚,8只海狮,6只海豹。还有高空花样跳水表演,滑稽幽默跳水表演,乌克兰水上芭蕾,乌克兰水中泳装秀和海豹,海狮,海豚表演。水族馆：共有不同展示主题的鱼类展示缸20个,养殖着各种珍稀鱼类500多种,6000余尾。海底剧场养殖有各种海洋鱼类,每天定时有&amp;ldquo;激情海底芭蕾&amp;rdquo;,&amp;ldquo;神奇美人鱼&amp;rdquo;等表演。海底隧道气势恢弘,鱼类众多,壮观的&amp;ldquo;万鱼争食表演&amp;rdquo;每天轮番在这里上演。&amp;ldquo;七彩缸&amp;rdquo;,&amp;ldquo;珍宝缸&amp;rdquo;则养殖着一些稀奇古怪的海洋趣味鱼类。"
B2094554D269A1FC409B,旅馆招待所,广东省深圳市龙岗区湖园路8号,无
B2094554D069A6F54298,景点,广东省深圳市龙岗区湖龙北路与官湖东路交叉口东北120米,null
B209445CD36AABFF489C,烧烤,广东省深圳市龙岗区葵涌官湖村内官湖中路185号,无
B2094757D16DA4F84692,通行设施,广东省深圳市盐田区大梅沙东部华侨城内,无
B2094652DB6BAAFB409A,公园,广东省深圳市盐田区大梅沙东部华侨城内,东部华侨城是一处大型生态度假区，包括大侠谷生态公园、茶溪谷、云海谷、大华兴寺等游玩项目。在大侠谷可以体验全世界最长的激流勇进，也可以走上云顶观光区的全玻璃观景台，纵览整个东部华侨城的景色。茶溪谷则是一片繁花似锦的田园风光，看湿地花园的百花齐放，徜徉在三洲茶园的茶田里，非常惬意。这里还有茵特拉根小镇、茶翁古镇等特色小镇，不仅有各具特色的风情建筑，还可以看到各种特色表演。此外，如果时间和预算比较充裕，华侨城还有云海谷高尔夫、茵特拉根养生温泉，可以享受假日时光。Tips:部分玩水项目可能会“湿身”，建议自带一次性雨衣。景区内有缆车、森林小火车、索道可乘坐，费用包含在各景区门票内。每天下午3点在东部华侨城大剧院有以禅茶文化为主题的大型表演《天禅》，非常精彩。可在茶溪谷门口乘接驳车前往华兴寺山门，到寺里参观全国第一家户外贴金四面观音像。
B2094550DB6DAAFE4098,出行住宿,广东省深圳市龙岗区葵涌万科十七英里,无
B2094757DB6DA5FB429A,五星级宾馆,广东省深圳市盐田区广东深圳大梅沙环碧路100号东部华侨城大侠谷,无
B2094250D365A5F54499,海滨浴场,广东省深圳市龙岗区深葵公路1085号,无
B2094257D069A6FE4798,海滨浴场,广东省深圳市龙岗区沙渔涌街79号,无
B2094753D565A5F5419A,住宅,广东省深圳市盐田区大梅沙东部华侨城内,"东部华侨城天麓位于大梅沙东部,周边有北斗小学,碧波小学,布心小学,长圳小学,长圳幼儿园,赤湾小学,大望小学,东昌小学,航母世界至东部华侨城,布吉总站至东部华侨城,梅林一村至大梅沙总站(东部华侨城),东部华侨城至梅林检查站,海上世界至东部华侨城,东部华侨城至未来时代共6部公交直达；也可搭乘103B,360,364,387路公交车至大梅沙站,再步行10分钟左右前往大侠谷；途经道路为：大梅沙内环路,盐梅路,盐三公路至茶溪谷。"
B2094757D169AAFB489C,出行住宿,广东省深圳市盐田区深圳東部華僑城大俠谷瀑布酒店旁,null
B2094653D269A3FD4599,住宅,广东省深圳市盐田区大梅沙东部华侨城(东南角),无
B2094255DA65A7F5409F,餐饮,广东省深圳市龙岗区溪涌沙头1059号,无
B2094254DA65A0F84692,景点,广东省深圳市盐田区闲云路大梅沙东部华侨城内,无
B2094757D168A1FA499E,广东菜,广东省深圳市盐田区东部华侨城茵特拉根小镇(近茶溪谷茵拉根酒店),无
B2094757DB64A6FB499C,餐饮,广东省深圳市盐田区东部华侨城大华兴寺,无
B209445DD56CA3FA4193,旅馆招待所,广东省深圳市龙岗区葵涌街道沙鱼涌70号,无
B2094256D668A0FE4899,景点,广东省深圳市龙岗区沙鱼涌村游客服务中心,无
B2094251DA64A5FE449E,景点,广东省深圳市盐田区X879(盐三路),无
B2094355D36DA3F8459F,中餐厅,广东省深圳市龙岗区土洋中路27号,无
B2094254D66AA2FE439D,山脉,广东省深圳市盐田区,无
B2094352D36FA2F4449C,景点,广东省深圳市盐田区梅沙尖西南侧70米,无
B209425DD165A3FF419F,中餐厅,广东省深圳市盐田区东部华侨城天麓8区一号岗5栋,无
B2094253D16CA3FD4793,餐饮,广东省深圳市盐田区东部华侨城云中部落,无
B2094757DB64A6F4429D,景点,广东省深圳市盐田区深圳大梅沙东部华侨城 东部华侨城,无
B2094757DB64A6F4439E,景点,广东省深圳市盐田区深圳大梅沙东部华侨城 东部华侨城,无
B2094757DB64A6F44293,景点,广东省深圳市盐田区深圳大梅沙东部华侨城 东部华侨城,无
B2094757DB64A6FB499B,景点,广东省深圳市盐田区深圳大梅沙东部华侨城 东部华侨城,海谷占地2.5平方公里，由国际著名设计师NEILSON HAWORTH设计两座高品位的18洞高尔夫山地球场，被评为深圳市地标球常会员球场融云、海、湖奇观一体，6号明星球洞海拔451米，球道是发球台与果岭间隔的一道宽广深谷。公众球场地势起伏，景色壮观，以优异的球场质量、亲民的打球价格、高水平的管理服务成为全国高尔夫球友最喜爱的球场之一，其中17号洞与美国十佳球场之一的CYPRESS POINT球场异曲同工之妙。会员球场云海谷会员球场占地1.4平方公里，由国际著名设计师Neilson Haworth设计，球场位于大梅沙之巅，三洲田拱手环抱，欲让还羞，山峦，瀑布，大海，湖泽，浮云，雨雾，野趣，高尔夫所有的梦想在这里凝合。特色球洞会员球场6号洞拥有唯一高度，可观天下，大梅沙饕餮美景更是战利的犒赏。9号洞排布于湖与半岛之间，形成一个别具特色的岛果岭。会员会所会员球场顶级私人会所占地6800平米，流溢出北美木屋风格的古朴尊派，幽雅清新。会所内设施丰富完备，充分满足会员多层次个性化的需求。服务电话：0755-25031120中餐厅：由驰誉两地的餐饮连锁巨头丹桂轩主理，主营中餐。会议室：会所内有满足各种会议要求的会议室，同时，还专门配备了小型会议室及接待室，以满足会员对私密性的特殊要求。功夫茶：在舒适清雅的中餐厅里，会员可以品尝到正宗的功夫茶，浅浅茶杯里蕴含着一个世界，与三五球友，边冥听音乐，边品茶论球，体味真正功夫境界。午后茶点：会所处处透露着球会对会员贴心细致的关怀，会员和嘉宾可免费享用精美的午后茶点，以艺术的心情来品味高球。品酒屋：红酒、雪茄、高尔夫，打一场高尔夫四个半小时，抽一支雪茄一个半小时，静静低调地氤氲回想，在云海谷，奢侈的是时间。水疗室：会所内特设两处私密幽静SPA，一处为若石足道按摩厅，是会员及随同家眷放松休憩的好地方；另一处为中华理疗按摩房，提供为球员打球之后疏松筋骨、通经活脉的专设疗程。专卖店：集合了琳琅满目的高尔夫用品，云集世界知名高尔夫品牌，会员专享九折优惠。公众球场公众球场处于海拔324米至451米之间，地势起伏落差达127米，险要而壮观。球场景观力求原生态，充分展现了山野、淳朴、自然、生态风情。特色球洞：13洞是一个短小精彩的3杆洞，果岭坐落在一片高坡上，坡度环绕，沙坑组卫。若能开球即上果岭将会尝到小鸟的奖励。17号洞与美国十佳球场之一的CYPRES
B209445CD06DA0F84592,餐饮,广东省深圳市盐田区东部华侨城三洲田茶溪谷,无
B2094253D66BA3FF479A,山脉,广东省深圳市盐田区,无
B2094252D564A6F44899,地点,广东省深圳市盐田区盐三路,无
B2094757D16FA7FE4893,寺庙道观教堂,广东省深圳市盐田区东部华侨城,"·大华兴寺位于东部华侨城内的“观音座莲”山上,寺庙规模宏伟,古香古色。·寺院为唐宋时期古书院的建筑风格,包含宏伟壮丽的大雄宝殿,观音座莲像&quot;与无量云梯等,极具佛教文化内涵。·其中最引人注目的是“观音座莲像”,由南面“圣观音”,北面 “送子观音”,西面 “莲华手菩萨”,东面“世间尊观音”组成。·登顶还可以远观云海谷,茶溪谷和大峡谷的绝美景色,如果想吃吃素斋,可以前往香积斋。&quot;"
B2094653D268A0F4419A,国家级景点,广东省深圳市盐田区梅沙街道东海岸社区三洲田,东部华侨城是一处大型生态度假区，包括大侠谷生态公园、茶溪谷、云海谷、大华兴寺等游玩项目。在大侠谷可以体验全世界最长的激流勇进，也可以走上云顶观光区的全玻璃观景台，纵览整个东部华侨城的景色。茶溪谷则是一片繁花似锦的田园风光，看湿地花园的百花齐放，徜徉在三洲茶园的茶田里，非常惬意。这里还有茵特拉根小镇、茶翁古镇等特色小镇，不仅有各具特色的风情建筑，还可以看到各种特色表演。此外，如果时间和预算比较充裕，华侨城还有云海谷高尔夫、茵特拉根养生温泉，可以享受假日时光。Tips:部分玩水项目可能会“湿身”，建议自带一次性雨衣。景区内有缆车、森林小火车、索道可乘坐，费用包含在各景区门票内。每天下午3点在东部华侨城大剧院有以禅茶文化为主题的大型表演《天禅》，非常精彩。可在茶溪谷门口乘接驳车前往华兴寺山门，到寺里参观全国第一家户外贴金四面观音像。
B2094253D364A3FF439A,山脉,广东省深圳市龙岗区,无
B2094355D369A2FE409C,景点,广东省深圳市坪山区坪山新区,无
B2094257D769A2F54492,景点,广东省深圳市坪山区坪山新区马峦山梅亭,无
B2094250D16EAAFF459E,植物园,广东省深圳市盐田区东部华侨城,无
B2094753DA6CA2FE4093,住宅,广东省深圳市盐田区大梅沙东部华侨城内大侠谷、茶溪谷、云海谷三谷交界核心处,无
B2094757DA6CA1FC429B,四星级宾馆,广东省深圳市盐田区大梅沙东部华侨城茶溪谷,无
B2094253D76EA2F5469F,景点,广东省深圳市龙岗区望桐路512号,无
B2094251D76DA7F44299,广东菜,广东省深圳市龙岗区横岗牛始埔金塘路南落马石2号,无
B2094354D168A6F5459B,景点,无,无
B2094255DB6BA6FC419B,西餐厅,"广东省深圳市龙岗区龙岗大道1018号【锦荟广场】购物中心二层L201-1,L211号",无
B2094554D064A1F9439C,景点,广东省深圳市龙岗区横岗大康村公园路,无
B2094653D26EA2F44092,省级景点,广东省深圳市龙岗区园山街道大康社区沙荷路附近,"&quot;天然园山风景区发由深圳市天然投资发展有限公司投资开发,位于深圳市龙岗区横岗东南部的惠盐公路东侧。景区占地达10平方公里,景区以山峦起伏,沟谷蜿蜒幽深,自然生态保留完好而被誉为“深圳市的后花园”,也以“园山探幽”被评为龙岗八景之一。交通&quot;"
B2094551D76DA7FE4993,火锅店,广东省深圳市龙岗区龙岗大道(横岗段)2999号麟恒中心广场二期二层,无
B2094252D36DAAF9499E,广东菜,广东省深圳市龙岗区龙岗大道六约社区麟恒广场2期2层,无
B2094557D56AA4FC4592,景点,广东省深圳市龙岗区园山街道沙荷路园山风景区内(西北角),无
B209425CD364ABF9409B,西餐厅,广东省深圳市龙岗区龙岗大道5008号横岗大厦Hone商场F1层,无
B2094253D56FAAFF4993,生活服务,广东省深圳市盐田区大梅沙东部华侨城景区内,无
B2094653D268A7FA4193,景点,广东省深圳市盐田区大梅沙东部华侨城景区内,无
B2094757D064A0FB489F,景点,广东省深圳市盐田区大梅沙东部华侨城景区内,无
B2094757DB64A6FB4493,景点,广东省深圳市盐田区大梅沙东部华侨城内,无
B2094757D16DA1F5469A,未知分类,广东省深圳市盐田区深圳东部华侨城茶溪谷,无
B2094254D66FAAF5469D,餐饮,广东省深圳市盐田区茶溪谷景区,无
B2094750D26CAAF8439D,无,广东菜,广东省深圳市盐田区大梅沙东部华侨城茶溪谷茵特拉根小镇商业街D栋(近湿地花园)
B2094750DB6BA1F9469B,景点,广东省深圳市盐田区大梅沙东部华侨城内,·茵特拉根是用瑞士阿尔卑斯山路的小镇Interlaken来命名，小镇建筑完美重现了瑞士田园风格，浪漫又优雅。·这里有古朴的茵特拉根廊桥、清幽的茵特拉根湖畔、融于森林的茵特拉根温泉等，走在街道上宛如穿越到了瑞士。·茵特拉根美得令人遐想，无处不散发出浪漫优雅的气息，许多新人都选择来此拍摄婚纱照。·咕咕钟舞台每天都有多场表演，比如小丑表演、木偶表演还有小型的音乐表演。
B2094757D168AAF5419A,景点,广东省深圳市盐田区盐田街道东部华侨城内,无
B2094557D56AAAFC4393,景点,广东省深圳市坪山区马峦山郊野公园内,无
B2094252D56AABFC4892,地点,广东省深圳市龙岗区南门街,无
B2094757D068A2FF4999,景点,广东省深圳市龙岗区大鹏镇大坑村麻角山大亚湾畔,·大亚湾拥有绵长海岸线，这里海水清澈、沙质细软，且人少清静，是广东沿海最优良的海湾之一。·海岸轮廊曲折多变，形成近岸水域“大湾套小湾”的隐蔽形势，其中，黄金海岸是大亚湾的精华段。·湾周围的山地丘陵由古生代和中生代的各种变质岩、紫色砂岩、凝灰岩或花岗岩构成。
B2094653D268ABFB409F,寺庙道观教堂,广东省深圳市龙岗区大鹏东山路(近大鹏所城),"深圳东山寺位于深圳市龙岗区大鹏街道办鹏城村东面,背山临海。这里有一座山叫龙头石山,又名“鹫峰”。山脉逶迤起伏,海拔一百多米,山脊无树木,常年不生草,光秃发亮,形态酷似巨龙,龙身约八百多米,南北而卧昂首大压湾。龙头是一座花岗岩石群,叫做“龙头石”。相传古时有一只巨形大鹏鸟降落此石造化,因此而叫“鹫峰”。东山寺就建在“鹫峰”南侧山腰上。大鹏城也由于大鹏鸟降落而获此美称。"
B2094554D06AA0F84698,景点,广东省深圳市龙岗区大鹏镇排牙山,无
B2094250D268A5F84292,海滨浴场,广东省深圳市龙岗区大鹏新区葵涌街道坝光村东,无
B2094252DB69A0FD409B,景点,广东省深圳市龙岗区葵涌街道坝核公路与243乡道交叉口西北50米,无
B2094252D665A1FF469E,海滨浴场,广东省深圳市龙岗区Y243与埔坪路交叉口附近,无
B2094757DB64A6FB459E,出行住宿,广东省深圳市坪山区深圳盐田区大梅沙东部华侨城 东部华侨城,无
B2094255D468A1FB4292,景点,广东省深圳市坪山区马峦山郊野公园,无
B2094653D269A3FD4492,景点,广东省深圳市坪山区坪马线公路,马峦山有深圳最大的瀑布，谷内岩石因水流冲刷而形成各种形态，大小不等，且呈犬牙交错之壮，溪水清澈见底，山谷两旁植被浓郁，藤蔓横生，野花遍地，偶尔伴有的几声鸟叫虫鸣，会使此地更显静谧。此地穿越难度不高，但景色秀丽，是一个休闲游玩的好地方。
B2094253D06EA1F8479C,景点,广东省深圳市盐田区大梅沙东部华侨城茶溪谷景区内,无
B2094251D665A4FF479D,景点,广东省深圳市龙岗区金岭路,无
B2094256D76FA5F84299,湖泊,广东省深圳市盐田区,无
B209425CD46DA1FE439C,景点,广东省深圳市坪山区坪山街道坪马线公路马峦山郊野公园内(西侧),无
B2094252DA6CA1FA419D,景点,广东省深圳市坪山区坪山街道坪马线公路马峦山郊野公园内(西侧),无
B2094253D26DA3F9449F,湖泊,广东省深圳市龙岗区,无
B2094253D36FA1F9469E,地点,广东省深圳市坪山区坪山大道与沙坑二路交叉口正南方向840米,无
B2094252D565A3FC4393,山脉,广东省深圳市坪山区,无
B2094252D264AAFC4092,地点,广东省深圳市坪山区,无
B209425CD26EA2F5439D,地点,广东省深圳市坪山区坪马线公路马峦山郊野公园(东北角),无
B2094351D165A6FA499F,通行设施,广东省深圳市坪山区马峦街道马峦社区坪马线公路,无
B209445CD06CABFF499C,广东菜,广东省深圳市坪山区坪葵路金龟村金龟半坝老围30号,无
B209425CD16FA7FC409A,道路,广东省深圳市坪山区南山区,无
B209425DD169A1FC4993,景点,广东省深圳市坪山区体育四路与体育二路交叉口东200米,无
B2094253D168A0F84193,山脉,广东省深圳市坪山区,无
B2094252D564A7F5419C,餐饮,广东省深圳市坪山区中央大道比亚迪汽车工业有限公司,无
B209425CD16CA0F5409B,中餐厅,广东省深圳市坪山区坪兴路18号,无
B2094257DA68AAFB4292,烧烤,广东省深圳市龙岗区四联路43号一楼,无
B209445CD56DAAFB499B,甜品店,广东省深圳市龙岗区横岗街道四联路349号四联商业广场152号商铺,无
B2094652DB6BABF9429F,省级景点,广东省深圳市龙岗区茂盛路169对面,无
B2094252D768A1FC479C,山脉,广东省深圳市龙岗区,无
B2094251D56AA2FC4092,山脉,广东省深圳市龙岗区盐田区,无
B2094251D26CA4FB4893,中餐厅,广东省深圳市龙岗区横坪路简清园1号,无
B209425CDB6BA5F44898,中餐厅,广东省深圳市龙岗区园山街道荷坳社区龙岗大道7033号金公馆1楼,无
B2094554D06AA0F8469A,景点,广东省深圳市龙岗区园山街道机荷高速荷坳服务区,null
B2094256DA6EA4FC449C,中餐厅,广东省深圳市龙岗区金源路188东南方向20米,无
B209425CD76BA3FB429F,餐饮,广东省深圳市坪山区龙田街道聚龙花园二期二栋103,无
B2094555DA6DA3FB429D,餐饮,广东省深圳市龙岗区同富路9,无
B2094253D16AA3F5479D,采摘园,广东省深圳市坪山区盘古石五丰路与盘龙路交叉路口往东南约80米,无
B2094652DB6BA7FD4099,景点,广东省深圳市坪山区龙田街道老坑社区盘龙路69号,无
B2094555D069A1FB4293,餐饮,广东省深圳市龙岗区同富路利民肉菜市场,无
B209425DD76EA0FE4392,广东菜,广东省深圳市坪山区坑梓街道宝梓中路60号,无
B209425CD264A1FF429A,中餐厅,广东省深圳市坪山区梓街道坑梓社区育新街33-5号,无
B2094250D169A5FA479B,景点,广东省深圳市坪山区聚青路和惠联路交汇处以北,无
B2094253D264A2FB4699,湖南菜,广东省深圳市龙岗区新生社区新城路8号和健云谷3栋1楼,无
B209425CDA69AAF4499E,甜品店,广东省深圳市坪山区龙兴南路与大水湾一街交叉口西100米,无
B2094252D36EA4FD4499,寺庙道观教堂,广东省深圳市坪山区丹梓大道附近,无
B2094354DA68A4F8439B,湖南菜,广东省深圳市龙岗区新生社区新城路8号和健云谷3栋1层,无
B2094253D66DA1FC4092,餐饮,广东省深圳市坪山区龙兴北路49号,无
B209425DD668A1FA4399,火锅店,广东省深圳市坪山区坑梓龙兴北路120号,无
B209425DD065A1FE439D,冷饮店,广东省深圳市龙岗区坪地街道中心社区龙岗大道2098号2栋109,无
B209425DD26BA5FA409C,冷饮店,广东省深圳市龙岗区坪地街道中心社区龙岗大道2098号2栋106-1,无
B2094251DB64A1F9469B,景点,广东省深圳市龙岗区湖田路与新香街交叉口东北220米,无
B2094252D06DABFF4992,日本料理,广东省深圳市龙岗区金城路1号一栋104,无
B2094555D365A7FC499C,广东菜,广东省深圳市龙岗区六联社区刘屋村六联路95号,无
B209425CD46BA7FC449B,餐饮,广东省深圳市龙岗区锦安路36号,无
B209425DD16CA7FE439C,其他,广东省深圳市龙岗区连心路167号,无
B2094653D26FA6F54899,纪念馆,广东省深圳市龙岗区白龙路附近,无
B2094252D36EA2FD409F,湖泊,广东省深圳市龙岗区,无
B2094652DB6AAAF9429D,港口码头,广东省深圳市南山区港区二路,无
B2094257DB68A0FC4592,山脉,广东省深圳市南山区,无
B2094257D26AA5FE459A,景点,广东省深圳市南山区深圳湾公园C区运动公园内,无
B2094257D665A0F9429F,公园,广东省深圳市南山区望海路,无
B2094653D26AABFD4992,公交站,广东省深圳市南山区蛇口街道蛇口新街3号港湾花园海怡居,无
B209445CD364A3FE4292,糕饼店,广东省深圳市南山区蛇口东角头金色海琴苑105铺,无
B2094253D165A6FF469A,公园,广东省深圳市南山区后海滨路1122号,无
B209425DD769A1FB459A,公司,广东省深圳市南山区港区三路6号,无
B2094652DB6AAAFE439F,公司,广东省深圳市南山区招商街道右炮台路7号,无
B2094652DB6AAAFD479F,景点,广东省深圳市南山区蛇口赤湾左炮台路,无
B2094257DA64AAFF4198,景点,广东省深圳市南山区蛇口赤湾左炮台路,无
B2094554D064A3FF429B,景点,广东省深圳市南山区蛇口赤湾左炮台路,赤湾古炮台位于广东省深圳市南山区蛇口半岛的深圳鹰嘴山顶端，分东、西两侧箝制赤湾港，雄视伶仃洋面。 历史沧桑，赤湾炮台现在只剩下左炮台保存完好，当地有关部门曾于1985年对炮台进行修复。已修复的左炮台挺立在海拨170米的鹰嘴山头，坐北朝南，分台体和围墙两部分。全长26．2米，宽15．5米，台高4．5米，围墙高3．78米，占地面积约400平方米。
B2094652DB6AAAFF449C,景点,广东省深圳市南山区蛇口赤湾左炮台路,无
B2094251D16CA0F5499A,河流,广东省深圳市南山区,无
B2094757D065A4FB449D,未知分类,广东省深圳市南山区深圳 蛇口 赤湾码头,无
B2094652DB6AAAFD4898,港口码头,广东省深圳市南山区东山市场北,无
B2094251D16DA5FF459F,汽车服务,广东省深圳市南山区招商街道赤湾社区赤湾四路三号A5库(赤湾一)07,无
B2094652DB6AAAFD4899,博物馆,广东省深圳市南山区赤湾六路9号,"赤湾天后宫,坐落在深圳市小南山麓．倚山傍海．风光秀丽。其创建远溯宋代．营造气势宏伟,明清两朝多次修葺,规模日隆,成为当时沿海最重要的一座天后庙宇,凡朝庭使臣出使东南亚各国,经过这里时必定停船进香,以大礼祷神庇佑。明永乐初年,三宝太监郑和奉明成祖朱棣之命,率领舟师远下西洋,开创海上“丝绸之路”赤湾天后宫为其重要一站。\r\n　　以天后宫为中心的“赤湾胜概”是明清时期“新安八景”中的第一景。赤湾天后宫鼎盛时有数十处建筑,一百二十余间房屋,占地九百余亩．殿宇巍峨恢宏,庙貌气象万千,是我国沿海地区最大的拥有九十九道门的天后宫,也是深圳历史上最负盛誉的人文景观,在港澳台及东南各国久享盛誉。\r\n　　赤湾天后宫始建于宋代末年,据明朝天顺八年(1464年)翰林院学土判广州府事黄谏撰《新建赤湾天妃后殿记》中载：三宝太监郑和奉明成祖朱棣之命．率领舟师,远下西洋．船队行至珠江口南山附近遇险．请祷天后,天后显灵．救助郑和,郑和归朝,复命奏上,奉旨遣副帅张源整修赤湾天后庙。\r\n　　一九九二年五月,在中央有关领导的直接关怀下．赤湾天后宫得以修复．一九九五年对外开放。一九九七年经省,市主管部门批准成立深圳市南山天后博物馆．成为当时深圳市八大博物馆之一。"
B2094253D36DABF4499E,展览馆,广东省深圳市南山区海湾路8号(左炮台东地铁站A口步行450米),无
B2094252D16EA5FC479F,西餐厅,广东省深圳市南山区海运路蛇口邮轮中心,无
B2094354DB6CA4F54593,景点,广东省深圳市南山区海运路蛇口邮轮中心,无
B2094257D664A1F54898,美术馆,广东省深圳市南山区海湾路与碧海路交叉口北约160米,无
B2094253D16DA4F5499B,地铁站,广东省深圳市南山区12号线南宝线,无
B2094653D26AA1FF439D,港口码头,广东省深圳市南山区望海路1199号,无
B209425CD169A6FA4999,博物馆,广东省深圳市南山区南海大道与港湾大道交叉口东40米,无
B2094554D064A2FA4793,博物馆,广东省深圳市南山区观海路蛇口工业区大厦西北侧约80米,"招商局历史博物馆是在招商局档案馆“史料陈列室”的基础上建立起来的。档案馆于1992年11月28日开馆,最初坐落于南山脚下悠静的龟山别墅区。到2003年,换到蛇口沿山路21号,2003年11月档案馆乔迁新馆。 　　步入新馆,最夺目的亮点便是全新设计布展的史料陈列馆。它采用写实手法,构思新颖,图文并茂,色彩凝重而又赏心悦目,明暗有致的灯光效果,久远深邃的历史气息,令人叹为观止。它以时间为主线,展出了包括李鸿章创立招商局的奏折,开办之初的招商入股书,招商局第一个章程,招商局股票,龙头印章,晚清漕运文献,招商局抗日沉船的船体遗骸,招商局海员起义生死状,李先念主席批准建立蛇口工业区时圈划的香港明细全图,邓小平题写的“海上世界”等近500件文物,再现了招商局130年来的风雨历程,也反映了我国民族工商企业一个多世纪以来的艰难发展。许多参观者看后,很是感慨,激动,一方面觉得所展史料丰富珍贵,反映的内容与社会历史互为映证,真实,可信,另一方面,对招商局历史有了深入地了解后,为经历这么多坎坷如今依旧生机盎然的民族企业,为伟大祖国的复兴,感到自豪,振奋。曾有外国客商看后表示,这样一个展示悠久历史的企业史料陈列馆,在国外也是不多见的。"
B2094256DB6FA7F5409E,楼宇,广东省深圳市南山区赤湾六路8号(赤湾地铁站B口步行440米),无
B209425CD369A2FF4992,甜品店,广东省深圳市南山区工业一路顺发商厦103铺,无
B209425CD46AA0FD4698,火锅店,广东省深圳市南山区工业一路3号顺发商厦105,无
B2094757D56EA4F44193,出行住宿,广东省深圳市南山区中国-兴海大道,无
B2094757D16DABF44498,地铁站,广东省深圳市南山区赤湾六路5东北方向190米,无
B209425CD36EA6F44092,西餐厅,广东省深圳市南山区望海路,无
B2094250D068A7F4449D,西餐厅,广东省深圳市南山区蛇口太子路碧涛苑碧桦路6栋,无
B2094753D56CA4FF459F,餐饮,广东省深圳市南山区太子南路碧涛苑6栋（迎晖公寓背后、近海上世界、海上世界艺术文化中心、G&amp;G创意社区、南海意库、招商蛇口邮轮母港、深圳蛇口港等）,"深圳最老石头别墅区,QSI蛇口国际学校旁边,距蛇口客运码头5分钟步行距离。"
B209425DD36EA0F94593,酒吧,广东省深圳市南山区海上世界文化艺术中心广场105COMMUNE MUSEUM幻师,无
B2094354DB6DA5FB419A,西餐厅,广东省深圳市南山区望海路1187号海上世界文化艺术中心一楼105A（1楼入口近东门处）,无
B2094253D364A1FA4193,其他,广东省深圳市南山区望海路1187号海上世界文化艺术中心,无
B2094253D76CA3F4469C,广场,广东省深圳市南山区招商街道望海路,无
B2094257D06CAAFA429E,景点,广东省深圳市南山区蛇口半岛城邦一期东南(金世纪路东),无
B2094256D76FA3FD469B,住宅,广东省深圳市南山区招商街道望海路与工业三路交叉口,无
B2094251D368A4F5459E,景点,广东省深圳市南山区防波堤公园,无
B2094251DA6DA5F4429B,烧烤,广东省深圳市南山区望海路利安商务大厦B座1楼,无
B2094653D26AABFD4993,公交站,广东省深圳市南山区蛇口街道望海路半岛城邦2期,无
B2094250D365ABFE419E,中餐厅,广东省深圳市南山区蛇口东角头金世纪路8号(正旺商业街1楼),无
B2094252D76EA0F8469C,景点,广东省深圳市南山区望海路1065附近,无
B209425DD76CA6F5439B,出行住宿,广东省深圳市南山区湾厦路与望海路交叉口东北60米,无
B2094653D26EA2FE4392,烧烤,广东省深圳市南山区蛇口金世纪路东角头美食城,"木屋烧烤 蛇口广场店,是一家以烧烤为主的餐厅 不过生意好的原因主要还是因为口味,很多人都是冲着口味去的。烤制出来的食物原汁原味,可以根据个人的喜好来醼酱 还有木屋烧烤的烤全羊特别受欢迎,外表金黄油亮,外部肉焦黄发脆,内部肉绵软鲜嫩,羊肉味清香扑鼻,颇为适口,别具一格 而且烤全羊是新疆少数民族,尤其是维吾尔族人民膳食的一种传统地方风味肉制品。目前,烤全羊已成为新疆少数民族招待外宾和贵客的传统名肴。"
B209475CD064A3F44993,烧烤,广东省深圳市南山区蛇口东角头金世纪南路东角头食街,"木屋烧烤 蛇口广场店,是一家以烧烤为主的餐厅 不过生意好的原因主要还是因为口味,很多人都是冲着口味去的。烤制出来的食物原汁原味,可以根据个人的喜好来醼酱 还有木屋烧烤的烤全羊特别受欢迎,外表金黄油亮,外部肉焦黄发脆,内部肉绵软鲜嫩,羊肉味清香扑鼻,颇为适口,别具一格 而且烤全羊是新疆少数民族,尤其是维吾尔族人民膳食的一种传统地方风味肉制品。目前,烤全羊已成为新疆少数民族招待外宾和贵客的传统名肴。"
B209425DD16AA0FC499D,中餐厅,广东省深圳市南山区望海路1187号海上世界文化艺术中心1楼105A,无
B2094551D265A1F9489E,展览馆,广东省深圳市南山区望海路1187号,无
B209445CD36BA7FF449E,西餐厅,广东省深圳市南山区蛇口太子南路碧涛苑碧桦路6栋(与工业一路交汇处),无
B2094256D565A2F8439D,中餐厅,广东省深圳市南山区望海路海上世界文化艺术中心4楼(地铁2号线海上世界A出口南行300米),无
B209425CDB6AA0F5429F,餐饮,广东省深圳市南山区望海路1187号文化艺术中心302、401、402号,无
B209425DD26CA1FB409F,餐饮,广东省深圳市南山区招商街道水湾社区望海路1187号海上世界文化艺术中心广场104,无
B2094253D364A0F9469F,咖啡厅,广东省深圳市南山区望海路1187号海上世界文化艺术中心1层L1-103,无
B209425CD16BA2FE4892,景点,广东省深圳市南山区蛇口海上世界,无
B2094653D26BA2FB4693,公交站,广东省深圳市南山区招商街道少帝路3号赤湾学校,无
B2094257D46DA3F5439F,中餐厅,广东省深圳市南山区招商街道水湾社区工业二路海上世界广场海上世界船尾广场1栋305,无
B2094355D769A1FE4498,寺庙道观教堂,广东省深圳市南山区招商街道赤湾六路9号,无
B2094652DB6AAAFD479E,寺庙道观教堂,广东省深圳市南山区招商街道赤湾六路9号,天后，民间俗称妈祖，是中国沿海百姓共同信奉的“中华海神”。
B2094652DB6AAAFF4499,寺庙道观教堂,广东省深圳市南山区招商街道赤湾六路9号,无
B2094653D26DA4F4419F,楼宇,广东省深圳市南山区赤湾五路6号,无
B2094652DB6AAAFF4592,住宅,广东省深圳市南山区赤湾四路,无
B2094652DB6AAAFD489B,无,广东菜,广东省深圳市南山区赤湾六路10
B2094652DB6AAAFD4799,景点,广东省深圳市南山区少帝路13号,无
B2094653D26AA5FD4998,产业园区,广东省深圳市南山区蛇口赤湾少帝一路赤湾工业园C栋3楼正西方向30米,无
B2094753D569A4F84499,公园,广东省深圳市南山区前海路与棉山路交汇处,无
B2094257D56EA4FA4198,景点,广东省深圳市南山区小南山公园,无
B2094355D165A1FB419F,中餐厅,广东省深圳市南山区望海路1128号(海上世界明珠)环船广场F1,无
B2094253D168ABFF439F,景点,广东省深圳市南山区招商街道水湾社区蛇口望海路1128号,无
B2094252D26CAAFA4692,西餐厅,广东省深圳市南山区招商街道太子南路碧涛苑公寓一区怡景阁一楼,无
B2094356D06DAAF54498,旅馆招待所,广东省深圳市南山区招商街道太子路1号新时代广场北门,无
B209445CD369A4FC409C,四川菜,广东省深圳市南山区望海路海上世界广场C区112号商铺,null
B209425DDB6AAAFE459C,景点,广东省深圳市南山区招商街道望海路1128号海上世界内(西北角),无
B2094653D26EA7F54593,景点,广东省深圳市南山区招商街道水湾社区蛇口望海路1128号,无
B2094252D26FA6F9479A,英式餐厅,广东省深圳市南山区海上世界船前广场A区2号楼2-1-005-006,无
B2094354DA6FA5FB469C,夜店,广东省深圳市南山区招商街道水湾社区海上世界C区船后广场C-L2005A、C-L3002A号,无
B2094257D76CA7F9469C,景点,广东省深圳市南山区太子路32号海上世界广场(近南海酒店),无
B2094252D46CABF4459E,生活服务,广东省深圳市南山区望海路南山蛇口海上世界(露台terrace楼上),无
B2094356D06AA7F9439B,中餐厅,广东省深圳市南山区太子路20-21号,无
B209425CD065A2FB4393,西餐厅,广东省深圳市南山区招商街道太子路20-33,无
B209445CD369ABFC459C,西餐厅,广东省深圳市南山区海上世界C区005(明华游轮后头),无
B2094253D66BA2FF4299,广东菜,广东省深圳市南山区招商街道水湾社区工业二路1号海洋石油大厦B201A101,无
B2094554DA6DABF8439F,甜品店,广东省深圳市南山区蛇口太子路32号丽明楼正9号商铺(海上世界地铁站A出口),无
B2094356D36FA0FA489F,中餐厅,广东省深圳市南山区太子路22号汇港购物中心二期太子广场四楼33-35号（近地铁D出口）,无
B2094251D165AAFD499D,火锅店,广东省深圳市南山区招商街道太子路太子广场四层L4-36-37号商铺,无
B2094251D568AAFE469B,酒吧,广东省深圳市南山区太子路51号太子广场五层501-502,无
B2094753D265A4F44399,酒吧,广东省深圳市南山区太子路32号海上世界广场2楼,"柠檬鱼,海鲜酸辣汤,冬阴功汤,烤鱿鱼,"
B2094757D069A3FC4898,咖啡厅,广东省深圳市南山区太子路32号海上世界广场南山宾馆113号铺(近南海酒店),深圳in style造型技术总监凯瑞  擅长无痕接发，半永久烫发，色彩搭配，预约电话：15217756016\nV:wc55902763
B2094250D264A0F4439B,景点,广东省深圳市南山区蛇口别墅路8号,无
B2094354D169A3FC4592,餐饮,广东省深圳市南山区海上世界B出口汇港一期商场B1-10,无
B2094251D068A7FA4792,商场,广东省深圳市南山区太子路51号,无
B2094257DB6DAAFB459C,西餐厅,广东省深圳市南山区兴华路汇港购物中心一层东门118-120,无
B2094255DA6EAAFC449E,西餐厅,广东省深圳市南山区兴华路汇港购物中心1层东门118-120,无
B209425DDB6FA4F5499E,公园户外,广东省深圳市南山区南山公园内(南侧),无
B2094251D265A2F5469D,湖南菜,广东省深圳市南山区工业三路1号汇港购物中心1期2层209A,无
B2094256D46CA7F9429A,商场,广东省深圳市南山区工业三路1号(海上世界地铁站A口步行240米),无
B2094357DA65A0F84399,日本料理,广东省深圳市南山区海上世界地铁站A口步行320米,无
B2094257D26AA1F44692,景点,广东省深圳市南山区滨海大道,无
B2094757D168A3F8459A,公园,广东省深圳市南山区滨海大道(近望海路),"这里是深圳市唯一的密集滨海休闲带,东起福田红树林鸟类自然保护区,西至深港跨海大桥西侧,北靠滨海大道,南临深圳湾,隔海遥望香港米埔自然保护区。深圳湾公园由已开放的红树林海滨生态公园和建设中的深圳湾滨海休闲带两部分组成。公园依着美丽的滨海大道而建,靠着大海,面朝香港,经过几年的建设,逐渐成为深圳百姓晚上散步,周末游玩的好地方。"
B209425CDA6CA5F8499A,景点,广东省深圳市南山区滨海大道(深圳湾公园白鹭坡),无
B2094357D46CA7FF4693,景点,广东省深圳市南山区北湾鹭港(滨海大道南110米),无
B209445CD369A7FB459E,广东菜,广东省深圳市南山区滨海大道1018号蓝楹湾度假酒店一栋,无
B2094251D36BA5FE429C,广东菜,广东省深圳市南山区滨海大道2018号蓝楹湾度假酒店1栋,无
B2094253D268ABFC4892,餐饮,广东省深圳市南山区白石路东8号欢乐海岸椰林沙滩19号,无
B2094750D364A1FD4392,游乐场,广东省深圳市南山区滨海大道2008号(深圳湾公园地铁站E口步行170米),无
B2094551D76CA1F94792,游乐场,广东省深圳市南山区滨海大道2008号,无
B2094253D56FA5F4499C,景点,广东省深圳市南山区望海路附近深圳湾公园C区观桥公园内,无
B2094257D565A2F94099,日本料理,广东省深圳市南山区后海滨路与招商路交汇处恒裕香悦里正门1层,无
B2094757D06BA4F4419E,港口码头,广东省深圳市南山区东滨路1号,深圳湾口岸（又称深圳湾旅检大楼）是中国广东省深圳市与香港特别行政区之间的一个陆路边境口岸，整个口岸位于深圳市南山区东角头对开的填海地。
B2094252D564A6FD469B,日本料理,广东省深圳市南山区蛇口街道深圳湾社区中心路西吉祥龙花园s153(近后海木棉花酒店),无
B2094254D665A3FA4892,剧场,广东省深圳市南山区望海路深圳湾公园c2区,无
8008644030500000024,无,无,无
B2094251D66BA0F4409D,公园,广东省深圳市南山区东滨沙河西立交桥东150米,无
B2094350D464A1F9499B,景点,广东省深圳市南山区深圳湾公园弯月山谷,无
B2094252D265ABF94998,河流,广东省深圳市南山区,无
B2094450D469A0FF479B,楼宇,广东省深圳市南山区东滨路与科苑南路交汇处,无
B2094257D36CAAFF4799,广东菜,广东省深圳市南山区中心路3008号深圳湾1号T7鹏瑞莱佛士酒店70楼,无
B2094356DB6AA0FA479E,游乐场,广东省深圳市南山区粤海街道深圳人才公园,无
B2094750D56BAAFE469C,住宅,广东省深圳市南山区粤海街道蔚蓝海岸社区中心路3008号,无
B2094250D168A7FA459B,日本料理,广东省深圳市南山区粤海街道蔚蓝海岸社区中心路3033号喜之郎大厦1-13,无
B2094252D66DA7F94099,湖南菜,广东省深圳市南山区粤海街道蔚蓝海岸社区兰香一街2号海王星辰大厦201,无
B2094252D26DA4FA499E,中餐厅,广东省深圳市南山区中心路3033号喜之郎大厦B1层,无
B209425CDB6FA2FE449A,中餐厅,广东省深圳市南山区粤海街道深圳湾一号北区二楼蟹仙画宴,无
B2094253DB6BA2F9409E,景点,广东省深圳市南山区粤海街道蔚蓝海岸社区科苑南路3329号深圳人才公园内(北侧),无
B2094351D569A6F54993,景点,广东省深圳市南山区东滨沙河西立交桥深圳湾公园内,无
B2094251DA69ABF8489E,火锅店,广东省深圳市南山区粤海街道蔚蓝海岸社区创业路1777号海信南方大厦302,无
B2094257D76DA0F44199,美术馆,广东省深圳市福田区蓝花道6号,无
B2094757D065ABFA439D,无,广东菜,广东省深圳市福田区保税区桂花路9号帝涛豪园1楼(近口岸)
B2094352D76AA7FF429A,糕饼店,广东省深圳市福田区新洲南路2008号E108号铺位,无
B209425DD464A3FE479D,中餐厅,广东省深圳市福田区福保街道新港社区新洲同创汇E栋三楼E302,无
B2094253D66BA6FB4899,中餐厅,广东省深圳市福田区沙嘴村三坊18号101,无
B2094354D66AA4FF4393,中餐厅,广东省深圳市福田区金地一路沙尾西村261栋102铺,无
B2094257D56DA4FB419C,烧烤,广东省深圳市福田区福强路4139号(沙尾地铁站B出口),无
B2094251D368A7F44493,浙江菜,广东省深圳市福田区石厦北二街西新天世纪商务中心马成时代广场4层407,无
B2094357D46AA5F8449F,火锅店,广东省深圳市福田区石厦北二街89号石厦时代广场四层408c,无
B2094252D16BA0FA409E,四川菜,广东省深圳市福田区福保街道石厦社区石厦北二街西新天世纪商务中心A.B座4层马城时代广场4层402B铺,无
B209425CDA6FA1F9489F,公园户外,广东省深圳市南山区河西立交桥深圳湾公园流花山,无
B2094351DB65A1FB4798,餐饮,广东省深圳市南山区粤海街道海德一道1218号深圳湾万象城B区BL205、BL301,无
B2094352DA6DA4F5439F,餐饮,广东省深圳市南山区粤海街道海珠社区科苑南路2888号深圳湾万象城F2,无
B2094352D568A6F84598,日本料理,广东省深圳市南山区粤海街道海德一道1218号深圳湾C区B栋B1CB165A,无
B2094352D16FA5F54699,茶艺馆,广东省深圳市南山区粤海街道海珠社区海德一道1218号深圳湾万象城C区L1层CL136李茶的茶,无
B2094352D26FA4F84699,冷饮店,广东省深圳市南山区粤海街道海珠社区科苑南路2888号深圳湾万象城F1,无
B2094352D76DA2FC4198,餐饮,广东省深圳市南山区粤海街道深圳湾万象城二期C区L3层CL305,无
B2094352D16DABF4419F,餐饮,广东省深圳市南山区粤海街道海珠社区科苑南路2888号深圳湾万象城F3,无
B2094352DA6AA6FF4699,餐饮,广东省深圳市南山区粤海街道海珠社区科苑南路3256号深圳湾万象城F1层C区CL120,无
B2094252DB6DA0FF4192,校园,广东省深圳市南山区海德一道与科苑路交汇处中国华润大厦负一楼,无
B209445CDA6BA3FC4792,餐饮,广东省深圳市南山区海德三道15号海岸城(东座)1层121,无
B2094350DB68A7FD449C,韩国料理,广东省深圳市南山区粤海街道海德三道2019号海岸大厦西座302、303,无
B2094757D06FA3FE4798,综合体育馆,广东省深圳市南山区滨海大道3001号,"深圳湾体育中心位于南山后海中心区东北角,深圳湾15公里滨海休闲带中段,毗邻香港,是2011年第26届世界大学生夏季运动会的主要分会场,其体育场,体育馆,游泳馆被置于一个白色巨型网格状钢结构屋面下,外形酷似春茧。体育中心包括体育场,体育馆,游泳馆,运动员接待服务中心,体育主题公园及商业运营设施,大运会结束后,开始向广大市民开放,这里不定期也有会有一些体育赛事和大型演出。"
B2094252D465A4F9479D,中餐厅,广东省深圳市南山区粤海街道海珠社区后海滨路3368号鹏润达商业广场,无
B209425CDA6EA5FA489D,餐饮,广东省深圳市南山区后海滨路3368号鹏润达商业广场F7层,无
B2094757DA6AA0FC4293,综合体育馆,广东省深圳市南山区粤海街道海珠社区科苑南路2888号深圳湾万象城B1,无
B209425DD46EA3FB4198,广东菜,广东省深圳市南山区海德三道1236号大成基金总部大厦4楼,无
B2094757DB68AAF9469E,五星级宾馆,广东省深圳市南山区滨海大道3001号,无
B209425CD568A3FF479A,餐饮,广东省深圳市南山区粤海街道高新南环路8大沙河生态长廊内咖啡书吧,无
B2094256D66EA1FE449A,湖南菜,广东省深圳市南山区海天二路19号盈峰大厦103号202,无
B2094250D26CA6FA499B,景点,广东省深圳市福田区滨海大道深圳湾公园海滨生态公园内,无
B2094750D26AA0F54798,电影院,广东省深圳市南山区白石路东8号欢乐海岸曲水湾2栋A区,null
B2094554D568A2FB4998,甜品店,广东省深圳市福田区下沙村一坊7-2(KKone购物广场),无
B2094653D26DA4F9409B,无,广东菜,广东省深圳市福田区福荣路78号万科金域蓝湾一期商铺01号
B209445CD36BA3FD489E,餐饮,广东省深圳市福田区下沙村六坊公司楼二栋一楼,无
B2094753D66CA4FB409C,五星级宾馆,广东省深圳市南山区欢乐海岸海园二路9号,null
B2094757D069A5F94592,景点,广东省深圳市福田区滨海大道华侨城路段,·红树林是为了保护红树林建立的自然保护区，这里也是个免费的海滨生态公园。·公园里草木茂盛，空气非常好，放眼望去都是绿色。·红树林虽然也在海滨，但这里并没有沙滩，而是一片滩涂，滩涂上的小鱼蟹吸引了许多的水鸟。
B2094554D06AA6F8499B,景点,广东省深圳市福田区沙头下沙东涌村,无
B2094757D768A0FF439B,无,餐饮,广东省深圳市福田区下沙广场路下沙村二坊84号
B2094254D369A5FB4693,火锅店,广东省深圳市福田区下沙京基KKONE购物中心南区1-2层海底捞,无
B2094757DA6AA1FE499F,游乐场,广东省深圳市南山区滨海大道2008号,无
B2094257D069A0FC469B,冷饮店,广东省深圳市南山区沙河街道东方社区滨海大道2008号欢乐海岸曲水湾18栋18-1A,无
B2094355D26EA5F4479B,冷饮店,广东省深圳市南山区滨海大道2008号欢乐海岸曲水湾18栋18-1A,无
B2094253D66BA5FE419C,商场,广东省深圳市南山区深湾一路与白石三路交汇处,无
B2094757D069A0FB499F,酒吧,广东省深圳市南山区白石路2033号曲水湾欢乐海岸21栋,无
B209425DD265A4FA439B,中餐厅,广东省深圳市南山区沙河街道白石洲东社区白石三道深圳湾睿印RAILinL315-2,无
B2094357D364A2F9459B,火锅店,广东省深圳市南山区欢乐海岸曲水湾11栋,无
B2094253D364A5FC469A,餐饮,广东省深圳市南山区沙河街道东方社区白石路东8号欢乐海岸购物中心L1-070,无
B209445DD264A2FC469D,商场,广东省深圳市南山区白石路东8号,无
B2094251D56AA5FE4293,景点,广东省深圳市南山区白石路东8号欢乐海岸,无
B2094256DA64A2F44698,餐饮,广东省深圳市南山区滨海大道赛西科技大厦3层,无
B2094355D365A2F4439F,火锅店,广东省深圳市南山区海天一路软件产业基地5栋B座1楼9-10号,无
B2094352D46BAAFE4298,火锅店,广东省深圳市南山区学府路怡化金融科技大厦1F（地铁9号线深大南站A出口）,无
B2094257D06BA0FB429A,公园,广东省深圳市南山区高新南环路18东南方向130米,无
B209445CD365A7FB459A,餐饮,广东省深圳市南山区桂庙新村98栋101铺,无
B2094357DA6FA0F9489C,景点,广东省深圳市南山区沙河西路辅路与高新南十一道交叉口东北160米,无
B209425DD168A6F54799,中餐厅,广东省深圳市南山区金地威新中心A座3602,无
B209425CD46FA0FF469F,餐饮,广东省深圳市南山区金地威新中心C座L211,无
B2094251DA64A7FB409A,楼宇,广东省深圳市南山区科苑地铁站C出口,无
B2094354DA64A6FB449E,日本料理,广东省深圳市南山区高新南十道16号金地威新中心B座2楼L206室,无
B2094354D66BA1FB4598,中餐厅,广东省深圳市福田区滨河大道9289号滨河时代裙楼京基百纳时代南区一楼127b号商铺,无
B2094350DA6AA4FE4993,餐饮,广东省深圳市福田区沙头街道KKONE购物中心-南区,无
B2094652DB64ABFA4493,博物馆,广东省深圳市福田区大围路与1路交叉口(下沙地铁站B口步行370米),无
B2094753DB6FA2F9499B,经济型连锁酒店,广东省深圳市南山区深圳白石洲沙河街2号金三角大厦,无
B2094251DA6EA7F4499A,餐饮,广东省深圳市福田区东涌路下沙村一坊13号1楼,无
B2094253D46FA7F84898,日本料理,广东省深圳市福田区滨河大道KKONE负一层(下沙地铁站B口步行190米),无
B2094257DA6EAAF44192,火锅店,广东省深圳市福田区沙头街道下沙社区滨河路9289号下沙村京基滨河时代广场四楼L401,无
B2094352D46BA7FC409B,餐饮,广东省深圳市福田区沙头街道滨河大道9289号KKONE商场四楼,无
B2094251D364A1FD439B,日本料理,广东省深圳市福田区滨河大道下沙花好园125号,无
B2094354D168A0F9419B,湖南菜,广东省深圳市福田区滨河路9289号下沙村京基滨河时代广场裙楼三层301-302室(费大厨旁),无
B2094253DB68A4FF429D,餐饮,广东省深圳市南山区南山街道登良社区登良路26号公园大道B栋111 122,无
B2094253D16AA1FB4093,餐饮,广东省深圳市南山区南海大道2163号来福士广场4楼-22,无
B209445DD16AA0FA499C,火锅店,广东省深圳市南山区粤海街道龙城路与南商路交叉口龙珠阁101号铺（地铁9号线南油站B出口直行100米左转300米）,无
B2094757D169A5F44493,餐饮,广东省深圳市南山区南商路91号深蓝公寓1楼,无
B2094252D56EA5FD439A,东北菜,广东省深圳市南山区登良路与南光路交叉口龙佳园小区107号铺,无
B2094757D16AAAFC469F,广东菜,广东省深圳市南山区南海大道2610号粤海大厦1-3层,"春满园一家很有名气的粤菜馆,位于南海大道的粤海大厦里。他家的乳鸽是颇受食客好评的,绝对物廉价美,热腾腾,皮爽脆,肉质很嫩又入味,乳鸽里的肉汁保存的好好,一口咬下去除了吃到香香的外皮还能有满口肉汁,相当美味。虾饺真材实料,里面超多虾仁,爽脆Q弹,外皮通透柔韧,相当受食客欢迎。餐厅装修比较时尚,环境整洁,桌子间距大,显得空间大,宽敞明亮。服务非常到位,换骨碟,倒茶,收盘,加水,根本不用出声就有服务员过来做好了。,n菜色精美,服务到位,是他家最大的特色。"
B209425CD06EA4FC429F,中餐厅,广东省深圳市南山区南山街道登良社区登良路27号龙佳园118,无
B209445DD769A4F54793,餐饮,广东省深圳市南山区东滨路南门一坊商业街,无
B2094253D168A2F9489C,火锅店,广东省深圳市南山区粤海街道海珠社区后海大道2332号,无
B2094355D46AA2FD419E,烧烤,广东省深圳市南山区文心五路33号海岸城购物中心负一层037-038号店,无
B2094257DA6DA7F5429B,景点,广东省深圳市南山区逸湖六街与汀泽一路交叉口西南80米,无
B2094354D66DA1FE4092,景点,广东省深圳市南山区科苑南路2666号中国华润大厦B1层,无
B2094352D569AAFC479A,四川菜,广东省深圳市南山区粤海街道海珠社区科苑南路2888号深圳湾万象城F4,无
B2094251D565A2F9449C,三星级宾馆,广东省深圳市南山区深圳湾安达仕酒店正门,无
B2094352D669A3FE419D,餐饮,广东省深圳市南山区中心路华润·深圳湾万象城西侧约190米,无
B2094352D26FA0F5499B,餐饮,广东省深圳市南山区粤海街道海珠社区科苑南路2888号深圳湾万象城F1,无
B2094253D16FA0FE419F,餐饮,广东省深圳市南山区粤海街道海珠社区后海滨路3288号后海汇L3-24,无
B2094352D76DA5FA429E,西餐厅,广东省深圳市南山区粤海街道海珠社区科苑南路3194号深圳湾万象城B1层,无
B2094350D16EA4FF499E,云贵菜,广东省深圳市南山区科苑南路2888号深圳湾万象城L192 L219,无
B2094352D668A6FD489D,西北菜,广东省深圳市南山区粤海街道海珠社区科苑南路2888号深圳湾万象城C区B1层CB130号,无
B2094653D268ABFD459D,运动场所,广东省深圳市南山区龙船塘街9号对面(荔林地铁站A口步行300米),无
B2094253DA65A5FA4798,餐饮,广东省深圳市南山区前海东滨路4351号荔源广场F1层,无
B2094752D46AA2FE479C,广东菜,广东省深圳市南山区东滨路4096号濠盛商务中心3-4层鸿丰大酒店,无
B2094356D168A5FD479B,火锅店,广东省深圳市南山区南山街道南新路1003号101荔源大厦首层（荔林地铁站D口处）,无
B2094354D76AA5F54398,餐饮,广东省深圳市南山区南新路阳光科创中心E座一楼13-15号商铺,无
B2094252D565A1FD4193,餐饮,广东省深圳市宝安区南山街道桂湾四路169号万象前海购物中心B184-185号商铺,无
B2094253D668AAFC429F,中餐厅,广东省深圳市南山区南新路1032号(大富烧鸡南山店),无
B2094653D26FA4F44392,寺庙道观教堂,广东省深圳市南山区前海路1066号-1190号,无
B2094251D76DA2F8499F,中餐厅,广东省深圳市南山区南山街道南新路1173号,无
B2094253D16AA6FB489D,出行住宿,广东省深圳市南山区前海路1120号,无
B2094551D465AAF5439A,商场,广东省深圳市南山区科苑南路2888号(后海地铁站G口步行380米),无
B2094250D36EA2FE469E,冷饮店,广东省深圳市南山区粤海街道海珠社区科苑南路2888号深圳湾万象城L380,无
B2094254D16BA4FE449C,餐饮,广东省深圳市南山区粤海街道科苑南路2888号深圳湾万象城B1层B141,null
B2094352D568A1FC4998,餐饮,广东省深圳市南山区粤海街道海珠社区科苑南路2888号深圳湾万象城B1,无
B2094355D065ABFA489A,火锅店,广东省深圳市南山区科苑南路2888号深圳湾万象城B1层B172,无
B2094352D265A4FC469B,餐饮,广东省深圳市南山区粤海街道海珠社区科苑南路3091号深圳湾万象城B1层D区DB102,无
B209425DD16AA4F4469C,餐饮,广东省深圳市南山区科苑南路2888号深圳湾万象城A区B1层B145,无
B2094254D36FA1F8449D,甜品店,广东省深圳市南山区科苑南路2888号深圳湾万象城1层,无
B2094253DA69ABFB4292,日本料理,广东省深圳市南山区科苑南路2888号深圳湾万象城B1层B175,无
B2094250DA6EA3FB429D,广东菜,广东省深圳市南山区海德三道深圳湾万象城A区4层L418号店铺,无
B2094256D665A5FE4792,东南亚餐厅,广东省深圳市南山区海德三道华润深圳湾万象城B1层177号,无
B2094257D56CA6F5479A,东南亚餐厅,广东省深圳市南山区科苑南路2888号深圳湾万象城三楼L301,无
B2094257DA68A4FB459F,浙江菜,广东省深圳市南山区科苑南路2888号深圳湾万象城A区L4层L401,无
B2094352D16EA1FF439A,餐饮,广东省深圳市南山区粤海街道海珠社区科苑南路2888号深圳湾万象城B1,无
B2094554DA6FA2FA409B,火锅店,广东省深圳市南山区海岸城保利文化广场2楼保利来觅C6(近地铁后海站E出口),无
B2094356D26AA3F9459D,中餐厅,广东省深圳市南山区文心六路保利文化广场C区三楼L3-07室,无
B2094257D069A7F44692,四川菜,广东省深圳市南山区科苑南路深圳湾万象城1区2楼L246(北门二楼),无
B2094252D264A7F8409B,餐饮,广东省深圳市南山区科苑南路2888号深圳湾万象城A区L4层L436、L438,无
B2094251D06DABFD419F,餐饮,广东省深圳市南山区科苑南路2888号深圳湾万象城A区L4层L436、L438,无
B2094352D36AA2FF429F,韩国料理,广东省深圳市南山区粤海街道海珠社区科苑南路2888号深圳湾万象城D区B1层,无
B2094354D268A4FA4193,中餐厅,广东省深圳市南山区南山大道1039号希尔顿花园酒店一楼,无
B2094653D269A4FD4592,公园户外,广东省深圳市南山区创业路145号,"深圳万福盈连锁酒店(欢乐谷店--星河之星)是一家按三星级标准设计,以现代时尚风格装修的经济商务型酒店。位于崇尚百货对面,紧靠深圳湾大桥,交通十分便利。,深圳万福盈连锁酒店(欢乐谷店--星河之星)拥有96间时尚,高雅的客房,完善的客房设施,贴心的服务,是您商旅和购物,休闲的最佳选择。"
B2094252D665A6F54699,火锅店,广东省深圳市南山区粤海街道海珠社区文心五路33号海岸城广场401,无
B209425CD16AA3FB4899,日本料理,广东省深圳市南山区文心五路33号海岸城F3,无
B2094552D26DA3FA419B,广东菜,广东省深圳市南山区文心五路33号海岸城购物中心1层172号,无
B2094254D069A6FE449E,广东菜,广东省深圳市南山区粤海街道海岸城购物中心一楼西区1楼172号铺,无
B2094256D76DA0FB4192,广东菜,广东省深圳市南山区粤海街道文心五路33号海岸城购物中心负一层045号商铺,无
B2094253D068A1FA439D,餐饮,广东省深圳市南山区南海大道2718青春家园,无
B2094257D56DA6FD479E,自助,"广东省深圳市南山区海德一道88号深圳中洲万豪酒店43楼(中洲控股中心A座,近海岸城,天利,保利广场)(海岸城)",无
B2094355D66CA5F5479B,五星级宾馆,广东省深圳市南山区海德一道88号中洲控股中心A座,无
B2094354D06AABF4449B,韩国料理,广东省深圳市南山区粤海街道文心六路4号保利文化广场KaledoC区L3-01,无
B2094355D36EAAFB4298,餐饮,广东省深圳市南山区粤海街道海德三道深圳湾万象城4层L428-L430号,无
B2094352D369A2FE4093,餐饮,广东省深圳市南山区深圳湾万象城D区B1层DB144号,无
B2094352D468A7FC489D,餐饮,广东省深圳市南山区文心五路33号海岸城购物中心一层128-129铺,无
B209425DD36EA3FF4793,中餐厅,广东省深圳市南山区文心五路33号海岸城购物中心东区L1层125,无
B2094355D168AAFA4393,火锅店,广东省深圳市南山区保利文化广场A区二楼A2-12（黔有财）,无
B2094257DA68A6F8439D,甜品店,广东省深圳市南山区文心六路4号深圳保利文化广场A区F1层,无
B209425CD065A4FC4999,冷饮店,广东省深圳市南山区保利文化广场B区二楼N208,无
B2094351D56FA7F9449C,餐饮,广东省深圳市南山区粤海街道保利文化广场二楼A2-20,无
B2094254D16FAAF4419B,综合体育馆,广东省深圳市南山区滨海大道3001号(科苑南路与海德三道交汇处),无
B209445CD365A6FD429B,广东菜,广东省深圳市南山区海德一道88号,无
B2094453D26FA4F5479A,五星级宾馆,广东省深圳市南山区海德一道88号,无
B2094551DB6CA5FF4093,广东菜,广东省深圳市南山区文心五路海岸城购物中心五楼自编,无
B2094253D169A7FE439E,湖南菜,广东省深圳市南山区粤海街道文心三路9号中洲控股B座2楼,无
B209445CD764A5FC499A,公司,广东省深圳市南山区后海路和海德三道交汇处,无
B209425CD668A1FD499C,餐饮,广东省深圳市南山区粤海街道海珠社区文心五路33号海岸城广场243,无
B2094255DA6DA5F5429C,四川菜,广东省深圳市南山区南光商业街10号(南光地铁站A口步行320米),无
B2094354DA68A7F44893,日本料理,广东省深圳市南山区创业路98号南光城市花园2栋南光商务大厦1层3116附8,无
B209425CD16DABFC4993,中餐厅,广东省深圳市南山区创业路98号南光城市花园2栋南光商务大厦1层3116号附8号,无
B2094350DA6CA5FB4893,餐饮,广东省深圳市南山区南山大道1065号,无
B2094253D26DA1F8449A,火锅店,广东省深圳市南山区粤海街道海珠社区后海滨路3019凯宾斯基酒店裙楼2层珮姐老火锅,无
B2094251D065A7FE469B,公司,广东省深圳市南山区滨海大道3001号华润深圳湾体育中心B105,无
B2094253D469A0FE499C,公司,广东省深圳市南山区滨海大道3001号华润深圳湾体育中心B105,无
B2094355D368A3FE4398,综合体育馆,广东省深圳市南山区滨海大道3001号深圳湾体育中心L168号,无
B2094250DA6EA6F9419F,韩国料理,广东省深圳市南山区粤海街道海珠社区海德三道15号海岸大厦东座169,无
B2094354DB6BA6F84999,西餐厅,广东省深圳市南山区滨海大道3001号深圳湾体育中心负一楼大地广场负一层B107号,无
B2094253D16EA2F8429A,云贵菜,广东省深圳市南山区海岸城东座152号铺(后海地铁站D1口步行240米),无
B2094253D26DA1F44398,中餐厅,广东省深圳市南山区后海滨路3368号鹏润达商业广场F7层,无
B209445CD369ABF54398,西北菜,广东省深圳市南山区宝安沙井京基百纳沙井店,无
B2094256DB6EA0F9469A,火锅店,广东省深圳市南山区南山街道文心四路34号海岸城西座3楼301A-302A,无
B209425CD365A2F8489F,中餐厅,广东省深圳市南山区海德二道A座105,无
B209425DD26BABFF4193,日本料理,广东省深圳市南山区创业路南光城市花园2栋E22号,无
B2094350D06AA6FF4299,江西菜,广东省深圳市南山区南山大道1107号独栋大楼（海润综合楼旁）,无
B2094254D76CA2FB439E,火锅店,广东省深圳市南山区粤海街道海德二道258号茂业时代广场8层海底捞火锅FO8010X商铺,无
B2094351D46FA5FF459D,火锅店,广东省深圳市南山区南山大道华联商铺49号,无
B2094354D569ABF9419F,中餐厅,广东省深圳市南山区海德二路正东名苑(南山书城地铁站D口步行400米),无
B2094254D665A4F54198,广东菜,广东省深圳市南山区南山大道南海大厦首层105、106号商铺,无
B2094357DA69A2FC409B,餐饮,广东省深圳市南山区登良路3014号,无
B2094354D064A6F5439E,韩国料理,广东省深圳市南山区海德二道鸿瑞花园382号-21,无
B2094350D46EA5F9489F,餐饮,广东省深圳市南山区海德二道390号(南山地铁站D口步行440米),无
B209445CD36BA5FA429E,烧烤,广东省深圳市福田区福强路骏皇名居一楼D6,无
B2094652DB64A6FC4793,广东菜,广东省深圳市福田区保税区一号通道以东海华阁商场101,NULL
B2094251D365AAFC489C,甜品店,广东省深圳市福田区福田街道福强路水围村49栋102,无
B2094352D66FAAF84999,餐饮,广东省深圳市福田区公园一街水围1368文化街区南一街157栋1楼2号,无
B209445CD364ABFB449A,火锅店,广东省深圳市福田区大浪时代广场对面,无
B2094653D26EA1FD4098,餐饮,广东省深圳市福田区金田路1008号时代广场3层,"春满园,主营粤菜的餐厅,在深圳有八家分店,也是小有名气了。,n时代店算是面积很大的分店了,有70多桌餐位,放眼望去,那可不是一般的大啊,整体装修简约大方,餐位摆放整齐有序,服务员的态度都很好,都会主动向客户介绍招牌菜色。,n在菜品上,品种繁多,口味五花八门,烤乳鸽远近闻名,特别喜欢这家店,不过早茶早茶也非常不错。"
B2094253D665A3FE479D,生活服务,广东省深圳市福田区皇岗路与百合路交叉口南240米,无
B2094351D16AAAF84299,东南亚餐厅,广东省深圳市福田区福田街道公园一街水围1368文化街区165栋1号,无
B2094252D56DA2FB409E,火锅店,广东省深圳市福田区福田街道水围社区金田路1009号嘉意台1层2层,无
B2094250DB6CA6F44192,火锅店,"广东省深圳市福田区金田路水围嘉意台首层(近福田口岸,福民站D出口直行200米)",无
B2094757D06FA0F84899,景点,广东省深圳市福田区福田南路与百合三路交叉口东南220米,皇岗口岸位于广东省深圳市福田区，与香港新界落马洲口岸相对，是深圳与香港之间的5个一线口岸之一，皇岗口岸是目前中国规模最大的客货综合性公路口岸，也是全国最大的陆路口岸之一，是继珠海的拱北口岸之后的全中国第三大客运口岸。
B2094257D76EAAF4449D,火锅店,广东省深圳市福田区水围七街178栋1层底商,无
B209425DD169A2FC489C,中餐厅,广东省深圳市福田区水围村水围九街(皇岗村地铁站B2口步行370米),无
B2094252D36DA3FA489A,政府机构,广东省深圳市福田区福田南路12,无
B2094252D56CA1FF419A,地铁站,广东省深圳市福田区地铁7号线(西丽线),无
B2094757D165A6F9419B,无,湖南菜,广东省深圳市福田区福民路龙秋一街停车楼物业1-2楼(近水都国际)
B209425DD164A4FA4192,中餐厅,广东省深圳市福田区福民路9号福民佳园9-11号铺,无
B2094653D26AA2F94798,东南亚餐厅,广东省深圳市福田区福民路水围村308栋1楼,"冬阳汤面,喇沙海鲜面,%,%,"
B209425CD165A0FB4698,餐饮,广东省深圳市福田区福港路30号(福民地铁站H口步行280米),无
B2094252D56FA3FC4798,餐饮,广东省深圳市福田区福田街道皇岗社区皇岗新村6号1层,无
B209425DD76EA3FA449C,中餐厅,广东省深圳市福田区福保街道石厦东村263-1(石厦篮球场旁),无
B2094256DB6AABFA469A,云贵菜,"广东省深圳市福田区新洲路石厦西村113-1号(地铁3号7号线石厦站F出口,众孚小学隔壁)",无
B2094252DA6CA6FD469D,中餐厅,广东省深圳市福田区皇岗新村181栋(皇岗村地铁站A口步行130米),无
B209475CD764ABFF499C,餐饮,广东省深圳市福田区天虹商场(星河明居店)(石厦地铁站F口旁),无
B2094252D36EA4F94998,餐饮,广东省深圳市福田区新洲二街新洲南村32栋102,无
B2094557D369AAF94299,餐饮,广东省深圳市福田区新洲南村101栋B座(石厦地铁站E口步行420米),无
B209425CD465A1FF489C,冷饮店,广东省深圳市福田区沙头街道新洲七街44号绿景新苑4铺,无
B2094252D16BABF4439A,中餐厅,广东省深圳市福田区中心村77号大榕树对面,无
B2094653D26DA4FC429E,甜品店,广东省深圳市福田区益田路3002号皇达东方雅苑9铺(委斜对面),无
B2094252DA6BA3F44998,甜品店,广东省深圳市福田区沙头街道新洲社区新洲九街89号102,无
B2094652DB65A3FA4099,餐饮,广东省深圳市福田区福民路皇岗新村109号楼1楼,无
B2094253D764ABF4469A,餐饮,广东省深圳市福田区福民路15号(福民地铁站D口步行190米),无
B209425CDA6FA6FC449B,火锅店,广东省深圳市福田区皇岗新村8号102(皇岗村地铁站B2口步行90米),无
B2094652DB65A3F9439E,餐饮,广东省深圳市福田区福民路水围村306号1层(肥仔记对面),无
B2094750D26DA1FE4298,中餐厅,广东省深圳市福田区福民路水围村306号1楼肥仔记对面近益田路近皇都广场,完全是港式布局和氛围。迎宾小姐开粤语，福洋光临，西桑丫位？此地港人不少，皆形容猥琐，唧唧歪歪，哈哈。电视一律本港台。鸭子有点像北京烤鸭，只是皮没那么脆，肉有点厚。店内外的装饰和HK的几乎无疑，服务也很类似、\n茶餐厅，随便吃饭的地方，混肚子。这里的餐牌真是多啊，可以读半天，下午茶餐牌并且还分星期几，每个Day都不一样。另外还有菜单。真是让人看得眼花缭乱。饮料还有单点价，也可以随餐，冻饮大多加两块。有选择困难症的人绝对不适合在这种地方挑选吃的
B2094355D069ABFC489F,台湾菜,"广东省深圳市福田区福民路22号皇安大厦1楼1号商铺（近皇安大厦停车场,近福民地铁站C口）",无
B2094355D168ABFC419D,餐饮,广东省深圳市福田区福民路2号皇庭居(福民地铁站H口步行210米),无
B2094551D06FA5FA4598,出行住宿,广东省深圳市福田区深圳深港1号20栋9D1,无
B209425DD26AAAF5449C,中餐厅,广东省深圳市福田区皇岗村下围二村66号2-3楼5号铺,无
B2094652DB64A6FD449B,警察局,广东省深圳市福田区福港路50号(福民地铁站H口步行450米),无
B2094351D16AA6FE439E,火锅店,广东省深圳市福田区福田街道海滨社区金田路2004号辛盛苑一单元201(整层),无
B2094252D66BA0F5419D,广东菜,广东省深圳市福田区皇岗村下围一村4棟一楼(福民地铁站C口步行180米),无
B209425DD36FA0F8419E,火锅店,广东省深圳市福田区金田路与皇岗一街交叉口西南60米,无
B2094653D26EA4F44599,糕饼店,广东省深圳市福田区福田南路7号皇御苑A区19B铺(与滨河路交汇处),无
B2094554D16EABF94298,三星级宾馆,广东省深圳市福田区福田南路皇城广场裙楼4009一楼近百合路,无
B2094350D068A2FF429B,餐饮,广东省深圳市福田区水围五街水围村103栋（合乐福超市与阿殳粥馆中间的巷子往里5米）,无
B2094354D46BA4F4469D,餐饮,广东省深圳市福田区福田街道皇岗社区皇岗下围二村62号市场北102,无
B2094357DA6AABFD439C,火锅店,广东省深圳市福田区皇岗上围一村1号,无
B209445DDA68A0FF4799,旅馆招待所,广东省深圳市福田区福田南路皇御商城三楼,无
B2094251D669A1F4439A,旅馆招待所,广东省深圳市福田区福田南路28皇岗公路大厦,无
B2094253D46CA7FF469F,冷饮店,广东省深圳市福田区沙头街道新洲社区新洲中心村45-1号104,无
B209445CD36BA3FA479C,潮州菜,广东省深圳市福田区皇岗吉龙二村37-1号,无
B209445CD369A0FB459E,甜品店,广东省深圳市福田区新洲一街45,无
B2094354DA6EA2FA419C,展览馆,广东省深圳市福田区福华三路111号,无
B2094354D669AAF9429B,中餐厅,广东省深圳市福田区益田路5013号平安金融中心C座L3,无
B2094251D56DA7F84798,展览馆,广东省深圳市福田区深圳会展中心5号展馆,无
B2094253D669A7F54698,酒吧,广东省深圳市福田区益田路5023号平安金融中心商场6楼,无
B209425CDA68ABFF4893,茶艺馆,广东省深圳市福田区福田街道福安社区福华三路269号星河国际花园1层L1-059,无
B2094354DB6FA4F94092,景点,广东省深圳市福田区广播电台路,无
B2094253D26BA1FE4093,餐饮,广东省深圳市福田区平安金融中心南塔L4层601,无
B2094652DB64A4FC4292,政府机构,广东省深圳市福田区福田南路28号皇岗公路大厦3层,无
B2094652DB64A4FC459A,政府机构,广东省深圳市福田区福田南路28皇岗公路大厦3层右,无
B2094652DB64A5F54893,住宅,广东省深圳市福田区福田南路50号,无
B209425CD16AA1FB489B,中餐厅,广东省深圳市福田区金田路2030号卓悦INTOWN购物中心南门,无
B209425DD26BA0F54792,生活服务,广东省深圳市福田区金田路2030号卓悦INTOWN购物中心东区,无
B2094253D66AAAF9479B,生活服务,广东省深圳市福田区金田路2030号卓悦INTOWN购物中心东区L3层L315,无
B2094253D669ABFE4693,火锅店,广东省深圳市福田区福华三路与金田路交汇处卓越世纪中心34号裙楼3楼,无
B209425DD36AABFB4799,餐饮,广东省深圳市福田区金田路2030号卓悦INTOWN购物中心东区L2层L215、L216、L217,无
B209425DD36AA6FA489F,餐饮,广东省深圳市福田区金田路2030号卓悦INTOWN购物中心东区B1层,无
B209425DD565A3FD4898,日本料理,广东省深圳市福田区金田路2030号卓悦INTOWN购物中心东区L3层L319、L320,无
B2094251D16CA2FA4592,日本料理,广东省深圳市福田区福田街道福山社区福华三路与金田路交界处东南侧卓越世纪中心皇岗商务中心负1层B108B109,无
B209425CD46BABFB4899,日本料理,广东省深圳市福田区福华三路卓悦INTOWN二楼L219号,无
B2094251D569A4FA4493,商场,广东省深圳市福田区金田路2030号(岗厦地铁站D口步行410米),无
B2094251D56BA4FE429D,西餐厅,广东省深圳市福田区金田路2030号卓越INTOWN购物中心一层L131-L132号商铺,无
B2094253D068A4F94299,火锅店,广东省深圳市福田区福田街道福华三路卓越世纪中心1层L133,无
B209425CD56CA7FE449F,餐饮,广东省深圳市福田区金田路2030号卓悦INTOWN购物中心东区L3层L328,无
B2094354DA6CA1FC4992,商场,广东省深圳市福田区金田路2030号,无
B2094254D665AAFB4798,餐饮,广东省深圳市福田区金田路2030号(岗厦地铁站D口步行460米),无
B2094354D06FA3FA4292,中餐厅,广东省深圳市福田区金田路2030号卓悦INTOWN购物中心东区L3层L325,无
B209475CD06CA3F44299,火锅店,广东省深圳市福田区福华三路卓悦INTOWN购物中心4号楼L401、L402,无
B2094354D064A0F9499A,餐饮,广东省深圳市福田区金田路2030号卓悦INTOWN购物中心东区L2层,无
B209425CD76CA4FD489A,日本料理,广东省深圳市福田区卓悦in town一楼北门(山禾田对面),无
B209425DD36EA2FB419B,餐饮,广东省深圳市福田区福华三路卓越intown四号楼4层L403,无
B2094752D264ABFD499E,火锅店,广东省深圳市福田区福华三路卓越世纪中心intown四楼L401L402号,无
B2094350DB6AA0FD4499,日本料理,广东省深圳市福田区岗田路福田卓悦Intown购物中心B1层,无
B2094556D06BA0F5469F,餐饮,广东省深圳市福田区福宁街141号,无
B2094354D465A1F4419D,餐饮,广东省深圳市福田区福田环庆大厦西北门东南100米,无
B2094750D26DA0F8429C,无,餐饮,广东省深圳市福田区福华三路116号星河丽思卡尔顿酒店2楼(近会展中心)
B2094252D26DA4F4409C,意式餐厅,广东省深圳市福田区福田中心六路,无
B209425DD06FA3F44198,火锅店,广东省深圳市福田区福星路108号(赤尾地铁站D口步行260米),无
B2094253D76CA5FB499B,西餐厅,广东省深圳市福田区益田路5023号平安金融中心商场6楼S601-602,无
B2094551D56BA0FC439D,餐饮,广东省深圳市福田区益田路5033号平安金融中心117-118层,无
B2094555D76EA2FD4199,广东菜,广东省深圳市福田区福华三路星河cocoPark商场3楼L3S-015-016,null
B2094256D464A4F54499,广东菜,广东省深圳市福田区福华三路138号四季酒店3层(近会展中心),无
B2094355DB6BABFC4792,江苏菜,广东省深圳市福田区益田路5003平安金融中心裙楼6楼,无
B2094253D569AAFD4699,中餐厅,广东省深圳市福田区益田路5003平安金融中心裙楼6楼,无
B209425CDB65A4F9429C,冷饮店,广东省深圳市福田区福华三路118号皇庭广场L2,无
B2094356D464A1FD439C,餐饮,广东省深圳市福田区福田街道益田路5033号平安金融中心A座L4层,无
B2094354D46FA3FB489B,中餐厅,广东省深圳市福田区福华三路268号福田星河COCO Park商场北区一楼L1-080B号,无
B209425CD564A6FE4292,公司,广东省深圳市福田区福田街道福安社区益田路5033号平安金融中心116楼东南侧,无
B2094351D56AA6FB4592,景点,广东省深圳市龙岗区深圳大鹏半岛国家地质公园,无
B2094352D36CA0F9469D,西餐厅,广东省深圳市龙岗区世纪海景高尔夫正门,无
B2094253D06BABFE4993,景点,广东省深圳市龙岗区大鹏新区南澳地质公园路1号深圳大鹏半岛国家地质公园内(东侧),无
B2094250D36BA0FD469E,山脉,广东省深圳市龙岗区,无
B2094252D76BA6FB4499,公园,广东省深圳市龙岗区地质公园路,无
B2094355DA69A3FE499F,景点,广东省深圳市龙岗区地质公园路,无
B209425DD26BA5FB499B,景点,广东省深圳市龙岗区大鹏新区南澳地质公园路1号深圳大鹏半岛国家地质公园内(西侧),无
B2094251D66DA5F44892,景点,广东省深圳市龙岗区大鹏新区南澳地质公园路1号深圳大鹏半岛国家地质公园内(西侧),无
B2094554D069ABFB459A,景点,广东省深圳市龙岗区南澳镇鹅公湾旭阳海洋牧场旅游景区,鹅公湾是西冲西面一个人迹罕至的海湾，沙滩背靠群山，面朝大海，沙滩后一条银白色的瀑布，它从山涧飞流下直冲蔚蓝大海。在这个美丽的海湾上，你完全可以卸 下平日沉重的盔甲，抛却城市的喧器和纷扰沉浸在山水之中，享受纯粹的自然和清新。青山溪水，海湾每处的风景都是自然天成。
B2094653D26EA7F5419C,景点,广东省深圳市龙岗区地质公园路1号附近,七娘山是大鹏半岛南岛的主要山峰，海拔869米，是深圳市内山脉中仅次于梧桐山第二高峰，山中森林茂盛，保存着未经人为破坏的常绿阔叶林，由于七娘山雨量充沛，云雾易于形成，云峰在无边无际的云海中穿梭，景象瞬息万变。
B2094354D265AAF5429E,公司,广东省深圳市龙岗区地质公园路31号,无
B2094350D06EA4FB419E,景点,广东省深圳市龙岗区大鹏新区南澳地质公园路1号深圳大鹏半岛国家地质公园内(西侧),无
B2094350D56AA0FD439E,景点,广东省深圳市龙岗区地质公园路31号,无
B209445DDB68A4FD4193,旅馆招待所,广东省深圳市龙岗区大棚新区南澳新上横岗七娘山直下500米,无
B2094452D265A6FE4993,山脉,广东省深圳市龙岗区大鹏新区南澳地质公园路1号大鹏半岛地质公园内,无
B209445DD46AA2F5479C,经济型连锁酒店,广东省深圳市龙岗区南澳街道地质公园路欧书园村31号,无
B2094554D26CA7F5409E,民宿,广东省深圳市龙岗区大鹏新区南澳七娘山地质公园路欧书园村26栋,无
B2094452D265A2F4499D,博物馆,广东省深圳市龙岗区大鹏半岛国家地质公园内,无
B2094550D76AA6F8489D,出行住宿,广东省深圳市龙岗区深圳南澳欧书园村26栋,无
B2094554D264A1F5499F,旅馆招待所,广东省深圳市龙岗区大鹏新区南澳街道地质公园路欧书园村23号(近南澳七娘山),无
B2094253DB6CA6FA499E,出行住宿,广东省深圳市龙岗区丰坪路坪山仔,无
B209445DDB6BA0F8459C,旅馆招待所,广东省深圳市龙岗区大鹏新区地质公园路欧苏园度假村32号,无
B209445CD765A4FB429A,四星级宾馆,广东省深圳市龙岗区南澳镇新大社区下横岗村66号,此心安处，便是吾乡。远离喧嚣，回归田园，这里有你我的故事共同分享。
B209445DD46DA3F84993,旅馆招待所,广东省深圳市龙岗区大鹏新区南澳新大社区下横岗83号,无
B2094355D46EAAFB489E,餐饮,广东省深圳市龙岗区南澳街道新大社区新大路大岭村北区27号,无
B2094352D76CABFD479F,公园,广东省深圳市龙岗区大鹏新区南澳新东路,无
B2094554D16CA5F9429D,出行住宿,广东省深圳市龙岗区新大社区欧苏园村内,无
B209425CD66BA7F5409E,景点,广东省深圳市龙岗区鹿嘴大道,无
B209445DDB68A5F94793,旅馆招待所,广东省深圳市龙岗区新大社区新圩村三区56号,无
B2094356D668A6FE459E,餐饮,广东省深圳市龙岗区大鹏新区南澳街道新东路杨梅坑鹿嘴山庄,无
B2094253D668ABF94393,中餐厅,广东省深圳市龙岗区南澳街道东山社区南澳鹿嘴山庄里面,无
B2094356D36BA1FF4392,景点,广东省深圳市龙岗区南澳街道X260(新东绿道),无
B209425CD66CA4F5419A,景点,广东省深圳市龙岗区鹿嘴大道,无
B2094653D26DA5FF4493,休闲娱乐,广东省深圳市龙岗区杨梅坑,无
B209445CD364A2F5489A,江苏菜,广东省深圳市龙岗区新大社区新圩18号,无
B209445DD56DA7FC449D,旅馆招待所,广东省深圳市龙岗区南澳大鹏新区南澳东山杨梅坑186号,无
B209445DDB69ABFB449F,旅馆招待所,广东省深圳市龙岗区大鹏新区南澳街道办新大新东路58号,无
B2094757D66CA5F9499B,运动场所,广东省深圳市龙岗区深圳南澳街道东山社区荔枝山深铁湾1号,无
B2094254D665A0FB4999,景点,广东省深圳市龙岗区东山社区杨梅坑,无
B2094252D564A5F84398,中餐厅,广东省深圳市龙岗区,无
B2094653D26DA5FF4598,休闲娱乐,广东省深圳市龙岗区南澳街道新东路,无
B2094653D26DA5FF4592,无,餐饮,广东省深圳市龙岗区南澳镇东山杨梅坑
B2094653D26DA5FF459F,售票处,广东省深圳市龙岗区新东路北50米,无
B2094653D26BA2FF479A,景点,广东省深圳市龙岗区大鹏新区南澳镇桔钓沙,"杨梅坑位于大亚湾,在南澳镇的西北面位于七娘山脉与老虎坐山之前有一座山,山上长满杨梅,故此地名杨梅坑村”。杨梅坑由正尾坑与大坑湖汇合而成。溪水入海处有很多怪石,有的平如磨砺,有的尖如斧削。出海可租渔船,登山则可溯溪。"
B209445DD569A0F84499,旅馆招待所,广东省深圳市龙岗区南澳街道东山社区杨梅坑98号,无
B209425DD765ABFD4698,海滨浴场,广东省深圳市龙岗区新东路56号,无
B2094554D26BABFD4593,旅馆招待所,广东省深圳市龙岗区南澳街道杨梅坑村43号,无
B2094251D66AAAFA479F,餐饮,广东省深圳市龙岗区新东路29号对面,无
B2094757D06AA4FD4899,未知分类,广东省深圳市龙岗区深圳杨梅坑45号,无
B2094753D76DA0FC479B,烧烤,广东省深圳市龙岗区南澳镇杨梅坑天然潭度假村(近七星湾),无
B2094351D565A6FB4598,景点,广东省深圳市盐田区海景二路古塔社区公园,无
B209445CD36BABFF429E,餐饮,广东省深圳市盐田区海涛路8号,无
B2094653D268A1FB4498,商场,广东省深圳市盐田区沙头角中英街1-6号,无
B2094252DA6FA1F9469F,住宅,广东省深圳市盐田区深沙路与公园路交叉口,无
B209425CD565A4FE4698,餐饮,广东省深圳市盐田区东和路61号,无
B2094653D26DA0F4409B,餐饮,广东省深圳市盐田区沙头角中英街镇内横头街鹏湾丽苑6栋1楼,无
B209445CD36BAAFD479F,糕饼店,广东省深圳市盐田区沙头角官下路37号(沙头角中学侧门对面，沙头角招商银行附近),无
B209445CD765A6F5459B,公司,广东省深圳市盐田区海山街海涛路东和大厦4楼,书画篆刻教育，艺术品展销、拍卖，文房四宝销售
B2094251D26AA3FF4292,餐饮,广东省深圳市盐田区沙深路138号群利大厦1-2楼(沙头角海关对面),无
B2094251D665A4F84998,广场,广东省深圳市盐田区海景路11号附近,无
B2094355DA68A3F5409D,景点,广东省深圳市盐田区海滨栈道碧道慢行道,无
B2094251D36CA1F8459B,火锅店,广东省深圳市盐田区海山街道深盐路南面海山路北面壹海MallL4-001号商铺,无
B2094252D66BA1FD4999,冷饮店,广东省深圳市盐田区海山街道办事处深盐路南面海山路北面壹海MallL1层008号(海山站A出口),无
B2094355D16BA6F44892,西餐厅,广东省深圳市盐田区海山街道鹏湾社区海景二路1039号北侧V公馆ONEMALL3-009,无
B2094653D269A4FF439F,道路,广东省深圳市盐田区,无
B2094257D46DA5FB499A,甜品店,广东省深圳市盐田区海山街道鹏湾社区深盐路2039号壹海中心183,无
B2094251DB6CA6FC4098,景点,广东省深圳市盐田区莲塘街道罗沙路2076号广东梧桐山风景名胜区,无
B2094356D168ABF54693,西餐厅,广东省深圳市龙岗区大鹏新区南澳街道海滨南路33号E3、E4、E17栋,无
B209425DDA6CA6F84899,景点,广东省深圳市龙岗区大鹏新区南澳街道南隆社区海滨南路33号,无
B2094257D46DA6FD4498,海滨浴场,广东省深圳市龙岗区海滨北路附近,无
B2094757D66CA3FD449D,村庄,广东省深圳市龙岗区大亚湾西侧,"大鹏半岛位于深圳市东南部海岸,在大鹏湾和大亚湾之间,主要指大鹏,葵涌,南澳,是深圳的“黄金海岸”。\r\n半岛包括北半岛,南半岛及其间的颈部连接地带,形似哑铃。景观以古火山和海岸地貌为特征,森林覆盖率76%,拥有七娘山,排牙山,横头岭等多座山峰。主要景点包括大鹏半岛地质公园,大鹏山等。\r\n半岛三面环海,奇峰怪石众多,沿岸分布着大大小小十几个沙滩,如金沙湾,西涌,东涌,桔钓沙等,这些沙滩沙质松软,属中细沙,湾内水深较大,这使得大鹏半岛的沙滩可以冲浪,帆板,为越来越多喜爱甚至尝试新兴运动项目的游客服务。\r\n半岛山中拥有径心水库,枫木浪水库,打马枥水库水库等20多座小型水库,以及王母河,西涌河,东涌河等"
B2094350D06AA1FA469E,餐饮,广东省深圳市龙岗区文明路水头沙社区,无
B2094252D46CABFD4398,海滨浴场,广东省深圳市龙岗区深圳六月海酒店东南侧290米,无
B2094252D664ABF54998,休闲娱乐,广东省深圳市龙岗区大鹏新区六月海酒店东南侧50米,无
B2094551D76FA6F44898,景点,广东省深圳市龙岗区大鹏新区六月海酒店东南侧50米,无
B2094357D06FA5F5469F,餐饮,广东省深圳市龙岗区大鹏新区大鹏街道下沙社区金沙湾停车场小吃店101,无
B2094757D064A5FA499C,景点,广东省深圳市龙岗区金沙湾滨海公园西侧450米,无
B2094557D56AA4F84592,未知分类,广东省深圳市龙岗区海滨北路大鹏半岛,无
B2094557D06FABF54193,餐饮,广东省深圳市龙岗区南澳大鹏新区大鹏新区南澳街道东渔村冰厂,无
B209445CD36BA2F84592,烧烤,广东省深圳市龙岗区南澳街道新东路12号,无
B2094252D464AAFB4898,休闲娱乐,广东省深圳市龙岗区南澳新东路,无
B2094252D46FA2F4449E,运动健身,广东省深圳市龙岗区南澳街道东山社区东山村屋头,无
B2094253D36DABF44899,休闲娱乐,广东省深圳市龙岗区南澳街道新东路桔钓沙沙滩上,无
B2094357DA65A5F94798,民宿,广东省深圳市龙岗区大鹏新区南澳街道新东路28号,无
B2094256DB6BA1F5429F,出行住宿,广东省深圳市龙岗区大鹏新区新东路28号酒店1层,无
B2094554D06BA5F94698,海滨浴场,广东省深圳市龙岗区南澳新东路,无
B2094350D46DABFE429D,海滨浴场,广东省深圳市龙岗区新东路28号,无
B2094253D06AA2FB4198,餐饮,广东省深圳市罗湖区黄贝街道怡景社区黄贝路25栋103,无
B2094757D065A3F9489B,公园,广东省深圳市罗湖区童乐路12号,"深圳市儿童公园位于繁华的罗湖闹市区雅园立交桥西南侧,面积近6公顷,它是深圳市区儿童主要的游乐场所之一。这里有游乐场嬉水池,航天飞机,摩天轮冲浪等,受小朋友欢迎的娱乐项目,而且较为集中,方便父母看管小朋友,\r\n开放时间：开园5：00至23：00。收费项目为8：00至22：00"
B2094357D668A3F5439A,火锅店,广东省深圳市罗湖区翠竹街道益田假日广场购物中心,无
B2094357D56FA6FE409E,中餐厅,广东省深圳市罗湖区华丽路2040号,无
B2094256D76CA5F54298,足球场,广东省深圳市罗湖区沿河北路2000-1,无
B2094752D26EA0FD4698,寺庙道观教堂,广东省深圳市罗湖区水库东路沿河北路,无
B2094757D66FA3F94898,餐饮,广东省深圳市罗湖区翠竹路大世界集团1楼,"肥妹烧腊店,是一家主要是以粤菜为主的餐厅,他家在罗湖区翠竹路1042号,他家地理交通位置很好,坐公交车的朋友,到站下车只需要走几分钟就到了。,n他家共有4个包房,最小的可以座4人最大的可以座15人左右,大厅可以座100人左右,大厅还有靠窗的位子,在这里用餐的同时还可以欣赏到外面的夜景,感觉真的很不错。"
B2094252D46BA6F4439B,植物园,广东省深圳市罗湖区沿河北路布心路出口附近,无
B2094750D765A5F44898,无,火锅店,广东省深圳市罗湖区翠竹路1026
B209445CD364AAF44099,广东菜,广东省深圳市罗湖区港莲路17-7号,无
B2094251D769A7F44298,生活服务,广东省深圳市南山区滨海大道2008号L1-035号铺(1号门耐克隔壁),无
B2094354DA64A0FE4592,水族馆,广东省深圳市南山区白石路东8号OPLAZA欢乐海岸购物中心,无
B2094557D768A1FF4793,水族馆,广东省深圳市南山区白石路东8号欢乐海岸购物中心2层西侧,深圳欢乐海岸海洋奇梦馆位于欢乐海岸购物中心二楼西侧，是集科普教育、体验互动、欣赏娱乐为一体的现代都市型水族馆。
B2094351D568A0FC4893,购物,广东省深圳市南山区白石路东8号（南门）,无
B209425CDB68AAF4439D,水上活动中心,广东省深圳市南山区深圳欢乐海岸购物中心3号门外广场,无
B2094257D26AA6F4449F,展览馆,广东省深圳市南山区白石路东8号欢乐海岸购物中心3层9号,无
B2094452D36CA4F54893,景点,广东省深圳市南山区白石路9号,无
B2094653D26BA2F54692,休闲娱乐,广东省深圳市南山区深南大道华侨城内 ,无
B2094757D16AA3F5409B,无,烧烤,广东省深圳市南山区锦绣中华锦园啤酒美食广场A01铺(近锦绣中华正门口)
B209425CD16BA5FB469D,西餐厅,广东省深圳市南山区沙河高尔夫球会会所一楼,无
B2094251DA6DAAF8419F,景点,广东省深圳市福田区白石路与红树林路交叉口西南300米,无
B2094251D569A6F9469E,政府机构,广东省深圳市福田区红树林路1号广东内伶仃福田国家级自然保护区内,无
B2094554D16CA3F94499,景点,广东省深圳市南山区深南大道9003号锦绣中华内景点,无
B2094354D169A7F44299,政府机构,广东省深圳市福田区红树林路1号广东内伶仃福田国家级自然保护区内,无
B2094250D06CABF84699,景点,广东省深圳市南山区深南大道9003号锦绣中华内,无
B209425CD564A4F5429D,日本料理,广东省深圳市福田区滨河大道辅道博今国际205号商铺,无
B2094354D06AA1FC4092,中餐厅,广东省深圳市福田区车公庙泰然七路博今国际Bospace购物中心3楼,无
B2094355D46CABF8499A,中餐厅,广东省深圳市福田区泰然八路海松大厦B座1层（下沙站C出口）,无
B2094250D06DAAF5419E,火锅店,广东省深圳市福田区泰然八路18号安华工业区10栋1层103,无
B2094753D36EA4FA4193,休闲娱乐,广东省深圳市南山区深南大道9003号,无
B2094350DA6CA1F84292,日本料理,广东省深圳市南山区沙河街道白石洲西社区沙河高尔夫球会俱乐部215号,无
B2094251D36DA3F54092,广场,广东省深圳市南山区深南大道9003号中国民俗文化村,无
B209425CD36CA4F9419C,景点,广东省深圳市南山区深南大道9003号锦绣中华民俗村内(东侧),无
B2094253D464ABFA4592,餐饮,广东省深圳市南山区白石路168号京基·百纳广场2层,无
B2094757D068A2F94893,商场,广东省深圳市南山区白石路168号南山京基百纳广场B1层,无
B2094750D16AA1FD4299,景点,广东省深圳市南山区深南大道9003号中国民俗文化村,"·锦绣中华民俗村本身由锦绣中华和中华民俗村2部分组成,现在2个园区已经合并。·锦绣中华主要看微缩景区及拍照,近百处按1:15的比例缩小的中国著名景点。·迷你版的万里长城,秦兵马俑,敦煌莫高窟,黄果树瀑布等名胜都可在此尽收眼底,因而有“一天游遍中华”之说。·中华民俗村中可以领略到中华56个民族所交织出的别样风情,这里有缤纷的少数民族服装,二十四个村寨的建筑风格以及各式民俗表演,令人目不暇接。"
B2094256D664A4FA449B,景点,广东省深圳市南山区深南大道9003号中国民俗文化村,无
B2094653D26AAAFE439C,景点,广东省深圳市南山区深南大道9003号中国民俗文化村,"锦绣中华是深圳华侨城的一个旅游区,坐落在风光绮丽的深圳湾畔。她是目前世界上面积最大,内容最丰富的实景微缩景区,占地四百五十亩,分为主点区和综合服务区两部分。82个景点均按中国版图位置分布,比例大部分按1：15建造。&amp;ldquo;锦绣中华&amp;rdquo;的景点均是按它在中国版图上的位置摆布的,全园面积有如一幅巨大的中国地图。这些景点可以分为三大类：古建筑类,山水名胜类,民居民俗类。安置在各景点上的陶艺小人达五万多人。这里有名列世界八大奇迹的万里长城,秦陵兵马俑；有众多世界之最：最古老的石拱桥,天文台,木塔(赵州桥,古观星台,应县木塔),最大的宫殿(故宫),海奇山峰(黄山),最大瀑布之一(黄果树瀑布)；有肃穆庄严的黄帝陵,成吉思汗陵,明十三陵,中山陵,金碧辉煌的孔庙,天坛,雄伟壮观的泰山,险峻挺拔的长江三峡,如诗似画的漓江山水,有杭州西湖,苏州园等江南胜景,千姿百态,各具特色的名塔名寺名楼名石窟以及具有民族风情的地方民居；此外,皇帝祭天,光绪大婚,孔庙祭典的场面与民间的婚丧嫁娶风俗尽呈眼前。在编钟馆,你还能欣赏到古装乐队为您演奏千古绝响--楚乐编钟。您可以在一天之内领略中华五千年历史风云,畅游大江南北锦绣河山。"
B2094653D26EAAFF4592,住宅,广东省深圳市南山区华侨城世界之窗欧陆风情街(深南大道9037号),无
B2094257D468A1F84398,火锅店,广东省深圳市南山区沙河街道白石洲东社区白石路168号御景东方L3-01,无
B2094251D76DA1FA4693,经济型连锁酒店,广东省深圳市南山区深圳大道9015号新浩城花园西门,无
B2094352D76AA5FF4498,火锅店,广东省深圳市福田区泰然六路泰然体育中心北侧约50米,无
B2094253D664A3F44992,餐饮,广东省深圳市福田区苍松大厦东南门旁,无
B2094252DB69A0F4459A,四川菜,广东省深圳市福田区沙头街道天安社区泰然六路31号泰然科技园213栋(车公庙地铁站F出口),无
B2094255DB6AA4FA449D,烧烤,广东省深圳市福田区苍松大厦102楼1层(车公庙地铁站F口步行450米),无
B2094351DA6EA6F9499E,日本料理,广东省深圳市福田区沙头街道天安社区泰然四路113号泰然科技园213栋109,无
B2094252D76DA2F9429F,中餐厅,广东省深圳市福田区沙头街道天安社区泰然四路泰然科技园212栋一层106号,无
B2094251DA6FA3FA499C,日本料理,广东省深圳市福田区沙头街道天安社区泰然六路泰然科技园苍松大厦101号04-05单元,无
B2094252D16BAAF54899,日本料理,广东省深圳市福田区沙头街道天安社区泰然四路泰然科技园211栋1A,无
B2094251DB65A4FC4293,道路,广东省深圳市福田区,无
B2094356D16EA0F4479B,餐饮,广东省深圳市南山区石洲中路62号,无
B2094652DB6AAAFC439A,五星级宾馆,广东省深圳市南山区华侨城深南大道9009号,"锦江之星深圳万象城店临近万象城,东门,国贸商业圈,以及火车站。闹中取静,环境卫生。,,地铁路线：大剧院C出口或国贸站E出口"
B2094757DB6EABF8449C,五星级宾馆,广东省深圳市南山区华侨城深南大道9009号,"锦江之星深圳万象城店临近万象城,东门,国贸商业圈,以及火车站。闹中取静,环境卫生。,,地铁路线：大剧院C出口或国贸站E出口"
B2094753D565ABFD4499,住宅,广东省深圳市南山区深南大道9017号,无
B2094251D369AAFB419A,法式餐厅,"广东省深圳市南山区深南大道9009号华侨城洲际大酒店L层(近锦绣中华,世界之窗,欢乐谷)",无
B2094253D26CA7FD4092,景点,广东省深圳市南山区深南大道9037号世界之窗,无
B2094251D16DABFD489B,日本料理,广东省深圳市南山区深南大道9001号锦绣中华大门东侧50米(大水车后面),无
B2094557D369A3FD429F,日本料理,广东省深圳市南山区深南大道9001号锦绣中华大门东侧50米(大水车后面),null
B2094356D565A6FA499F,日本料理,广东省深圳市南山区深南大道9001号锦绣桃园内,无
B2094256DA65AAF8459E,日本料理,广东省深圳市南山区深南大道9001-3(华侨城地铁站D口步行330米),无
B2094757D168A5F94799,美术馆,广东省深圳市南山区深南大道9009-1,外形酷似“水立方”，国内首家以设计为主题和定位的美术馆。华·美术馆的仿生外形酷似蜜蜂的巢穴，因此又被称为“蜂巢”。美术馆是由旧厂房经过改造而成，六边形钢结构重叠组合的玻璃幕墙在旧有建筑外构筑一个独立表皮，在新锐的建筑外形下保留了过去建筑的历史和意义。华·美术馆是一个按照国际美术馆标准建设的现代化多功能美术展馆。建筑面积达3000余平方米，其中可控温展厅面积达2000平方米，同时拥有可控温画库，具备艺术品展示和收藏的专业化环境和条件。特设艺术沙龙，为艺术家、艺术观众、鉴赏家、收藏家提供全方位的交流平台。
B2094355DA6DA0FD409C,火锅店,广东省深圳市南山区沙河街道石洲中路194,无
B2094257D36AA4F9459A,火锅店,广东省深圳市南山区石洲中路38号(世纪村东门对面),无
B2094757D06AA0F5469C,美术馆,广东省深圳市南山区深南大道9013号(华侨城地铁站C口步行320米),"它是中国第一个以个人名字命名的国家级美术馆,也是继中国美术馆之后的第二个国家现代博物馆。它坐落在中国改革开放的窗口城市-深圳华侨城,毗邻驰名中外的三大文化旅游景区“锦绣中华”,“中国民俗文化村”,“世界之窗”,和民俗文化村西门入口紧相连。何香凝美术馆以收藏,陈列,研究何香凝书画作品为主,亦将关注相关的美术家并对美术史料加以整理,保存,并组织海内外高品位的美术展览与精品典藏,通过对现代美术的学术研究及美术教育的推广等,弘扬中华文化传统,促进我国社会主义精神文明及我国美术界与海外的文化艺术交流。一九九五年五月十三日,何香凝美术馆经中央批准兴建；一九九六年三月一日动工,一九九七年四月建成,四月十八日正式开馆。江泽民总书记亲自题写了馆名。为艺术家和艺术观众,鉴赏家,收藏家提供全方位的服务,与华侨城文化旅游景区一流环境相融合。以舒适,典雅的环境氛围,鼓励人们问津艺术,座谈作品,聆听讲座,参与创作；注重艺术家个人的艺术表达,搭建海内外美术界与广大观众之间的桥梁,使艺术家,艺术作品和艺术欣赏者之间融为一体,从真正意义上推动中国美术事业的大发展,大繁荣。美术馆建筑面积５０００余平方米。其建筑设计力求体现何香凝女士一生的品格和庄重,实效,适度的原则。宽广的广场,与中国民俗文化村西门入口相连接,是人与人交流,活动的生活化空间,也成为该建筑的前奏曲。通过十几个宽大的花岗岩台阶和二十余米长的人行天桥,将参观者一步步引入了馆内。整个建筑采用灰,白两色调,典雅,庄重；外观凹进的墙面与凸出的玻璃盒子形成强烈的对比,长长的狐形墙面上开出长方形的洞口,墙后数十株竿青翠竹随风摇曳。进入主展厅之前,设计了一个四合院式的中庭,中庭的南北中轴线与人行天桥和主展厅的中轴线相吻合,使该院成为重要的过度空间。中庭三面采用大面积的木棂窗门,摒弃了繁琐的装饰,在简洁,朴素,具有浓郁的传统文化氛围中散发出现代感。室内设计充分借用外环境的优美景致,当参观者欣赏二楼的展品后,拾阶而上三楼,楼梯的正前方,通透的大玻璃将民俗村的石林借进来,宛若一幅活的山水画。“天井”中庭,不仅洋溢着东方庭院的逸趣,且使室内,室外互相呼应,从而丰富了参观者的视觉效果。公共大厅等处的屋顶使用了玻璃天棚。在天棚下,游人可见蓝天,白云,通过阳光的照射,建筑映照在地面和墙体上产生的光影,增添了室内空间的趣味性。"
B2094252D26EA1FB4593,火锅店,广东省深圳市南山区棕榈泉国际中心一楼109,无
B2094253D66DA6F8499A,火锅店,广东省深圳市南山区石洲中路56号,无
B2094257D769A2FA429B,景点,广东省深圳市南山区深南大道9037号世界之窗,无
B2094557DB6BAAFD4198,经济型连锁酒店,广东省深圳市南山区光侨街13号新侨大厦1层,无
B2094252D669A1FC4298,广东菜,广东省深圳市南山区深南大道9018号华侨城大厦E座E-101A,无
B2094257D26EA3F8409E,滑雪场,广东省深圳市南山区深南大道9037号世界之窗内,无
B2094354D76AAAFE489A,餐饮,广东省深圳市福田区园博园南门粤清园,无
B2094352D76BA0FB469E,湖南菜,广东省深圳市福田区沙头街道天安社区泰然四路113号泰然科技园211栋泰然四路115号,无
B2094354D36FA5FD439A,火锅店,广东省深圳市福田区沙头街道天安社区泰然四路泰然科技园210栋东座1B1号,无
B2094354DA6BA2F84098,火锅店,广东省深圳市福田区沙头街道天安社区泰然四路泰然科技园210栋东座1B1号,无
B2094255D765A6F4499B,中餐厅,广东省深圳市福田区泰然九路21皇冠科技园,无
B209425CD36DABFC439B,潮州菜,广东省深圳市福田区深南大道6035号深航大厦深航国际酒店3层,无
B2094652DB64A0F94392,休闲娱乐,广东省深圳市福田区深南大道6031号杭钢富春商务大厦2618,无
B209445DD26BAAF84892,景点,广东省深圳市福田区南山区,好吧我只是定位jjkkkkllkl
B2094257D565A7F4489C,日本料理,广东省深圳市福田区深南大道创建大厦一楼,无
B2094252D269AAFB469D,四川菜,广东省深圳市福田区天安社区泰然二路泰然科技园107栋1层109号,无
B2094653D26EA5FB479C,国家级景点,广东省深圳市南山区深南大道9037号,无
B2094653D26EA2FE409B,国家级景点,广东省深圳市南山区深南大道9037号,"毗邻锦绣中华和中国民俗文化村,占地48万平方米,是香港中旅集团在深圳华侨城创建的又一大型文化旅游景区。将世界奇观,历史遗迹,古今名胜,自然风光,民居,雕塑,绘画以及民俗风情,民间歌舞表演汇集一园,再现了一个美妙的世界。在一片浓郁的荔枝园里,有五十多尊世界名雕,如有约翰&amp;middot;施特劳斯纪念碑,掷铁饼者,阿波罗太阳神,思想者等,形象生动,栩栩如生。景区内交通设施,齐备,有高架单轨环游车,游览车,古代欧式马车,吉普赛大篷车,老爷车,单桨木船,橡皮筏,为游客提供多种趣味的观赏活动设施。国际街商业服务区,以欧洲,亚洲,伊斯兰等民居建筑风格为主体,集教堂,集市,街道于一处,是供游人小憩和购物的地方。在这里可以品尝到法国,意大利,奥地利,俄国,日本,泰国,韩国等不同风味的大餐,及德国啤酒,夏威夷雪糕。还汇集了世界各国精巧的工艺品,旅游纪念品,琳琅满目,供游客选购。每当夜幕降临,华灯初放,景区内又展现出另一种迷人的异国情调。由世界民族歌舞和民俗节目组成的狂欢之夜艺术大巡游,把景区游园活动推向高潮。"
B2094252D264AAFC4993,四川菜,广东省深圳市南山区深南大道9018号华侨城大厦B座B-303A,无
B2094253D765A7FF469D,火锅店,广东省深圳市南山区华侨城大厦商业B座2层202,无
B2094556D769ABF94599,韩国料理,广东省深圳市南山区光侨街光侨花园长秀楼1楼104号,无
B2094750D16AA1FC409B,日本料理,广东省深圳市南山区华侨城美食街109铺(华侨城海景奥斯廷酒店后侧美食街)(近沃尔玛),无
B2094252D364A6FA469B,景点,广东省深圳市南山区深南大道9037号世界之窗,无
B2094653D26FAAF8419D,中餐厅,广东省深圳市南山区华侨城铜锣湾广场2楼,无
B2094355D568ABFE449C,餐饮,广东省深圳市南山区兴隆街6号,无
B2094354DA64A5F9479B,景点,广东省深圳市南山区深南大道9037号地铁世界之窗站H、I出口步行10米梅拉尼亚小镇内,无
B2094757D46AA7FD489E,糕饼店,广东省深圳市福田区紫竹七道17号求是大厦1楼(近锦绣江南),无
B2094757DA6AA1FB4398,公司,广东省深圳市福田区深南大道6021号喜年中心裙楼3楼301A,无
B2094252D565A0FC4099,中餐厅,广东省深圳市福田区沙头街道泰然科技园201栋10铺,无
B2094351D66FA6FF4599,中餐厅,广东省深圳市福田区天安社区深南大道6019号金润大厦401全层401-422室,无
B2094251DA6FA4F4409B,餐饮,广东省深圳市福田区深南大道6011号NEO绿景纪元大厦A座M层A2,无
B209445CD364A3FD4393,广东菜,广东省深圳市福田区深南大道7888深圳东海朗廷酒店3层,无
B2094251DB69A2FC4299,餐饮,广东省深圳市福田区绿景NEO大厦A座2楼,无
B209445DD06EA3F8449B,广东菜,广东省深圳市福田区深南大道6005号金茂深圳JW万豪酒店2楼(车公庙地铁站J1出口),无
B209425DD165A0FC419A,日本料理,广东省深圳市福田区香蜜湖街道东海社区深南大道7888号东海国际中心一期A栋101A1-2101A2号,无
B2094252D66CA0F9459D,咖啡厅,广东省深圳市南山区锦绣北街3号华侨城东部工业区E5栋101A号,无
B2094354DA6DA5F5479B,景点,广东省深圳市南山区华侨城深南大道9037号深圳世界之窗,无
B2094355D26AA4F94693,景点,广东省深圳市南山区,无
B2094252D364A2FA4299,购物,广东省深圳市南山区深南大道9037号世界之窗景区西侧欧洲印象2单元(阿尔卑斯滑雪天地旁),无
B2094653D26FA3FB499A,经济型连锁酒店,广东省深圳市南山区深南大道9037号世界之窗(世界之窗地铁站H口旁),无
B2094752D66AA6FC409F,经济型连锁酒店,广东省深圳市南山区深南大道9037号世界之窗(世界之窗地铁站H2口旁),"城市客栈世界之窗店是一家精品商务酒店,位处深圳市南山区黄金地段华侨城旅游度假区,紧邻世界之窗停车场和地铁出入口,酒店以简约典雅的客房,浪漫的欧陆氛围,优越的地理位置和四通八达的交通设施成为商旅公干,度假旅游的首选。"
B2094554D26AA1F54893,旅馆招待所,广东省深圳市南山区沙河世纪假日广场A栋3号(靠近佛山街),无
B2094354D364A2F9419C,景点,广东省深圳市南山区深南大道9037-6号深圳世界之窗内(北侧),无
B2094757D068A4F8429E,旅馆招待所,广东省深圳市南山区深圳华侨城深南大道9026号  ,无
B2094550D76DA2FD419F,三星级宾馆,广东省深圳市南山区深南大道9039号白石洲博耐家具广场1楼,null
B2094757D065A3F44592,无,牛扒店,广东省深圳市南山区深南大道9028号益田假日广场L3-1号
B2094354D76FA4FC489E,景点,广东省深圳市福田区益田路5033号平安金融中心116层,无
B2094257DB68ABF4499F,景点,广东省深圳市福田区益田路5033号平安金融中心116层,无
B2094251D66BA1F9429B,中餐厅,广东省深圳市福田区益田路5033号平安金融中心118层,无
B2094257D665ABF54093,酒吧,广东省深圳市福田区福华四路16号平安金融中心商场6楼S601-S602,无
B2094256D76BA7F5479D,中餐厅,广东省深圳市福田区益田路5003平安金融中心北塔商场楼6楼,无
B2094354DA6EA2F84993,火锅店,广东省深圳市福田区福华三路268号星河COCOPARK购物广场L2118,无
B2094352DA64A2F54399,东南亚餐厅,广东省深圳市福田区平安金融中心PAMALL（L6层）,无
B209425CD064A0F54298,火锅店,广东省深圳市福田区福华三路118号会展中心站C出口皇庭广场L2层,无
B2094355D26EA0FF4998,四川菜,广东省深圳市福田区益田路平安金融中心北塔5层NL502,无
B2094354D764AAF5489F,甜品店,广东省深圳市福田区民田路与中心一路交叉口东60米(购物公园地铁站F口旁),无
B209425CDB6BA3F44399,中餐厅,广东省深圳市福田区福田村牛巷坊,无
B209475CD064A1F4439B,糕饼店,广东省深圳市福田区福星路福祥街26号,无
B2094652DB64A5F84498,糕饼店,广东省深圳市福田区复星路福祥街24号,无
B2094757DA6CAAFC4692,茶艺馆,广东省深圳市福田区福祥街24,无
B2094253DB6AA4FC4292,日本料理,广东省深圳市福田区福田街道岗厦社区福华三路88号财富大厦4层4A,无
B2094254D66AA2FB4899,餐饮,广东省深圳市福田区福田街道彩田南路福建大厦A座裙楼1至3层,无
B2094250D06DA5FE449A,餐饮,广东省深圳市福田区福田路牛巷坊54号楼1层,无
B2094252D56FA5FC439E,餐饮,广东省深圳市福田区福田村牛巷坊120-1号,无
B2094256DB6BABFF439C,餐饮,广东省深圳市福田区金田路3037号5楼,无
B2094253D268A2FA4192,中餐厅,广东省深圳市福田区福田街道福安社区福华三路118号皇庭广场G-92、92A、92B,无
B2094252DB64A2FE4698,西餐厅,广东省深圳市福田区福田街道福安社区福华三路268号星河COCOPARK购物广场LIS001-LIS142L1-046、L1-048,无
B2094351DB65AAF5449A,景点,广东省深圳市福田区福华三路118号皇庭广场R层,无
B209425DD46BA2F8479C,中餐厅,广东省深圳市福田区益田路5033号平安金融中心北塔L5层1699远洋私厨,无
B2094351D465A3F84593,中餐厅,广东省深圳市福田区福田街道福安社区福华三路118号皇庭广场L2(西门旁),无
B2094354D66DA4FD439F,餐饮,广东省深圳市福田区皇庭广场L2(会展中心地铁站C口步行200米),无
B2094253D66CA3F94992,日本料理,广东省深圳市福田区福安社区福华三路118号皇庭国商购物广场L楼29A30号商铺,无
B209425DD56FA5F4429B,日本料理,广东省深圳市福田区益田路5033号平安金融中心(北塔)B1层B13,无
B209425DD568ABFE4293,火锅店,广东省深圳市福田区福华三路268号星河COCOPark3层,无
B2094253D56CAAFC489D,中餐厅,广东省深圳市福田区福华三路118号会展中心站C出口皇庭广场L1层L1-36,无
B2094256DB68A7FD499E,餐饮,广东省深圳市福田区福华路连城新天地一期负一层,无
B2094352D568A0FC429D,火锅店,广东省深圳市罗湖区人民南路1008号环球经贸广场4楼,无
B2094554D06FA1FD469C,火锅店,广东省深圳市罗湖区春风路3068号置地广场一楼,无
B209425DD16DA2FD499E,餐饮,广东省深圳市罗湖区东门南路1017号文锦渡向西商业大厦102,无
B209425DD66FA3F4469C,中餐厅,广东省深圳市罗湖区阳光新干线家园119-120号,无
B209425CD76CA2F5459C,中餐厅,广东省深圳市罗湖区南湖街道罗湖桥社区人民南路2059号熙龙大厦2051、2059,无
B2094351D268A4FA489B,餐饮,广东省深圳市罗湖区南湖街道人民南路2059号熙龙大厦2051、2059,无
B2094252D069ABFC4792,政府机构,香港特别行政区北区莲麻坑路,无
B2094350D165A1FF429C,餐饮,广东省深圳市罗湖区人民南路2010号深圳发展中心13楼01,无
B209425DD76CA6F54092,中餐厅,广东省深圳市福田区金中环大厦负一楼(E出口)麦当劳对面,无
B2094653D269AAFD439D,潮州菜,广东省深圳市福田区福华路福田新村食街7栋(皇岗北路),无
B2094253D66AA2FE419E,日本料理,广东省深圳市福田区福华路350号皇庭中心F1层,无
B2094257DA6CA2F8469E,火锅店,广东省深圳市福田区福华路355号皇庭中心裙楼2层,无
B2094251D06EA6F4489E,潮州菜,广东省深圳市福田区福华一路348号卓悦中心东区L2层,无
B2094257D06AA6F8419A,西餐厅,广东省深圳市福田区福华一路348号深圳卓悦中心L1层,无
B2094351D16BA3FB409A,日本料理,广东省深圳市福田区福田街道地铁一号线会展中心站A口滨寿司,无
B2094750D26CAAF4419E,广东菜,广东省深圳市福田区福田街道福华一路1号,"喜来登酒店中餐厅是一家五星级的餐厅,口味不错,很多选择,是属于高端潮州菜酒楼,燕鲍翅海鲜出品价格都很高,最爱这里的炒青菜,一根根挑出来就是不一样。但是最好的还是环境和服务。在五星级酒店里面就餐确实感觉不错。是公司聚会的好选择。或者选择作为客户接待的地点也不错。服务很不错,都是很温柔的小男生和小女生。"
B209445DD06EAAFE409C,潮州菜,广东省深圳市福田区福安街55号,无
B2094252D069A5F5479B,西餐厅,广东省深圳市福田区福华一路1号大中华国际交易广场深圳大中华喜来登,无
B2094757D16FABFE499F,无,广东菜,广东省深圳市福田区滨河大道3001-6号京基御景华城商业广场2层201号
B2094252D265A6FF409A,寺庙道观教堂,广东省深圳市福田区滨河大道3032-3号(赤尾地铁站D口步行190米),无
B2094554D06AA1FB409D,火锅店,广东省深圳市罗湖区建设路1024-4号(人民南地铁站A1口步行80米),无
B209425CD569A4FE4098,旅馆招待所,广东省深圳市福田区福田街道福华社区福景路5号广东边防大厦,无
B2094251D368A2FB489D,湖南菜,广东省深圳市福田区华强北街道福景路5号广东边防大厦1层(领袖KTV1层),无
B2094750D26DA3FD4492,无,四川菜,广东省深圳市罗湖区宝安南路1881号君悦酒店1楼(近万象城)
B2094750D26CAAFA419E,无,广东菜,广东省深圳市罗湖区宝安南路1881号君悦酒店35\/36层
B209425CD16AAAFB469C,中餐厅,广东省深圳市罗湖区宝安南路1881号深圳君悦酒店1层,无
B2094653D26CA0FC4192,西北菜,广东省深圳市福田区滨江新村53号1-2层,无
B2094252D76AA7F84999,餐饮,广东省深圳市福田区滨江新村53号1-2层,无
B2094750D764A0FE4492,无,日本料理,广东省深圳市福田区益田路连城新天地1期C区负1层23号(近会展中心地铁站B口)
B209445CD36BA1F44698,广东菜,广东省深圳市福田区中心四路1-1号嘉里建设广场第三座裙楼第2层01室,无
B2094257D46DA5F9419E,酒吧,广东省深圳市福田区益田路与福华路交汇处嘉里建设广场二期第1M层01B单元,无
B2094751D56CABFA489F,西餐厅,广东省深圳市福田区嘉里建设广场3座1M层,无
B2094354DA69A3FC499A,休闲娱乐,广东省深圳市福田区嘉里建设广场3座1M层,无
B2094253D66FA1FF419B,中餐厅,广东省深圳市福田区领展中心城G层东广场(会展中心地铁站出入口旁),无
B2094257DA68A1FC439A,日本料理,广东省深圳市福田区中心三路嘉里建设广场3座1层103A室,无
B2094350D06DA6FB459F,火锅店,广东省深圳市福田区福田街道购物公园酒吧街左边10米,无
B2094355D46AA0FF4699,西餐厅,广东省深圳市福田区福田街道福安社区中心四路1号嘉里建设广场T1座102号,无
B2094550DB6CA1FE4398,餐饮,广东省深圳市福田区中心四路嘉里建设广场1座首层,无
B2094251D569A2FA489A,酒吧,广东省深圳市福田区深圳大中华喜来登酒店(会展中心地铁站A2口步行80米),无
B2094351D265A3F5499F,火锅店,广东省深圳市福田区金田路卓悦中心ONE AVENUE东区B1层B1108号铺位,无
B2094251D06AA3FC439A,中餐厅,广东省深圳市福田区福华一路1号大中华国际交易广场深圳大中华喜来登酒店1层,无
B209425CD768A6F8439E,火锅店,广东省深圳市福田区福华路与岗厦一路交叉口西北角卓悦中心东区二楼,无
B2094356D26EA4FF489F,中餐厅,广东省深圳市福田区卓悦中心东区负一楼B1107,无
B2094252D168A1F84298,餐饮,广东省深圳市福田区卓悦中心东区一楼L151铺(岗厦地铁站B口步行50米),无
B2094356D06BA4F84298,火锅店,广东省深圳市福田区福田街道岗厦社区福华路346号岗厦城卓悦中心东区L2层L235号,无
B2094253D26FABFC4593,中餐厅,广东省深圳市福田区福华一路348号卓悦中心东区B1层,无
B2094757D068A7F84692,五星级宾馆,广东省深圳市福田区大中华交易广场福华一路1号,无
B2094257D06CA1FD4592,广东菜,广东省深圳市福田区深南大道2005号卓悦中心东区2楼L233,无
B2094253D36FA4F84999,餐饮,广东省深圳市福田区福华路348号卓悦中心西区L5-506,无
B2094257D069A6F94399,广东菜,广东省深圳市福田区深南大道2005号One Avenue卓悦中心东区L2层L244,无
B2094354D665ABF84492,餐饮,广东省深圳市福田区福华一路348号深圳One Avenue·卓悦中心B1层,无
B2094252D465ABF8499B,冷饮店,广东省深圳市福田区福保街道福田街道岗夏社区福华路346号夏城L1层152A商铺,无
B2094252D669ABF94893,火锅店,广东省深圳市福田区卓悦中心东区二层,无
B2094354D169A1FF4893,中餐厅,广东省深圳市福田区福华路与岗厦一路交叉口西北角卓悦中心东区二楼L231号(晚上22点以后从商场东区4号门走扶梯上来2楼就可以看到门店),无
B2094354D26FA3FB429D,火锅店,广东省深圳市福田区福华一路348号深圳One Avenue·卓悦中心F4层,无
B2094350D26EA4FE459E,湖南菜,广东省深圳市福田区福华路卓悦中心西区三楼L305-306号,无
B2094351D66AA6F4489C,火锅店,广东省深圳市福田区福华路348号卓悦中心西区B2层华为商店旁边手扶梯下到负二,无
B2094256DB6BA5F5469F,广东菜,广东省深圳市福田区深南大道2005号One Avenue卓悦中心(西区)L5层L502,无
B2094354DA6CA1FC4492,火锅店,广东省深圳市福田区福田街道福华路348号卓悦中心西区B2层(脆鲜生旁),无
B2094257DA69ABF94092,广东菜,广东省深圳市福田区深南大道2005号One Avenue卓悦中心(西区)L5层L502,无
B2094350D468ABFA459C,韩国料理,广东省深圳市福田区福田街道福华路346号卓悦中心东区L1层L141号,无
B2094551D06EA2F5479F,出行住宿,广东省深圳市福田区深圳皇岗路2001号高科利大厦-B栋18E,无
B2094254D764A3FC4298,潮州菜,广东省深圳市福田区彩田路3016号(岗厦北地铁站10号口步行120米),无
B209425DDB6CA5F5419A,景点,广东省深圳市福田区深南大道市民广场南广场(东南角),无
B2094653D26AA1F8439D,咖啡厅,广东省深圳市福田区彩田路3069号星河世纪1楼(近COCO购物公园),无
B2094252D56FA5F8449C,景点,广东省深圳市福田区福田路与福华路交叉口西北200米,无
B2094556D56BAAF9489C,餐饮,广东省深圳市福田区南大街178号振华国际东单元603号(振华商厦),无
B2094652DB64A6FA489D,江苏菜,广东省深圳市福田区福明路3号嘉汇大厦4楼,NULL
B2094356D76BA4F84993,甜品店,广东省深圳市南山区沙河街道光华街社区锦绣北街10号东部工业区E5栋101C望春山里面,无
B2094253D165A4FB4298,餐饮,"广东省深圳市福田区深南大道6005号金茂JW万豪酒店2楼(近地铁车公庙站,安徽大厦旁)",无
B2094253D36BA2FF409B,自助,"广东省深圳市福田区深南大道6005号金茂深圳JW万豪酒店2楼(近地铁车公庙站,安徽大厦旁)",无
B209475CDB6DABFE419E,四星级宾馆,广东省深圳市南山区华侨城锦绣北街2号,&quot;null&quot;
B209425DD16EA0FA419F,餐饮,广东省深圳市福田区东海国际中心A座3301B,无
B2094354D46FA6F84998,火锅店,广东省深圳市福田区深南大道财富广场A座1层7002号,无
B2094253D569A3F94993,餐饮,广东省深圳市福田区深南大道7028号时代科技大厦F4层,无
B2094757D064A1F4479D,无,广东菜,广东省深圳市福田区深南大道7028号时代科技大厦F4层
B2094750D76BABFD4892,餐饮,广东省深圳市福田区深南大道6005号金茂JW万豪酒店2楼(广场路口),无
B2094652DB64AAFF499E,公司,广东省深圳市福田区深南大道6019号金润大厦17C,深圳一手楼盘免佣代理，二手房子事实播报。香蜜湖片区的二手房源，真实有效。中原地产，为您服务一切
B2094254DA6BA2FC4898,餐饮,广东省深圳市南山区沙河街道深南大道博耐家居广场1层C-1002号,无
B2094757D068AAFD4598,国家级景点,广东省深圳市南山区杜鹃山,"?\r\n\r\n\r\n深圳华侨城旅游度假区坐落在美丽的南海之滨,深圳湾畔,这里六平方公里的土地上,长年繁花似锦,绿树成荫,这里汇聚了中国最为集中的文化主 题公园群,文化主题酒店群和文化艺术设施群,这里是中国首批5A级旅游景区,首批全国文明风景旅游区,国家级文化产业示范园区,这里是&quot;精彩深圳,欢乐之 都&quot;流光溢彩的一张城市名片。\r\n以锦绣中华,中国民俗文化村,世界之窗,欢乐谷四大主题公园为核心,深圳华侨城旅游度假区形成了中国最具规模和实力的主题公园群,年均接待游客800万人次。\r\n1989年开业的锦绣中华是中国五千年历史文化,九百六十万平方公里锦绣河山的荟萃和缩影,以&quot;一步迈进历史,一日游遍中国&quot;的恢弘"
B2094251D06BA1FB4292,牛扒店,广东省深圳市南山区深南大道9028号益田假日广场3F,无
B2094253D765A1F4469D,中餐厅,广东省深圳市南山区沙河街道华夏街社区潮州西街22号华侨城公交公司综合楼201,无
B2094252D26DA3F4489D,日本料理,广东省深圳市南山区桥城西街22号(世界之窗地铁站A口步行230米),无
B2094757DB6FA2F84293,商场,广东省深圳市南山区深南大道9028号,无
B2094757D068AAFF499E,自助,广东省深圳市南山区深南大道9028号益田假日广场L3楼,"该餐厅主营自助餐厅,位于益田假日广场的二楼,对面就是世界之窗,在游乐场玩累了来这里吃自助是不错的选择,具有异国风味,日本生鱼片,寿司等,马来西亚小吃,意大利菜面,蛋糕和披萨等,还有泰国菜,各国菜色齐聚一桌,让人有点不知从何吃起了。\n鹅肝您可千万别忘点了,选用进口红酒和秘制鱼子酱,色泽亮丽,自助餐能吃到真的很划算。选用新鲜的鹅肝,用进口的法国红酒腌制,铁板烤制,飘香四溢,金黄的外表看上去外香里嫩,拌上浓郁的鱼子酱,入口即化,让人回味,该餐厅装修具有异国风情,菜肴品种繁多,却不零乱,几间独立的小厅,最大一间可坐二十四个人,整个餐厅可容纳一千二百号人就餐,一边享受着美食,一边观赏着异国的风情,颇具特色。"
B2094252D36DA5FB4693,日本料理,广东省深圳市南山区沙河街道华夏街社区潮州西街22号华侨城公交公司综合楼201,无
B209425DD568A4F5489C,餐饮,广东省深圳市南山区深南大道9028号益田假日广场深圳华侨城店L3层,无
B2094556D068A1FC449C,广东菜,广东省深圳市南山区沙河街道汕头街19-2,无
B2094253D369ABFD4192,浙江菜,广东省深圳市福田区福田街道福安社区福华一路3号领展中心城L1层FL1026,无
B2094352D56CA3FD4793,四川菜,广东省深圳市福田区城建购物公园北园101号,无
B2094653D26EA7F44698,五星级宾馆,广东省深圳市福田区福田街道益田路4088号,NULL
B2094354D169A3FD449C,火锅店,广东省深圳市福田区民田路138号深圳购物公园,无
B2094256D465AAFE429E,西餐厅,广东省深圳市福田区益田路4088号(福田香格里拉大酒店40楼),无
B2094257D268A6F4409C,日本料理,广东省深圳市福田区福华一路购物公园北园A区306号,无
B2094252D56EA0FD469F,火锅店,广东省深圳市福田区福田街道民田路138号购物公园北园2层,无
B2094253D26DABFD439D,餐饮,广东省深圳市福田区国际商会大厦B座0102室,无
B2094653D26EA0F4409E,休闲娱乐,广东省深圳市福田区香蜜湖街道深南大道6038号,"香蜜湖度假村始建于1981年,是当时是全国规模最大,设施最齐全,集吃,注行,游,购,娱于一体的度假村。在80年代中期香蜜湖度假村曾风靡深港两地,成为深圳人和来深圳旅游者的必到之地。经过20多年的发展,深圳香蜜湖度假村有限公司逐渐成长为一个集旅游,餐饮,房地产开发,物业租赁管理为主营业务,兼营文化体育,商业,交通运输及在自有场地制作发布广告的大型中外合资企业。中国娱乐城位于香蜜湖度假村内,有惊险刺激的双环过山车,海盗船,霹雳舞车,海怪,舞散太阳神等大型游艺机,有观赏性强的摩天轮,有参与性强的青少年体能训练营和趣味性强的弯月飞车,鬼屋,雪山音乐车,木马游艺等游乐项目,是目前深圳市内规模较大,项目较多的综合性大型机动娱乐主题乐园。座落在香蜜湖畔的体育中心是一个集高尔夫球尝网球尝乒乓球馆,羽毛球馆,篮球馆,环湖慢跑,湖边垂钓等综合性的体育运动中心。高尔夫俱乐部一期占地面积4万平方米,74个标准打位,软硬件一应俱全,是你休闲运动的好去处；你想玩刺激的就去香蜜湖卡丁车场,卡丁车是诸多赛车种类中的微型赛车,外型小巧,结构简单,车身重心非常低,易于操控。"
B2094757D068AAFF4092,地铁站,广东省深圳市福田区1号线\/罗宝线,无
B209425DD46EA6F54698,中餐厅,广东省深圳市南山区沙河街道白石洲东社区博耐家具石州中路160-14号,无
B2094757DA64AAF54093,咖啡厅,广东省深圳市南山区侨城西街55-2,无
B2094354DB6CABF5419D,购物,广东省深圳市南山区沙河街道华夏街社区深南大道9028号益田假日广场B2,无
B2094354D76DABF5449D,火锅店,广东省深圳市南山区深南大道9028号益田假日广场深圳华侨城店B1层,无
B2094351D365A0F54799,餐饮,广东省深圳市南山区益田假日广场B1层外围\/世界之窗B2出口正对面（八合里旁边）,无
B2094757D76DA6FD4198,咖啡厅,广东省深圳市南山区高新科技园南区科技南七路国微大厦附楼(近中信大厦),"上岛咖啡,科技园店,是一家环境优雅的咖啡馆。\n他们家的咖啡种类很多,基本上什么咖啡都有,值得推荐的是蓝山咖啡,香味十分浓郁,还有持久的水果味,咖啡泛着蓝光,特别精致诱人。先闻闻咖啡的原香,然后小啜一口试试原味,再依个人喜好加入适量的糖,并用小汤匙搅拌,趁着搅拌的咖啡漩涡,缓缓加入奶精,尝上一口,香醇的口感让你口齿留香。\n环境很好,有不少绿色植物,每张桌子间都是用珠帘隔开的。安静的氛围让人很喜欢,还可以无线上网,把周末闲暇的时光消费在这里真是值了。一边听着音乐一边喝着香浓的咖啡,别提有多惬意了。"
B2094757D16EABFD489A,三星级宾馆,广东省深圳市南山区侨城西街51号鸿波会议中心大厦F1层,"2012年5月16号豪华房只有双床的预定,5月19号的豪华房只有大床的预定"
B2094355D36DAAFF449B,中餐厅,广东省深圳市南山区沙河街道侨城西街10号鸿波酒店202,无
B2094253D26BA1F8419F,中餐厅,广东省深圳市南山区侨城西街8-9号,无
B2094355DB6EA0FF419D,火锅店,广东省深圳市南山区南山科技园白石洲国际市长交流中心101铺,无
B2094652DB69A5FA4692,产业园区,广东省深圳市南山区锦绣北街8号,无
B2094356DA6CA3FE4698,中餐厅,广东省深圳市南山区华侨城创意文化南区F1栋104-108号（鹏小馆右侧）,无
B2094257D56FA1FC4599,火锅店,广东省深圳市南山区沙河街道光华街社区香山东街9号华侨城原东部市场三楼,无
B2094351DB6CA1F8489C,西餐厅,广东省深圳市南山区文昌南街1号,无
B2094252D76BA1FD469D,展览馆,广东省深圳市南山区华侨城创意园北区A4栋210-212,无
B2094251DA68A5FF479D,寺庙道观教堂,广东省深圳市福田区园博东街118号,无
B209425DD664A5F5499D,美术馆,广东省深圳市南山区华侨城创意文化园北区B10,无
B2094257D565A2F84293,西餐厅,广东省深圳市南山区文昌街华侨城创意园北区A5-125,无
B209425DD46CA7FA419C,西餐厅,广东省深圳市南山区侨城东路99号109A,无
B2094251D16AA6FD469D,西餐厅,广东省深圳市南山区侨城东路99号109A,无
B209475CDB6DABFD449D,经济型连锁酒店,广东省深圳市南山区华侨城片区世界之窗对面沙河世纪假日广场,无
B209445DD46FA6F5469E,旅馆招待所,"广东省深圳市南山区深圳世界之窗沙河世纪假日广场(华侨城商圈内,世界之窗对面)",无
B209445DDB64A5FB449E,旅馆招待所,广东省深圳市南山区深南大道9030号沙河世纪假日广场C座(世界之窗、白石洲地铁站200米，益田假日广场),无
B2094354DA6AA0FE459D,茶艺馆,广东省深圳市南山区白石路2288号超级晚高乐地一楼3号高尔夫球打位旁,无
B209445DDB6AA3FF479C,旅馆招待所,广东省深圳市南山区白石洲世界花园,无
B209445DD468A1FD4092,旅馆招待所,广东省深圳市南山区深圳深南大道华夏路42号,无
B209445CD36BABFD4893,糕饼店,广东省深圳市南山区华侨城欢乐谷(园区内),无
B2094557D469A4FE4792,出行住宿,广东省深圳市南山区福田区沙河世界花园米兰居2栋2单元,无
B209445DD468ABF84193,四星级宾馆,广东省深圳市南山区白石洲中海深圳湾畔花园2楼,null
B209445DD56CA1F4429D,旅馆招待所,广东省深圳市南山区中海深圳湾畔花园,无
B2094356D069A7F9429A,植物园,广东省深圳市福田区侨城东路深南大道8002号深圳国际园林花卉博览园内,无
B209425DD169A4FA419B,景点,广东省深圳市福田区侨城东路深南大道8002号深圳国际园林花卉博览园内(东北角),无
B2094757D76BABF9499B,无,烧烤,广东省深圳市福田区红荔西路香蜜湖北香蜜湖娱乐城内(近联合华鹏汽车广场)
B2094253D669A5F4469A,广东菜,广东省深圳市福田区香蜜湖街道侨香路恒邦置地大厦三楼,无
B2094351D36FA3F8409F,日本料理,广东省深圳市福田区恒邦置地大厦二楼202,无
B2094253D668A5F9429E,潮州菜,广东省深圳市福田区红荔西路深业中城5栋301,无
B2094252D669A7F9479A,烧烤,广东省深圳市福田区香蜜湖街道香岭社区侨香路3088号恒邦置地大厦一层103,无
B2094252D469A1FB489E,餐饮,广东省深圳市福田区红荔西路荔林苑商铺102D,无
B2094356D664A7FF4799,垂钓园,广东省深圳市福田区深南大道6038-6068号,无
B2094757D069A1FF4798,中餐厅,广东省深圳市福田区深南大道6038号香蜜湖度假村内,"西贝莜面村是带着西北淳厚风情的馆子,菜肴的口碑非常好,在这里可以品尝到正宗的西北风味,从莜面荞面到西贝烧烤,风味独特,健康又美味。很有特色的餐厅,家人很喜欢,也经常在此宴请朋友。以前很喜欢烤羊排和莜面,不过后来量越来越少,而且价格变高。性价比就低了。但是味道还是很好的,我个人是蛮喜欢的！！"
B2094252D36CA1F9499F,湖南菜,广东省深圳市南山区粤海街道麻岭社区深南大道9968号汉京金融中心B102-2,无
B2094252DB6AA1F5449C,餐饮,广东省深圳市南山区粤海街道科技园社区科兴路10号汇景豪苑303,无
B2094257D26AABFD4792,寺庙道观教堂,广东省深圳市南山区科兴路10号汇景豪苑裙楼科技园文化广场一楼,无
B2094255D068A2F8459B,湖南菜,广东省深圳市南山区深南大道海王银河科技大厦一层北向108铺港安驾校对面(深大地铁A3出口),无
B2094555D665ABF9469E,湖南菜,广东省深圳市南山区科技园海王银河科技大厦2层206,无
B2094350D069A6F4419B,韩国料理,广东省深圳市南山区深南大道大冲新城市花园二栋2c座1楼外围249号,无
B2094253D168A1FB469E,中餐厅,广东省深圳市南山区科发路19号深圳万象天地L6层SL617,无
B2094257D66AAAFF4492,广东菜,广东省深圳市南山区华润万象天地C座SL186,无
B2094252D66DA5F4459A,福建菜,广东省深圳市南山区粤海街道大冲社区深南大道9668号华润万象天地SL336A,无
B2094252D76BA3FE459B,江苏菜,广东省深圳市南山区粤海街道深南大道大冲社区华润万象天地SL530(五楼)三巡海南鸡饭和国瓷永丰源对面,无
B2094251D06CABFA469C,运动健身,广东省深圳市南山区杜鹃山东街2号华侨城体育运动中心1层,无
B2094253D068ABFE419E,茶艺馆,广东省深圳市南山区深南大道与深南沙河立交交叉口东280米,无
B2094253D168ABFF4898,日本料理,广东省深圳市南山区深南大道9668号华润城万象天地6层SL612号商铺,无
B2094254DA64A3FD4699,北京菜,广东省深圳市南山区粤海街道深南大道9668号华润城万象天地L2-SL257,无
B2094257DB69AAF9419D,餐饮,广东省深圳市南山区粤海街道大冲社区华润万象天地SL614,无
B209445CD06DA3FC4793,餐饮,广东省深圳市南山区深南大道9037号,无
B2094757D06FA0F5409A,游乐场,广东省深圳市南山区侨城西街18号,"欢乐谷,位于深圳华侨城杜鹃山,是继锦绣中华,中国民俗文化村,世界之窗后兴建的国内新一代大型旅游主题公园,充分运用了现代休闲理念和高新娱乐科技手段,注重满足人们参与,体验的新型诱游需求,营造出自然,清新,活泼,惊奇,热烈,刺激的休闲旅游氛围,带给人们充满阳光气息和动感魅力的欢乐之旅,增进体智,启迪心灵的时尚体验。每当夜幕降临,欢乐剧场里神奇而高雅的大型魔术舞剧《欢乐ＭＤ》将带给游客无尽的惊奇和超凡的享受；灯红酒绿的欢乐大街,让你充分领略中西名点,灯光夜市和酒吧构筑了欢乐美食文化。太空梭是心理极限的真实体验。两秒钟内火箭升空般被发射到六十米高空并自由落体直线下坠,刺激感受毕生难忘。老金矿漂流河是穿越美国西废弃金矿探险漂流,体验激流,漩涡,险滩,瀑布和水炮带来的刺激和欢乐。"
B2094354D16CA5FB479A,中餐厅,广东省深圳市南山区粤海街道深南大道9668号华润万象天地中心五层SL580,无
B209445DD665A6FD419D,青年旅舍,广东省深圳市南山区沙河侨城西街9号,深圳南山区欢乐谷、世界之窗对面，世界花园海华居1栋（威斯汀酒店后面，益田假日广场旁）
B2094354D66BA4F8409E,中餐厅,广东省深圳市南山区万象天地北区5楼(高新园地铁站A口步行380米),无
B2094251D06CAAFF449D,景点,广东省深圳市南山区大冲一路9号(高新园地铁站B口步行110米),无
B209425DD068ABFB4698,茶艺馆,广东省深圳市南山区粤海街道深南大道9668号华润城万象天地B1-B107,无
B2094257D269ABFE419C,冷饮店,广东省深圳市南山区粤海街道深南大道华润万象天地L3层SL309号商铺,无
B2094354DB6FA3FC489B,冷饮店,广东省深圳市南山区科发路大冲华润置地万象天地SL218铺（华为旗舰店旁）,无
B2094355D16FA3FE4492,中餐厅,广东省深圳市南山区万象天地北区(HAUSNOWHERE)楼上5楼NL505室(百老汇后面过天桥抱抱象旁)Gentlemonster(巨人展)可电梯直达五楼,无
B2094354DA6CA7FD499C,西餐厅,广东省深圳市南山区深南大道万象天地商场南区3楼SL-309号（一尚门服装店对面）,无
B209425CD06AA0FA4293,中餐厅,广东省深圳市南山区粤海街道大冲社区科润路新城花园2栋1D1-336-3,无
B2094253D268A0FE459D,餐饮,广东省深圳市南山区粤海街道大冲一路大冲新城花园2栋1C座047商铺,无
B2094354DA6EA7FC4498,西餐厅,广东省深圳市南山区粤海街道大冲社区深南大道9668号华润万象天地F1,无
B2094354D66BA7FC4299,西北菜,广东省深圳市南山区深南大道9668号万象天地北区NL501,无
B2094252D46AABF94592,火锅店,广东省深圳市福田区南园街道东园路57号-1(台湾花园往西200米),无
B2094251DA69A0FC4492,中餐厅,广东省深圳市福田区南园街道东园路一号(红岭南地铁站C口步行230米),无
B2094354D36BA2FF4899,中餐厅,广东省深圳市福田区南园街道东园路一号,无
B2094252D56CA0F44599,餐饮,广东省深圳市福田区华发南路下步庙北区22栋一楼,无
B2094554D268A0F8449E,旅馆招待所,广东省深圳市福田区南园路与爱华路交口149号,无
B209425CD76AAAFE469F,餐饮,广东省深圳市福田区东园路28号御河堤南门(红岭南地铁站C口步行230米),无
B2094351D764A5FD489F,甜品店,广东省深圳市罗湖区嘉宾路城市天地广场东座写字楼大门右侧商铺（每周一店休）,无
B2094653D269A4FE4492,无,广东菜,广东省深圳市福田区宝安南路1881号万象城二期3楼S348号
B2094653D26DAAFF4592,休闲娱乐,广东省深圳市福田区上步南路玉丰楼A栋11-12号(国企大厦对面),无
B2094256D26FABF8449B,韩国料理,广东省深圳市福田区南园路埔尾新村43栋104号,无
B2094757DA6AA1FF409D,生活服务,广东省深圳市福田区上步南路玉丰楼,无
B209445DDB6AAAFE419E,旅馆招待所,广东省深圳市福田区松岭路62-64号(原城市客栈科学馆店),无
B2094352DB68A3FE4393,餐饮,广东省深圳市福田区南园街道南园路9-1号,无
B2094355D56BA1FA429F,中餐厅,广东省深圳市罗湖区嘉宾路4051号金威大厦二楼,无
B2094751DB64A4F94399,餐饮,广东省深圳市福田区华发南路36,无
B2094350D265ABFC499E,中餐厅,广东省深圳市福田区巴登社区深南中路1095号新城市广场LG层LG-L-21-22铺,无
B2094257D468AAFC4199,餐饮,广东省深圳市福田区罗湖区万象街9号,无
B2094350DB6AABFC4199,冷饮店,广东省深圳市福田区宝安南路1881号万象城一期B1层B30、B31号商铺,无
B2094355DB69A5FC4692,四川菜,广东省深圳市罗湖区桂园街道人民桥社区宝安南路1881号万象城一期L4层468号,无
B2094357DA64A0F8459E,日本料理,广东省深圳市福田区深南中路1095号iN城市广场LG,无
B2094354D268ABFE4392,餐饮,广东省深圳市罗湖区国际商业大厦东座东北门旁(国贸地铁站E口步行140米),无
B209445CD36AAAF9459E,火锅店,广东省深圳市罗湖区人民南路人民南路金光华广场对面广信酒店2层,无
B209425CD46BA1F5459B,餐饮,广东省深圳市罗湖区嘉宾路4号金光华广场L6层,无
B2094757DA6FA3FD4192,无,火锅店,广东省深圳市罗湖区人民南路金光华广场6-7层海底捞
B2094351DB65A3F44193,火锅店,广东省深圳市罗湖区嘉宾路2013号芙蓉小区经贸楼E座一层,无
B2094254D665A5FB4898,火锅店,广东省深圳市罗湖区人民南路2028号金光华广场第L7层L7-001号商铺,无
B2094253D66BA7F94793,中餐厅,广东省深圳市罗湖区金光华广场L6层,无
B2094252D16CA1F5409A,餐饮,"广东省深圳市罗湖区南湖路2064号1楼(凯利宾馆1楼,黄金海岸楼下)(金光华后面对面)",无
B2094254D564A4F94598,中餐厅,广东省深圳市罗湖区人民南路2028号金光华广场第L6层L6-003B号铺,无
B2094653D26CA3FB4492,无,餐饮,广东省深圳市罗湖区南湖路2064
B2094757D06BA0FA439E,无,广东菜,广东省深圳市福田区罗湖区万象街9号
B2094357D068A0F5489C,西餐厅,"广东省深圳市福田区南园路iN城市广场LG层LM-39-1（商场外围,靠近南园路街铺）",无
B2094357D76CAAFB439D,餐饮,广东省深圳市福田区南园街道巴登社区深南中路1095号新城市广场三层L3-06号商铺,无
B209445CD369A7F9429D,餐饮,广东省深圳市福田区松岭路75号(科学馆地铁站C口步行140米),null
B2094554D164A4F44892,冷饮店,广东省深圳市福田区万象城B1楼(大剧院地铁站F口步行320米),万象黑金店位置不多但造型很酷
B209445CD36BA0FC439B,东南亚餐厅,广东省深圳市福田区宝安南路1881号华润万象城一期5层562,无
B2094351DB65A2FD489F,江西菜,广东省深圳市福田区罗湖区万象城一期四楼L465,无
B2094355D06BABFF4093,日本料理,广东省深圳市罗湖区宝安南路1036号鼎丰大厦一楼大堂（浙商银行旁边）,无
B2094352D569A0FD469F,餐饮,广东省深圳市福田区深南中路2001号中信国际大厦信悦汇商场L504,无
B2094351D76CAAF84499,中餐厅,广东省深圳市福田区福虹路11号国际科技大厦F1层,无
B209425CD46DA1FD4192,东南亚餐厅,广东省深圳市福田区宝安南路1881号万象城2F-T240号商铺,无
B209445CD364A3FD489C,中餐厅,广东省深圳市罗湖区嘉宾路海燕大厦11楼1104室,无
B2094253D66DA0FF4098,广东菜,广东省深圳市福田区宝安南路华润万象城一期L599,无
B2094252D468A3F9419D,出行住宿,广东省深圳市福田区罗湖区书城路一号都市名园综合楼首层101-A2,无
B2094354D66CA6FB469A,韩国料理,广东省深圳市福田区书城路与万象街交叉口西南100米,无
B2094257D468AAFC4098,餐饮,广东省深圳市福田区书城路一号都市名园综合楼首层101-A2,无
B2094354DA65A0F5469A,火锅店,广东省深圳市福田区宝安南路1881号万象城一期五楼L530（西南电梯厅五楼左拐到店）,无
B209425CD26FA5FD469E,餐饮,广东省深圳市福田区万象街万象城三期二楼(大剧院地铁站F口步行240米),无
B2094653D26DAAFE4299,无,浙江菜,广东省深圳市福田区宝安南路1881号华润万象城一期4层L499
B2094550DB6DA7F44492,出行住宿,广东省深圳市福田区华强北路1002东南方向120米,无
B2094352D26DA0FF479D,日本料理,广东省深圳市福田区华嵘大厦5楼整层-观光梯上(近卓悦中心北区、岗厦北地铁站6A口),无
B2094352D068A2FC439E,餐饮,广东省深圳市福田区福明路40-1雷圳大厦(福星地铁站D口步行340米),无
B209445CD36BA0F54798,自助,广东省深圳市福田区深南大道1003号大中华国际金融中心B座2楼,无
B2094256D565A6F8489D,日本料理,广东省深圳市福田区深南路1003号大中华国际金融中心C座1层,无
B2094253DA6CA3FC499C,汽车服务,广东省深圳市福田区深南大道1003号东方新天地广场一楼L-32商铺,无
B209425DD269A0FC499B,广东菜,广东省深圳市福田区深南大道3031号汉瑜商业中心L305,无
B2094652DB64A6FB429D,无,上海菜,广东省深圳市福田区深南中路福田大厦3019号(上海宾馆对面)
B2094253D169A2FF4899,地点,广东省深圳市福田区,无
B2094252D66AA0F8479C,日本料理,广东省深圳市福田区华富路1002-2(华强路地铁站B口步行360米),无
B2094354DB69A7FB499B,火锅店,广东省深圳市福田区彩田南路3002号彩虹新都裙楼一楼,无
B2094252D668AAF8419A,餐饮,广东省深圳市罗湖区嘉宾路湖心大厦1栋102、202,无
B2094351D064A6FD479E,中餐厅,广东省深圳市罗湖区嘉宾路2036号湖心大厦一栋101、201号(开车可停国贸商业大厦停车场),无
B2094354D764A4FE499C,餐饮,广东省深圳市罗湖区人民南路3001-3003号海丰苑,无
B209445CDB69A6FC4499,火锅店,广东省深圳市罗湖区嘉宾路湖心大厦2栋1单元1、2层,无
B2094257D76CAAFF499E,中餐厅,"广东省深圳市罗湖区南湖街道嘉宾路湖心大厦2栋一,二层",无
B2094757D16FAAF9449E,无,自助,广东省深圳市罗湖区人民南路国贸大厦49楼
B209445DD26FAAF8469D,餐饮,广东省深圳市罗湖区春风路2021号长丰苑首层,无
B209445DD068A7FC4599,火锅店,广东省深圳市罗湖区南湖路3005号(国贸地铁站C口步行310米),无
B2094352D76CA4FA4498,自助,广东省深圳市罗湖区嘉宾路2002号彭年万丽酒店50楼（金光华、万象城旁）,无
B2094354D06AA4FD4198,中餐厅,广东省深圳市罗湖区彭年广场102号铺(国贸地铁站B口步行320米),无
B209425CD068A2FF499A,西餐厅,广东省深圳市福田区宝安南路1881号万象城一期三层L399室,无
B209425DD36EA7F44993,餐饮,广东省深圳市福田区宝安南路1881号万象城一期4层,无
B2094653D26FABFC419B,西餐厅,广东省深圳市福田区深南中路兴华宾馆侧爱华电脑大厦附楼2楼,NULL
B2094251DB6AA3FD429F,景点,广东省深圳市福田区深南中路,无
B209445DD264ABFB439B,餐饮,广东省深圳市福田区深南大道7888号深圳东海朗廷酒店3楼,无
B209425CD264A3F5459E,西餐厅,广东省深圳市福田区宝安南路1881号万象城一期四楼L422(距大剧院地铁站F出口213米),无
B2094351DB6AA2FA4492,餐饮,广东省深圳市福田区桂园街道新围社区深南东路5033号金山大厦一单元一B 05,无
B2094257D565A3FA439B,火锅店,广东省深圳市福田区深南中路3024号(华强路地铁站B口步行180米),无
B2094257D664A0FE489C,餐饮,广东省深圳市罗湖区宝安南路1054号湖北宝丰大厦2-3层,无
B2094452D36AA6FA499E,广东菜,广东省深圳市罗湖区宝安南路1054号湖北宝丰大厦1-3楼,无
B2094252D365A3F9499D,其他,广东省深圳市福田区,无
B2094757D06BA1FB4398,电视台,广东省深圳市福田区鹏城一路1广电大厦F1层,无
B2094251D26CA7F54498,茶艺馆,广东省深圳市福田区莲花街道办深茂商业中心一楼101道清茶舍,无
B2094351D46CA0F9439F,旅馆招待所,广东省深圳市福田区深南大道6008号特区报社印刷大楼一层局部三至四层,无
B2094253D76AA5FE489E,日本料理,广东省深圳市福田区莲花街道紫荆社区新闻路1号中电信息大厦105,无
B2094251D769A4F94492,其他,广东省深圳市福田区,无
B2094757D06BA0F4489B,无,湖北菜,广东省深圳市福田区新闻路12号五洲星苑A栋2层(近星巴克)
B2094253D66FABFF449A,景点,广东省深圳市福田区福田广电金融中心48F-49F,无
B2094757D66CABFC4393,无,广东菜,广东省深圳市福田区莲花街道福中社区福中三路2010号市民中心B区负一层
B2094757D06EAAFC469F,书店,广东省深圳市福田区深圳南山区华侨城何香凝美术馆,无
B2094757D464A3F9419C,火锅店,广东省深圳市罗湖区嘉宾路1026号,无
B2094652DB65AAF84099,火锅店,广东省深圳市罗湖区向西村嘉宾路1012号(向西村地铁站C口步行300米),"渝君重庆火锅,嘉宾路店,是一家以火锅为主的餐厅。值得一试的有啤酒鸭,其主料为鸭子,啤酒。啤酒鸭是一道风味独特的佐酒佳肴,是将鸭肉与啤酒一同炖煮成菜,使滋补的鸭肉味道更加浓厚,鸭肉不仅入口鲜香,还带有一股啤酒清香,细嫩可口,颇受食客喜爱。还有香辣虾,此菜酱香味浓,鲜香微辣,虾肉软嫩可口,而且虾还含有丰富的蛋白质营养,醇厚香辣,甚为美味。餐厅有好几层,在这栋农民房里还装上了小电梯,可见生意之好,厅内干净整洁,桌椅排放整齐。"
B2094757D168A5FA499F,四川菜,广东省深圳市罗湖区向西村嘉宾路1012号(向西村地铁站C口步行280米),无
B2094252D16DAAF5499B,火锅店,广东省深圳市罗湖区南湖街道南湖路国贸商住大厦首层南侧,无
B2094252D365A2F44499,日本料理,广东省深圳市罗湖区南湖路3009号国贸商住大厦一楼(近富苑酒店对面),无
B2094355D26FABFA499F,韩国料理,广东省深圳市罗湖区人民南路3009号新安大厦,无
B209425DD76CA2FB469E,餐饮,广东省深圳市罗湖区春风路与文景南路交汇处联城联合大厦首层(文锦地铁站旁),无
B209425CDA68A7F5469E,餐饮,广东省深圳市罗湖区春风路2022号(湖贝地铁站A口步行200米),无
B2094252D46CA4F8429A,餐饮,广东省深圳市罗湖区南湖街道嘉北社区深南东路3019号金城大厦121,无
B2094252D66CA7F8479E,烧烤,广东省深圳市罗湖区人民南路与深南路交汇处汇金广场一楼,无
B2094653D26CA6FF459D,餐饮,广东省深圳市福田区华发北路6号(华强北地铁站D2口步行370米),无
B2094252D06CA2FB489B,地点,广东省深圳市福田区深南中路,无
B209445CD764ABF94699,西餐厅,广东省深圳市福田区中航路1号中航华强北九方购物中心南区3层L333号铺,"很高兴遇见你餐厅,你没有吃过我的豆腐"
B2094357D564A1FB409E,日本料理,广东省深圳市福田区中航城君尚购物中心C区2层L273-3号(近鸽子广场),无
B2094653D26CA7FC439D,科技馆,广东省深圳市福田区上步中路1003号,"深圳市政府投资建设的八大重点文化设施之一,是实施科教兴国和科教兴市战略,普及科技知识,提高公众科学文化素养的社会科普教育基地。该馆一九八七年底建成投入使用,建筑面积12,000平方米,座落在市深圳南中路与上步中路交叉处,与市人民政府大楼毗邻,交通便利,环境幽雅。"
B2094556D26DA2FD449D,火锅店,广东省深圳市福田区振中路中航城君尚购物中心D区3楼L333号（近9号客梯）,无
B2094757D064A4FE459A,博物馆,广东省深圳市福田区同心路6号,更多资讯请关注深圳博物馆官方微信公众号(iszbwg)
B2094653D26DA5F8409E,无,江苏菜,"广东省深圳市福田区振中路20号（靠深圳科学馆旁,地铁科学馆A口出）"
B2094252D06FABFE479C,餐饮,广东省深圳市福田区深南东路京基一百大厦B栋三楼L325,无
B2094354D16BA7F9499B,中餐厅,广东省深圳市福田区华强北街道福强社区燕南路西振中路宝树里一层19号L1-08A,无
B2094257D46EA5F5489B,日本料理,广东省深圳市福田区金田路安联大厦B座36楼B01-C,无
B209425DD66DA6FF429D,餐饮,广东省深圳市福田区福中三路地铁市民中心站物业区a29a30铺位,无
B2094250D06AA3FF4699,景点,广东省深圳市福田区深圳中心公园C2区,无
B209425DD269A1F94198,中餐厅,广东省深圳市福田区中航路1号中航城君尚购物中心B区L3层,无
B2094355D368A6F5449C,火锅店,广东省深圳市福田区华强北街道华富路1018号中航城君尚购物中心A区5层L512号铺,无
B2094254D56BABF8409C,地点,广东省深圳市福田区福中三路与金田路交叉口西北方向128米,无
B2094253D66CA4FF4399,博物馆,广东省深圳市福田区福中三路市民中心A区(市民中心地铁站B口步行240米),无
B2094251D36FA4F94192,博物馆,广东省深圳市福田区福中路市民中心A区(市民中心地铁站B口步行350米),无
B2094354D36EA6FE4192,博物馆,广东省深圳市福田区莲花街道福中社区福中三路2008号市民中心A区,无
B2094354DA6DA5F4449B,博物馆,广东省深圳市福田区莲花街道金田路4001号,无
B2094354DA68A2FA409A,中餐厅,广东省深圳市福田区华航社区中航路君尚购物中心B区L5层（近3、4号电梯）,无
B2094351D36DA2FB4492,西餐厅,广东省深圳市福田区京基金融中心裙楼自用商业B1层108号商铺,无
B2094257DB6CA3F44093,餐饮,广东省深圳市福田区振华路109号桑达南区109栋,无
B209425DD564A0F5449F,餐饮,广东省深圳市福田区华强北街道华航社区中航路1号中航城君尚购物中心A区5楼,无
B2094356D76CA1FA479D,日本料理,广东省深圳市福田区京基100KKMALL3楼L326,无
B2094256D76DA3F94098,餐饮,广东省深圳市福田区华强北街道华发北路40-3号,无
B2094252D665A0FD469B,餐饮,广东省深圳市福田区华强北街道华发北路40-3号,无
B2094251D06EA3FB439D,广东菜,广东省深圳市福田区燕南路13号宝树台CICCI MALL二楼(燕南地铁站A出口),无
B2094251D66EA1FD4992,西餐厅,广东省深圳市福田区桂园街道老围社区深南东路5016号蔡屋围京基一百大厦A座裙楼四楼417号铺,无
B2094251DA69A7FA409B,博物馆,广东省深圳市福田区华强北路1058号广博现代之窗大厦5层,无
B2094251D564A0F94999,餐饮,广东省深圳市福田区振华路111号中电迪富大厦102铺,无
B209425DD365A7F9459F,北京菜,广东省深圳市福田区红岭中路KKmall商场北门二楼210号铺羲和雅苑烤鸭坊,无
B2094354D36FA2F54399,冷饮店,广东省深圳市罗湖区东门华润1234Space店五楼(老街地铁站E出口),无
B2094253D66FAAF54092,中餐厅,广东省深圳市福田区深纺大厦C座100-14号商铺,无
B2094557D56AA0F5489D,纪念馆,广东省深圳市罗湖区东门街道南庆街13号(老街地铁站出入口步行130米),无
B2094251D568A1FF439D,文艺团体,广东省深圳市罗湖区东门永新街与南庆街交叉口西南方向20米,无
B209425CD06FA1F54292,购物,广东省深圳市福田区中航路42号V尚街精品外贸市场F1层,无
B2094253D169A5FC449E,购物服务,广东省深圳市福田区华强北中航路西华丽装饰大厦,无
B209425DD46AA0FF4599,中餐厅,广东省深圳市福田区华强北荔村社区振华路50号中联大厦401栋L1-08-09,无
B2094251D26CA4F8429F,餐饮,广东省深圳市福田区振华路118号华丽装饰大厦1楼（平安银行旁）,无
B2094352D164A6F94598,餐饮,广东省深圳市罗湖区汇金天琅大厦107铺,无
B209445CD369A5F5449B,广东菜,广东省深圳市罗湖区南湖街道深南东路3033号粤海酒店3-4楼(门诊部公交站旁),无
B2094454D169A2FE4893,美术馆,广东省深圳市罗湖区南极路1-5号附近(湖贝地铁站A口步行130米),无
B209425CD76AA6FA4299,餐饮,广东省深圳市罗湖区深南东路123号东门町百货广场大厦F2层,无
B209425DD16BA7F94499,冷饮店,广东省深圳市罗湖区高嘉花园高庆楼18栋地B(文锦地铁站D口步行220米),无
B2094350D46FA5FB4093,餐饮,广东省深圳市罗湖区深南东路123号百货广场大厦,无
B2094351D56EA6FD4899,餐饮,广东省深圳市罗湖区人民北路永新街东门町第一层A027铺,无
B2094653D26FAAF4409D,餐饮,广东省深圳市罗湖区永新街43号,无
B209445DD769ABFC489C,餐饮,广东省深圳市罗湖区东门中路2031号旺角购物广场1层,无
B2094554D06BABFE439C,景点,广东省深圳市罗湖区东门文化广场,无
B2094253D665A3FE469E,中餐厅,广东省深圳市福田区振华路118号(华强北地铁站C口旁),无
B2094253D76EABFF4999,中餐厅,广东省深圳市罗湖区建设路3018号东门1234space商场五楼L511,无
B2094251D769A6FE4998,餐饮,广东省深圳市罗湖区永新街57-6号深圳中泰来大酒店2层,无
B2094757DB64ABF9459D,广东菜,广东省深圳市福田区深南东路5016号京基百纳空间4层L422\/L423,无
B2094257D568ABFD4592,餐饮,广东省深圳市福田区桂园街道宝安南路商住楼B栋新门牌广场北2栋18,无
B2094452D26EA6FF489A,中餐厅,广东省深圳市福田区宝安南路2051号,无
B209425CD46FA6FA4699,湖南菜,广东省深圳市罗湖区解放路3002号深圳文和友F3层,无
B209425CD76AA3F5449D,火锅店,广东省深圳市福田区华强北街道燕南路87-1号,无
B2094257DB65A5F5459F,四川菜,广东省深圳市福田区燕南路403栋8-9号,无
B209425CD369AAFE469D,冷饮店,广东省深圳市福田区华强北路2009号负一层115号铺,无
B2094256D66BA4FF4692,博物馆,广东省深圳市福田区市民中心A区(市民中心地铁站B口步行350米),无
B2094351D468AAF4479C,湖南菜,广东省深圳市福田区振华路183-2号（罗大厨肥肠煲店）,无
B2094253D16EA2FD459C,中餐厅,广东省深圳市福田区振华西路15号,无
B2094551D369A1F44093,展览馆,广东省深圳市福田区莲花街道福中路184号(福中一路与鹏程四路交汇处),无
B2094750D765A0F84993,四川菜,广东省深圳市福田区振兴西路113号1楼(华富路口),无
B2094257D56DA0F94093,展览馆,广东省深圳市福田区福中路184号(少年宫地铁站A2口步行100米),无
B2094252D565A3FF489C,景点,广东省深圳市福田区福田河绿道深圳中心公园-D1区,无
B2094252D364A6FF4998,广东菜,广东省深圳市福田区华富街道红荔西路5002号莲花大厦二楼,无
B209425DDA64AAFB489A,生活娱乐,广东省深圳市福田区关山月美术馆2层(少年宫地铁站B口步行370米),无
B2094757D06BA7FD459D,美术馆,广东省深圳市福田区红荔路6026号(莲花村地铁站D口步行340米),"关山月美术馆是以我国著名国画家,教育家和岭南画派大师关山月先生名字命名的国家级美术馆；1995年元月奠基,1997年6月25日香港回归前夕落成开馆。位于深圳市福田中心区,北依风景秀丽的莲花山,南临市政广场,环境优美,交通便利,建筑造型独特,色彩古朴典雅,与深圳音乐厅,中心图书馆,少年宫和深圳电视中心等大型文化设施共同构成深圳新的文化景观。关山月先生生前非常关心深圳的美术事业,把自己各个历史时期的代表作品813件及其生活,艺术和教育实践的系统资料全部捐赠给深圳人民。深圳市政府高度赞扬关老的无私奉献精神,斥资6700万元兴建了关山月美术馆,以永远珍藏其作品,供世人研究和鉴赏。美术馆占地8000平方米,建筑面积15100平方米,拥有8个室内标准展厅,一个中央圆形大厅和一个户外雕塑广常展厅总面积4000平方米,展线总长600米,可同时或分别举办不同类型,不同题材的大型艺术展览。展厅采光柔和,视野开阔,颇具气派。此外还拥有现代化的大型画库,6层多功能办公大楼,会议厅,报告厅,贵宾室,茶艺馆,餐厅,艺术家画廊,少儿画苑和画家之家等配套设施,配备了先进的中央空调,恒温恒湿和自动防火,防盗监控系统。关山月美术馆内设办公室,展览陈列部,研究收藏部三个内设机构和推广策划组。办公室的职能是负责馆内文秘,人事,行政等各方面工作,保证全馆正常运作。展览陈列部主要负责各类展览的设计陈列布置,从展览版式的整体设计到具体标志,请柬,图录的制作。研究收藏部以研究关山月先生各个时期的作品为主,同时对当代美术及美术馆学进行研究。推广策划组以推广策划各类展览为主,与各种媒体积极合作,把重大活动介绍给观众,并充分利用我馆自身资源与条件,促进深圳市美术教育尤其是少儿美术教育的发展。"
B2094252D46DA7F54998,餐饮,广东省深圳市罗湖区新园路1号中海商城六层(近老街地铁F口),无
B2094757D064A5F9449C,无,广东菜,广东省深圳市罗湖区东门新园路1号中海商城六楼
B2094253D16FA6F44099,火锅店,广东省深圳市福田区华强北路2009号茂业天地8楼,无
B2094355D16AAAFE429B,餐饮,广东省深圳市罗湖区解放路西华宫光华楼二楼,无
B2094253D464A6FA489B,餐饮,广东省深圳市福田区华强北华发大厦41-2(华强北地铁站B口步行420米),无
B2094757D16AA7FA439A,无,餐饮,广东省深圳市福田区红宝路15号鹏威酒店2楼
B2094253D564ABFF4798,餐饮,广东省深圳市福田区桂园街道红宝路15号鹏威大厦2楼,无
B2094251D56AA0F84892,美术馆,广东省深圳市福田区同德路2-1号(通新岭地铁站F口步行360米),无
B2094354D468AAFA459E,餐饮,广东省深圳市罗湖区红裙楼小区11栋对面,无
B2094750D568A1FD419A,餐饮,"广东省深圳市福田区华强北路上步工业区102栋部分一层,部分二层",无
B2094250D06CA6FE4093,冷饮店,广东省深圳市罗湖区清平路11-6号(黄贝岭地铁站F1口步行210米),无
B2094653D26DA5F9479E,湖南菜,广东省深圳市罗湖区凤凰路京基凤凰印象商场2楼18号,无
B2094257D36EA3F84298,餐饮,广东省深圳市罗湖区黄贝街道黄贝岭社区深南东路1002号黄贝岭三路1号靖轩豪苑102铺,无
B209475CD36DA7FD4998,广东菜,广东省深圳市罗湖区凤凰路凤山大厦1层152号,"餐厅的环境格调高雅,气派雍容,装修可称得上是金碧辉煌,精致,华贵的白色水晶吊灯,墙壁上还挂有名人的油画作点缀,可谓是欧洲的宫廷。就连洗手间里也是样样具备,甚为贴心！以贴心周到的服务,顶级的美食,吸引了很多时刻的嘴。餐厅装修金碧辉煌,大厅宽敞明亮,使人倍感舒适,包房豪华典雅,很有档次。"
B2094352D16AA7FB4898,餐饮,广东省深圳市罗湖区黄贝街道丽斯大厦附近34米,无
B2094257D565A4FF4992,广东菜,广东省深圳市罗湖区凤凰路10号凤山大厦东座1-2层,无
B2094354D66EA5FD4199,餐饮,广东省深圳市罗湖区东门街道东门中路2071号南海中心三楼,无
B2094757D065ABFD4598,无,潮州菜,广东省深圳市罗湖区乐园路124
B2094555DB6DA1FD439F,东南亚餐厅,广东省深圳市罗湖区东门中路2088号东门中心城负一楼星空里桌球旁边01-02,无
B209445DD26AA0F44493,餐饮,广东省深圳市罗湖区东门街道湖贝社区中兴路89号欢乐园中兴路103号一、二层,无
B209425CD06FA2FD469B,美术馆,广东省深圳市福田区青年广场东厅(红岭地铁站B口步行70米),无
B2094251D16EA0F54198,中餐厅,广东省深圳市罗湖区桂园路果园东8号七天酒店1楼,无
B2094257DB65A7FC499C,湖南菜,广东省深圳市福田区红荔路与工发路交汇处,无
B2094557D568A5F54998,博物馆,广东省深圳市福田区罗湖区桂园街道环保局五十号大院,无
B2094653D26CA5FC4099,湖南菜,广东省深圳市福田区红荔路与工发路交汇处上步工业区201栋首西（华新地铁站A口）,无
B2094357D56CA2F94998,餐饮,广东省深圳市福田区中航路1号中航城君尚B101-18号铺,无
B2094355D36DA7FE4893,中餐厅,广东省深圳市福田区红荔路2012号,无
B2094757D069A3FD479C,无,广东菜,广东省深圳市福田区红荔路2012号(华新地铁站C口步行110米)
B2094354D46BABFF479D,中餐厅,广东省深圳市福田区圆岭街道长城社区华强北路4002号长兴大厦中区106,无
B209425CD46EA1FE439C,广东菜,广东省深圳市福田区园岭新村39栋一单元101室,无
B2094252D56AAAF54092,中餐厅,广东省深圳市南山区万象天地北区L4层艺术计划场(抱抱象下方),无
B2094357D365A5FC499B,餐饮,广东省深圳市南山区万象天地里巷地面1楼NL152B,无
B2094252D46BA4F8479A,餐饮,广东省深圳市南山区深南大道万象天地LG层水广场NLG08(地铁高新园站A出口),无
B2094356D76DA7FA4392,中餐厅,广东省深圳市南山区万象天地北区L4层NL411（巨人展楼上）,无
B2094354D164AAFE499B,旅馆招待所,广东省深圳市南山区万象天地北区L4层NL411(HAUS NOWHERE楼上),无
B2094352D76AA6FE479C,餐饮,广东省深圳市南山区深南大道9668号华润万象天地LG层NLG-11号商铺,无
B2094354D064A2FD419E,西餐厅,广东省深圳市南山区深南大道9665号华润万象天地里巷NL151,无
B2094252D56FA2F4439C,西餐厅,广东省深圳市南山区深南大道9665号华润万象天地里巷NL151号商铺,无
B2094253D46DA1FB489A,游乐场,广东省深圳市南山区侨城西街1号深圳欢乐谷,无
B2094253D36CA4FB459F,火锅店,"广东省深圳市南山区大冲华润城万象天地(高街北)北区NL505(原诚品书店,捞王隔壁)",无
B2094355D269AAFD4699,甜品店,广东省深圳市南山区科发路万象天地里巷一楼,无
B2094354DA6EA1FD429D,西餐厅,广东省深圳市南山区粤海街道深南大道9668号华润城万象天地里巷NL160号商铺,无
B2094252D56DA4FC449A,冷饮店,广东省深圳市南山区粤海街道深南大道9668号华润城万象天地NL156号铺,无
B2094355D26DA2FB4493,东南亚餐厅,广东省深圳市南山区深南大道9668号华润城万象天地里巷NL156号铺,无
B209425CD66CA7F9469A,餐饮,广东省深圳市南山区科发路华润置地大厦D座L2层NL205巴奴毛肚火锅,无
B2094551D36AA3FF409B,餐饮,广东省深圳市南山区深南大道9668号万象天地NL163,无
B2094253D66AA5FD499F,甜品店,广东省深圳市南山区科发路19号深圳万象天地L1层,无
B209425DD76DA4FD489F,中餐厅,广东省深圳市南山区万象天地里巷NL-323,无
B2094252D569AAF8479B,韩国料理,广东省深圳市南山区科发路万象天地NL121,无
B2094355DA6DABFD4392,火锅店,广东省深圳市南山区科发路万象天地北区里巷3楼NL363号,无
B2094252DA64A3F5459A,中餐厅,广东省深圳市南山区粤海街道深南大道9668号华润万象天地中心五层SL580,无
B209425CDB68A2FA459C,餐饮,广东省深圳市南山区香山东路天鹅湖花园三期欢乐时光商场L1-,无
B2094257D76EA0FC4099,甜品店,广东省深圳市南山区粤海街道大冲社区万象府国际公寓LG40-41(诚品生活)华润万象天地NL133号铺,无
B2094351D36CAAF54892,餐饮,广东省深圳市南山区香山东街260号天鹅湖花园3期L2,无
B2094252D56CA3FE419E,餐饮,广东省深圳市南山区侨香路天鹅湖花园(三期)欢乐时光L2-24号,无
B2094750DB68A1FE429D,餐饮,广东省深圳市南山区香山中街2-2,无
B2094757D069A5F8439B,无,广东菜,广东省深圳市南山区香山中街1-11号波托菲诺会所1层
B209475CDB6EA0F8499A,经济型连锁酒店,广东省深圳市南山区白石洲沙河工业区32栋3-4楼,&quot;null&quot;
B209445DD26AA7F44793,餐饮,广东省深圳市南山区华侨城香山街波托菲诺会所一楼,无
B2094350D66BAAFF479D,火锅店,广东省深圳市南山区粤海街道大冲社区深南大道9668号华润万象天地5楼,无
B2094757D06AABF94192,无,火锅店,广东省深圳市福田区香蜜南三街道（近水榭花都南门）
B2094551D16EAAFA469D,餐饮,广东省深圳市福田区莲花街道福田中心区黄埔雅苑会所二期及商场1层05号,无
B2094653D26EA4F4469A,无,广东菜,广东省深圳市福田区景田南路一号橄榄绿洲家园商业四楼
B2094653D26CA6F94699,展览馆,广东省深圳市福田区福中三路2010号民中心B区黄塔2~8楼,"是深圳工业经济的对外宣传机构,是我市外事活动一级接待参观点。主要职能是,收集展示我市工业产品,接待国内外来宾。宣传我市工业及其相关各项事业发展成果,良好的投资环境,组织举办国内外各类展览,展销,招商会,为工业开拓国内外市场,招商引资,发展经济服务。"
B209425CD264A3F84499,餐饮,广东省深圳市福田区景田南路国泰豪园1层119-120商铺,无
B2094252D56FAAF8489A,展览馆,广东省深圳市福田区福中三路市民中心B区2-9层,无
B2094252D568A3FF4999,餐饮,广东省深圳市福田区益田路6009号新世界商务中心401,无
B2094252D16FA2FC429B,餐饮,广东省深圳市福田区福中一路深圳书城中心城南区首层,无
B2094757D169A7FE469D,冷饮店,广东省深圳市福田区福中一路2014号中心书城2楼中厅西侧,无
B2094757D064A7F5439A,无,日本料理,广东省深圳市福田区福中一路2014号深圳书城N128
B2094253D765A6FC4799,餐饮,广东省深圳市南山区华润万象天地北区里巷3层NL323,无
B2094253D669A4FC469F,餐饮,广东省深圳市南山区科发路19号深圳万象天地里巷L2层,无
B2094252D565A2FF4798,西餐厅,广东省深圳市南山区粤海街道深南大道9668号华润城万象天地L1-NL125N02,无
B2094354DB6DA6FE4193,云贵菜,广东省深圳市南山区科发路万象天地里巷三层NL323号,无
B209425CD464A7F9459E,冷饮店,广东省深圳市南山区科发路19号深圳万象天地L1层,无
B2094252D66BAAFF459B,餐饮,广东省深圳市南山区科发路大冲新城花园2栋1D座裙楼,无
B2094355D068A6FD489A,餐饮,广东省深圳市南山区大冲新城花园一楼2栋1C,无
B2094253D16FA7F5489F,餐饮,广东省深圳市南山区科发路19号深圳万象天地L1层,无
B2094354D46FA0FB4799,游乐场,广东省深圳市南山区科技中二路与高新中三道交叉口东北80米,无
B2094256D76EA1FD4893,景点,广东省深圳市南山区深圳软件园一期,无
B2094252DA6DA0F5449A,景点,广东省深圳市福田区农园路30号香蜜公园(东南角),无
B2094252D56FA0F44799,游乐场,广东省深圳市福田区农林路71号,无
B2094652DB65A1F5449D,住宅,广东省深圳市福田区丰田路2(农林地铁站C口步行360米),"香榭里花园近6000平方米的大型会所,娱乐,休闲应有尽有,室内全天候泳池,室外大型活水泳池,高尔夫练习场"
B2094252DA6DA7FC459B,广东菜,广东省深圳市福田区农林路与侨香路交汇处印力中心负一楼52\/54\/55\/56号号铺,无
B2094252D76FA4F5479E,餐饮,广东省深圳市福田区农林路69号印力中心2层02-07A,无
B2094253D76FA4FD459F,日本料理,广东省深圳市福田区农林路69号印力中心f3层,无
B2094253D56EAAF9489A,浙江菜,广东省深圳市福田区农林路69号印力中心f2层,无
B2094757D06AABFB459F,湖泊,广东省深圳市福田区香蜜湖,无
B2094757DA6CA6FE499D,游乐场,广东省深圳市福田区深南大道西段香蜜湖度假村8号,无
B2094653D26EA0FB459B,住宅,广东省深圳市福田区香蜜湖路与莲花西路交汇处(香蜜湖路3012号),"与水榭花都隔湖相望,熙园同样拥有良好的地段。水榭花都的外立面是简约的,现代的；熙园是新古典的,尊贵的；水榭花都的园林是自然的生态的,熙园的园林是有层次的,偏规则式的；水榭花都的规划布局是开放的,熙园是一种内敛的,让人感觉一种深宅大院的味道。两种个性鲜明的产品,两种不同思路的营销。熙园欲打造60年代人的归属。 ▉ 熙园的“稀” 鸿荣源地产副总经理周旭用“因‘稀’而尊贵”来概括熙园的特点。 地段是“稀有”元素之一。其它片区楼盘相比,价格接近,性能接近的产品,熙园的地段要优越于他们。一般来讲,豪宅的销售特征是销售速度慢,香蜜湖片区的楼盘打破了这个规律。像熙园TOWNHOUSE就是稀缺产品,全部售謦,"
B2094757D76DA2F9489D,餐饮,广东省深圳市福田区红荔路深圳中心书城首层,无
B209425CD665A1FE4499,书店,广东省深圳市福田区福中一路2014号中心书城2楼中厅西侧,无
B209475CD764A5F44298,餐饮,广东省深圳市福田区红荔路深圳中心书城北区3号门旁,无
B2094253D668ABF54392,中餐厅,广东省深圳市福田区莲花街道凯旋豪庭b座113号,无
B2094253D06AA6FB439E,中餐厅,广东省深圳市福田区红荔西路113号凯旋豪庭108号,无
B2094253D26DA4FD4199,中餐厅,广东省深圳市福田区福中一路2014-23号,无
B209445CD364A1F9449B,广东菜,广东省深圳市福田区书城中心城北区2楼,无
B209425CD564AAF4499F,火锅店,广东省深圳市福田区红荔西路7002号第一世界广场裙楼A座106,无
B2094653D26DA1F44698,住宅,广东省深圳市福田区红荔西路8007号(香梅地铁站D口步行180米),无
B209425CD36CA3FD479F,餐饮,广东省深圳市福田区景田综合市场B座(景田地铁站B口步行500米),无
B2094355D46CA3FC4698,中餐厅,广东省深圳市南山区侨城一号G层-01号,无
B209425CD06EA7F5429D,日本料理,广东省深圳市南山区深云路二号侨城一号广场裙楼L1-02,无
B2094350DB68A5FE4393,中餐厅,广东省深圳市南山区沙河街道深云路二号侨城一号广场裙楼L2-01（珍庭观时）,无
B2094355D66CA2FF479E,餐饮,广东省深圳市南山区万象天地里巷3楼NL323A庆春朴门,无
B2094350D16AA5F44598,餐饮,广东省深圳市南山区万象天地里巷地面1楼NL152B,无
B2094253D169A6F5439F,中餐厅,广东省深圳市南山区沙河街道深云路2号桥城一广场北门,无
B2094357D268AAF44493,西餐厅,广东省深圳市南山区深南大道9668号深圳万象天地里巷L1层NL108室（靠巨人展旁）,无
B2094253D06FA6FC439F,餐饮,广东省深圳市南山区龙珠四路方大城一楼L106-L107号,无
B2094255DA6DA4FD479E,火锅店,广东省深圳市南山区北环大道方大城(一期)2号研发楼2层L210-215号,无
B2094757D065A5FA4593,公园,广东省深圳市南山区北环大道8228号,无
B2094653D26EA7FE469B,住宅,广东省深圳市福田区香蜜湖路与莲花西路交汇处(香蜜湖路3012号),无
B2094653D26CABF5459B,住宅,广东省深圳市福田区香梅路1089号(香梅北地铁站B2口步行210米),"绿景蓝湾半岛位于景色怡人,空气清新的红树林海岸,新洲路,福荣路交汇处西侧,北依中心区繁华,南向深圳湾美景。项目整体建筑由7栋33层高层住宅精心组合而成,总户数1265户,总车位1242个,占地面积44407.2平方米,建筑面积229699.52平方米,住宅面积151982.89平方米。在名"
B2094653D26EA4F94498,住宅,广东省深圳市福田区香梅路1089号(香梅北地铁站B2口步行210米),"交通便捷,公共配套设施极为完善。由地块短时间即可达北环大道,深南大道,滨海大道等城市主干道,上广　深,莞深高速也很方便,同时又邻近地铁香蜜湖站,交通状况十分便捷,道路宽阔,四通八达。周边生活配套齐全,居家,购物,医疗,教育十分方便。"
B2094251D269A1FB4993,产业园区,广东省深圳市福田区侨香路1011号(香梅北地铁站B1口步行350米),无
B2094653D268A5FC4299,高尔夫球场,广东省深圳市福田区侨香东路香蜜湖畔东侧,无
B2094253D16AA5FC429D,餐饮,广东省深圳市福田区香梅路天然居商业中心一层L1-5\/6-1号商铺,无
B2094757D069A4F44992,购物,广东省深圳市福田区香梅北路2001号(近福田外语学校),无
B2094253DB65A3F8479A,其他,广东省深圳市南山区龙珠六路尽头处塘朗山公园,无
B2094653D269A4FF429B,道路,广东省深圳市南山区,无
B2094252D06EA4FC409E,景点,广东省深圳市福田区塘朗山郊野公园梅语亭,无
B209425CD66AA1F8449A,湖南菜,广东省深圳市福田区梅富村69号(梅景地铁站A2口步行140米),无
B209425CD16CA5FF479A,台湾菜,广东省深圳市福田区北环大道6098号绿景佐阾虹湾购物中心L1层L1015-L1016,无
B2094757DA6CA2F84692,湖南菜,广东省深圳市福田区下梅林梅华西路238-1号锦林新居16幢(百家乐超市对面),无
B2094353D36EAAF5419A,甜品店,广东省深圳市福田区梅华路339号裕林花园（下梅林地铁站A口步行340米）,无
B2094357D26AA0FC4998,江苏菜,广东省深圳市福田区梅林街道梅丰社区北环大道6018号华强创领寓L2-01L2-02号,无
B2094356D06FA4FB449F,中餐厅,广东省深圳市福田区梅村路1号梅林生活中心2楼B217-B222（手扶电梯上2楼）,无
B2094357D46AA4FA489B,餐饮,广东省深圳市福田区梅村路1号梅林生活中心1层B119-B122号,无
B2094252D56EA6FE4593,中餐厅,广东省深圳市福田区梅林生活中心(北环大道北),无
B209425DD764A1F54799,餐饮,广东省深圳市福田区梅林街道梅河社区下梅林河背村137栋102,无
B2094253D16EA3FB429D,中餐厅,广东省深圳市福田区梅林街道梅京社区梅林路154号尚书苑101,无
B2094350D068ABFB4798,中餐厅,广东省深圳市罗湖区黄贝街道华丽路1025,无
B2094257D56FA3F84598,甜品店,广东省深圳市罗湖区黄贝岭二路黄贝岭中村676栋西堤公寓,无
B2094254D76BA5F5439A,餐饮,广东省深圳市罗湖区华丽路1050-2号黄贝派出所对面,无
B2094252D16EA5FD4792,餐饮,广东省深圳市罗湖区黄贝街道黄贝岭社区深南东路1002号黄贝岭上村30栋102,无
B2094554D46DA5FA409D,餐饮,广东省深圳市罗湖区东门,null
B2094354DB68A0FB499D,餐饮,广东省深圳市罗湖区黄贝岭村上村67-5号,无
B2094255DB6BAAF5479F,烧烤,广东省深圳市罗湖区东门街道东门中路2084号商铺童乐天桥旁东门中2公交站后,无
B2094352D669A7FB4198,展览馆,广东省深圳市罗湖区人民北路人民公园(东南角),无
B2094554DB6BA0FD4998,烧烤,广东省深圳市罗湖区罗沙路5026号东湖公园南门(原东方神曲景点内),无
B2094357D16AA1FD439B,西餐厅,广东省深圳市罗湖区翠竹街道木头龙社区爱国路1009号益田御龙华府1栋L4-10号,无
B209425CD465A5F8449C,景点,广东省深圳市福田区红荔路6026号莲花山公园南2门附近,无
B2094253DB6DABFF489D,运动场所,广东省深圳市福田区景田路78号深圳妇儿大厦裙楼1层儿童大堂,无
B2094353D36EA4F54598,游乐场,广东省深圳市福田区景田路78号深圳妇儿大厦-裙楼1层儿童大堂,无
B2094652DB65A2F5409F,餐饮,广东省深圳市福田区莲花街道万托家园101(景田地铁站A口步行100米),无
B209425CD264A4F9469E,西餐厅,广东省深圳市福田区景田路78妇儿大厦F1层,无
B2094256D46EA6FB4698,景点,广东省深圳市福田区红荔路6030号莲花山公园内,无
B209445CDB64AAFC4998,餐饮,广东省深圳市福田区莲花西路万科金色家园一期106号商铺,无
B2094252D46CA7F94593,中餐厅,广东省深圳市福田区景诚园综合楼39-8(天一名居对面),无
B2094357D06CA6FF4393,甜品店,广东省深圳市福田区莲花街道商报东二路37-21翠叶道（莲花西地铁站A出口253米）,无
B2094253D265A7F44799,中餐厅,广东省深圳市福田区景田东路37号101(景田地铁站E口步行270米),无
B2094653D26FA4FB439E,广东菜,广东省深圳市福田区华强北路4002号圣廷苑酒店世纪楼2楼,"春满园,坐落在5星级酒店圣廷苑酒店世纪楼1-3楼,其占地面积之大,突出了餐厅的重要性,餐厅主打粤菜,其中烤乳猪是广州人颇爱的一道佳肴,此道菜多以吉祥如意的示人,菜肴只选活泼的乳猪烤制,并有选料整理,腌制,抹糖液,烤制等几道缺一不可的步骤另有扒鲍鱼片,菜肴肉质片片分离,绝不黏腻,乳鸽很实惠,味道很好,外酥里内,很不错的吃早茶的地儿"
B209425DD76BA3FE4799,餐饮,广东省深圳市福田区华强北路圣廷苑世纪楼一、二、三楼,无
B2094355D268A0FB419A,餐饮,广东省深圳市福田区华强北振华路50号中联大厦401栋L1-08-09（燕南站C出口）,无
B2094352D764A0F5489C,餐饮,广东省深圳市福田区罗湖区桂园街道宝安南路3074号,无
B2094757D065ABF8479B,无,餐饮,广东省深圳市福田区宝安南路国速世纪大厦409号四层
B209475CD064A0FC449C,餐饮,广东省深圳市福田区园岭街道百花四路长安花园裙楼首层,"小时候它埋藏了“童年的美好回忆”,长大了它就只是一个“填饱肚子的地方了”。尽管如此,“偶尔心血来潮”的时候还是不管“卡路里问题”,要去“色彩斑斓一把”。“特别喜欢”甜筒,麦辣鸡翅和薯条。曾经还参加过一次“麦当劳开放日”,他家的厨房的确“严谨而高效”！"
B2094253DA6FA2FD449C,中餐厅,广东省深圳市福田区园岭五街1号园东花园裙楼1层-49号,无
B2094252D56AA7F9429A,景点,广东省深圳市罗湖区深土路与人民公园路交叉口北20米,无
B2094653D26CA6F4449C,餐饮,广东省深圳市福田区百花三路28,NULL
B209445DD66FABF8469E,火锅店,广东省深圳市福田区笋岗东路2127号华通大厦三楼,无
B2094250D068A6FF499A,景点,广东省深圳市福田区振华西路1号深圳中心公园内(北侧),无
B209425CD365A2F9429B,湖南菜,广东省深圳市福田区华富街道莲花一村社区笋岗西路4001号莲花一村17栋,无
B2094354D269AAFA469D,中餐厅,广东省深圳市福田区笋岗西路莲花一村那达慕,无
B2094251DB6CABFC4392,公司,广东省深圳市福田区皇岗路5001号深业上城T2办公楼51-52层,无
B209425CD264A0FC4292,西餐厅,广东省深圳市福田区富华街道莲花一村社区皇岗路5001号深业上城南区商业综合楼5栋3楼T3058号商铺,无
B2094354D56CABF84093,中餐厅,广东省深圳市福田区深业上城南区一期3层小镇西广场最西端莲花山方向T3079号铺,无
B209425DD464A6F4459F,中餐厅,广东省深圳市福田区深业上城三楼外街西广场T3080号靠近莲花山出入口处,无
B2094253D36CA1F84699,火锅店,广东省深圳市福田区深业上城小镇3楼T3063,无
B2094355D06FA2FA409B,中餐厅,广东省深圳市福田区华富街道莲花一村社区皇岗路5001号深业上城THESTREET外街三楼S307号,无
B209425DD06FA5FE439C,餐饮,广东省深圳市福田区华富街道莲花一村社区皇岗路5001号深业上城L3层T3030A,无
B2094355D16BAAF4449D,火锅店,广东省深圳市福田区笋岗东路华通大厦三楼（亚朵酒店三楼）,无
B209425CD668A7FD4999,餐饮,广东省深圳市福田区园岭新村112栋107号(园岭地铁站B口步行90米)园岭新村112栋笋岗西路路边(园岭地铁站B口直行90米),无
B2094251D26CABF44998,中餐厅,广东省深圳市福田区鹏程社区八卦一路123号盛世鹏程东区二楼210号,无
B209425DD264A2F5479E,餐饮,广东省深圳市福田区园岭街道玛盛社区八卦一路39号鹏盛村6栋,无
B2094652DB65ABFB419C,无,潮州菜,广东省深圳市福田区八卦一路45号首层(园岭地铁站A口步行390米)
B2094251D06AABFF479A,潮州菜,广东省深圳市福田区八卦一路45号首层(园岭地铁站A口步行380米),无
B2094554DA64A3FD4392,四川菜,广东省深圳市福田区园岭街道八卦一路七栋首层A3号,无
B2094252D169A2F84199,四川菜,广东省深圳市福田区八卦一路18-5号(园岭地铁站A口步行430米),无
B2094253D065A0FB429F,餐饮,广东省深圳市福田区八卦岭工业区10栋装饰大厦107,无
B2094350D26BA6FE4992,烧烤,广东省深圳市福田区园岭街道八卦七街41-7号,无
B2094557D26DA4FD489F,餐饮,广东省深圳市福田区八卦路610栋首层,无
B209445CDA6BA0F4409A,餐饮,广东省深圳市福田区园岭街道八卦岭610栋,无
B2094253D76CA3F4449F,日本料理,广东省深圳市罗湖区笋岗街道笋西社区梨园路8号halo广场一期二层L2-3号铺,无
B2094351D165A5FE439B,烧烤,广东省深圳市罗湖区HALO广场一期1层酷秀ktv楼下,无
B2094653D26DABF5419A,无,东北菜,广东省深圳市福田区八卦二路198
B2094253D068A1FE429A,广东菜,广东省深圳市罗湖区笋岗街道笋西社区梅园路75号万象华府第5层L518,无
B2094352D56CA5FF499C,糕饼店,广东省深圳市福田区八卦岭工业区542栋联创云瑞科技(原通益大厦)东座1楼-113,无
B2094253DA6EA3FF469D,火锅店,广东省深圳市罗湖区梅园路71号(笋岗地铁站A口旁)深圳万象食家L6层,无
B2094253D66CA0FD429C,餐饮,广东省深圳市罗湖区笋岗街道梅园路75号万象食家负一层B1-101,无
B209425DD265ABFE4598,餐饮,广东省深圳市罗湖区梅园路71号(笋岗地铁站A口旁)深圳万象食家L2层,无
B2094350D66AA4FF489F,西餐厅,广东省深圳市福田区华富街道莲花一村社区皇岗路5001号深业上城(南区)商业综合楼THESTREET外街L2层S214,无
B209425CD169A1FC4699,冷饮店,广东省深圳市福田区莲花一村社区皇岗路5001号深业上城(南区)商业综合楼一单元负2层D01,无
B2094355D46DA6F9449E,自助,广东省深圳市福田区莲科路深业上城THESTREET外街L3层S307号,无
B2094356D36FA7F5439F,韩国料理,广东省深圳市福田区深业上城南区THESTREETL2层S228号（MUJI对面、索尼旁）,无
B2094350D16DA1FE489B,福建菜,广东省深圳市福田区皇岗路5001号深业上城(南区)商业综合楼THESTREET外街L3层S307AC,无
B2094354D665A5F8429B,中餐厅,广东省深圳市福田区皇岗路5001号深业上城(南区)商业综合楼THESTREET外街L3层S303A,无
B2094356DA6EA1FA489A,茶艺馆,广东省深圳市福田区华富街道笔架山公园,无
B2094350D169ABFF429A,火锅店,广东省深圳市福田区深业上城南区1楼149号商铺（迪卡侬对面）,无
B2094352D66CA5FA4493,茶艺馆,广东省深圳市福田区彩云路20号3栋,无
B2094251DA64A2F44698,西北菜,广东省深圳市福田区梅林路金丰花园108号-115号,无
B209425DD668A0F9429A,中餐厅,广东省深圳市福田区八卦三路88附8号(红岭北地铁站A口步行470米),无
B209475CD06CA5F84498,咖啡厅,广东省深圳市罗湖区宝安北路3019号好百年家居1楼中庭(梅园路口),无
B2094251D46FA6FD449B,景点,广东省深圳市福田区梅岗路与梅岗南街交叉口北360米,无
B2094354D16BA2FA4393,中餐厅,广东省深圳市福田区安吉尔大厦3楼(八卦岭地铁站B口步行490米),无
B2094557D56AA5FC4492,景点,广东省深圳市福田区笔架山公园内部,无
B2094356D76CA5F94998,自助,广东省深圳市罗湖区宝安北路3008号宝能中心F栋6层L6002-6003号铺（地铁笋岗站D\/E出口）,无
B2094252D56CA4F8489D,餐饮,广东省深圳市罗湖区笋岗街道田心社区宝安北路3008号宝能环球汇F栋5层5007-5008,无
B2094250D268ABFD4193,景点,广东省深圳市福田区环山北路(笔架山公园内),无
B2094253D26BAAF54998,火锅店,广东省深圳市罗湖区宝安北路3008号宝能中心L6层,无
B2094652DB64A1FC4199,展览馆,广东省深圳市福田区华富街道笔架山公园,"市政府投资兴建的大型会展场馆,它位于风景如画的深圳湾填海区,占地20万平方米,投资人民币20亿元,2002年底投入使用。深圳会议展览中心以展览会议为主,同时具有展示,演示,表演,宴会等功能。展厅面积80000平方米,拥有4000个国际标准展位,展示厅面积10000平方米；会议中心面积16000平方米,室外展场30000平方米,广场15000平方米；停车位2000个,拥有现代化的设施,配备了完善的服务系统。"
B2094350DA6CAAFE4198,中餐厅,广东省深圳市福田区梅林街道梅华路117号,无
B2094251D36BA5FE4792,餐饮,广东省深圳市福田区梅村路1号梅林生活中心1楼玻璃房102号,无
B209425CD56FA3F4409D,餐饮,广东省深圳市福田区梅丽路9号A park深圳数字艺术公园D栋,无
B2094357D468A1FA469D,中餐厅,广东省深圳市福田区上梅林梅村路22号,无
B2094350D26AA0FB419E,韩国料理,广东省深圳市福田区梅丰社区梅华路103号地铁9号线梅村C1口900米,无
B2094351DB6BA7F9419C,景点,广东省深圳市福田区梅丽路9号APARK,无
B2094356D36EA7FE449D,烧烤,广东省深圳市福田区下梅林街道apark数字艺术公园L1-105,无
B2094350D56AA2FD419A,韩国料理,广东省深圳市福田区新店梅林街道下梅社区梅丽路9号APARK深圳数字艺术公园G-01a商铺,无
B2094652DB65A0F54293,火锅店,广东省深圳市福田区上梅林梅华路100号综合楼壹楼中间,无
B2094252DB6CA7FD439B,火锅店,广东省深圳市福田区梅华路8号民浩楼,无
B2094354D368A0F8469B,中餐厅,广东省深圳市福田区梅华路154号梅林邮政综合楼二楼,无
B209445CD364A3FF4998,广东菜,广东省深圳市福田区梅华路国际电子商务产业园1栋621室,无
B2094652DB65A0F4489B,无,西北菜,广东省深圳市福田区上梅林梅华东路旭区华安园115号
B2094250D264AAFC499C,甜品店,广东省深圳市福田区梅林街道梅河社区梅林路159-13号,无
B209475CD66BA5FF429F,糕饼店,广东省深圳市福田区上梅林新村156号101铺(梅华路肯德基对面路口进),"深圳知名凉茶甜品连锁品牌,以龟苓膏,双皮奶,凉茶,港式水果捞,养生炖品著名。"
B2094253D66FA7FF479D,中餐厅,广东省深圳市福田区梅林街道广夏路16号(上梅林地铁站H口步行340米),无
B2094352D369A7FD489A,餐饮,广东省深圳市福田区梅村路上梅林新村,无
B2094354D768AAFA4992,中餐厅,广东省深圳市福田区新村十巷79号楼101,无
B2094354D46DAAFC499D,餐饮,广东省深圳市福田区梅林街道新兴社区18-3,无
B2094653D268A3FA499B,无,中餐厅,广东省深圳市福田区黄祠巷92
B2094252D169A4FD409F,景点,广东省深圳市罗湖区莲塘罗沙路2076号,无
B209445DD365A7FD479C,广东菜,广东省深圳市盐田区海山路28-5,null
B2094252DA65A6F9409C,餐饮,广东省深圳市盐田区海山路28号广富百货F1层,无
B2094757D169A2FE429E,无,广东菜,广东省深圳市盐田区沙头角梧桐路2002号
B209425DD66EA4FE409D,景点,广东省深圳市罗湖区莲塘罗沙路2076号梧桐山风景名胜区仙桐景区,无
B2094251D269A5F5429D,地点,广东省深圳市罗湖区梧桐山南路与仙桐路交叉口西南方向10米,无
B209425DD168A6F4499C,景点,广东省深圳市盐田区恩上湿地公园,无
B2094557D56AA0FB409E,景点,广东省深圳市罗湖区莲塘罗沙路2076号,无
B2094257D76CA1FF409A,景点,广东省深圳市罗湖区茂仔村137号梧桐山景区内,无
B2094252DB6BABFE409F,景点,广东省深圳市罗湖区望桐路梧桐山内凤谷鸣琴景区,无
B2094653D26EA7FD4899,无,江苏菜,广东省深圳市罗湖区翠竹苑西门旁(翠竹地铁站C口步行370米)
B209445CD06CA4FE439E,火锅店,广东省深圳市罗湖区翠竹路1032号(翠竹苑小区西门入口旁),无
B2094355D26EA2FB469D,火锅店,广东省深圳市罗湖区莲塘街道莲塘路58号莲南商住楼一期A栋聚福路72号,无
B2094653D26DA7FE4598,广场,广东省深圳市罗湖区黄贝街道爱国路4006号,无
B209445DD16AA6F4449A,火锅店,"广东省深圳市罗湖区翠竹街道翠竹路1175-1号一楼,二楼",无
B2094252D764A6FE4993,甜品店,广东省深圳市罗湖区仙湖路108-2号(仙湖路地铁站C3口步行190米),无
B209425DD06DABFF4893,中餐厅,广东省深圳市罗湖区太宁路1号,无
B2094750D26AA7FE419A,出行住宿,广东省深圳市罗湖区畔山路与百世路交叉口东南20米,无
B2094250D16EABF8419E,景点,广东省深圳市罗湖区黄贝街道水库社区爱国路4006号东湖公园(西北角),无
B2094252D569A7F84498,浙江菜,广东省深圳市罗湖区太宁路8号喜荟城二楼,无
B2094653D26BA3F5489B,住宅,广东省深圳市罗湖区畔山路122号(莲塘地铁站C口步行490米),无
B2094757DA6CA6FB429A,寺庙道观教堂,广东省深圳市罗湖区莲塘仙湖植物园泓法寺内,无
B2094251D66AA0FF429B,冷饮店,广东省深圳市罗湖区太宁路8号喜荟城L2层248,无
B2094750D26CAAF9409E,无,广东菜,广东省深圳市罗湖区太宁路8号喜荟城购物中心1楼101号
B209425CD76BA7FD4298,中餐厅,广东省深圳市罗湖区水贝京基时代广场负一楼B1-154商铺,无
B2094354D069AAF44192,火锅店,广东省深圳市罗湖区水贝京基KK TIME二楼L221,无
B209425CD164A5F94693,生活服务,广东省深圳市罗湖区莲塘仙湖路160号仙湖植物园内,无
B2094252D26FA3FB4399,博物馆,广东省深圳市罗湖区金展国际珠宝广场3-4层(田贝地铁站E口步行390米),无
B2094354D26CA2F4469A,火锅店,广东省深圳市罗湖区水贝一路88号京基水贝时代广场4楼415商铺,无
B209425CD469A7FD4698,火锅店,广东省深圳市罗湖区文锦北路与水贝二路交叉口东南60米KKTIME4楼,无
B2094354DA69A0FA489A,景点,广东省深圳市盐田区恩上公路梧桐山风景名胜区,无
B2094251DB6CA7F54893,湖泊,广东省深圳市盐田区,无
B2094252D26BAAF4439D,景点,广东省深圳市盐田区莲塘街道罗沙路2076号广东梧桐山风景名胜区,无
B209475CD168A4FB4592,国家级景点,广东省深圳市盐田区莲塘街道罗沙路2076号,梧桐山的主要看点是大梧桐和小梧桐两座主峰，大梧桐是深圳第一高峰。小梧桐位于梧桐山北麓的凤谷鸣琴景区内，沿着山脊有一条观景走廊，这里山势不高而且比较好走，适合各个年龄层的游客来此登高望远。梧桐山最美的景色就要数这些从海上飘来的云雾，由山顶常常云雾缭绕，因此又有“雾锁梧桐”的称呼。景区内另一个比较值得一看的点是仙湖植物园，除了植物以外，植物园内还有深圳香火最旺的寺院之一弘法寺。Tips：仙湖植物园也是其中一条登山道的起点，如果从这里进山，需要买20元植物园门票，而如果从这里下山，则可以免费入园参观。
B2094252D269A5FE4493,山脉,广东省深圳市罗湖区,无
B209425CD564AAFB469C,景点,广东省深圳市盐田区东湾三路与东湾东路交叉口北400米,无
B209425CD365A1FA439E,中餐厅,广东省深圳市盐田区青云路空翠台,无
B2094357D46FA5FD499E,中餐厅,广东省深圳市盐田区青云路空翠台,无
B2094251D264A5F84898,景点,广东省深圳市盐田区望桐路梧桐山内,无
B2094357D76AA5FA4693,景点,广东省深圳市盐田区惠深沿海高速梧桐山风景名胜区,无
B2094354DB6BA2FF469A,中餐厅,广东省深圳市罗湖区翠竹街道水贝社区文锦北路2090号京基水贝城市广场4楼401,无
B209425CDA6CA3F94492,中餐厅,广东省深圳市罗湖区翠竹街道翠达社区布心路2083号旭飞华达园一期-1层、2层,无
B2094653D26DA7FE459B,美术馆,广东省深圳市罗湖区东湖二街32号,无
B2094253D764A5F9499F,中餐厅,广东省深圳市罗湖区水贝二路38号泊林花园,无
B2094356D06DA7FD429D,甜品店,广东省深圳市罗湖区仙湖路108-2号,无
B2094251D464A7F8489D,火锅店,广东省深圳市罗湖区翠竹路特发保税大厦3栋1楼,无
B2094253D76FA1F84693,广东菜,广东省深圳市罗湖区布心路3033号水贝壹5楼,无
B2094257D269A0FE439F,湖泊,广东省深圳市罗湖区,无
B2094254D669A6F8409C,广东菜,广东省深圳市罗湖区布心路3008号IBC环球商务中心五楼(水贝地铁站B出口),无
B2094257DB6FA6FA4598,景点,广东省深圳市罗湖区仙湖路160号仙湖植物园内,无
B2094757D56EABFD4899,景点,广东省深圳市龙岗区X260(新东路),桔钓沙位于龙岗区南澳街道，三面青山相拥，沙滩很大，呈月牙状，长约1000米，宽大概有50米。这里的沙质特别好，沙粒很细很白，当地人为此把这个沙滩称为“银滩”。这里的水澄澈而温柔，潮涌沙滩时，在岸边时还是白色的海水，离岸50米左右就变成淡蓝色了，再远些就变成深蓝色，然后就成了湛蓝的一片。
B2094554D26BABFC449A,旅馆招待所,广东省深圳市龙岗区南澳街道东山社区大碓村10号,无
B2094252D66AA6F54998,休闲娱乐,广东省深圳市龙岗区海碓路,无
B2094750DA6AA6FE429C,公园户外,广东省深圳市龙岗区海碓路22号,无
B2094254DA64A1F84892,景点,广东省深圳市龙岗区海碓路,无
B2094254D56BA5FB459A,休闲娱乐,广东省深圳市龙岗区,无
B2094254D76DA4FA489E,三星级宾馆,广东省深圳市龙岗区南澳镇东农区东山村大碓路七星湾游艇会,无
B2094550D064A3F44192,未知分类,广东省深圳市龙岗区大鹏新区东山社区海碓路,无
B2094257D464ABF84292,生活服务,广东省深圳市龙岗区大鹏半岛东部校场尾小区,无
B209445DDB65A4FA4193,旅馆招待所,广东省深圳市龙岗区大鹏新区较场尾较三西四巷1号(近银滩路较场尾P1停车场，鹏城桥公交站附近),无
B2094253DA6BAAF9429A,景点,广东省深圳市罗湖区莲塘街道仙湖路160号仙湖植物园内,无
B209425DD06EA5F54099,植物园,广东省深圳市罗湖区莲塘仙湖路160号,无
B2094356D269A1FD4693,植物园,广东省深圳市罗湖区莲塘街道仙湖社区仙湖路160号仙湖植物园内,无
B2094257DB6DA0FF409C,景点,广东省深圳市罗湖区莲塘街道仙湖社区仙湖路160号仙湖植物园内,无
B2094255D56DA1FD4592,景点,广东省深圳市盐田区梧桐山风景名胜区内,无
B2094252D468A0F94699,生活服务,广东省深圳市罗湖区莲塘仙湖路160号,无
B2094252D665A0F54193,景点,广东省深圳市罗湖区莲塘仙湖路160号仙湖植物园内,无
B2094250D16FA5FE479B,景点,广东省深圳市罗湖区仙湖路160深圳仙湖植物园,无
B2094253D66CA6FD489E,景点,广东省深圳市罗湖区莲塘仙湖路160号仙湖植物园内,无
B209425DD064ABFC4393,寺庙道观教堂,广东省深圳市罗湖区苏铁四路与紫薇路交叉口东380米,无
B2094355D46FA6FA429A,火锅店,广东省深圳市罗湖区布心路2018号粤海置地大厦深圳天河城南区四层N406-N407,无
B2094357D56DA4FD4693,餐饮,广东省深圳市罗湖区东昌路与布心路交汇处天河城南区4楼,无
B2094354D46DA3FE439C,日本料理,广东省深圳市罗湖区东晓街道东晓社区布心路2018号粤海置地大厦深圳天河城NB116南区,无
B2094757D16AA1FC429E,植物园,广东省深圳市罗湖区仙湖路160号,"仙湖植物园分为天上人间景区,湖区,庙区,沙漠植物区,化石森林景区和松柏杜鹃景区6大景区。植物园内有丰富多彩的植物种类,美丽的湖光山色,适合想要放松时走走逛逛。弘法寺就在这里,号称最灵验的寺庙,香火非常旺盛,当地人经常来这里烧香。"
B209445CD36AA3F9449A,潮州菜,广东省深圳市罗湖区太白路3038-6,无
B2094253D16EA7FA459A,展览馆,广东省深圳市罗湖区东昌路9号,无
B2094256DB6FA0FE499C,培训机构,广东省深圳市罗湖区仙湖路160号仙湖植物园仙湖驿站,无
B2094355D26DABF8479D,西餐厅,广东省深圳市罗湖区太白路3058号深圳天河城购物中心一楼143-144,无
B209425CD16CA2FB449A,中餐厅,广东省深圳市罗湖区太白路深圳天河城购物中心(布心地铁站B口步行500米),无
B2094253D16AA3F84198,中餐厅,广东省深圳市罗湖区东晓街道东昌路23号(原金威啤酒厂),无
B209425CD264A7FC459D,寺庙道观教堂,广东省深圳市罗湖区莲塘仙湖路160号仙湖植物园内,无
B2094757D06AA2F84992,寺庙道观教堂,广东省深圳市罗湖区莲塘仙湖路160号深圳仙湖植物园内(东侧),无
B2094252DB6BABFE4093,国家级景点,广东省深圳市盐田区莲塘街道罗沙路2076号,无
B2094252D36DA3F8479A,图书馆,广东省深圳市罗湖区莲塘仙湖路160号仙湖植物园内,无
B2094252D06FA5FF4492,中餐厅,广东省深圳市罗湖区莲塘路仙湖路160号仙湖植物园内,无
B209425DD46CA6F8479C,博物馆,广东省深圳市罗湖区莲塘街道仙湖路160号,无
B2094251DA69A2F9499A,茶艺馆,广东省深圳市罗湖区仙湖植物园内弘法寺二期光明殿旁,无
B2094254D66FA5FF499B,景点,广东省深圳市盐田区罗沙路2078号梧桐山风景区内,无
B2094252DB6FA6F54492,景点,广东省深圳市盐田区罗沙路2076号,无
B2094355D465A6FD4198,景点,广东省深圳市盐田区望桐路梧桐山内,无
B2094750D464ABFD449C,地点,广东省深圳市龙岗区大鹏街道新桥,无
B2094252D06EA0F5439D,运动健身,广东省深圳市龙岗区园岭南街11号,无
B2094252D46BA6FB449C,纪念馆,广东省深圳市龙岗区水贝村水贝老屋红11号,无
B209445CD06CAAFF4393,广东菜,广东省深圳市盐田区北山道44,无
B2094451D16BA1F9469C,景点,广东省深圳市盐田区盐梅路,大梅沙海滨栈道西起盐田东港区，东至大梅沙海滨公园，总长约1公里。沿途设有登山道、步道、景观平台、大栈桥、石拱桥等各类设施。蜿蜒在山势险峻的岸边，下面就是参差错落、色彩斑驳的山岩，狂奔的巨流汹涌澎湃，猛烈地冲击着岩石，形成了一道雄奇的景观。在宽阔的平台上，体验者凭海临风，享受着自然美景。
B2094252D06FA2FA4593,山脉,广东省深圳市盐田区,无
B2094757D168A3FD4693,无,餐饮,广东省深圳市盐田区海鲜街18号(盐田墟地铁站B口步行320米)
B2094757D06AA1FD429C,无,餐饮,广东省深圳市盐田区盐田街道海鲜街8号(盐田墟地铁站B口步行380米)
B2094554D069A0F54493,景点,广东省深圳市龙岗区大鹏街道布新路12号,无
B2094354D66CA5FC469B,餐饮,广东省深圳市盐田区盐田街道盐田社区沙头新村17号盐田得米肠粉店,无
B2094252DA6CAAF4409C,景点,广东省深圳市南山区北环大道8228号大沙河公园,无
B2094354D069ABFC479B,火锅店,广东省深圳市南山区西丽街道龙井路龙井综合楼17-18号铺(近西丽车管所),无
B2094252DA6BA4F94693,火锅店,广东省深圳市南山区西丽街道龙井路龙井综合楼17-18号铺(近西丽车管所),无
B209445CD36AAAFF4999,火锅店,广东省深圳市南山区龙井路龙井综合楼1楼96号外围商铺,无
B2094251D369A7FB469A,火锅店,广东省深圳市南山区龙井村西区15栋120号,无
B2094253D364A3FF469F,广东菜,广东省深圳市南山区龙井村西区103-1号,无
B2094757D16AA2F4409E,其他,广东省深圳市南山区深圳龙珠七路040号,无
B2094250D068AAFB459E,地点,广东省深圳市南山区龙苑路与龙珠六路交叉口东北方向150米,无
B2094354D26DA5F5409B,公园,广东省深圳市南山区珠光路60号珠光村-东区珠光村东区107栋,无
B2094355DA6FA5F4439C,景点,广东省深圳市南山区龙井路与龙珠大道交叉口南120米,无
B2094253D76CA0F44092,中餐厅,广东省深圳市福田区梅林街道新兴社区梅林路133号上梅林文体公园梅秀路58-6,无
B209425DD06BA0FD499B,餐饮,广东省深圳市福田区梅林街道上梅林中康路31号,无
B2094357DB69A6F5439E,火锅店,广东省深圳市福田区梅林街道梅亭社区中康路18号振业梅苑A B栋7678号,无
B2094253D16DA2FF429B,广东菜,广东省深圳市福田区上梅林中康路33-3号,无
B2094354D36DA4FE4199,餐饮,广东省深圳市福田区中康路18号西门振业梅苑(上梅林地铁站G口步行80米),无
B2094652DB65A0FD489E,寺庙道观教堂,广东省深圳市福田区梅林路126号,无
B2094355D66BA5FA449E,火锅店,广东省深圳市福田区梅林路87-13号（4\/9号线上梅林站G出口直行50米）,无
B209425CD265AAFE419E,寺庙道观教堂,广东省深圳市福田区梅林路126号,无
B209445CDB64A7F84093,餐饮,广东省深圳市福田区梅丽璐梅林水库梅园小学门,无
B2094354D469A6FF4292,中餐厅,广东省深圳市福田区梅林路交汇处卓悦汇购物中心5楼L32,无
B2094252D769AAFC409B,四川菜,广东省深圳市南山区西丽社区留新二街万科云城泊寓商铺L1-09号,无
B2094652DB6AA6F8479B,广东菜,广东省深圳市南山区珠光苑2栋7号(茶光地铁站B口步行230米),无
B2094253D56DAAFE429A,广东菜,广东省深圳市南山区西丽南支路77号,无
B2094551DB64A0FA439C,餐饮,广东省深圳市南山区西丽街道云城万科里西里1楼,无
B209445CD369A7F54693,潮州菜,广东省深圳市南山区西丽南支路1071号1楼,无
B209425DDA6EA1F5469D,火锅店,广东省深圳市南山区打石一路云城D绿廊负一层B1-22,无
B2094351D56FA0FC469F,餐饮,广东省深圳市南山区打石一路万科云城西里L1层CL1号、16号,无
B2094251D165A2FE4193,火锅店,广东省深圳市南山区打石二路云城万科东里商业区L2-023-025号(东里街边铺位),无
B2094351D56AA0F4429F,餐饮,广东省深圳市南山区打石二路与留仙一路交叉口万科云城二期C区L1层及L2层8-10号,无
B2094351D269A1FA4193,西北菜,广东省深圳市南山区留新一路万科云城一期第六栋B区商铺186号（农耕记旁边）,无
B209445CD365A5F5409F,烧烤,"广东省深圳市南山区西丽珠光路74号(近珠光江南百货,珠光花半里小区旁)",无
B2094757D064A7FB469D,公园,广东省深圳市南山区龙珠六路尽头处,塘朗山郊野公园位于深圳南山区的东北部。山的北面是平南铁路，南面为北环大道和龙珠大道，西端止于红花岭，东边绵延到福田区境内。北望西丽水库、长岭皮水库、羊台山、深圳野生动物园，南瞰深圳湾、华侨城。总面积约15000亩。塘朗山，塘朗山主峰海拔430.8米，高于海拔336米的大南山，低于平均海拔为780米的梧桐山三大主峰。
B209425CD76BA7FE459A,景点,广东省深圳市南山区塘朗山郊野公园百尺天梯,无
B2094257D26EA3F8489D,山脉,广东省深圳市南山区,无
B2094256D168A7FC4799,景点,广东省深圳市南山区塘朗山郊野公园山顶,无
B2094250D268A7F8409F,景点,广东省深圳市南山区龙珠六路尽头处塘朗山公园内(西侧),无
B2094354D56EA6F94999,景点,广东省深圳市南山区塘朗山郊野公园山顶,无
B2094354D16EA6F9409B,湖泊,无,无
B2094252D26DA0FF4193,中餐厅,广东省深圳市南山区留仙大道众冠时代广场益田假日里L4-04铺,无
B2094252D365A4FA479E,餐饮,广东省深圳市南山区桃源街道平山社区留仙大道4168号众冠时代广场L1层,无
B209425DDA6EAAF8419C,火锅店,广东省深圳市南山区万科里2楼,无
B2094253D76FA4FF4392,甜品店,广东省深圳市南山区具体设计公社C区B1层下沉广场蓝色2层,无
B2094354D76AA5F54092,美术馆,广东省深圳市南山区留光路111号万科设计公社C区c117,无
B2094253D16FABFF459A,餐饮,广东省深圳市南山区西丽街道万科云城设计公社B207,无
B2094354D169A6F4469F,餐饮,广东省深圳市南山区传音大厦3楼302(留仙洞地铁站A口步行430米),无
B2094354D06BAAF4489E,火锅店,广东省深圳市南山区西丽街道新围社区留仙大道旁腾飞苑120,无
B209445CD364A2F9419D,火锅店,广东省深圳市南山区留仙大道嘉兴苑1栋2104号,无
B209445CD06CA5FE409A,餐饮,广东省深圳市南山区西丽街道留仙大道嘉兴苑东座(原腾飞苑附楼)1号店,无
B2094250D16EAAFC4199,景点,广东省深圳市南山区留仙大道2190深圳职业技术学院留仙洞校区,无
B209425CD265A3F9459C,餐饮,广东省深圳市南山区留仙大道2188号悦方广场F2层(4号5号门出来左手边),无
B2094250D068AAFB4393,公园,广东省深圳市南山区龙珠六路尽头处,无
B2094757D164A0F8439C,水库,广东省深圳市福田区,无
B2094257D664A4FB4893,景点,广东省深圳市福田区北部,无
B2094257D769A6FC489E,景点,广东省深圳市南山区福龙立交桥,无
B209425DD464A6FF429F,山脉,无,无
B2094252D26FA3F9419A,景点,广东省深圳市福田区龙珠六路尽头处塘朗山公园,无
B2094251D16DA7FD429E,火锅店,广东省深圳市南山区桃源街道福光社区塘朗车辆段旁塘朗城广场(西区)A座B座C座商业514-515,无
B2094252D36EABF8489A,餐饮,广东省深圳市南山区桃源街道福光社区留仙大道3288号(塘朗地铁站D口旁)宝能环球汇(西丽店)B1层B1053-C,无
B209445CD46CA1FC429E,知名企业,广东省深圳市南山区西丽学苑大道1133号14F,1MORE万魔耳机，是国内原创耳机公司品牌，时尚穿戴，智能无线!
B209425CD66EA3FA409F,餐饮,广东省深圳市南山区桃源街道福光社区学苑大道1099号华晖云门1栋一层商铺135A,无
B2094250DA6DA2FD4099,餐饮,广东省深圳市南山区留仙大道众冠时代广场益田假日里商业裙楼L23,无
B2094253DA64A7F9459D,中餐厅,广东省深圳市南山区西丽留仙大道益田假日里5层(大学城地铁站D口旁),无
B2094257D56DA3F5459D,火锅店,广东省深圳市南山区留仙大道4168号益田假日里5层6号,无
B2094252D46CA0FD409A,餐饮,广东省深圳市南山区深圳大学城荔园生活区1号商铺,无
B2094357D26AABFA469C,西餐厅,广东省深圳市南山区留仙大道2022号荔林花悦酒店二楼（西丽地铁站F口步行50米）,无
B2094357DB6AAAF5489D,餐饮,广东省深圳市南山区新围社区新围村综合楼104（鼎新大厦停车场停车走路1分钟）,无
B2094251D169A0FF429D,茶艺馆,广东省深圳市南山区桃源智谷A区29栋一楼,无
B2094653D26BA2F54398,公交站,广东省深圳市南山区西丽街道西丽湖路,无
B2094354D06EA6F8409D,道路,无,无
B2094250D265A4F9449D,茶艺馆,广东省深圳市南山区桃源街道塘朗社区学苑大道大沙河生态走廊塘朗地段咖啡厅101,无
B2094257D76EA6FA449F,山脉,广东省深圳市福田区,无
B2094355D36BA2F5499E,培训机构,广东省深圳市福田区梅林街道塘朗山郊野公园梅林山公园,无
B2094354D56EABFB4399,景点,广东省深圳市龙华区大脑壳-神秘车酷S东北侧120米,无
B209445DD06CA4F54098,火锅店,广东省深圳市龙华区民治街道民塘路书香门第上河坊广场一层1158-1161、1163B商铺,无
B2094357D36DA5F4429D,餐饮,广东省深圳市龙华区民治街道民泰社区澳门新村50栋1楼,无
B2094253D269A5F94998,餐饮,广东省深圳市龙华区白石龙地铁站惠鑫公寓e180铺,无
B2094557D16CA5FD4992,四川菜,广东省深圳市龙华区澳门新村66-1,无
B2094554DA6AA5FA4493,广东菜,广东省深圳市龙华区民乐村梅坂大道滢水山庄二区九栋116-117商铺,无
B2094251D069A7F9499A,冷饮店,广东省深圳市龙华区民治街道玖龙玺花园二期北区半地下1N53-1N,无
B2094253D265ABFE429B,电影院,广东省深圳市龙华区4号线白石龙地铁站B出口二层玖龙荟3楼,无
B2094256D769A5F94699,生活服务,广东省深圳市南山区西丽镇西丽路4065号(西丽湖地铁站B口旁),无
B2094251D464A3FB429E,动物园,广东省深圳市南山区西丽镇西丽路465号,无
B2094252DA6CA4FB4499,公园,广东省深圳市南山区学苑大道1068号,无
B209425CD765AAFF439E,动物园,广东省深圳市南山区西丽镇西丽路465号,无
B209425CD465A2FE429D,景点,广东省深圳市南山区沁园路与沁园二路交叉口南180米,无
B2094252DB6CA2FB4498,景点,广东省深圳市南山区西丽镇西丽路4065号深圳野生动物园内,无
B209425CD56FA0F4439A,景点,广东省深圳市南山区西丽镇西丽路465号,无
B2094253D46CA4F9419D,动物园,广东省深圳市南山区西丽街道西丽路4066号,无
B2094253D364A0F8459D,景点,广东省深圳市南山区西丽湖路4065号深圳野生动物园内,无
B2094652DB69A3FC449D,动物园,广东省深圳市南山区西丽街道西丽路4066号,"深圳市野生动物园建于山清水秀的西丽湖东畔,海浪汹涌的大鹏湾北岸,毗邻麒麟山庄和深圳大学城,是全国第一家由企业投资兴办的市政项目和返朴归真的开放式动物园,占地面积1.2平方公里,总投资2.5亿人民币。 于1993年9月28日正式开业,从而中国第一家放养式动物园并集动物,森林,植物,科普等多种特色和观赏功能为一体的具有亚热带新型园林生态环境系统的风景区,荣获国务院授予的“中华之最”光荣称号。"
B2094556D268A1FE4898,甜品店,广东省深圳市龙华区玖龙荟A入口旁(白石龙地铁站B1口旁),无
B209445CD06CA4F4489F,餐饮,"广东省深圳市龙华区梅龙路2号龙华星河COCO City L1C-029-1,L2C-025A",无
B2094352D069A2F5409C,餐饮,广东省深圳市龙华区民治街道民泰社区梅龙公路127号鑫海公寓C、D、E、F区E区白石龙路21号,无
B2094352D56FA5F5409E,餐饮,广东省深圳市龙华区五和大道与雅宝路1号星河WORLD·COCO ParkB1层,无
B2094250D26EABF5469C,日本料理,广东省深圳市龙华区坂田街道南坑社区雅宝路1号星河cocopark2层L2C-019,无
B209445CD365A4FC419C,甜品店,广东省深圳市龙华区民治街道白石龙村一区,无
B2094554D464A7FD459E,餐饮,广东省深圳市龙华区民治街道民塘路59号,无
B2094556D264A7F84493,甜品店,广东省深圳市龙华区龙华新区金龙路白石龙村136栋1号,无
B2094556D765A3FE4498,广东菜,广东省深圳市龙华区民治街道幸福楼(民丰路)白石龙2区,无
B2094357DA6EA4F4449E,甜品店,广东省深圳市龙华区民治大道183号,无
B2094250D365A4FC459A,景点,广东省深圳市罗湖区莲塘街道仙湖社区仙湖路160号仙湖植物园内,无
B209425CD565ABF8489A,景点,广东省深圳市罗湖区仙湖路160号,无
B2094251D56FA3F84399,景点,广东省深圳市罗湖区莲塘仙湖路160号仙湖植物园内,无
B2094354D36BABF94299,植物园,广东省深圳市罗湖区莲塘仙湖路160号仙湖植物园内,无
B2094252D16BAAFB409A,景点,广东省深圳市罗湖区,无
B2094355D36FA1F94698,景点,广东省深圳市盐田区莲塘街道罗沙路2076号广东梧桐山风景名胜区内(东侧),无
B2094250D369A2FB409A,景点,广东省深圳市罗湖区莲塘仙湖路160号仙湖植物园内,无
B2094653D26DA5FD439B,植物园,广东省深圳市罗湖区莲塘仙湖路160号仙湖植物园内,"沙漠植物区占地1万多平方米,以仙人掌及多肉植物为主,该类植物主要产于美洲和非洲。它们的形态奇特,品位高雅,种类繁多,有极高的观赏价值和经济用途,在国际上日益受到重视,已成为新一类室内盆栽植物。芦荟因其药用价值而被大量栽培。仙人掌类植物同兰花和苏铁类植物一样,被《濒危野生动植物国际贸易公约》列为重点保护对象。为了收集和培育这类植物,本园从1992年起建立了三个大型展览温室和三个生产温室,引进了1000多个种或品种,其中仙人掌科有40多个属600多种,芦荟科植物100多种,其它多肉植物有近20个科300多种。较为珍贵的种类有直径在80厘米以上的金琥,有高达6米,200年树龄的巨人柱以及拟态植物生石花等。今后,我们将继续从国内外引进更多的种类,努力将沙漠植物区办成一个仙人掌及多肉植物的研究,科普,展览和生产的基地。"
B2094757D46CA2FF459D,餐饮,广东省深圳市盐田区盐田街道洪安四街盐港中学,无
B2094250D06EA5FF469D,地点,广东省深圳市罗湖区望桐路,无
B2094252D76CA4F54892,景点,广东省深圳市盐田区大梅沙盐梅路9号大梅沙海滨公园内,无
B2094254D164AAFB4798,火锅店,广东省深圳市龙岗区大鹏新区大鹏街道建设路30-2号103,无
B2094557D56AA5FA499C,景点,广东省深圳市龙岗区大鹏湾南澳半岛南,无
B2094252D66CAAFE409C,景点,广东省深圳市盐田区梅沙街道深葵路海滨栈道背仔角端,无
B2094256D668A5F44199,海滨浴场,广东省深圳市盐田区背仔角检查站旁,无
B2094552D36EA6F9479D,岛屿,广东省深圳市盐田区梅沙街道盐葵路,无
B2094652DB6BAAF44193,寺庙道观教堂,广东省深圳市龙岗区东部大鹏街道,无
B2094452D265A7FF4898,寺庙道观教堂,广东省深圳市龙岗区大鹏新区大鹏街道观音山公园北侧,无
B2094253D16CA2FA429A,寺庙道观教堂,广东省深圳市龙岗区大鹏新区大鹏街道观音山公园北侧,无
B2094355D66DA2F9429F,海滨浴场,广东省深圳市盐田区梅沙街道盐梅路105号,无
B2094252D06FABF8479D,四星级宾馆,广东省深圳市罗湖区东晓街道金稻田路1131号培峰苑A座,无
B2094257DB64A4FB449E,景点,广东省深圳市罗湖区,无
B2094653D26BA3F54793,公交站,广东省深圳市罗湖区东湖街道大望新平村,无
B2094551D76BA4FA4193,广东菜,广东省深圳市龙岗区翔鸽路2号万象汇4楼L440,null
B2094251D36BA4FA4793,广东菜,广东省深圳市龙岗区布吉街道翔鸽路2号布吉万象汇L4层L440号,无
B2094256DB6EA7FD479A,餐饮,广东省深圳市龙岗区罗岗路91号,无
B2094251D568A2FA469F,出行住宿,广东省深圳市罗湖区丹平快速路,无
B209425CD76FABF4499E,四星级宾馆,广东省深圳市龙岗区布吉信义假日名城景和园9号楼罗岗路139号,无
B2094352D768AAF54692,火锅店,广东省深圳市龙岗区翔鸽路布吉万象汇购物中心L3层L372号,无
B2094653D26BA2FB4598,公交站,广东省深圳市龙岗区  百鸽笼地铁站,无
B2094352D76EA4FF449A,海滨浴场,广东省深圳市龙岗区深圳奥比都斯民宿东侧约200米,无
B2094256D669A4FD459A,海滨浴场,广东省深圳市龙岗区大鹏新区大鹏街道鹏城社区,无
B2094753DA65A7F4439D,海滨浴场,广东省深圳市龙岗区大鹏新区大鹏街道鹏城社区,无
B209445DDB6AA4F4499B,旅馆招待所,广东省深圳市龙岗区鹏城迎宾三街4号,无
B209425DDB65AAF8499C,出行住宿,广东省深圳市龙岗区大鹏街道鹏城社区鹏飞路278号欢乐海湾商业楼E栋,无
B209425DD36FAAF5429A,出行住宿,广东省深圳市龙岗区大鹏新区鹏飞路71号,无
B209445DDB68ABF8429D,旅馆招待所,广东省深圳市龙岗区大鹏新区鹏城南门赖府5巷3号,无
B2094252D36EA2F5409D,咖啡厅,广东省深圳市龙岗区大鹏街道大鹏社区南门围二巷8-2号(大鹏所城南门外肥妈小吃对面巷子),无
B209445DD465A1FF4093,酒吧,广东省深圳市龙岗区深圳大鹏新区南门东路6号,无
B2094250D068A5FE409B,地点,广东省深圳市龙岗区南门东路与南门西路交叉口西50米,无
B209445DD764ABF44098,旅馆招待所,广东省深圳市龙岗区深圳大鹏新区古城南李屋巷11号,无
B209445DD765A2FE4493,旅馆招待所,广东省深圳市龙岗区深圳大鹏古城南门赖府园五巷一号,无
B209445DD465A6FC4598,旅馆招待所,广东省深圳市龙岗区深圳大鹏新区大鹏所城刘屋巷8号,无
B209445DD465A7FF4992,旅馆招待所,广东省深圳市龙岗区深圳大鹏新区西门新街15号,无
B2094252D765A4F54892,中餐厅,广东省深圳市龙岗区大鹏街道刘屋巷14号,无
B2094251DB69A1F5499A,民宿,广东省深圳市龙岗区大鹏所城刘屋巷,无
B209445DDB6AA4FF4599,经济型连锁酒店,广东省深圳市龙岗区大鹏新区古城南门东路13号,无
B2094652DB64A3FE4999,景点,广东省深圳市龙岗区大鹏街道鹏城社区南门东路,·大鹏所城全称“大鹏守御千户所城”，深圳又名鹏城也源于此。·这里曾是明清两代南中国的海防军事要塞。·如今的大鹏所城，还保留有古香古色的城门、城楼、古街道和古民居，在这里可以看到很多曾经的将军府，还有海防军事相关的文物。
B2094554DB64A6FF429A,甜品店,广东省深圳市龙岗区南澳大鹏新区大鹏所城十字街,无
B2094251DB6EA7F8429A,咖啡厅,广东省深圳市龙岗区南门西路与南门东路交叉口西北120米,无
B2094356D16CA4F84299,海滨浴场,广东省深圳市盐田区梅沙街道盐梅路105号,无
B2094252D565AAF84892,海滨浴场,广东省深圳市盐田区大梅沙海滨公园,无
B2094251D564A2FB4293,海滨浴场,广东省深圳市盐田区盐葵路,无
B2094757D06AA4FC459A,无,广东菜,广东省深圳市盐田区大梅沙盐梅路98号腻宠酒店2号楼1楼塔斯汀旁
B2094252D365A7FF469E,汽车服务,广东省深圳市龙岗区岭南路滨海阳光园1301,无
B209445CD364A0FF4499,餐饮,广东省深圳市龙岗区南澳大鹏新区大鹏新区南澳街道东渔村冰厂,无
B2094253DA69A3FE409F,水上活动中心,广东省深圳市盐田区梅沙街道梅沙社区盐梅路33号,无
B2094250D26CA1FC449D,景点,广东省深圳市盐田区S360(盐梅路),无
B209425CD165A4FB4192,水上活动中心,广东省深圳市盐田区大梅沙盐梅路35号,无
B2094253D76DA1FB4792,景点,广东省深圳市盐田区山海图书馆东侧,无
B2094653D269A2FC439B,住宅,广东省深圳市龙岗区南门街大鹏所城,无
B2094255DB6AABF8429F,景点,广东省深圳市龙岗区大鹏新区南门东路,无
B2094354D169A7FA439E,景点,广东省深圳市龙岗区大鹏新区南门东路,无
B209445DD66EA4FC479B,甜品店,广东省深圳市龙岗区大鹏街道南门东路19号,无
B2094356D468A6F54398,博物馆,广东省深圳市龙岗区大鹏镇鹏城村赖府巷10号,无
B2094554D46BA7FE429D,咖啡厅,广东省深圳市龙岗区大鹏鹏飞路所城正街北门广场前,无
B2094554D16EA5F5489F,出行住宿,广东省深圳市龙岗区大鹏所城南门东路33号,无
B209445DD56EA7FC479C,旅馆招待所,广东省深圳市龙岗区深圳大鹏新区大鹏所城南门东路31号,无
B2094750D765A6F5479E,广东菜,广东省深圳市龙岗区大鹏所城东城巷21号,无
B2094356D268A1FC479C,中餐厅,广东省深圳市龙岗区大鹏所城东城巷21号,无
B2094251DA68A0F9489B,广东菜,广东省深圳市盐田区盐葵路9号深圳大梅沙京基洲际度假酒店首层,无
B2094256DB6CAAF5449A,海滨浴场,广东省深圳市盐田区S360(深葵路),无
B2094750D765ABFD499F,餐饮,广东省深圳市盐田区背仔角检查站,无
B2094653D26AA4FB4992,医院,广东省深圳市盐田区梅沙街道盐葵路,无
B2094757D76BABFB439D,烧烤,广东省深圳市盐田区背仔角检查站(近小梅沙),无
B209425CD468A5FA419F,丧葬,广东省深圳市盐田区盐葵路南50米,无
B2094253D26DA4FE4099,中餐厅,广东省深圳市盐田区盐梅路与云水路交叉口东180米,无
B2094252D36EA4FA489D,丧葬,广东省深圳市盐田区小梅沙背仔角检查站,无
B2094356D46EA2FD489B,景点,广东省深圳市龙岗区S360(深葵路),无
B2094652DB6BAAF94793,景点,广东省深圳市盐田区惠深沿海高速万科天琴湾别墅区东侧,"N个人入住,需提供N个有效证件,n"
B2094255D56FA7FD4899,海滨浴场,广东省深圳市盐田区小梅沙度假村(小梅沙地铁站C口步行410米),无
B2094652DB6BAAF54098,住宅,广东省深圳市龙岗区鹏飞路1号,无
B2094354D465A2F9489E,景点,广东省深圳市盐田区深葵路与盐葵路交叉口东南40米,无
B2094254DA6BAAFB439D,海滨浴场,广东省深圳市龙岗区官湖中路,无
B2094453D26DA1F8479A,海滨浴场,广东省深圳市龙岗区葵涌街道官湖社区官湖路1278号,无
B2094357D16BA0F8459D,西餐厅,广东省深圳市龙岗区葵涌街道官湖社区官湖路1278号,无
B2094354D46FABF84792,中餐厅,广东省深圳市龙岗区葵涌街道官湖社区官湖西路7号2号楼101,无
B2094354D56BA2FA469F,中餐厅,广东省深圳市盐田区盐梅路与海洋路交叉口东200米,无
B209445DDB6AA6F9459A,旅馆招待所,广东省深圳市龙岗区官湖村湖龙7巷1号,无
B2094757D069AAF9489F,水族馆,广东省深圳市盐田区小梅沙,无
B2094357D56FA3F8499F,餐饮,广东省深圳市罗湖区梧桐山艺术小镇望桐路茂仔村119号,无
B2094256D46EA1F8439E,景点,广东省深圳市罗湖区望桐路与罗湖梧桐绿道交叉口西北200米,无
B209475CDB6EA1FB459A,旅馆招待所,广东省深圳市罗湖区梧桐山艺术小镇望桐路茂仔村75号二楼(梧桐山北门),无
B2094753D069A3F4469F,广场,广东省深圳市罗湖区东湖街道梅岭梧桐山风景名胜区,无
B2094350D76CA1F9449A,烧烤,广东省深圳市罗湖区东湖横排岭191号-1,无
B2094253D06AA5F8419E,山脉,广东省深圳市盐田区,无
B209425DD368A3FF489F,采摘园,广东省深圳市罗湖区东湖街道大望村望桐路与信告地路交叉口往东50米北侧,无
B2094253D16FAAFE489D,景点,广东省深圳市罗湖区南天门伯公庙西侧240米,无
B2094357D36DA3F44893,寺庙道观教堂,广东省深圳市盐田区龙岗区北山道与平盐路交叉口西100米,无
B2094352D765A2FD469E,通行设施,广东省深圳市盐田区云海专线A;云海专线B;云海专线C;云海专线D,无
B2094554D068A7FD4192,火锅店,广东省深圳市福田区梅林路交汇处卓悦汇购物中心5楼L32,无
B2094252D46CA0FD4893,日本料理,广东省深圳市福田区中康路卓悦汇购物中心3层L3-05号,无
B2094253D16DA2FE419B,日本料理,广东省深圳市福田区梅林路与中康路交汇处1号卓悦汇购物中心L5层,无
B2094354D66BA1FB4298,餐饮,广东省深圳市福田区中康路卓悦汇购物中心3层L3-28号,无
B2094354DB6FA2FB469B,西餐厅,广东省深圳市福田区卓越梅林中心广场(南区)卓悦汇商场L1-08A,无
B2094257D06EAAF84893,湖南菜,广东省深圳市福田区上梅林中康路卓悦汇购物中心6楼612,无
B2094253DB6FA1FB479A,日本料理,广东省深圳市福田区梅林路与中康路交汇处1号卓悦汇购物中心L2层,无
B2094354DA68A2FC4498,台湾菜,广东省深圳市福田区梅林街道梅都社区广康路1号御锦公馆B栋1楼106号,无
B2094253D06CA1FF439D,地点,广东省深圳市福田区广康路与中康路交叉口西220米,无
B2094252D66AA6FE4099,景点,广东省深圳市福田区龙尾路(梅林公园-东北侧约210米),无
B2094357D068A4F84998,纪念馆,广东省深圳市罗湖区赤湾六路6号天后宫(田心庆云花园东南附近),无
B2094252D265A4FC4892,餐饮,广东省深圳市罗湖区宝岗路220号,无
B2094653D26EA7FB479E,休闲娱乐,广东省深圳市罗湖区宝岗路269号东座(近麦德龙),有爱真好 · 爱在天长地久\n30年品牌历程，见证130万对新人的爱情故事
B2094653D26AA0FF499D,休闲娱乐,广东省深圳市罗湖区笋岗街道泥岗东路2031号大华国际名车城,无
B209445CD06DA3FA4992,餐饮,广东省深圳市罗湖区金湖路8-15,无
B2094550D36AA0FE459B,美术馆,广东省深圳市罗湖区金湖一街36号,无
B2094355D66DAAF4449D,西餐厅,广东省深圳市龙岗区文化二路凤仪山谷深圳雅诗阁凤仪山服务公寓G层大堂,无
B209445CD06DA1FE479B,餐饮,广东省深圳市龙岗区布吉街道宝丽路粤宝市场,无
B2094354D369A3FD459A,中餐厅,广东省深圳市龙岗区布吉街道莲花路108号,无
B2094355D66BA6F4489A,火锅店,广东省深圳市龙岗区布吉街道布吉社区格塘路2号101,无
B2094253D16FA2F5419E,甜品店,广东省深圳市罗湖区东湖路80号(布心中学大门对面),无
B2094252D264A1F8469C,景点,广东省深圳市罗湖区莲塘仙湖路160号仙湖植物园内,无
B2094251DA6EA6FC409D,景点,广东省深圳市罗湖区莲塘仙湖路160号仙湖植物园内,无
B2094251DB6BA1FC4392,景点,广东省深圳市罗湖区莲塘仙湖路160号仙湖植物园内,无
B2094757DA6CA5FB479E,无,广东菜,广东省深圳市罗湖区东晓路北青橙时代公寓1楼(近东湖路)
B2094250D365AAFE4998,地点,广东省深圳市罗湖区翠荫路与东湖路交叉口西北方向130米,无
B2094356D169A4F5479B,景点,广东省深圳市罗湖区东湖街道梧桐绿道,无
B2094554DA6CA5FA429E,烧烤,广东省深圳市罗湖区金稻田路1199号,无
B2094252D76FA1FB469C,景点,广东省深圳市罗湖区东湖街道,无
B2094251D665A5F4429D,景点,广东省深圳市罗湖区淘金山绿道,无
B2094250D664A3F4449F,火锅店,广东省深圳市福田区中康路126号卓悦汇INJOY购物中心L5,无
B2094355D26FA0FE419D,冷饮店,广东省深圳市福田区中康路卓悦汇商场L1-35A（4号线上梅林地铁D口步行200米）,无
B2094256DA6EA5FD479E,广东菜,广东省深圳市福田区梅林街道中康路卓悦汇商城商铺L1-37L2-35L2-36一二楼,无
B2094354D06BA3FC499A,中餐厅,广东省深圳市福田区卓悦汇购物中心入口通往停车场北130米,无
B2094252D164A6FA409B,美术馆,广东省深圳市福田区梅林梅东二路5号(孖岭地铁站D口步行400米),无
B2094251D56EA7FD4992,寺庙道观教堂,广东省深圳市龙华区南坪快速附近,无
B2094351D768A3F4429E,火锅店,广东省深圳市龙华区雅宝路星河WORLD·COCOPARK星空里L3-003号,无
B209425DDB65A5FE479B,餐饮,广东省深圳市龙华区坂田街道星河双子塔东塔正背后,无
B2094351D165A0F44098,西餐厅,广东省深圳市龙华区雅星路8号（双子塔下）,无
B2094357DB64A1F5419C,水库,广东省深圳市龙岗区坂田街道S301(鸡公山一号桥),无
B2094252D568A2FE4292,餐饮,广东省深圳市龙岗区布吉街道萝岗社区信义荔景御园E区1栋L383号商铺,无
B2094252D06AA7F54692,综合体育馆,广东省深圳市龙岗区南湾街道求水山公园南侧,无
B209425CD664A2F5499F,中餐厅,广东省深圳市龙岗区布吉街道罗岗社区翔鸽路2号深圳布吉万象汇B1层,无
B209425CD76BA0F54798,韩国料理,广东省深圳市龙岗区布吉街道罗岗社区翔鸽路2号深圳布吉万象汇L2层,无
B2094350D46DAAFB4992,云贵菜,广东省深圳市龙岗区布吉街道罗岗社区翔鸽路2号万象汇2楼L213号(近百鸟笼地铁站C出口直接上2楼LEGO旁),无
B2094250D66BABFB499B,培训机构,广东省深圳市龙岗区布吉街道翔鸽路,无
B2094256D76BA1F5409C,地铁站,广东省深圳市龙岗区地铁5号线(环中线),无
B2094555D265ABFF4099,中餐厅,广东省深圳市龙岗区布吉镇湖南立交,无
B2094252D66DA0F4469F,地铁站,广东省深圳市龙岗区5号线\/环中线,无
B2094256D468A3FB4398,景点,广东省深圳市龙岗区龙山路求水山公园(西侧),无
B2094653D26EA2F4439A,景点,广东省深圳市龙岗区南湾街道,无
B2094251DA64A3F44593,国家级景点,广东省深圳市龙岗区南湾街道,无
B2094554D06FA1F5479C,火锅店,广东省深圳市龙岗区布吉百鸽路满庭芳花园一楼139号(新一佳对面),无
B2094251D56EABFD4499,中餐厅,广东省深圳市龙岗区百鸽路246-2西北90米,无
B2094254D66BA3FD419D,休闲娱乐,广东省深圳市龙岗区南岭村求水山公园内,无
B2094253D368A7F8419A,篮球场馆,广东省深圳市龙岗区布吉百合商业楼b栋3楼平台,无
B2094257DA6AA6F5469A,景点,广东省深圳市罗湖区东湖街道,无
B2094253D26FA1FB4598,景点,广东省深圳市龙岗区南湾龙上路求水山公园内,无
B2094252D36AA7F9479B,休闲娱乐,广东省深圳市罗湖区东湖街道,无
B2094257D76AA6F9489B,生活服务,广东省深圳市罗湖区淘金山绿道,无
B2094252D468ABFE409A,山脉,广东省深圳市罗湖区龙岗区,无
B2094450D46DA3FC409E,未知分类,广东省深圳市龙岗区布吉西环路88号文博宫,58，385，k105
B2094557D56AA0F44398,展览馆,广东省深圳市龙岗区布吉街道西环路88号文博宫,无
B2094257D465A3FE429E,景点,广东省深圳市龙岗区文博路,无
B209425CD465A5FF499B,酒吧,广东省深圳市龙岗区西环路88号文博宫A16(南2门),无
B2094757D66CA4FB4398,展览馆,广东省深圳市龙岗区布吉新区布吉街道西环路88号,深圳文博宫位于广东省深圳市龙岗区布吉西环路88号，是南中国最大的仿古集群式建筑群。作为目前国内单项面积最大的古玩珠宝艺术品交易中心，文博宫的经营范围与形式都紧扣深圳市文化创意产业这个中心主题，以古玩珠宝、玉器、陶瓷、书画、家具、铜器、杂项及工艺品和艺术品等为经营业态，以高端化、精品化、国际化为经营策略，打造集展销、鉴定和拍卖为一体的国际性古玩艺术品交易平台，建构集工艺制作、艺术沙龙、创作体验、展示交易、休闲旅游为一体的综合性文化产业链。
B209445CD06CA1FB499F,糕饼店,广东省深圳市龙岗区布吉街道西环路66号文博宫,无
B2094354DB6BA6FF4192,广西菜,广东省深圳市龙岗区金利路65-8,无
B2094554D46EA4F94198,餐饮,广东省深圳市龙岗区龙岗布吉街道西环路文博宫北门,无
B209425DD16BA4F4489B,中餐厅,广东省深圳市龙岗区布吉街布吉社区东心岭209号101,无
B2094255D16BAAF9449C,出行住宿,广东省深圳市龙岗区布吉湖西路可园5期14F202,&quot;null&quot;
B2094354D368A1F4479A,韩国料理,广东省深圳市龙岗区吉昌街与龙岗大道辅路交叉口东20米,无
B2094251D26CA0F44493,冷饮店,广东省深圳市龙岗区南新路12正西方向50米,无
B2094557D568A3F9499A,公园,广东省深圳市龙岗区南岭村求水山公园内(近求水山酒店),无
B2094554D46FA7F94093,火锅店,广东省深圳市龙岗区布沙路105,无
B2094251DA65ABF4409C,火锅店,广东省深圳市龙岗区布吉街道木棉湾社区龙岗大道佳兆业新都汇家园2栋L311-312,无
B2094750D765A0FC4392,无,餐饮,广东省深圳市龙岗区长盛路24号
B2094653D268ABFB4293,美术馆,广东省深圳市龙岗区大芬油画村大芬美术馆,无
B2094253D66CABFC4493,美术馆,广东省深圳市龙岗区大芬油画村大芬美术馆,无
B209425CDA6EAAFE459E,冷饮店,广东省深圳市龙岗区布吉街道大芬社区大芬美术馆102号,无
B2094652DB6BABFA419B,幼儿园,广东省深圳市龙岗区健民路20号,无
B2094351D76BABF44192,甜品店,广东省深圳市龙岗区布吉街道中翠路75号,无
B2094251D76DA6FE409C,餐饮,广东省深圳市龙岗区南岭村社区健民路37号开欣商业广场侧门一楼三哥烧腊茶餐厅,无
B2094252D768A5F44099,广东菜,广东省深圳市龙岗区布吉街道大芬社区大芬村简贝二巷3号101,无
B2094557D56AAAF54592,广场,广东省深圳市龙岗区南岭南路35号,无
B2094355DB6CA6F54199,景点,广东省深圳市龙岗区大芬油画街大芬油画村,无
B2094653D26EA2F44192,购物,广东省深圳市龙岗区南湾街道南岭社区南岭北路7号,无
B2094653D26AAAF4489D,公交站,广东省深圳市龙岗区南湾街道南岭东路人人购物广场(南岭店),无
B209445CD06CABF4449A,餐饮,广东省深圳市龙岗区布吉南湾南岭村南岭东路28号人人购物广场首层,无
B2094653D26AAAF4489C,景点,广东省深圳市龙岗区布吉镇布沙路旁,南岭村是深圳市龙岗区布吉街道的一个行政村，面积4.12平方公里，户籍人口800人，外来人口1.5万人。南岭村被誉为中国第一村&quot;。南岭村是深圳市龙岗区南湾街道的一个行政村，面积4.12平方公里，户籍人口800人，外来人口1.5万人。南岭村坚持“两手抓，两手都要硬”的方针，抓好两个文明建设，先后获得了“全国精神文明建设示范点”、“全国创建文明村镇工作先进单位”、“省文明示范村”等荣誉称号。南岭村曾因为贫穷被戏称为“鸭屎围”，如今却摇身一变，成为响当当的“中国第一村”。村中绿树成荫、鲜花锦簇、商场林立、工厂云集，一派繁忙有序的景象。2008年，南岭村净资产达到13亿，村民人均纯收入15万元，去年一年上缴国家税收1.8个亿。由最初的“致富思源、富而思进”到“不自满、不松懈、不停步”，南岭的建设一直稳步持续向前。&quot;
B2094351D569A7F9479C,东南亚餐厅,广东省深圳市龙岗区布吉街道凯旋荟购物中心布华路19A301,无
B2094554D265AAF4449D,经济型连锁酒店,广东省深圳市龙岗区布吉镇西环路7号,无
B2094354DB69A7F4439A,火锅店,广东省深圳市龙岗区长盛路3号,无
B2094554D06DA3F54193,餐饮,广东省深圳市龙岗区布吉街道西环路6号综合楼c栋一楼c31c32号,无
B209425DD16BABF5419B,中餐厅,广东省深圳市龙岗区吉华路与西环路交叉口西40米,无
B209445CD364A6F4439E,西餐厅,广东省深圳市龙岗区吉华路250-2,无
B209445DD46BAAF4449F,旅馆招待所,广东省深圳市龙岗区吉华路258号澎渤商业大厦1楼(近下水径公交站、地铁站),无
B2094251D36EA4FD489A,博物馆,广东省深圳市龙岗区布龙路18号赛格ECO中心五栋12楼1201室1209室,无
B2094252DB6AABF84992,餐饮,广东省深圳市龙岗区联布北路龙景二区五巷5号楼,无
B2094250D264A3FE4193,河流,广东省深圳市龙岗区,无
B2094252DB64A4FC4792,山脉,广东省深圳市南山区龙华区,无
B2094357DA68A7F84998,景点,广东省深圳市南山区龙华区鸿荣源·熙园山院西南侧约220米,无
B2094253DB6CA3FA439A,餐饮,广东省深圳市龙华区民治街道民丰路与致远南路交汇处金众金域阁一楼127-134号商铺,无
B2094255D765A6FB409F,餐饮,广东省深圳市龙华区民丰路金众金域阁五楼,无
B2094653D268AAF54293,纪念馆,广东省深圳市龙华区民治街道民丰路白石龙老村1号,无
B2094252D76CA7F9489A,中餐厅,广东省深圳市龙华区深圳北站缤果空间购物中心2楼2A-06-A,无
B209425DD268A3FF419D,日本料理,广东省深圳市龙华区民塘路385号深圳深铁铂尔曼酒店46楼(邻深圳北站),无
B2094354D265A5FD409A,火锅店,广东省深圳市龙华区民福路2号百易广场,无
B2094354D76DA4FB489D,餐饮,广东省深圳市龙华区红山六九七九商业中心(红山地铁站D1口步行200米),无
B2094252D16DA0F8499D,火锅店,广东省深圳市龙华区民治街道红山6979-36座2层(地铁站D出口前行120米左手侧),无
B2094257D26DABFD4592,动物园,广东省深圳市南山区西丽春园路,无
B2094252DB6FA6F5409D,动物园,广东省深圳市南山区西丽镇西丽路465号,无
B2094557D569A5FF409A,动物园,广东省深圳市南山区西丽镇西丽路4065号深圳野生动物园内,无
B2094557D569A2FD4893,公园,广东省深圳市南山区沁园路1231号,无
B2094251D26AA3FB4593,水族馆,广东省深圳市南山区西丽镇西丽路4065号深圳野生动物园内(北侧),无
B2094557D568A2FF409D,水族馆,广东省深圳市南山区西丽镇西丽路4065号深圳野生动物园内,无
B2094252D469A3FA439D,中餐厅,广东省深圳市南山区学苑大道1066号深圳大学丽湖校区,无
B2094253D66FA3FD4992,湖泊,广东省深圳市南山区,无
B2094452D265A7FB4093,森林,广东省深圳市南山区 沙河西路,深圳的西沥水库曾有一大片甜桃基地，后头几乎都砍光了改种荔枝，现仅剩的一片桃林因为近年来被游客发现，变得红火起来。桃花林在西丽水库的东向，桃树属于南山甜桃的品种。每年春暖花开之际，这里千树万树桃花如火似锦。
B2094357D26FA3F8469E,中餐厅,广东省深圳市南山区大勘村丽康路木棉花公寓附近01,无
B209425CD46AA5FC469D,冷饮店,广东省深圳市龙华区樟坑三区84栋101,无
B2094451D264A0F8449C,餐饮,广东省深圳市龙华区澳门海岸路威尼斯酒店,无
B2094357D669AAFD4699,餐饮,广东省深圳市龙华区樟坑一区德发嘉苑173栋1楼,无
B209425CD66BA3FB4099,餐饮,广东省深圳市龙岗区明治街道明康路1号深国际华南物流园8号仓奥特莱斯3层,无
B209445CD365A6F94592,餐饮,广东省深圳市龙华区民治街道沙元路,无
B2094357D36DA7FB4992,餐饮,广东省深圳市龙华区樟坑一区德发嘉苑173栋1楼,无
B2094355D064A0FA4492,餐饮,广东省深圳市龙华区,无
B2094253DA69A0F44498,餐饮,广东省深圳市龙华区民治第一工业区3栋1楼449-3号,无
B209445CD36AABFA4293,烧烤,广东省深圳市龙华区民治街道280号（民治地铁站D出口北方向400米）,无
B2094352D26BABFE4593,东北菜,广东省深圳市龙华区民治街道民治大道333号,无
B2094757DA6CA6FD4299,东北菜,广东省深圳市龙华区民治街道民强社区民田路民福楼115,无
B2094253D16DAAFF4093,餐饮,广东省深圳市龙华区民治街道红山6979商业中心三期11栋33座256,无
B209425DD168ABFD479D,西餐厅,广东省深圳市龙华区民繁路16号(红山地铁站D1口步行430米),无
B2094351D46FA7FD4998,餐饮,广东省深圳市龙华区民繁路红山六九七九商业中心负一楼派派park（盒马鲜生对面）,无
B2094350D66DA3FA439F,博物馆,广东省深圳市龙华区民治民福北路65号,无
B2094251D364A4F4479A,中餐厅,广东省深圳市龙华区红木街红山六九七九三期11栋264号(红山地铁站D出口),无
B2094356D36CA5FC479F,餐饮,广东省深圳市龙华区民治街道红山6979负1层B123铺,无
B2094354D16CA0FD419F,餐饮,广东省深圳市龙华区民治街道红山社区红山六九七九31栋三楼311,无
B2094253D16FA1FD4692,浙江菜,广东省深圳市龙华区红山6979商业中心三期23栋二楼(正恩口腔楼上)旁边11号客梯上202.203,无
B2094252D06EA2F5479C,餐饮,广东省深圳市龙华区大岭社区红山6979红木街20-9,无
B2094354D164A3FC489D,冷饮店,广东省深圳市龙华区红山社区红山六九七九二期7栋B1层161,无
B2094251D665A1FC469A,冷饮店,广东省深圳市龙华区民治街道红山六九七九商业中心(三期)11栋8座118、119,无
B2094356D368A6FE489A,火锅店,广东省深圳市龙华区红木街红山地铁站A、D口,无
B2094350DA6AA6F84692,火锅店,广东省深圳市龙华区红木街1-1号,无
B2094356D664A6FB4592,烧烤,广东省深圳市龙华区民治街道红山六九七九负一层B108（音乐广场扶梯左转30米）,无
B209425DD26CA6F54898,东南亚餐厅,广东省深圳市龙华区民治街道红山社区红山六九七九三期11栋1层134室,无
B2094253D16FA3F4499B,中餐厅,广东省深圳市龙华区民治街道红山6979一期5栋206二楼,无
B2094554D06AA1F44293,餐饮,广东省深圳市龙华区民治塘水围宝山工业区八栋104号铺(皓源酒店旁边),无
B2094355D76DA0FF479D,餐饮,"广东省深圳市龙华区红山社区龙光玖钻北乙期1B18（格致中学对面,驾车导航到店）",无
B209425DD36FA6FB4993,餐饮,广东省深圳市龙华区民繁路红山6979负1层北广场(开心麻花楼下),无
B209425CD16CA2F44693,火锅店,广东省深圳市龙华区民治街道红山六九七九商业中心1期三栋A座,无
B2094253D664A1FC4199,中餐厅,广东省深圳市龙华区民治街道红山社区龙光玖钻北甲期A座二单元1A47,无
B2094357D66CA5FD4498,西餐厅,广东省深圳市龙华区民繁路红山6979一期13栋一楼132-133,无
B209425CD569A3FF4393,火锅店,广东省深圳市龙华区民治街道民繁路红山六九七九商业中心一期3栋1楼(渤海银行旁),无
B209425CD66BA6FD449B,美术馆,广东省深圳市龙华区民治街道腾龙路30号1栋,无
B2094354DA6EA1FC4292,美术馆,广东省深圳市龙华区民治街道腾龙路30号1栋,无
B209425DD26DABFC4499,通行设施,广东省深圳市龙华区深圳美术馆(红山地铁站A1口步行360米),无
B2094252D56AA5FC479F,火锅店,广东省深圳市龙华区人民路2020号天虹购物中心(龙华店)L1,无
B209445DD26FAAF54993,餐饮,广东省深圳市龙华区民治街道梅龙路西侧公馆1866花园裙楼23号N-L117、N-118,无
B2094354D16BABFE449C,中餐厅,广东省深圳市龙华区民治街道大岭社区中梅路润达圆庭北街铺122,无
B2094356DA6FA6F54592,湖南菜,广东省深圳市龙华区民治街道中梅路润达圆庭北街铺122,无
B2094554D069A2FF429A,广东菜,广东省深圳市龙华区人民路2020号天虹购物中心L2层,无
B2094555D26EAAF5469E,广东菜,广东省深圳市龙华区民治街道441号光浩国际中心,无
B2094751DA64A4FB459D,餐饮,广东省深圳市龙华区民塘路莱蒙水榭春天3期89号,无
B209445DD069AAF8489D,广东菜,广东省深圳市龙华区民安路64,无
B209445DD469AAFE429A,旅馆招待所,广东省深圳市龙华区白石洲下白石一坊36号,无
B2094253D16DA3FA449A,餐饮,广东省深圳市龙华区梅龙大道2778号锦绣江南四期1049铺,无
B209425CD368A6FD4799,中餐厅,广东省深圳市龙华区民治街道东二村龙峰二路143号,无
B2094253D764A4FD4098,火锅店,广东省深圳市龙华区民治街道上芬社区龙胜路融创智汇大夏C座,无
B2094356D46FA7F4439C,餐饮,广东省深圳市龙华区民治街道中海汇德理1031商铺,无
B2094351D169A4FE489B,景点,广东省深圳市南山区飞鸭开心农场(荔园溪谷店)西南侧190米,无
B2094352D66DA0F9499E,景点,广东省深圳市南山区沁园路4032号环西丽湖碧道,无
B2094253D56CA6FB4593,垂钓园,广东省深圳市南山区阳台山森林公园(南侧),无
B2094252D464A4FA4293,景点,广东省深圳市龙华区大浪阳台山森林公园内,无
B2094251D564A6F4459A,景点,广东省深圳市龙华区石岩镇龙腾路龙眼山村阳台山森林公园内(东侧),无
B2094252D66FABFA479E,生活服务,广东省深圳市龙华区福龙路(阳台山森林公园),无
B2094257D069AAFE499D,景点,广东省深圳市南山区石岩街道阳台山森林公园内,无
B2094252D265A6F54898,景点,广东省深圳市南山区石岩街道龙腾路龙眼山村阳台山森林公园,无
B2094653D268A7FD439E,公园,广东省深圳市南山区石岩街道龙腾路龙眼山村,无
B2094252D56FABF8489D,景点,广东省深圳市南山区石岩街道龙腾路龙眼山村,无
B2094350DB6DA2F8439F,烧烤,广东省深圳市龙华区民治街道民治大道328号嘉熙业广场F1,无
B2094351DB6BA1F9439B,火锅店,广东省深圳市龙华区梅花南路梅花山庄西4门西北侧约30米,无
B2094252D76AAAF4499A,冷饮店,广东省深圳市龙岗区坂田街道大发埔社区大发埔东村七巷4号105,无
B2094253DA65A7FB4893,餐饮,广东省深圳市龙岗区长发路与里石街交叉口西南20米,无
B209425CD56DABF9409D,火锅店,广东省深圳市龙华区民治大道728号隆昌楼F1层,无
B209425CDA6BA1FE4798,餐饮,广东省深圳市龙华区龙华街道油松路油松综合市场住宅楼B1栋1层,无
B2094555D76CA1F44899,餐饮,广东省深圳市龙华区民冶大道1083号展滔科技大厦1层,无
B2094352D36BA0FB4598,烧烤,广东省深圳市龙岗区五和大道和坂兴路交叉口,无
B2094256D264A7FA4792,火锅店,广东省深圳市龙华区兴龙富创客园大厦1层8-11号,无
B209445CDA6BA3F5479B,火锅店,广东省深圳市龙华区东环二路8号ico时尚购物领地2楼L2C-016,无
B209425CD069ABF9419C,景点,广东省深圳市南山区沁园路4032号,无
B209425DD169A4FD4098,茶艺馆,广东省深圳市南山区西丽街道百旺社区白石岗森林小院2号楼103,无
B2094355D269A5FD4792,景点,广东省深圳市南山区西丽街道丽湖社区西丽湖路4001号,无
B2094353D36FA2FE459A,茶艺馆,广东省深圳市南山区西丽街道麻磡社区丽康路774号,无
B2094352D665A3F9439D,景点,广东省深圳市南山区丽康路阳台山森林公园,无
B2094354DB6BA7F8489D,景点,广东省深圳市宝安区(羊台山森林公园),无
B2094251D56DA4FF4893,景点,广东省深圳市宝安区石岩街道阳台山森林公园内(风景区旁、机荷高速以南的区域),无
B2094251D36CA5FB459F,广场,广东省深圳市宝安区石岩街道龙眼山村,无
B2094757DA6CA3F54593,住宅,广东省深圳市宝安区石岩镇石岩大道东侧,"宗地号:,H213-0050宗地面积:,5222.9平方米宗地地址:,罗湖区文锦路与东门路交汇处权属来源:,协议土地出让合同:,补充协议,第二补充协议受让时间:,1995-11-28使用年限:,70年土地用途:,住宅房款监管机构:,建行东湖支行房款监管机构账号名称:,沿海绿色家园发展(深圳)有限公司房"
B2094257DA6FA4FF459A,火锅店,广东省深圳市宝安区石岩街道宝石东路与羊台山路交汇处星城购物中心四层L411\/L412号,无
B2094257D469A4FB4292,湖泊,广东省深圳市龙岗区南坪快速路,无
B209445CD06CA5F94392,火锅店,广东省深圳市龙岗区坂田街道光雅园路21号(光雅园地铁站B口步行420米),无
B2094253D768A1FC419C,火锅店,广东省深圳市龙岗区坂田街道五和社区光雅园路2号102,无
B2094757D46CA2F44593,无,餐饮,广东省深圳市龙岗区布吉坂田五河大道阳光湾畔百货首层
B2094751D36DA7FA489D,湖南菜,广东省深圳市龙岗区坂田杨美村布龙路460号(杨美地铁D出口),无
B2094354D76BA4FD429F,餐饮,广东省深圳市龙岗区万科·万致天地L6-06(坂田地铁站D口步行170米),无
B2094256DB6CA2FC419B,湖南菜,广东省深圳市龙岗区坂田街道杨美社区金竹18巷1号201-202,无
B209425DD76FA5FE4892,商场,广东省深圳市龙岗区坂田街道杨美社区东坡街3号(坂田地铁站D口接驳),无
B2094354D764A4FE4392,餐饮,广东省深圳市龙岗区东坡路3号坂田万科广场F1层(坂田地铁站D口旁),无
B2094354D568A6FD419F,中餐厅,广东省深圳市龙岗区坂田街道东坡路3号坂田万科广场F6,无
B2094250DA6DABFC489D,西餐厅,广东省深圳市龙岗区三角街南岭村统建楼C栋一楼,无
B209445CD364A7FE439B,餐饮,广东省深圳市龙岗区龙岗大道(布吉段)2241,无
B2094355D064A5FD4992,寺庙道观教堂,广东省深圳市龙岗区布吉街道东西干道5号(石芽岭公园旁边的布吉教堂),无
B2094257DA6EA6FE4493,火锅店,广东省深圳市龙岗区龙岗大道东部星悦天地B1层01、03、05、07-08、10-12号商铺,无
B2094253D26FABFD4498,餐饮,广东省深圳市龙岗区南湾街道丹竹头恋珠东三巷1-2,无
B2094253D16CA3FE489B,餐饮,广东省深圳市龙岗区丹竹头地铁站A出口龙岗大道3032-1-3号,无
B2094253D26AA6FA419D,浙江菜,广东省深圳市龙岗区科技园路宇宏健康花城西门141一147号铺,无
B209425DD16EA6FC469C,茶艺馆,广东省深圳市龙岗区布澜路钱江艺术中心3号楼2层,无
B2094252D369A1FC4299,美术馆,广东省深圳市龙岗区布吉镇布澜大道(布吉交警中队旁),无
B2094653D268A0FA429B,寺庙道观教堂,广东省深圳市龙岗区布澜路29号西南方向120米,无
B2094355D46DA6F8409E,烧烤,广东省深圳市龙岗区坂田街道坂雪岗大道和布龙路交汇处坂田万科广场L5层S-43-44,无
B2094354D46BABFA479F,中餐厅,广东省深圳市龙岗区坂田街道杨美社区东坡路3号万致天地商业中心1栋L4-26L4-27,无
B2094353D36FA7F94092,中餐厅,广东省深圳市龙岗区坂雪岗大道2004号扬马市场公交站旁,无
B2094351DA69A5F94593,餐饮,广东省深圳市龙岗区坂田街道坂田北路2号一楼,无
B2094354D369A5FE4098,餐饮,广东省深圳市龙岗区坂田街道和东街10号(五和地铁站C口步行330米),无
B209425CD26CA4F9459C,地点,广东省深圳市龙岗区发达路与坂雪岗大道交叉口西北方向20米,无
B209455DDB64A2FB4493,游乐场,广东省深圳市龙岗区坂田街道发达路云里智能园13栋1层01A室,无
B2094357D06BA4F44692,甜品店,广东省深圳市龙岗区和东街20-14号,无
B2094354D76FA5FF4092,糕饼店,广东省深圳市龙岗区屿你蛋糕,无
B209425DDB6EA1F9489C,餐饮,广东省深圳市龙岗区长坑路东一巷6号B座一楼店面,无
B2094357D46BA4FF4292,湖南菜,广东省深圳市龙岗区坂田街道坂雪岗大道和布龙路交汇处坂田万科广场L2-01号铺,无
B2094252D56DAAFC419C,火锅店,广东省深圳市龙岗区吉华路535号-2(粤顺渔坊),无
B2094251DB6DA6FA409C,烧烤,广东省深圳市龙岗区贝尔路黄金山临街商铺17号,无
B2094253D56DAAF44593,餐饮,广东省深圳市龙岗区坂田街道万科城社区新天下住宅楼1栋1楼117号,无
B2094253D064A1FB479A,中餐厅,广东省深圳市龙岗区坂田街道象角塘西村口(华为地铁站B口步行170米),无
B2094252D36FA1FD4498,餐饮,广东省深圳市龙岗区马蹄山村六巷二号(华为地铁站D口步行250米),无
B209445CD365A0FB429B,甜品店,广东省深圳市龙岗区坂田街道象角塘社区润昌工业园厂区宿舍C栋一楼7号,无
B209425CD46CA0FB4498,火锅店,广东省深圳市龙岗区坂田街道岗头社区禾坪岗坂雪岗大道183号,无
B209425CD26BA0F54493,冷饮店,广东省深圳市龙岗区坂田街道天安云谷产业园一期2栋205-1单元,无
B2094253D16CA1FC4399,餐饮,广东省深圳市龙岗区坂田街道岗头社区天安云谷产业园一期3栋ABCD座A106-107,无
B2094351D36EABF84399,烧烤,广东省深圳市龙岗区坂田街道吉华路中盛大厦7楼（吉华酒店电梯上7楼）,无
B209445CD365ABF4419A,烧烤,广东省深圳市龙岗区甘李路3号恒特美大厦,无
B2094253D66BA5FA469D,其他,广东省深圳市龙岗区,无
B2094252D36CA1FB459B,地点,广东省深圳市龙岗区甘坑同富路,无
B2094356D76AABFF479D,景点,广东省深圳市龙岗区同富路与甘李路交汇处北50米,无
B2094350D46CA7FB449F,甜品店,广东省深圳市龙岗区甘坑古镇南门美宜佳对面的巷子集市直走右拐,无
B2094252D464A5F8459A,咖啡厅,广东省深圳市龙岗区甘李路18号甘坑客家小镇5号楼7都一层116-5,无
B209445DD16FAAFB4099,湖南菜,广东省深圳市龙岗区布吉街道甘坑客家小镇七都一一六70号,无
B2094252D564A7FD499C,景点,广东省深圳市龙岗区吉华街道甘坑社区甘李路18号,无
B2094557D56AA5FB4692,景点,广东省深圳市龙岗区吉华街道甘坑社区甘李路18号,无
B2094356D764A6FC499F,景点,广东省深圳市龙岗区吉华街道甘坑社区甘李路18号,无
B209425DDB64A0FC4298,休闲娱乐,广东省深圳市龙岗区坂李大道与甘坑匝道交叉口东南240米,无
B2094254DA6CA1FE4192,四星级宾馆,广东省深圳市龙岗区吉华街道甘李路18号甘坑古镇内(西北角),无
B2094256DA6EA6FF4598,中餐厅,广东省深圳市龙岗区甘坑客家古镇主街80号楼,无
B2094356D165A4FD439E,冷饮店,广东省深圳市龙岗区吉华街道甘李路18号甘坑客家小镇2号楼A栋102号商铺,无
B209445DD26EA6FB449E,烧烤,广东省深圳市龙岗区布吉街道甘李路18号号,无
B2094252DA6BA6FB489F,书店,广东省深圳市龙岗区甘李路18号甘坑古镇,无
B2094257D26BA2F44392,景点,广东省深圳市龙岗区吉华街道甘坑社区甘坑古镇内(西北角),无
B2094253D66BA6FA489D,景点,广东省深圳市龙岗区吉华街道甘坑社区甘坑古镇内(西北角),无
B2094252D56FA1FF439F,冷饮店,广东省深圳市龙岗区甘坑客家小镇,无
B2094252D16FAAF8479F,中餐厅,广东省深圳市龙岗区布澜路129-1(即宝福珠宝路口),无
B2094350D364A6FB4299,餐饮,广东省深圳市龙岗区布澜路129-1号,无
B2094452D06FA5FE4293,景点,广东省深圳市龙岗区陆丰市南塘镇华山公园,华山寺位于广东省陆丰市南塘镇，东连甲子待渡山，西接五峰山，南眺碣石玄武山，北览九九连峰笔架同朝供。
B2094356D26BA6F44093,烧烤,广东省深圳市龙岗区平湖街道田社区平安大道309号1栋6A-616室,无
B2094356D76BAAF54593,烧烤,广东省深圳市龙岗区平安大道与富民路交叉口西南120米,无
B2094253D26BAAF9449B,中餐厅,广东省深圳市龙岗区平湖街道禾花社区华南二道1号深圳龙岗万达广场6F层6006,无
B2094253D26BAAF94498,中餐厅,广东省深圳市龙岗区禾花社区华南二道与一号路交汇处东北角华南城4号龙岗万达广场6F6006铺,无
B2094252D56BA4F84692,西餐厅,广东省深圳市龙岗区平湖街道禾花社区华南二道1号万达广场(华南城店)6F层6020、6021,无
B209425DD66DA0FB4992,美术馆,广东省深圳市龙岗区平湖街道华南城核心商务区恒路E时代大厦二层,无
B2094253D16DA0FD4598,餐饮,广东省深圳市龙岗区华南国际工业原料城北门富安大道1号,无
B2094354D069A5F4469A,中餐厅,广东省深圳市龙岗区坂田街道天安云谷二期8栋1层103,无
B2094355D765A7FC489B,中餐厅,广东省深圳市龙岗区天安云谷产业园二期4栋110室,无
B2094354D469A5FA459C,餐饮,广东省深圳市龙岗区雪岗路2018号天安云谷5栋3层,无
B2094357DA6BABFF4993,景点,广东省深圳市龙岗区坂李大道云谷星寓东北侧约240米,无
B2094256DB6FAAF4429C,景点,广东省深圳市龙华区观澜樟坑径公园斜对面(宝业路北),无
B2094355D76EA7F4409C,餐饮,广东省深圳市龙华区观盛东路下围新邨西北侧约210米,无
B2094253D069A3FB4698,中餐厅,广东省深圳市龙华区观湖街道松元厦社区河南新村209-1号A102,无
B2094352D269A0F5419A,游乐场,广东省深圳市龙华区观澜湖牛湖水数字艺术生活水廊西南,无
B2094552D26FAAFE4592,购物,广东省深圳市龙华区沙井街道民主大道,广东利百尼酒业贸易股份有限公司海上田园体验馆
B2094252DA6AA4F44099,休闲娱乐,广东省深圳市龙华区观澜湖生态运动公社内,无
B2094252D765A1FB459E,地点,广东省深圳市龙岗区甘坑路与甘坑匝道交叉口南约160米,无
B2094252DA6DA4FB4399,景点,广东省深圳市龙岗区甘坑古镇北区,无
B209425DD06CA0F44693,旅馆招待所,广东省深圳市龙岗区甘坑匝道与甘坑路交叉口西北180米,无
B2094253D668A2FC459A,湖南菜,广东省深圳市龙华区25km · 观澜新联大厦153号,无
B2094251D66AA7FA459B,景点,广东省深圳市龙华区观澜君子布环观南路1号观澜山水田园,无
B209475CDB6EA2FB4898,国家级景点,广东省深圳市龙华区环观南路观澜街道君子布社区观澜山水田园文化园北门入园道路,无
B2094251D068A4FD4298,景点,广东省深圳市龙华区兴业路,无
B2094252D768A6FC4898,景点,广东省深圳市龙华区龙华新区牛湖村,无
B2094253DB68A6F9479E,中餐厅,广东省深圳市龙华区观澜街道启明街216号,无
B2094254D665AAFA439D,博物馆,广东省深圳市龙华区观澜街道牛湖社区裕新路125号,无
B209425CD16AA5FA4599,中餐厅,广东省深圳市龙岗区平湖街道平安大道国泰街40号,无
B209425DD16EABF9489E,餐饮,广东省深圳市龙岗区平吉大道408号融湖广场1F层L1-02、L1-03,无
B2094653D268A6F8449B,广东菜,广东省深圳市龙岗区凤凰大道235号,无
B2094653D268AAFC459E,餐饮,广东省深圳市龙岗区守珍街道114号,无
B2094257DA6AABFF4692,餐饮,广东省深圳市龙岗区平湖街道平湖社区凤凰大道136号,无
B2094252D46CA5F94698,台湾菜,广东省深圳市龙岗区横岭路31号,无
B2094254D16DA3FE4799,餐饮,广东省深圳市龙岗区平安大道96号山厦大厦1层,无
B2094252D36BA2FE4492,寺庙道观教堂,广东省深圳市龙岗区芙蓉石场附近,无
B2094250DA6CA5FF4698,山脉,广东省深圳市坪山区,无
B2094354D468ABFE4892,餐饮,广东省深圳市坪山区马峦街道坪环社区比亚迪路4045号悦阾购物中心4层409,无
B2094652DB6BA7FC4992,景点,广东省深圳市坪山区马峦街道坪环社区大万路33号,"大万世居位于龙岗区坪山街道大万路33号的大万世居占地面积2.5万余平米,曾居住着100多户人家,具有250多年的历史,围屋保存完好,具有很高的文化艺术价值,是深圳市重点文物保护单位。城堡式“宝斗”形的建筑,能更好地抵御外侵,防盗。布局纵横交错,井井有条,科学合理。祠堂内外,堂壁堂梁的书法绘画,雕梁画栋,工艺运笔极为精湛。"
B209445CD369A4F54393,广东菜,广东省深圳市坪山区中山大道3002号乐安居国际酒店,无
B2094753D46AA1F54198,公园户外,广东省深圳市坪山区深圳大鹏杨梅坑59号新东路,m274
B2094653D269A4F44192,纪念馆,广东省深圳市坪山区东纵路230-1号,"江纵队纪念馆在中国的抗战历史中,有一支特殊的部队立下了辉煌战绩。这支孤悬华南敌后的抗日武装--在长达8年的抗战中,得不到来自党中央的直接支援,困难时期甚至连一部电台都没有,仅靠收音机来收听延安新华广播电台的消息。这就是英雄的东江纵队。纪念馆占地5000平方米,建筑面积1500平方米。由大厅,展厅,文物厅,烈士芳名碑组成。展厅按照东江纵队的发展历程分为部分：序厅巨型浮雕展现抗日军民风采一进大门是序厅,迎面而来的墙上是一幅,V,字形巨型浮雕,象征着中国人民抗日战争的胜利。上面的拳头,武器等显示了东江抗日军民抵御外侮的坚强斗志。两侧高低起伏呈波浪型的浮雕,象征了蜿蜒流动的东江水。左边塑造的是东江民众奋起抗击日寇的情景,右边表现了东江纵队英勇杀敌的场面。浮雕采用具有东莞地域特色的红砂岩材质,浮雕上方灰色水泥墙上铭刻着,《,东江纵队之歌,》,歌谱。序厅内还有个电子沙盘,可以直观地了解东江纵队的活动范围。第一展厅：全面介绍东纵发展历程从序厅出来到各个展厅参观,可以全面了解东江纵队的发展历程。第一展厅的主题是&amp;ldquo;中国抗日战争的爆发&amp;rdquo;,展厅的陈列造型仿造大王岭村抗日旧址的青砖墙,片片残垣,累累弹痕,营造了战争年代硝烟弥漫,山河破碎的历史氛围。展示了东江地区党组织领导人的照片,以及当时东莞的一些抗日宣传照片,资料和党内文件。第二展厅：幻影成像再现百花洞战斗第二展厅是介绍东江抗日根据地的创建,采用东江纵队革命老区大王岭村典型的青砖墙和泥砖墙作为版面造型,烘托出根据地军民团结抗日的历史氛围。这个展厅最特别的地方是设有目前全国成像规模最大的一套幻影成像设备,采用一比一的成像技术,配以先进的声光电及场景还原技术,一个大约,4,分钟的短片,形象生动地再现了当年大岭山军民痛击日寇最著名的一场战役--百花洞战斗的情景。第三展厅：华侨港澳同胞支援抗战看完高科技实景再现,我们步入了第三展厅,这里介绍华侨港澳同胞对东江抗战的支援,以及港九抗战与营救行动等内容。这个展厅部分展版采用弧形的流线版面,象征着海外华侨和港澳同胞对祖国的眷恋和支持,以及众志成城的抗日精神。第四展厅：蜡像凸现根据地军民情深纪念馆面积最大的展厅为第四展厅,介绍了东江敌后游击战争的发展。展厅呈八角形,通过采用色调不同的展版,分别衬托东江纵队成立前后的发展阶段。这里展"
B2094355D36AA5FA429B,中餐厅,广东省深圳市坪山区新兰街21号,无
B2094252D66BA1F94193,火锅店,广东省深圳市坪山区坪山街道六联社区深圳汕路168号六和商业广场一期L2-33,无
B2094253D665A4F5449B,博物馆,广东省深圳市坪山区坪山燕子湖片区,无
B2094354D16FABF94393,中餐厅,广东省深圳市坪山区坪山街道六联社区深汕路168号六合商业广场一期三层L3-33,无
B2094354D76EA1FB409C,中餐厅,广东省深圳市龙岗区龙城街道爱联二街9号,无
B2094355D46FA7FE4399,湖南菜,广东省深圳市龙岗区龙翔大道3001号大运天地南区LG层118号,无
B2094757D069A4FD449E,景点,广东省深圳市龙岗区深圳龙翔大道,无
B2094354DB6FAAFA409A,糕饼店,广东省深圳市龙岗区龙城街道黄阁坑社区大运天地购物中心3栋SL05,无
B2094355D66AA3FA479B,韩国料理,广东省深圳市龙岗区龙城街道大运中心南区3栋108室,无
B2094354D06EA3FC469A,冷饮店,广东省深圳市龙岗区龙翔大道3001号深圳大运中心深圳大运天地南区L1层,无
B2094356D36DA6FB4799,日本料理,广东省深圳市龙岗区龙城街道黄阁坑社区大运天地购物中心南区4栋SL111号商铺,无
B2094355D46BA3FA4592,餐饮,广东省深圳市龙岗区黄阁路大运天地购物中心南区4栋1层SL112,无
B2094250D26AA4FC4092,展览馆,广东省深圳市龙岗区绿景大公馆商铺黄阁中路16-1,无
B2094354D068A1F4489E,火锅店,广东省深圳市龙岗区黄阁路大运天地购物中心中区二层SL263号怂火锅厂,无
B2094354D36BA7FE4898,餐饮,广东省深圳市龙岗区黄阁路200号(大运中心地铁站C口旁),无
B2094354D66AA4FB4292,西餐厅,广东省深圳市龙岗区龙城街道黄阁坑社区大运天地购物中心中区2栋SL173,无
B2094354D66EA2FC449F,日本料理,广东省深圳市龙岗区龙翔大道3001号深圳大运中心深圳大运天地中区L1层,无
B2094354DB69A7F9479B,火锅店,广东省深圳市龙岗区龙翔大道3001号深圳大运天地中区2栋2层SL259号,无
B2094253D66CA5FA4593,中餐厅,广东省深圳市龙岗区龙城街道爱联社区新陂路116号101,无
B209445CD06CABF4419A,餐饮,广东省深圳市龙岗区黄阁路大运中心旁,无
B209445DD66EA4FE4093,餐饮,广东省深圳市龙岗区龙城街道爱联陂头背新陂路220号,无
B209445CD369A7F9489D,餐饮,广东省深圳市龙岗区龙城街道爱联社区如意路昌盛百货一楼110,无
B2094354D164A2F9469D,餐饮,广东省深圳市龙岗区龙城街道爱联社区余岭西路51号,无
B2094357D06AABF94199,餐饮,广东省深圳市龙岗区龙城街道大运天地购物中心北区5栋NL104,无
B2094354DA6DAAFE4699,西餐厅,广东省深圳市龙岗区青春路大运天地北区5栋NL105（靠近北区湖畔舞台）,无
B2094354D26AA0FA4499,餐饮,广东省深圳市龙岗区黄阁中路大运天地北区5栋二层NL208号,无
B2094354D368A0FC4793,中餐厅,广东省深圳市龙岗区龙城街道黄阁坑社区大运天地购物中心北区6栋NL209,无
B209425DDB6AA4F8499A,中餐厅,广东省深圳市龙岗区爱联地铁站B口恒大城市之光1097-2商铺,无
B2094354D364AAFE409D,餐饮,广东省深圳市龙岗区龙城街道黄阁坑社区大运天地购物中心北区6栋NL107脆鲜生脆鲩鱼火锅,无
B209425CDB64A3FC479A,潮州菜,广东省深圳市龙岗区龙城街道黄阁坑社区大运天地购物中心北区7栋NL211,无
B2094252D764A5FB429F,餐饮,广东省深圳市龙岗区爱联陂头背村三巷2号,无
B2094352DA6EABFF4698,中餐厅,广东省深圳市龙岗区龙城街道黄阁坑社区大运天地购物中心北区9栋NL110,无
B2094252D269A3FB469F,河流,广东省深圳市龙岗区,无
B2094351D568A5FF4098,公园,广东省深圳市龙岗区龙岗街道G205(龙岗大道),无
B2094355D465A3F9499A,中餐厅,广东省深圳市龙岗区宝龙街道高科大道与宝龙一路交叉口西180米竹园山庄,无
B2094652DB6BA6F9429A,游泳馆,广东省深圳市坪山区坪山街道金田路476号,无
B209425DD665A2FE489F,中餐厅,广东省深圳市坪山区金牛西路与四号路交叉口东北100米,无
B2094253D66BA0F94298,景点,广东省深圳市坪山区环境园路B段,无
B2094253D46DA2FA4693,公园,广东省深圳市坪山区坪山中心公园公园六路与公园一路交汇处,无
B2094254D464A6FE449F,美术馆,广东省深圳市坪山区坪山街道六和社区汇德路4号,无
B2094356D66EA1F44292,博物馆,广东省深圳市龙岗区同德路德庆工业区6~7栋,无
B2094251D769A0FF449B,景点,广东省深圳市龙岗区打石岭路与源盛新二巷交叉口西南220米,无
B2094253D26BA5FB489D,寺庙道观教堂,广东省深圳市坪山区龙田街道老坑社区松子坑路,无
B2094351D16DABFD4599,火锅店,广东省深圳市龙岗区宝龙街道龙新社区深汕路(龙岗段)265号A1栋101-108,无
B2094356D26BA7FD419B,餐饮,广东省深圳市龙岗区龙城街道龙城公园活力谷,无
B2094250D66AA1FF429B,火锅店,广东省深圳市龙岗区龙城街道龙翔大道路6045号岁宝百货3楼海底捞,无
B209445CD06CAAF54299,韩国料理,广东省深圳市龙岗区鸿进路9号(吉祥地铁站D口步行370米),无
B209425CD365A6F54792,火锅店,广东省深圳市龙岗区西埔路5号(吉祥地铁站C口步行260米),无
B209425DD76DA0FA469C,东南亚餐厅,广东省深圳市龙岗区鸿基商业街49号(吉祥地铁站C口步行470米),无
B209445CD36AABFB479B,广东菜,广东省深圳市龙岗区龙翔大道7188号万科广场4楼39号(吉祥地铁站C出口),无
B2094252DB65A4FE489E,云贵菜,广东省深圳市龙岗区龙翔大道7188号深圳龙岗万科广场F4层,无
B209475CD565A1FB419F,购物服务,广东省深圳市龙岗区龙翔大道7188号,无
B2094251DB6EA5FA419C,广东菜,广东省深圳市龙岗区龙翔大道7188号万科广场4层39号,无
B2094352D065A1FE489B,烧烤,广东省深圳市龙岗区向银路92-1号汉富智慧城A栋8楼天台,无
B2094251DB6BAAF4419D,西餐厅,广东省深圳市龙岗区龙翔大道阳光里2楼,无
B209425CDA6AA7FD4998,西餐厅,广东省深圳市龙岗区龙城万科里L1-20号,无
B2094251D464A3F84099,火锅店,广东省深圳市龙岗区区龙岗南联社区恒昌商务大厦一楼,无
B2094551D46AA2FE419F,景点,广东省深圳市龙岗区龙翔大道8028号,无
B2094251D36BA3FE499C,美术馆,广东省深圳市龙岗区龙翔大道8028号,无
B2094253D268A1F9429D,休闲娱乐,广东省深圳市龙岗区深惠路711-749号,无
B2094254D56AA5FB429B,中餐厅,广东省深圳市龙岗区龙城大道3999号龙城万科里L1层46-47号,无
B2094355DB6BA2FD419F,科技馆,广东省深圳市龙岗区龙翔大道8028号,无
B209445CD364A5FD419E,火锅店,广东省深圳市龙岗区龙城街道清林中路95号1层,无
B209445DD168A0FF409B,广东菜,广东省深圳市龙岗区龙岗街道清林路95号一楼,无
B2094351D66AABFC409D,东南亚餐厅,广东省深圳市龙岗区中心城龙城CC创意街区1栋泰叮叮,无
B209425CDA6BAAF44393,生活娱乐,广东省深圳市龙岗区建威路与建新路交叉口东南100米,无
B2094253DB6FA5F8449C,日本料理,广东省深圳市龙岗区龙潭路111号,无
B2094251D16EA7FB469A,广东菜,广东省深圳市龙岗区禾田路52号上影影城1楼,无
B2094253D06CAAFC4593,中餐厅,广东省深圳市龙岗区白灰围一路127淇腾综合楼F1层,无
B209445CD36BABFA489A,山东菜,广东省深圳市龙岗区龙岗路创富时代名苑1-2层商铺,无
B209425CD364A0FA429F,餐饮,广东省深圳市龙岗区龙岗路东森商业大厦19号1层,无
B2094750D36BABFF479B,自助,广东省深圳市龙岗区深惠公路860号摩尔城购物中心一楼S150Z号商铺,无
B2094354DB6CA4F44592,糕饼店,广东省深圳市龙岗区南联龙河巷与龙园路辅路交叉口西北80米,无
B2094254D66BA2F8489F,火锅店,广东省深圳市龙岗区龙岗大道与碧新路交汇处锦泰城商业广场二层A210、A211、A218,无
B2094357D468ABFF4599,火锅店,广东省深圳市龙岗区龙岗大道与碧新路交汇处锦泰城商业广场二层A210、A211、A218,无
B209425DD568AAFA449C,福建菜,广东省深圳市龙岗区龙城街道尚景社区龙福路156号城龙花园3栋42号,无
B209425CDB6EA2FB479C,茶艺馆,广东省深圳市龙岗区回龙埔地铁站D口步行390米,无
B2094653D26AABFB479D,景点,广东省深圳市龙岗区新瑞路21号,"龙岗鹤湖新居是我国目前规模最大的客家民居建筑群,是深圳现存客家围中保存最完整,最具代表性的一座。始建于清代乾隆年间,于1997年建成开馆(客家民俗博物馆),是省级文物保护单位,是广东客家人开发深圳东部地区的历史见证,为研究深圳历史,文化,民俗和建筑等提供了重要的依据。"
B2094652DB6BA7FD4193,博物馆,广东省深圳市龙岗区罗瑞合北街1号(龙园地铁站B口步行310米),"客家民俗博物馆坐落在龙岗镇罗瑞合村,紧邻惠深公路,距深圳市区56里,是全国占地面积最大的客家民居建筑。 客家民俗博物馆即是“鹤湖新居”,是为罗氏所建,建于清嘉庆二十二年(即1817年),共历三代,数十年建成。占地面积24816平方米,建筑面积14530平方米,南北宽166米,东西长109米,共有179个居住单元房,每单元由数间屋构成,共有房屋数百间。在围墙内民居似“回”字形,整座建筑群由内外两围相套而形成,外围平面前宽后窄,呈银锭状；内围有高墙与外围相隔,平面呈方形。屋宇,厅,堂,房,井,廊,院布局错落有致,像座迷宫,易守难攻,有“九天十八井,十阁走马廊”之称！"
B2094653D269A4FE499D,道路,广东省深圳市龙岗区,无
B2094653D26AA3F94098,湖南菜,广东省深圳市龙岗区碧新路2208-3号,无
B209425DD265A2F94499,日本料理,广东省深圳市龙岗区仁恒梦中心L1层W11号商铺(仁恒理想汽车左侧),无
B2094253D469AAF8419D,餐饮,广东省深圳市龙岗区龙城街道仁恒梦中心东门入口处(库迪咖啡对面),无
B209425CDA69A6F94093,日本料理,广东省深圳市龙岗区愉龙路223号仁恒梦中心L3-08,无
B2094357DB6FA4F9479C,日本料理,广东省深圳市龙岗区愉龙路仁恒梦中心LG层13号,无
B2094354D56CA2F54392,餐饮,广东省深圳市龙岗区愉龙路仁恒梦中心外街L2层W04号,无
B2094757D76BA3F5449C,餐饮,广东省深圳市龙岗区龙平东路,无
B2094554D469A6F9439C,餐饮,广东省深圳市龙岗区龙城街道盛平社区楚丰广场禾田小筑南16铺,无
B2094357D26AA4F4459F,景点,广东省深圳市龙岗区龙城街道龙岗儿童公园,无
B2094354D664A0F54698,游乐场,广东省深圳市龙岗区龙城街道回龙埔社区儿童公园,无
B2094355D069A5F54599,西餐厅,广东省深圳市龙岗区愉龙路与龙平西路交口东北角深圳仁恒梦中心LG,无
B2094557D768A5F44792,寺庙道观教堂,广东省深圳市龙岗区格水路92号,无
B2094253D76EA2FD469E,山脉,广东省深圳市龙岗区,无
B2094356D46FA6FB419F,游乐场,广东省深圳市龙岗区盐龙大道与回龙路交叉口北侧龙岗儿童公园内,无
B2094253D16DA7F94798,日本料理,广东省深圳市龙华区工业路与龙华大道交汇处壹方天地D区B1层,无
B2094252D46FA1FD479B,火锅店,广东省深圳市龙华区壹方天地C区壹方城3楼032号商铺,无
B2094253D16EA3F94398,火锅店,广东省深圳市龙华区壹方天地C区壹方城3楼032号商铺,无
B2094253D76EA5FB4392,餐饮,广东省深圳市龙华区工业路与龙华大道交汇处壹方天地D区L2层,无
B2094253D46BA6F94698,中餐厅,广东省深圳市龙华区壹方天地D区L2-025,无
B2094252D36BA1F8449E,中餐厅,广东省深圳市龙华区大为商务时空西北门旁,无
B2094354DA68A3F8439B,火锅店,广东省深圳市龙华区鸿光路与鸿发路交叉口东北80米（江苏银行停车场出入口旁）,无
B209425DD364AAFE4293,其他,广东省深圳市龙华区石岩街道龙腾路龙眼山村阳台山森林公园内(东侧),无
B209425CDA6FA0FB489F,餐饮,广东省深圳市龙华区龙华人民路与鸿尚路交叉口壹方天地B区L1层,无
B2094352D768AAFB4192,餐饮,广东省深圳市龙华区龙华街道景新社区龙华人民路4020号壹方天地B区3楼,无
B2094256D664A1FF4198,餐饮,广东省深圳市龙华区壹方天地B区3层,无
B2094257D069ABF8439A,西餐厅,广东省深圳市龙华区人民路壹方天地B区L2层001,无
B2094253D664A1FB4893,餐饮,广东省深圳市龙华区人民路4022号壹方天地B区L2层,无
B2094351D46DA6FB4598,甜品店,广东省深圳市龙华区景龙社区人民路4022号壹方天地A1区L1-033A\/035,无
B209445CD36AA4FD4599,广东菜,广东省深圳市龙华区建设路198号,无
B209425DD46DA5FF449F,韩国料理,广东省深圳市龙华区人民路4022号壹方天地A区L1层,无
B209425CDB6EA2FA489F,餐饮,广东省深圳市龙华区龙华街道东环一路267号,无
B2094253D06FA4FD4499,火锅店,广东省深圳市龙华区人民路4022号壹方天地A区L2层,无
B2094257DA64A5FB499D,甜品店,广东省深圳市龙华区人民路4022号2栋壹方天地A区L1-017,无
B2094251D168ABF54092,冷饮店,广东省深圳市龙华区人民路与八一路交汇处壹方天地A区L1-015\/016层商铺,无
B2094554D06FA2F4409D,广东菜,广东省深圳市龙华区龙发路215正东方向20米,无
B209425DD165A3FA469E,餐饮,广东省深圳市龙华区鸿尚路华盛珑悦小区南门旁右边第一间商铺(华盛珑悦大厦后面),无
B2094252D368A7FE409F,意式餐厅,广东省深圳市龙华区人民路壹方天地A区B1层,无
B2094257DB65A4FD429D,日本料理,广东省深圳市龙华区碧波花园12栋3铺,无
B2094256DB6FA7FA4493,日本料理,广东省深圳市龙华区龙发路130号碧波花园12栋,无
B2094250D06EA3F4489A,广东菜,广东省深圳市龙华区龙华街道和平路307号(龙华地铁站D口步行200米),无
B2094253D16EABFC4693,餐饮,广东省深圳市龙华区工业路3号六度大厦B201(二楼),无
B2094750D764A7FB429F,甜品店,广东省深圳市龙华区宝安区龙华街道和平路青年城邦园1栋144号,无
B209425CDB64A7FC419A,火锅店,广东省深圳市龙华区龙发一路410号(龙华地铁站C口步行100米),无
B209445CD364A1FD4393,餐饮,广东省深圳市龙华区建达路华侨苑复式楼1009(金侨花园后门),无
B209425DD76DA4FB4198,中餐厅,广东省深圳市龙华区星潮泰未来城,无
B2094354D664A6FE4892,餐饮,广东省深圳市龙华区龙华街道和平路252号(龙华地铁站B口步行330米),无
B2094253DB6AA3F4449F,火锅店,广东省深圳市龙华区人民北路美丽AAA花园商务酒吧街B03铺,无
B2094350D06EA7FD489E,烧烤,广东省深圳市龙华区和平路236号,无
B2094354D068A6F4449F,餐饮,广东省深圳市龙华区三联山咀头小区一区东南门西80米,无
B2094252D66BA6FD439C,自助,广东省深圳市龙华区东环二路8号iCO时尚购物领地F4-L4C-006,无
B2094357D26EAAF4489B,火锅店,广东省深圳市龙华区东环二路8号星河iCO购物广场2楼A07号商铺(西南门旁),无
B2094350D169A7F94093,冷饮店,广东省深圳市龙华区东环二路与建设东路交汇处龙华星河iCO商场首层L1S-011C、L1S-011A号铺,无
B2094555DB6DA7F5489B,广东菜,广东省深圳市龙华区骏华北路7,无
B209425DD36AA7F4499B,广东菜,广东省深圳市龙华区龙华街道富康社区东环二路8号中执时代广场B座1层L1S-015A、L1S-015E,无
B2094256DB6DA0F8469D,自助,广东省深圳市龙华区龙华街道东环二路8号维雅德酒店A座,无
B209425CD569A5FC4793,四川菜,广东省深圳市龙华区龙华街道三联社区东环二路美丽家园南区4栋109-111,无
B209425DD26FA3F8449B,景点,广东省深圳市龙华区公园路与景龙中环路交叉口东北120米,无
B2094653D26EA2FB429B,无,餐饮,广东省深圳市龙华区花园大街14-15号
B2094355DB6DA0FB469C,餐饮,广东省深圳市龙华区龙华街道清泉路110号-7号（清湖地铁站C1口西行100米）,无
B209425DD46FA5F54798,中餐厅,广东省深圳市龙华区清泉路110-7(清湖地铁站C1口步行190米),无
B209425DDA68A2FA4692,餐饮,广东省深圳市龙华区龙华街道三联社区富茂路1-2号,无
B2094352D064A7F9449D,中餐厅,广东省深圳市龙华区大浪南路与建辉路交叉口向西南22米,无
B2094350D76DABFC489F,餐饮,广东省深圳市龙华区华荣路三合华侨新村,无
B2094752DB6BA2FE439F,餐饮,广东省深圳市龙华区  购物公园B区1楼133号,无
B2094252D26DA3FA459B,景点,广东省深圳市龙华区福龙路(阳台山森林公园),无
B2094251D06BA0FB449B,景点,广东省深圳市龙华区福龙路(羊台山森林公园),无
B2094250D364A1FC459A,景点,广东省深圳市龙华区小阳台山顶内,无
B2094251D56EA6FB489E,景点,广东省深圳市龙华区大浪阳台山森林公园内(东侧),无
B2094250D26EA2F9469A,景点,广东省深圳市龙华区阳台山森林公园内(东侧),无
B2094251D06CA6F5479E,山脉,广东省深圳市龙华区,无
B2094251D06FA4FB4798,地铁站,广东省深圳市龙华区6号线\/光明线,无
B2094252D064A2F4429B,景点,广东省深圳市龙华区阳台山森林公园内(东北角),无
B2094253D26FA1FC479E,地点,广东省深圳市龙华区大浪街道布龙路,无
B2094252D56AA5F84999,旅馆招待所,广东省深圳市宝安区宝石东路88号,无
B2094351D76AA0FE4692,中餐厅,广东省深圳市龙华区首创商务大厦郎园Garden二层205-207,无
B209445CD06DA0F9459F,湖南菜,广东省深圳市龙华区龙华三联路兴万和商业广场1-2层,无
B2094251D26CA5F54699,冷饮店,广东省深圳市龙华区梅龙大道和景龙建设路交汇处百富汇建材城旁边正西方向180米,无
B209425DD06FA7FF459B,火锅店,广东省深圳市龙岗区坂田街道岗头社区新围仔五和大道4008号全季酒店一楼,无
B2094357D46DA2FE479F,火锅店,广东省深圳市龙华区东环二路8号星河iCO购物广场2楼A07号商铺(西南门旁),无
B2094555D06CABFF479F,火锅店,广东省深圳市龙华区清湖新村西八巷7-13,无
B2094350D66FA4F5409C,烧烤,广东省深圳市龙华区清华社区清荣路华爵科技园集装箱1号整套,无
B2094354D06CA5F44098,中餐厅,广东省深圳市龙华区龙华和平路26号A栋,无
B2094256D464A4F94998,公园,广东省深圳市龙华区G15沈海高速北150米,无
B2094251D568A6FC4492,地点,广东省深圳市龙华区新竹街与永顺街交叉口正南方向24米,无
B2094557D26EA6FD409B,广东菜,广东省深圳市龙华区大浪南路茶缘茗茶旁,无
B2094354D66EA0FC4399,中餐厅,广东省深圳市龙华区龙华街道玉翠社区清泉路184号良基智汇大厦108-111,无
B2094354D768A7FA429E,餐饮,广东省深圳市龙华区大浪街道大浪商业中心14栋14-33,无
B209425CDA69A5FF439A,餐饮,广东省深圳市龙华区大浪街道同胜社区同富裕工业园16栋119号(大浪商业中心4号门),无
B2094350D16DA1FB459F,水族馆,广东省深圳市龙华区横郎社区后浪新天地第26栋,无
B2094253D06EA4FC409F,中餐厅,广东省深圳市龙华区大浪街道横朗社区同富裕工业区22栋2层22201,无
B2094253D26CA6F84192,火锅店,广东省深圳市龙华区大浪街道华旺路163号ICC工业园,无
B2094354D26BA5FB409B,景点,广东省深圳市龙华区观天路隧道茜坑端入口,无
B2094354D46CA1FB4599,餐饮,广东省深圳市龙华区大浪街道浪荣路大浪万联购物广场F1层,无
B2094257D269A2FE489C,景点,广东省深圳市龙华区新岭路93-25号,无
B209425DD669A7FA499A,餐饮,广东省深圳市宝安区石岩街道北环路134号,无
B2094252D36EA3FB4392,美术馆,广东省深圳市光明区光明街道创投路与观光路交叉口东北100米,无
B2094253D165AAFE449A,中餐厅,广东省深圳市光明区虹桥公园北20米(羊川路西),无
B2094750D26CAAF44893,无,广东菜,广东省深圳市光明区宝安区光明新区16栋(招待所大门对面)
B209425CDA6CAAF5499C,餐饮,广东省深圳市光明区河心北路24号,无
B209445CD36AA1F5469F,广东菜,广东省深圳市光明区河心北路24号,无
B2094653D26AA3F9499E,火锅店,广东省深圳市光明区光明客运站旁,无
B209445CDB6DA2FD419F,餐饮,广东省深圳市光明区光翠路17,无
B2094356DB6AA4FE499E,中餐厅,广东省深圳市光明区光明街道光翠路光明广场1-2楼,无
B2094252D765A1FE479E,休闲娱乐,广东省深圳市光明区光明街道体育公园路9号,无
B209425CDA6BA2F9459B,中餐厅,广东省深圳市龙华区大浪街道园富路,无
B209425DD568A2F9489F,美术馆,广东省深圳市龙华区德政路10号,无
B2094252D269A3FC469B,地点,广东省深圳市光明区X231与华创路交叉口东北方向40米,无
B2094253D26FA3FB479D,景点,广东省深圳市光明区大顶岭山林绿道公园,无
B2094357D765A6FB409D,水库,广东省深圳市光明区虹桥公园内,无
B2094652DB68A7F9429A,游乐场,广东省深圳市光明区清和路旁,无
B2094251D369A1F44898,景点,广东省深圳市光明区马拉松山湖绿道,无
B2094254DA6AAAFF409D,省级景点,广东省深圳市光明区碧水路88号,无
B2094251DA6BA5F94498,展览馆,广东省深圳市光明区光明街道迳口新村,无
B2094257D66BA2F44898,景点,广东省深圳市光明区楼村一号路,无
B209425CD76EA1FD4798,运动场所,广东省深圳市龙华区观澜高尔夫大道1号观澜湖生态运动公社内(南侧),无
B2094253D668A2F9409B,景点,广东省深圳市龙华区观澜湖生态运动公社内(东南角),无
B2094452D465A1FB439C,国家级景点,广东省深圳市龙华区高尔夫大道1号观澜湖生态体育公园内,观澜湖生态体育园坐落于国家AAAAA级观澜湖旅游度假区，占地22万平方米，是深圳北目前唯一具有生态旅游、体育、休闲、娱乐等功能的综合主题公园。体育主题是园区的一大特色。首先是蜚声国际的网球中心，拥有18片符合国际网球协会规定的比赛用网球场其中包括拥有3000个座位的中央网球场。长达十公里的山地越野自行车赛道蜿蜒曲折，长度雄踞亚洲榜首，不仅可作为职业越野车比赛场地，其部分低风险区域也可供有骑行经验的游客骑行游玩。除此外，喜爱运动的游客还可以选择射箭、越野单车、篮球、五人足球、七人足球、沙滩排球场、CS野战基地、拓展攀爬、体育游戏嘉年华等运动项目。
B209425CD664A3FC4399,游乐场,广东省深圳市龙华区观澜高尔夫大道1号观澜湖生态运动公社内,无
B2094252D46DA2FE4698,景点,广东省深圳市龙华区高尔夫大道13号(观澜湖地铁站A口步行50米),无
B209425DD765ABFE4992,餐饮,广东省深圳市龙华区高尔夫大道8号观澜湖新城MHMALL一期4层,无
B2094354D16FA2FC4993,中餐厅,广东省深圳市龙华区观澜街道广培社区高尔夫大道8号1栋观澜湖新城L328山田徽农,无
B209425DD36EA3FA489B,西北菜,广东省深圳市龙华区高尔夫大道8号观澜湖新城MH MALL2栋SL210铺位,无
B2094557D56AA0FA449F,产业园区,广东省深圳市龙华区裕新路美联红木艺术博物馆,无
B2094757D565AAF84092,国家级景点,广东省深圳市龙华区观澜高尔夫大道1号,无
B2094354D46CABF84599,餐饮,广东省深圳市龙华区福城街道新和社区观澜大道72号厂区5栋101,无
B2094250D36FA0F8489F,河流,广东省深圳市龙华区,无
B2094252D165AAF84598,游乐场,广东省深圳市龙华区观澜大道117号福城天虹购物中心L2层,无
B2094252D16AA6FE4499,日本料理,广东省深圳市龙华区大和广场沿河路28号(离茜坑地铁站1公里观澜中心花园旁),无
B2094557D669A7FD429E,中餐厅,广东省深圳市龙华区观澜街道大和路锦鲤二村1栋1-2层,无
B2094253D165A0FF419D,景点,广东省深圳市龙华区观澜沿河路与布新路交叉口东南,无
B209425DDA6AA7F44192,购物,广东省深圳市龙华区观澜大街33号,无
B2094557D569A5FC429E,景点,广东省深圳市龙华区沿河路观澜古墟西南部,无
B2094253D664A3FB449F,景点,广东省深圳市龙华区观澜街道桂花路与企坪西巷交叉口南140米鸿鹄时代产业园4楼401,无
B2094255D56EA7FD459B,产业园区,广东省深圳市龙华区裕新路169号,无
B2094757D16DA6FC4193,景点,广东省深圳市龙华区裕新路169号,·观澜版画村是个宁静的客家古村，已经有上百年的历史。·这里是著名版画家陈烟桥的故乡，如今已经变成了版画产业基地，聚集了很多版画行业从业者。·版画村基本保持着原生态的乡村风情，具有浓厚的人文气息和艺术氛围。·村子里现在并没有多少人居住，只有一些版画工作室和小店，整体氛围安祥宁静，也是写生的好去处。
B209425DD464AAF5429E,生活娱乐,广东省深圳市龙华区兴业路东区展览馆附近,无
B2094255D56EA3FD439F,景点,广东省深圳市龙华区裕新路169号中国观澜版画原创产业基地内,无
B2094551D069A6FB429E,出行住宿,广东省深圳市龙华区东莞市,无
B2094653D269A1F8439D,广东菜,广东省深圳市光明区光明街道体育公园路9号,无
B209475CD365A0F9499D,广东菜,广东省深圳市光明区光明新区光明农场体育公园路(近碧水路),无
B2094253D46AA3FD439A,中餐厅,广东省深圳市光明区光明新区法政北路16栋,无
B2094250D365A4F8429F,中餐厅,广东省深圳市光明区法政北路26号(光明大街地铁站B口步行310米),无
B2094351D264A6FE419A,中餐厅,广东省深圳市光明区法政北路26号,无
B2094356D369A1F9409B,景点,广东省深圳市光明区光辉大道8号,无
B2094252D569A3FA449E,科技馆,广东省深圳市光明区新湖街道光明地铁站C口,无
B2094252D56CABFF4693,地点,广东省深圳市光明区楼村一号路,无
B2094757D66DAAFC4393,景点,广东省深圳市光明区光侨路3453号,无
B2094354DB6AA3F5459F,景点,广东省深圳市光明区新湖街道光明科学公园北翼西89米,无
B2094355D26AA0FA469A,景点,广东省深圳市光明区新湖街道楼村一号路,无
B2094257D06DA1FA4898,景点,广东省深圳市光明区圳园路光明小镇·欢乐田园内,无
B2094357D66CA7F54599,采摘园,广东省深圳市光明区新湖街道圳园路科学城展示中心旁,无
B2094355DA69A4F9419E,餐饮,广东省深圳市光明区新湖街道楼村社区果场一号路7号厂房101,无
B2094253D66CA2F4449D,餐饮,广东省深圳市光明区新湖街道楼村社区光侨大道3483号第四栋102室,无
B2094357D76BA0FE489D,中餐厅,广东省深圳市光明区公常路66号中山大学(深圳校区),无
B2094257D56EA2FC439F,餐饮,广东省深圳市龙华区荣富路桔岭新村入口,无
B209425CD66CA1FD429E,餐饮,广东省深圳市龙华区福城街道章阁社区樟亿路4号,无
B2094252D56EAAF9439D,中餐厅,广东省深圳市宝安区沙壆二路1号文华阁F4层,无
B2094252DB6DA6FC4099,冷饮店,广东省深圳市宝安区油厂路与华凌路交叉口西北约60米,无
B2094256D465A7FF439D,广东菜,广东省深圳市宝安区新沙路华盛新沙荟名庭一期L1-09铺,无
B2094256DA6FA2F4409D,中餐厅,广东省深圳市宝安区新沙路448号西荟城购物广场A区1层,无
B2094357D56FA4FF489B,餐饮,广东省深圳市宝安区新沙路276号一楼(103-1)集悦汇正门右侧,无
B2094252D564A6F84292,餐饮,广东省深圳市宝安区沙井街道华盛新沙荟名庭二期1-60号,无
B2094555D06FABFA4899,牛扒店,广东省深圳市宝安区沙井街道万科翡丽郡花园4栋01层商业0662层063,无
B209445CD369AAFC409C,餐饮,广东省深圳市宝安区新沙路沙井人民医院旁,无
B2094356DB6CABFE4799,餐饮,广东省深圳市宝安区沙头西园小区20栋103,无
B2094252D265A3F5429F,中餐厅,广东省深圳市宝安区沙井镇新桥北环路48号,无
B2094252D36FA2FB4499,生活服务,广东省深圳市宝安区沙井街道锦程路2068号千金方大厦一楼,无
B2094257D564A2FD419A,景点,广东省深圳市宝安区新桥街道,无
B209445CD364AAF54299,糕饼店,广东省深圳市宝安区辛安路29号德尚居,无
B2094253D16AA6FF4593,餐饮,广东省深圳市宝安区沙井街道立岗南路智荟公园B2栋101,无
B2094253D468A0F5449F,出行住宿,广东省深圳市宝安区沙井蚝乡锦程路2072号(蚝乡地铁站D口步行330米),无
B2094356D26BA2FB4592,景点,广东省深圳市宝安区沙井大街382号,无
B2094251DB6DA2FB439A,景点,广东省深圳市宝安区沙井大街382号,无
B2094251DB65A6F54993,寺庙道观教堂,广东省深圳市宝安区沙井镇步涌新村,无
B2094753DB6FA0FB4392,五星级宾馆,广东省深圳市宝安区松岗镇松瑞路2号,&quot;null&quot;
B2094653D268A7FD409C,广场,广东省深圳市宝安区107国道(松岗街道办对面),无
B2094253D269A4FD4399,中餐厅,广东省深圳市宝安区松岗街道红星社区格布新区一巷五号102荣欣湛江生蚝烤吧,无
B2094653D26DABFE4598,购物,广东省深圳市宝安区松岗东方大道鸿盛花园喜港城购物中心1-2层,无
B2094257D76DA1F5429A,美术馆,广东省深圳市宝安区沙井街道松安路宝安全至科技创新园2号楼1楼,无
B2094253D06DA5F8439B,餐饮,广东省深圳市宝安区松岗街道办沿河南路16B(近中国银行),无
B2094252D768A3F84192,甜品店,广东省深圳市宝安区松岗街道办沿河南路16B(近中国银行),无
B209425DD464A3FB409C,餐饮,广东省深圳市宝安区松岗街道松明大道130号正通大厦二楼,无
B2094251D06EA4FB499D,火锅店,广东省深圳市宝安区松岗街道松涛社区广深路293号401百佳华商场4楼4006号商铺,无
B2094251D46BABF84798,公园,广东省深圳市宝安区松河北路与宝安大道辅路交叉口西南20米,无
B2094653D26DAAF9469D,无,餐饮,广东省深圳市宝安区广深路293号佳华商场1层
B2094757D16EA2FB4399,餐饮,广东省深圳市宝安区松明大道一号松乔酒店首层部分,无
B2094257D26AA0FD429D,地铁站,广东省深圳市宝安区(在建)12号线二期;11号线\/机场线;6号线\/光明线,无
8008644030600000016,无,无,无
B209445CD369AAFF4298,餐饮,广东省深圳市宝安区沙江路199,无
B2094652DB68A0FC459B,医院,广东省深圳市宝安区沙江路2号,无
B2094357DA6CABF5459F,中餐厅,广东省深圳市宝安区满京华云著花园一期1号楼营销中心116,无
B2094750DB6BA6FC4999,公园,广东省深圳市宝安区松岗麒麟山,M332
B2094252D26DA7F9459A,公司,广东省深圳市宝安区海滨大道乔山尾工业园东北侧约170米,无
B2094252D26CA0F94292,展览馆,广东省深圳市宝安区洋涌路与众福路交叉口东南400米,无
B2094256DB69AAF84392,景点,广东省深圳市宝安区燕罗街道燕川大桥南端,无
B2094757DA6CA1FE4692,四星级宾馆,广东省深圳市宝安区松岗街道立业路8号,无
B2094653D26EA5F4429A,商场,广东省深圳市宝安区松岗楼岗大道1号宝利豪庭1-3层,NULL
B2094652DB68A2F4429E,汽车站,广东省深圳市宝安区松白路37-4号,无
B2094257D76DAAFD4398,火锅店,"广东省深圳市光明区松柏路,大仟里综合体五楼L502",无
B2094251D065A6F44092,广东菜,广东省深圳市光明区松白路4699号光明大仟里四楼,无
B2094351D264A4FB419A,云贵菜,广东省深圳市光明区松白路4699号光明大仟里购物中心A区4楼445,无
B2094257D46BA2F9489F,自助,广东省深圳市光明区光明大仟里L3层L301-,无
B2094652DB68A1FA449F,寺庙道观教堂,广东省深圳市宝安区燕罗路31号,无
B2094357D564A0F8429D,烧烤,广东省深圳市光明区公明街道振明路142号102,无
B2094554D46EA0FC479B,餐饮,广东省深圳市光明区公明下村路与民生大道交叉口旁,无
B2094354DB6EAAF54393,中餐厅,广东省深圳市光明区公明街道下村路32号(下村图书馆),无
B2094653D26BA3FA4798,公交站,广东省深圳市宝安区松岗街道松罗路麒麟山公园,无
B2094757DB6EA3FC4398,五星级宾馆,广东省深圳市宝安区松岗街道燕川红湖路32号,无
B2094252DB6EAAF9419D,出行住宿,广东省深圳市光明区S31龙大高速北3号附近,无
B2094256D464A7FA469D,景点,广东省深圳市宝安区S31龙大高速北33号附近,无
B209425DD46BABFA479B,餐饮,广东省深圳市光明区西田社区第三工业区(西田康体游泳馆旁),无
B2094253D06DA5FE4898,中餐厅,广东省深圳市光明区万达广场三楼(3009C-3010)商铺,无
B2094253D06BA6F4449E,西餐厅,广东省深圳市光明区光明大道万达广场二楼2010(凤凰城地铁站C口旁),无
B2094350DB6FABFA419D,餐饮,广东省深圳市光明区光明街道东周社区高新技术产业园5号一层,无
