Vegetation,Sky View Factor,Visual Complexity,Enclosure,Spatial Accessibility,Beautiful,Boring,Depressing,Lively,Safe,Wealthy,Sentiment Denisity,Urban Vitality
0,0,0,0,0,0,0,0,0,0,0,0.00461385,0.003165761
0,0,0,0,0,0,0,0,0,0,0,0.004938792,0.003571628
0,0,0,0,0,0,0,0,0,0,0,0,0.005357442
0,0,0,0,0,0,0,0,0,0,0,0.006560427,0.002678721
0,0,0,0,0,0,0,0,0,0,0,0.006353751,0.003013561
0,0,0,0,0,0,0,0,0,0,0,0.007370958,0.003283594
0,0,0,0,0,0,0,0,0,0,0,0.008927188,0.00344407
0,0,0,0,0,0,0,0,0,0,0,0.001210321,0
0,0,0,0,0,0,0,0,0,0,0,0.001409986,0
0,0,0,0,0,0,0,0,0,0,0,0.007776485,0.002946593
0,0,0,0,0,0,0,0,0,0,0,0.008802263,0.100881348
0,0,0,0,0,0,0,0,0,0,0,0.010344084,0.123114952
0,0,0,0,0,0,0,0,0,0,0,0.011863312,0.003571628
0,0,0,0,0,0,0,0,0,0,0,0.001812143,0.002678721
0,0,0,0,0,0,0,0,0,0,0,0.009001865,0.002678721
0,0,0,0,0,0,0,0,0,0,0,0.009508681,0.00302812
0,0,0,0,0,0,0,0,0,0,0,0.011633025,0.102041155
0.090384838,0.300883066,2.249093013,0.096004402,0.517804698,3.695222381,4.943087286,6.358266989,4.431051128,4.672569871,4.831697192,0.013660919,0.104884436
0,0,0,0,0,0,0,0,0,0,0,0.015212923,0.004088574
0,0,0,0,0,0,0,0,0,0,0,0.001635918,0.000715768
0,0,0,0,0,0,0,0,0,0,0,0.002094911,0.006127776
0,0,0,0,0,0,0,0,0,0,0,0.009895951,0.003571628
0.002401259,0.381638455,2.310282278,0.229399596,0.433961981,3.561225166,5.203009764,6.4281437,3.689305385,4.322834909,5.013981521,0.011701414,0.032840051
0.669648438,0.00328125,1.494654341,0.052191658,0.743825796,6.28702426,5.646986604,5.203494191,5.647695661,4.858038008,5.269684792,0.014467077,0.102207478
0.117716797,0.28756543,2.326808108,0.088166416,0.507640396,3.767698365,5.026696158,6.431513858,4.161149812,4.414519691,4.786681271,0.016903428,0.103697025
0.184128554,0.260500217,2.411087326,0.124596888,0.649044451,4.31800063,4.824717363,5.437968304,4.192754726,4.683719302,5.04625014,0.01921352,0.006361963
0.191193034,0.284752604,2.268917398,0.143328699,0.593041901,4.965033591,4.476739734,5.262612134,4.480675995,5.317728997,5.225799888,0.021546649,0.004285954
0.572152506,0.136703017,1.536784166,0.020706294,0.822457856,5.947329064,5.773323496,4.582070102,3.873413404,4.825957845,5.218170782,0.002345945,0.007657263
0,0,0,0,0,0,0,0,0,0,0,0.002407044,0.004598411
0,0,0,0,0,0,0,0,0,0,0,0.009760926,0.002678721
0.023702718,0.228597575,2.236471647,0.394800725,0.485583451,3.756248617,5.010547009,6.446219057,4.27890974,4.43586055,5.183992708,0.011007672,0.004783431
0,0,0,0,0,0,0,0,0,0,0,0.013830561,0.12013188
0.663356662,0.015543077,1.48941056,0.032881637,0.593793285,6.119523605,5.337486784,3.808407823,4.680152595,5.159620484,5.3290779,0.01692776,0.100981137
0.323591261,0.172457299,2.196110518,0.120353934,0.650175679,4.759577106,4.926493666,4.956881337,4.542606705,5.223198,5.461362891,0.0199209,0.107338533
0.485765625,0.023553711,1.966159806,0.147283941,0.551586225,5.949738884,5.141709924,4.16130954,4.987361443,5.023098218,5.817236948,0.022407822,0.115871161
0.15182158,0.290373419,2.360274323,0.236229983,0.638726745,4.277163348,4.907860077,5.756646137,4.303756324,4.835735757,5.393136942,0.024811476,0.008604377
0.086612305,0.315525716,2.310416371,0.252872425,0.800134624,4.644704413,4.882369339,5.34423387,5.290458679,5.460730434,5.394934213,0.027224675,0.00825939
0,0,0,0,0,0,0,0,0,0,0,0.002412641,0.008131437
0.598324653,0.134205187,1.572277265,0.017618151,0.587496178,5.97368292,5.464540104,4.228570064,4.067033847,4.81971093,4.847237825,0.002513338,0.010172552
0.399913737,0.20976237,2.070093394,0.03189939,0.616382717,5.911540985,5.05663228,3.884194672,3.881826043,4.934909225,4.896228671,0.002592508,0.007524689
0,0,0,0,0,0,0,0,0,0,0,0.002687471,0.003061396
0,0,0,0,0,0,0,0,0,0,0,0.010299026,0.003826745
0.184339464,0.133102824,2.362572267,0.342080367,0.456933942,4.228649334,5.106677646,6.145863168,4.594942634,5.15824073,5.538349993,0.012252598,0.046118168
0.418211444,0.072646304,2.125388844,0.125448391,0.664414072,5.028433581,4.814854059,4.917492244,5.072571774,5.284650703,5.570209702,0.015628502,0.104793287
0.255332179,0.163819543,2.412309224,0.182788936,0.678883678,4.586692103,4.853798606,5.137838608,5.069726679,5.33308506,5.651185041,0.019000471,0.111238734
0.289865234,0.199389106,2.329721531,0.154063775,0.653097684,4.58640703,4.720231926,5.215286561,4.476339676,5.22981542,5.628225672,0.022459427,0.121339787
0.386967921,0.095900657,2.171163322,0.139402032,0.64019141,5.08563058,4.714878321,5.081367433,4.805597489,5.037294485,5.880660718,0.025430679,0.112224651
0.175022314,0.238601416,2.264454737,0.304146036,0.59670958,4.263454238,5.16280822,5.476083748,4.427673847,4.835587278,5.773075438,0.028057942,0.147552677
0.134042816,0.263221181,2.414570886,0.253502474,0.745686812,4.609024094,4.709980985,5.134967575,4.961216896,5.356397908,5.771732239,0.030415514,0.010357722
0.205117052,0.232052816,2.169163954,0.27303652,0.568864426,4.525287454,5.007387439,5.325235725,4.717757295,4.558990051,5.65809152,0.03302303,0.010065498
0,0,0,0,0,0,0,0,0,0,0,0.03495568,0.003409281
0,0,0,0,0,0,0,0,0,0,0,0.033753786,0.007653489
0,0,0,0,0,0,0,0,0,0,0,0.032089274,0.006818563
0,0,0,0,0,0,0,0,0,0,0,0.03096064,0.002678721
0,0,0,0,0,0,0,0,0,0,0,0.001663944,0.002333049
0,0,0,0,0,0,0,0,0,0,0,0.002370946,0.007015791
0,0,0,0,0,0,0,0,0,0,0,0.002512082,0.005293454
0,0,0,0,0,0,0,0,0,0,0,0.002619377,0.01185488
0.553650716,0.085320638,1.815620513,0.029578095,0.845995425,6.151782175,4.872692575,4.623181383,4.391715755,4.907030185,5.404689233,0.002702312,0.013271827
0,0,0,0,0,0,0,0,0,0,0,0.002801989,0.004018082
0,0,0,0,0,0,0,0,0,0,0,0.002931271,0.002678721
0,0,0,0,0,0,0,0,0,0,0,0.003056464,0.002678721
0,0,0,0,0,0,0,0,0,0,0,0.003422681,0.002678721
0,0,0,0,0,0,0,0,0,0,0,0.003404325,0.00344407
0,0,0,0,0,0,0,0,0,0,0,0.003403928,0.005151387
0,0,0,0,0,0,0,0,0,0,0,0.01066145,0.003869264
0.148700765,0.195139974,2.420453909,0.312314714,0.488620899,4.250061297,5.095112401,6.166452547,4.613971745,5.09139507,5.435431448,0.013396137,0.113232659
0.433688151,0.064817505,2.182069829,0.181278591,0.554630744,5.39766331,5.180543937,4.408557013,5.069085255,5.477117926,5.499376416,0.016974231,0.106583991
0.266326769,0.074544949,2.402111333,0.269242616,0.643366489,5.010993905,4.609447946,4.568364029,5.30268012,5.21375232,5.53194733,0.02088438,0.17224338
0.246596273,0.190713976,2.495862204,0.185225067,0.586355717,4.465012255,4.492859642,5.260686601,5.102199917,5.346676782,5.90191561,0.0247669,0.13270703
0.168977179,0.161236637,2.238336228,0.393029097,0.572161913,4.023859997,5.697698279,5.676613155,4.526986621,5.004156097,5.793797393,0.028286902,0.135030328
0.126253744,0.160119466,2.170296878,0.452405507,0.555547456,4.061727065,5.489205235,5.381951296,4.532269108,5.498628306,5.91578542,0.031526551,0.159377861
0,0,0,0,0,0,0,0,0,0,0,0.034473982,0.165700001
0.257848885,0.122448547,2.434403445,0.270589644,0.657051452,5.197891847,4.55011448,4.789928014,5.432136793,5.540991535,6.099770585,0.036861785,0.270805442
0.214937174,0.196021159,2.566014849,0.197453959,0.679877236,5.002472037,4.431244099,4.74026345,5.900852394,5.764460349,6.269893956,0.038326081,0.045260833
0,0,0,0,0,0,0,0,0,0,0,0.038893562,0.027816732
0.310227458,0.077240397,2.441944341,0.268177302,0.71239761,5.11621441,4.587845653,4.615310729,5.767049939,5.362112597,6.560207188,0.037645549,0.038092089
0.267598877,0.071024272,2.311006816,0.289374199,0.704495536,5.186636899,4.310093332,4.580328513,5.505070686,5.884785704,6.454263721,0.035805531,0.225203121
0.317495117,0.194764201,2.411924954,0.144466133,0.742938331,5.822242558,4.877071228,4.440775544,5.481483154,5.583200365,6.354621544,0.033364471,0.006485325
0,0,0,0,0,0,0,0,0,0,0,0.03152398,0.003214465
0,0,0,0,0,0,0,0,0,0,0,0.001573042,0.004018082
0,0,0,0,0,0,0,0,0,0,0,0.001696529,0.006122616
0,0,0,0,0,0,0,0,0,0,0,0.001895848,0.005249433
0,0,0,0,0,0,0,0,0,0,0,0.002751892,0.013922726
0.247711589,0.172062174,2.507788795,0.110435399,0.727027906,5.389835358,4.554376304,4.277946353,5.390704632,6.212032676,4.910041571,0.00282926,0.013741688
0.53865332,0.060778971,1.745329021,0.039784645,0.874705897,6.27903645,4.970911121,4.665666986,4.159186804,4.631058562,5.231477165,0.002933984,0.013961599
0,0,0,0,0,0,0,0,0,0,0,0.003061387,0.012500355
0,0,0,0,0,0,0,0,0,0,0,0.003202696,0.003708999
0,0,0,0,0,0,0,0,0,0,0,0.003385213,0.007462152
0,0,0,0,0,0,0,0,0,0,0,0.003515284,0.005059807
0,0,0,0,0,0,0,0,0,0,0,0.003561964,0.010422612
0,0,0,0,0,0,0,0,0,0,0,0.00357679,0.00774901
0,0,0,0,0,0,0,0,0,0,0,0.003557741,0.003013561
0,0,0,0,0,0,0,0,0,0,0,0.003468785,0.004285954
0,0,0,0,0,0,0,0,0,0,0,0.008972082,0.003571628
0.170083415,0.166080322,2.42987695,0.37897664,0.436380835,4.387130717,5.131034513,5.824138314,4.535601318,5.24864617,5.435644766,0.010726629,0.003964507
0.158706055,0.16832993,2.421663848,0.322699142,0.47621265,4.618507196,5.244805889,5.443701159,4.431191455,5.084679457,5.398140718,0.014111028,0.114808543
0,0,0,0,0,0,0,0,0,0,0,0.01815561,0.077657304
0,0,0,0,0,0,0,0,0,0,0,0.022483645,0.102477996
0.294768828,0.163897587,2.245128543,0.238586803,0.596131525,4.711002833,5.139584843,5.171651217,4.464155325,5.046231802,5.721912415,0.026882363,0.175070207
0.303569517,0.125729709,2.380474584,0.228802684,0.61394899,4.757841819,5.48725505,5.156074597,4.375754989,4.954375658,5.297937963,0.031254739,0.130323035
0,0,0,0,0,0,0,0,0,0,0,0.03520789,0.144987685
0,0,0,0,0,0,0,0,0,0,0,0.038987499,0.183523967
0.238134961,0.113147202,2.346413433,0.297281703,0.689634485,5.168486118,4.371530356,4.927216098,5.795208745,5.693500347,6.049645333,0.041805964,0.344891948
0.220409342,0.107656413,2.504789034,0.287064264,0.69526271,4.994957283,4.176362029,4.838402215,6.162065947,5.836554146,6.361144602,0.043685019,0.400721535
0.233373636,0.083246915,2.489982531,0.318265458,0.637343913,4.836683639,4.293622573,4.847710314,6.083612902,5.568933958,6.296735571,0.044186886,0.467950385
0.192947824,0.152085019,2.503740964,0.28085018,0.626824923,4.891368731,4.231308986,4.947112192,5.946962589,5.685715571,6.149446981,0.043252658,0.542542071
0.28756897,0.128267517,2.399597287,0.199482612,0.61098181,4.908049516,4.214067906,5.006918914,5.873069964,5.51594663,6.01171077,0.041563552,0.419582137
0.298778564,0.184880127,2.271063535,0.141196326,0.817860785,5.265000886,4.417568326,4.665702289,5.310348406,5.776729533,6.028016317,0.038517106,0.26400413
0.319426432,0.200650879,2.270758732,0.067072348,0.784244208,5.30247007,4.380571073,4.465568149,5.338417625,5.394471049,5.862573469,0.03480247,0.228785701
0.394446208,0.10671875,2.185770032,0.061884745,0.71210733,6.075177953,4.360080332,4.152966414,5.264193587,5.539432749,5.897488147,0.031643678,0.006601134
0.445799154,0.063234049,2.183024491,0.054297893,0.754447702,5.821414471,3.690428615,3.5970788,6.169043422,5.440511584,6.306057334,0.029414725,0.004945331
0,0,0,0,0,0,0,0,0,0,0,0.001618352,0.006696803
0,0,0,0,0,0,0,0,0,0,0,0.001740501,0.004552525
0,0,0,0,0,0,0,0,0,0,0,0.001963726,0.005507289
0,0,0,0,0,0,0,0,0,0,0,0.002934066,0.009539174
0.626437717,0.030731337,1.426664541,0.005145404,0.818398273,6.388625662,5.163564483,4.386077205,3.792492767,4.541358471,4.705213289,0.003104405,0.011009129
0.367156576,0.131575114,2.077088561,0.188020339,0.741975297,5.630587876,5.024738893,5.164537549,4.011823475,4.820842713,5.223257363,0.003224955,0.029229814
0,0,0,0,0,0,0,0,0,0,0,0.003361189,0.015695251
0,0,0,0,0,0,0,0,0,0,0,0.003502595,0.016836365
0,0,0,0,0,0,0,0,0,0,0,0.003633119,0.010606642
0,0,0,0,0,0,0,0,0,0,0,0.003658378,0.009190029
0,0,0,0,0,0,0,0,0,0,0,0.003520087,0.009232585
0,0,0,0,0,0,0,0,0,0,0,0.00331404,0.006029281
0,0,0,0,0,0,0,0,0,0,0,0.00311657,0.004553826
0,0,0,0,0,0,0,0,0,0,0,0.001271175,0
0,0,0,0,0,0,0,0,0,0,0,0.001582853,0.005357442
0,0,0,0,0,0,0,0,0,0,0,0.00869098,0.003624152
0.029861893,0.237819967,2.194410387,0.405808491,0.524652665,3.953174157,5.242411449,6.321093373,4.267759075,5.02672984,5.642405314,0.010949358,0.172572837
0.104614665,0.312615966,2.324625432,0.31365838,0.358572829,4.248905532,5.011415318,6.3475025,4.455355704,5.051065594,5.456010789,0.014722563,0.123567853
0.462168783,0.052681478,2.295447738,0.137678548,0.537339892,6.169097126,5.098723888,3.911145568,6.185924828,5.459058643,5.477045924,0.019108441,0.141330911
0,0,0,0,0,0,0,0,0,0,0,0.023964949,0.240816406
0.156686654,0.237130599,2.180013061,0.320506451,0.68034182,3.911751422,5.533778856,5.683709526,4.406583319,4.938060417,5.867770009,0.028925033,0.200976753
0,0,0,0,0,0,0,0,0,0,0,0.034233119,0.141426979
0,0,0,0,0,0,0,0,0,0,0,0.039102644,0.162036753
0,0,0,0,0,0,0,0,0,0,0,0.043248586,0.190746489
0.396006402,0.052137589,2.320468835,0.178131019,0.771799011,5.787564993,4.383255049,4.436794202,5.639606814,5.980838863,6.203336906,0.046716947,0.319102141
0.330390344,0.076889425,2.287013838,0.2327282,0.714703115,5.332483974,4.531083047,4.661877394,5.723983226,5.781248298,5.914238457,0.048854779,0.387092698
0.34579788,0.059827473,2.290780412,0.200504729,0.596541478,5.30387844,4.065778118,4.641139435,6.153615221,5.66086248,6.153113541,0.049729664,0.46474621
0.306314097,0.063425564,2.426087132,0.250524669,0.606493203,5.088926872,3.842539356,4.690631822,6.115051678,5.4068797,6.108735121,0.048896968,0.583856464
0.225188259,0.144268935,2.466078407,0.251163358,0.604178169,5.132777658,4.264730553,5.040785525,5.85499433,5.95792824,6.476275742,0.046907455,0.505456479
0.318729178,0.077377481,2.320256702,0.20658712,0.765981727,5.503504975,4.128628649,4.457999012,5.975911919,5.936521875,6.41098873,0.043973975,0.334373825
0.306499566,0.134322994,2.283994119,0.165425596,0.750465318,5.462708371,4.440597196,4.093555964,5.741347256,5.582866422,6.248539397,0.040196303,0.292876973
0.407894206,0.140546875,2.134739056,0.072754746,0.756807921,5.786271668,4.450874376,4.239851689,5.215924025,5.221738958,5.855021835,0.03540786,0.282196692
0.461219889,0.078067763,2.010713943,0.038249574,0.845853982,6.310038745,4.444559683,3.674321324,5.382628997,5.177873939,5.915490508,0.031902611,0.005151387
0,0,0,0,0,0,0,0,0,0,0,0.001628354,0.002678721
0,0,0,0,0,0,0,0,0,0,0,0.001858853,0.005743422
0,0,0,0,0,0,0,0,0,0,0,0.00212449,0.005889044
0.559518229,0.101781684,1.591973358,0.019687775,0.678450906,5.976471722,5.083301524,4.556115379,3.873129974,4.823942015,5.274939319,0.003397488,0.012042514
0,0,0,0,0,0,0,0,0,0,0,0.003524439,0.014469471
0,0,0,0,0,0,0,0,0,0,0,0.003652318,0.013748612
0,0,0,0,0,0,0,0,0,0,0,0.003590842,0.013204823
0,0,0,0,0,0,0,0,0,0,0,0.003380691,0.016383895
0,0,0,0,0,0,0,0,0,0,0,0.00312722,0.004370545
0,0,0,0,0,0,0,0,0,0,0,0.00285242,0.003061396
0,0,0,0,0,0,0,0,0,0,0,0.002531549,0
0,0,0,0,0,0,0,0,0,0,0,0.00070103,0.005893187
0,0,0,0,0,0,0,0,0,0,0,0.001075243,0.005995233
0,0,0,0,0,0,0,0,0,0,0,0.001669312,0.013393606
0,0,0,0,0,0,0,0,0,0,0,0.002150365,0.002946593
0,0,0,0,0,0,0,0,0,0,0,0.008491837,0.003699186
0.053060067,0.263119774,2.249079266,0.35963686,0.516030171,3.64284932,4.890593752,6.466007659,4.022792921,4.544214945,5.139389534,0.011233766,0.13431012
0.133717957,0.237030945,2.3142409,0.335365884,0.471009241,4.115029069,4.817357566,5.910128295,4.416249644,4.72970783,5.453932051,0.015419184,0.116362118
0.172870164,0.167256867,2.255992297,0.332169078,0.544746081,4.355967624,4.626042701,5.805200199,4.78556782,5.068832803,5.924919401,0.02018157,0.148348791
0.181665509,0.180355794,2.322219578,0.297605903,0.615267959,4.358130601,4.80285666,5.547465061,4.889304543,5.329869984,5.882902328,0.025434831,0.202053811
0.300443522,0.138832644,2.459386664,0.195591628,0.693020515,5.071687122,4.41405393,4.627463099,5.72021643,5.61251838,5.985388789,0.031265218,0.25343591
0,0,0,0,0,0,0,0,0,0,0,0.03721758,0.16283628
0,0,0,0,0,0,0,0,0,0,0,0.042723972,0.182665841
0,0,0,0,0,0,0,0,0,0,0,0.047301706,0.212491845
0.250472005,0.14427002,2.596138481,0.204864585,0.599184838,4.780602843,4.395278126,4.816200733,5.458003819,4.956931949,5.310000271,0.051116802,0.273978882
0.192622794,0.133752261,2.41724482,0.33401821,0.677130538,4.916759276,4.506087886,4.823619313,5.452464263,5.723100238,6.175104227,0.05370409,0.402152639
0.362799862,0.09091682,2.313816345,0.151774797,0.685543552,5.318366962,4.234362178,4.223922067,5.950290294,5.685508749,6.307788407,0.054769024,0.397877006
0.409055176,0.029781799,2.256862213,0.177093226,0.75405959,5.49439841,4.287017412,4.259708688,5.904233597,5.849880442,6.020965651,0.054164868,0.458706064
0.309204738,0.137126005,2.352275574,0.169607005,0.727521292,5.49441584,4.243786091,4.431777336,5.894079711,5.987835086,6.28535038,0.052218407,0.451685379
0.328213676,0.091757644,2.296239127,0.176755626,0.783811026,5.5556616,4.17087289,4.634684351,5.988237533,6.044239743,6.509278643,0.049436405,0.348370991
0.279749892,0.172899848,2.351111241,0.162684784,0.794520249,5.182265186,4.399515566,4.346164236,5.448999842,5.740304434,6.141712804,0.04570565,0.308387117
0.48411438,0.088196411,1.939334236,0.063993951,0.681722733,6.239187241,4.747338123,3.822667465,5.241228126,5.315310523,5.856206253,0.041080803,0.302312047
0.471583659,0.129654134,1.947431813,0.060812967,0.749281348,6.085636914,4.745948017,4.037411929,5.404781104,5.330777287,5.682584465,0.037829146,0.005975609
0,0,0,0,0,0,0,0,0,0,0,0.002102237,0.00685177
0.493332636,0.126736886,1.775801957,0.022101225,0.72125689,5.704618582,5.047044916,4.841018566,3.605113911,4.717081181,5.188481706,0.003588674,0.011569642
0,0,0,0,0,0,0,0,0,0,0,0.003855861,0.01024176
0,0,0,0,0,0,0,0,0,0,0,0.003879087,0.009962153
0,0,0,0,0,0,0,0,0,0,0,0.003845199,0.009793342
0,0,0,0,0,0,0,0,0,0,0,0.003771747,0.010348661
0,0,0,0,0,0,0,0,0,0,0,0.003631551,0.012532779
0,0,0,0,0,0,0,0,0,0,0,0.003428422,0.012459586
0,0,0,0,0,0,0,0,0,0,0,0.000670425,0.003869264
0,0,0,0,0,0,0,0,0,0,0,0.000981168,0.005835785
0,0,0,0,0,0,0,0,0,0,0,0.001441423,0.003826745
0,0,0,0,0,0,0,0,0,0,0,0.002905356,0.002678721
0,0,0,0,0,0,0,0,0,0,0,0.009215881,0.004088574
0.063063287,0.339179281,2.29102741,0.223834778,0.670326254,3.690818705,5.269414832,6.05123503,3.516124114,4.827438826,5.137124588,0.011874742,0.085823916
0.185106201,0.268782281,2.40757089,0.093347808,0.601922823,4.260139187,4.638671115,5.325380708,4.527088021,5.130266964,5.655697574,0.01635379,0.100607368
0.071695006,0.306768919,2.360469772,0.236789223,0.583545867,3.951833651,4.890923055,5.990408463,4.095886183,5.121068074,5.841292122,0.021401711,0.12135967
0.051914993,0.245731027,2.276111135,0.314445578,0.590917065,3.899292716,4.793038223,6.146378281,4.44230463,5.45521303,6.026931978,0.027247258,0.176084656
0.275704623,0.164853581,2.352680772,0.17889012,0.648171571,4.425871069,4.921533527,5.511022258,4.926008851,5.223078284,5.816669474,0.033623118,0.242334063
0.443755115,0.045574544,2.102255402,0.153017543,0.713163308,5.357567293,4.88602187,4.539624912,5.12964912,5.510117105,5.978412219,0.04000628,0.198555121
0,0,0,0,0,0,0,0,0,0,0,0.045899864,0.203945395
0,0,0,0,0,0,0,0,0,0,0,0.050928436,0.229202847
0,0,0,0,0,0,0,0,0,0,0,0.055117764,0.289567938
0.241946705,0.066782769,2.373447211,0.287385393,0.713963698,5.001275884,4.213321911,4.991306063,6.079891754,5.613750832,6.155205488,0.057808455,0.429184183
0.296705588,0.093389804,2.355378074,0.246317299,0.665981496,5.209672181,4.220083903,4.833360279,6.029099242,5.712577589,6.367043469,0.05924632,0.447662488
0.388349751,0.04457746,2.261213294,0.203091423,0.715027074,5.851964183,4.21903674,4.014218962,6.359115424,6.106856279,6.353855434,0.059125196,0.467068369
0.295791762,0.121498617,2.41408022,0.216377651,0.673100623,5.295487021,4.278102239,4.357262197,5.908391471,5.851373022,6.317961579,0.057450704,0.425162165
0.384969228,0.066673075,2.150944064,0.149434287,0.730997096,5.97915145,4.234795155,4.31310309,6.022480983,6.115320113,6.382734846,0.054951806,0.383673664
0.224776574,0.222873461,2.353532578,0.184322613,0.750322572,4.917995028,4.540749079,4.666419447,5.220823944,5.730684359,6.069597174,0.051275611,0.342115457
0.363051758,0.171007487,2.24349527,0.076360131,0.718238769,5.198884666,4.886138498,4.734942883,4.279223413,4.883345127,5.483809173,0.047121733,0.335417812
0.256036174,0.248116455,2.218634708,0.184540424,0.746422277,5.344115049,4.864541315,4.994437173,5.025687732,5.318795219,5.954921298,0.043979343,0.006399167
0,0,0,0,0,0,0,0,0,0,0,0,0
0,0,0,0,0,0,0,0,0,0,0,0,0.002678721
0,0,0,0,0,0,0,0,0,0,0,0.022293964,0
0.233155382,0.150923123,2.56409469,0.208517593,0.776964359,5.007186453,4.284041206,4.700320562,5.336382161,5.824117184,6.176004966,0.022373395,0.011310156
0.103554281,0.080183309,2.397796511,0.36851044,0.816461561,4.377080787,4.657758221,5.815222725,5.256015256,5.821976826,5.984662451,0.021717092,0.013226186
0.194733073,0.085566949,2.569760117,0.307280183,0.740129827,5.011174639,4.537107339,5.32641388,5.082831323,5.936240276,6.267798741,0.022362996,0.009643396
0,0,0,0,0,0,0,0,0,0,0,0.024150057,0.003348401
0,0,0,0,0,0,0,0,0,0,0,0.001933165,0
0,0,0,0,0,0,0,0,0,0,0,0.002128636,0.008911028
0,0,0,0,0,0,0,0,0,0,0,0.00244166,0.008315686
0.344262044,0.176988607,2.04637293,0.117460059,0.604388569,5.507936192,4.299363875,4.288512337,3.712968671,4.501850963,5.297389376,0.003710023,0.013228651
0.401258952,0.169216512,1.977171128,0.052175171,0.747752981,5.88721329,4.737208225,4.245351903,3.84543515,4.741171457,5.177522384,0.003734789,0.012197962
0.442052409,0.169154808,1.87691709,0.087476656,0.824388629,5.887585316,5.178544606,4.786259515,3.63225426,4.765706156,5.085293659,0.003781687,0.010948547
0.395717231,0.179686415,1.896402109,0.120838801,0.829440892,5.953217427,5.159367353,4.581535677,3.496010671,5.02960673,4.844505638,0.003865792,0.011141389
0.462958984,0.192902344,1.880916226,0.052013453,0.755069456,5.619448757,5.14694053,4.315211248,3.672067642,4.881407607,4.88717761,0.003954942,0.010200993
0.444261068,0.154575195,1.735148598,0.101921393,0.946065774,6.106915156,5.031141579,4.63504827,3.272716363,4.902953287,4.718853573,0.004011843,0.010432614
0,0,0,0,0,0,0,0,0,0,0,0.004014372,0.010033444
0,0,0,0,0,0,0,0,0,0,0,0.003956032,0.009960066
0,0,0,0,0,0,0,0,0,0,0,0.003858456,0.010037093
0,0,0,0,0,0,0,0,0,0,0,0.002734224,0.007383625
0,0,0,0,0,0,0,0,0,0,0,0.001166521,0.002678721
0,0,0,0,0,0,0,0,0,0,0,0.000905833,0.004464535
0,0,0,0,0,0,0,0,0,0,0,0.001909772,0.005357442
0,0,0,0,0,0,0,0,0,0,0,0.002941411,0.020498028
0,0,0,0,0,0,0,0,0,0,0,0.003697313,0.002678721
0.003950195,0.401927626,2.329799873,0.341933763,0.550561124,4.234954377,4.656789164,5.815752268,3.808632751,4.181849996,5.169534822,0.009772756,0.005357442
0.020137261,0.378228624,2.234534874,0.266948002,0.56215647,3.471449392,5.266394642,6.046836668,3.442790386,4.316292849,5.026547889,0.012869922,0.075702459
0,0,0,0,0,0,0,0,0,0,0,0.017479565,0.090714468
0.051631782,0.365000814,2.200037121,0.199034147,0.543580205,3.851915475,4.974480832,6.199182165,4.151699927,5.056954537,5.670378586,0.023074007,0.127340209
0.089120551,0.32029853,2.30087219,0.149127836,0.598995542,3.941320938,4.916144798,6.055498431,4.357527852,4.774317493,5.567356527,0.029240392,0.17081895
0.143088422,0.290433285,2.290412174,0.11698892,0.569824864,4.238429584,4.804033167,5.94941815,4.410984441,4.858448116,5.144934488,0.035998739,0.190199502
0.391261654,0.117912305,2.189216793,0.11485883,0.674924789,4.921294909,4.732741187,4.769099028,4.656760607,5.241156564,5.638840408,0.042504918,0.266421213
0.453928223,0.07117513,2.193837066,0.082701192,0.746030627,4.966693938,4.895750046,5.044097573,4.442331061,5.250808,5.221057505,0.048869099,0.25080759
0,0,0,0,0,0,0,0,0,0,0,0.054233197,0.257364675
0,0,0,0,0,0,0,0,0,0,0,0.058218557,0.298833673
0.218038582,0.13102322,2.381513963,0.293678238,0.563517536,4.978466648,4.513202571,5.140187167,5.582031602,5.476884646,6.051921924,0.061274242,0.456561806
0.294053223,0.122562093,2.292810123,0.164082594,0.549459614,4.902803889,4.413221642,4.803002186,5.745441234,5.479362571,6.133862031,0.062977031,0.525748026
0.288393229,0.178101671,2.340719149,0.155504225,0.654763182,4.942924237,4.364744719,4.386180961,5.496003302,5.639154581,5.879455376,0.063407734,0.522869959
0.319871691,0.157274396,2.282999292,0.125515499,0.685401978,5.353265388,4.182843659,4.395420414,5.479601016,5.858733654,6.107007411,0.062230017,0.440597802
0.296179668,0.131146918,2.185965434,0.180104452,0.735669109,5.254240057,4.308386203,4.562267116,5.400466839,5.843359057,6.267609179,0.05993228,0.3825607
0.164872143,0.206580404,2.256571594,0.27390678,0.63680771,4.616539013,4.661192483,5.462683237,5.064544453,5.871130486,6.180135376,0.056758545,0.372161199
0.093664144,0.361546427,2.15618712,0.183260059,0.818938233,4.679048486,4.815105818,5.676220208,4.667863056,5.413583629,5.94031924,0.052945994,0.338587696
0.15889388,0.363743164,2.159495946,0.053747642,0.83637477,5.227154529,5.020570326,4.635901547,4.639077067,5.695983625,5.796040988,0.049733695,0.005075472
0,0,0,0,0,0,0,0,0,0,0,0,0.005357442
0.361074219,0.12077691,2.444239688,0.097026019,0.739854044,5.756182313,4.356704553,3.7252418,5.854692856,6.303552866,6.358966947,0.024796318,0.004910989
0.220648252,0.12312114,2.493669576,0.235498424,0.765114521,4.945798239,4.510224947,4.951713169,5.505358861,6.078395278,6.032162443,0.025921483,0.163257978
0.2456244,0.09268302,2.418826374,0.245776718,0.750668251,4.907191217,4.654384161,4.899471805,5.286349166,5.917928545,6.023886409,0.027688911,0.331749078
0.261988328,0.111128302,2.367099919,0.221271993,0.811352182,5.073617844,4.572572262,4.947355941,5.425555668,5.773632993,6.019554053,0.028494563,0.343257425
0.215072123,0.085965169,2.449399813,0.264340033,0.712193947,4.979861986,4.384768438,5.106147652,5.615997169,6.017228048,6.416509792,0.028629331,0.324244952
0,0,0,0,0,0,0,0,0,0,0,0.029407414,0.002678721
0,0,0,0,0,0,0,0,0,0,0,0.002083144,0.002678721
0,0,0,0,0,0,0,0,0,0,0,0.0021953,0.003125175
0,0,0,0,0,0,0,0,0,0,0,0.002528238,0.009367752
0,0,0,0,0,0,0,0,0,0,0,0.003473089,0.010458747
0.384324544,0.233643121,1.998692655,0.132644697,0.632953932,5.15123109,4.605655889,4.738078852,3.555680792,4.804934045,5.334887703,0.003953916,0.01175086
0.47222385,0.202769911,1.783521256,0.055235854,0.773218694,5.636267702,4.953563581,4.514489273,3.647638788,4.69329385,5.610469679,0.00396015,0.012217421
0,0,0,0,0,0,0,0,0,0,0,0.004119823,0.009960514
0,0,0,0,0,0,0,0,0,0,0,0.002919341,0.004207345
0,0,0,0,0,0,0,0,0,0,0,0,0.002678721
0,0,0,0,0,0,0,0,0,0,0,0.001246528,0
0,0,0,0,0,0,0,0,0,0,0,0.002034857,0.004018082
0,0,0,0,0,0,0,0,0,0,0,0.003246075,0
0,0,0,0,0,0,0,0,0,0,0,0,0.003348401
0.105373264,0.277813043,2.394170581,0.262330831,0.630473142,3.687995195,5.328476628,6.074147383,4.269014756,4.424930056,4.048960129,0.010726601,0.003472416
0.150583428,0.285252618,2.281996764,0.060839577,0.475874367,4.036521583,4.815576601,5.96470852,4.454740735,4.92723678,5.013062956,0.014221248,0.083427385
0.064836396,0.359206694,2.222807256,0.14990135,0.582982347,3.954854699,5.253120511,5.978680993,4.28314058,4.820283197,5.467594924,0.018928722,0.105003273
0.089565068,0.362774704,2.260642933,0.142483434,0.595547759,3.874600684,4.823526714,6.061181697,4.19220724,4.864767787,5.397308085,0.024850696,0.150784293
0.097730692,0.324004763,2.224914915,0.121505043,0.631360153,4.204520222,4.688099563,5.811440973,4.686542985,4.982809898,5.531164838,0.031273779,0.183262897
0.218076579,0.269766168,2.344862406,0.056230147,0.561277537,4.504069373,4.669822564,5.243905226,4.509743696,5.15242968,5.272800719,0.037982885,0.194954364
0.120698499,0.258090306,2.19881955,0.229554535,0.608009829,4.097494372,5.565422246,5.96858392,4.367169004,4.963567668,5.457376455,0.04489246,0.24164681
0.244488661,0.19979126,2.374445277,0.168505042,0.696344498,4.321483937,4.676571826,5.338012541,4.965041657,5.298072577,5.643098374,0.051285997,0.408277672
0.223287316,0.163036665,2.50642249,0.237333588,0.731547936,5.031411751,4.36605803,5.005074951,5.789877274,5.862515471,6.175900589,0.056612588,0.411656535
0.154377674,0.133084775,2.524816321,0.313019455,0.605875441,4.906855434,4.566220347,5.5141591,5.546183867,5.894484622,6.347716314,0.060709793,0.527921379
0.170635525,0.160788303,2.413638189,0.283169901,0.576373872,5.060249893,4.170503151,4.862568029,5.974959989,5.820701607,6.483270669,0.063903823,0.558525214
0.146146187,0.093986073,2.432301582,0.371609268,0.493385551,4.715011503,3.970583879,5.3923667,6.319668728,5.794629685,6.234333453,0.065874115,0.672971946
0.362584093,0.029268228,2.312070297,0.227226801,0.611947412,5.174017421,3.99751445,4.863144207,6.474987848,5.845588048,6.266753459,0.066577725,0.552625879
0.258751139,0.113817871,2.368612239,0.228989646,0.547004804,4.918554872,3.882082974,4.927665722,6.250305876,5.65552941,6.129525131,0.065927297,0.478738221
0.251250192,0.144929582,2.377438794,0.217147435,0.679065708,5.247145486,4.305307958,4.646314056,5.584756418,6.005446033,6.451597719,0.064068161,0.422974944
0.206838968,0.202231108,2.365902881,0.197493804,0.608522613,5.082462895,4.288853384,4.993848769,5.580258244,5.918133779,6.266564507,0.061455362,0.390462254
0,0,0,0,0,0,0,0,0,0,0,0.057982657,0.338193427
0.093464898,0.412013346,2.145348889,0.161426727,0.76607607,4.713584403,5.457252005,5.640997887,4.62152867,4.934160402,6.168121636,0.054657482,0.010982757
0,0,0,0,0,0,0,0,0,0,0,0.031034173,0.004464535
0,0,0,0,0,0,0,0,0,0,0,0.030689143,0.022192374
0.286309072,0.137846392,2.398047363,0.181527681,0.685142912,5.396748974,4.527499841,4.611061201,5.556178289,5.711968489,6.10744809,0.032998435,0.298189842
0.266345961,0.157708605,2.429668038,0.206238299,0.556232544,5.149175483,4.722510939,4.692989595,5.45769465,5.544407812,6.1327511,0.035119209,0.348559473
0.25500755,0.157399903,2.398837188,0.2334983,0.711745554,5.144359232,4.644240977,4.916401436,5.272877153,5.643475956,6.281672908,0.036394972,0.362793116
0.272363873,0.11740301,2.363101796,0.202697389,0.648176605,5.257816908,4.545082,4.865298374,5.55405739,5.531579985,6.134712376,0.036630884,0.414171617
0.130263097,0.262248487,2.161374342,0.150971955,0.66048635,4.51136165,4.990464985,5.688109415,4.9647791,5.444361543,5.796949197,0.037557043,0.008036164
0,0,0,0,0,0,0,0,0,0,0,0.039411061,0.006250349
0,0,0,0,0,0,0,0,0,0,0,0.035754155,0.003061396
0,0,0,0,0,0,0,0,0,0,0,0.034550499,0.004018082
0,0,0,0,0,0,0,0,0,0,0,0.002270169,0.002678721
0,0,0,0,0,0,0,0,0,0,0,0.002550184,0.005357442
0,0,0,0,0,0,0,0,0,0,0,0.002949752,0.011406209
0,0,0,0,0,0,0,0,0,0,0,0.00331272,0.011029137
0,0,0,0,0,0,0,0,0,0,0,0.003636853,0.011244943
0.489469401,0.196069607,1.753665928,0.042691718,0.669399483,5.666366657,4.826238483,4.298400034,3.791725526,4.829739809,5.610364596,0.004261316,0.012893243
0.51788737,0.176181098,1.759713827,0.058264569,0.675455116,5.677510937,5.093326112,4.298733592,3.46454833,4.943925142,5.410918911,0.004265324,0.012246791
0,0,0,0,0,0,0,0,0,0,0,0.004479678,0.007319678
0,0,0,0,0,0,0,0,0,0,0,0.001409737,0.004018082
0,0,0,0,0,0,0,0,0,0,0,0.001927538,0.005357442
0.020655924,0.406860352,2.091855018,0.077978387,0.527030398,4.215054512,5.201163769,5.823085427,3.639224231,4.019976914,4.404874682,0.012221509,0.004018082
0.012378472,0.425316027,2.146797245,0.105825303,0.588382801,3.990074039,5.467026969,6.411692163,3.598333915,4.602843364,4.867559652,0.015863638,0.004152018
0.062088216,0.397341121,2.145751633,0.147835743,0.478269911,4.114879269,5.017491446,6.295164732,4.143201287,4.790691752,5.50764568,0.020975146,0.004861383
0.063171813,0.347202458,2.183091437,0.204152774,0.594822029,3.889169436,5.25226501,6.248537257,4.475241633,4.71784584,5.353349941,0.026903681,0.148188577
0.076233543,0.345658728,2.285059388,0.150489632,0.627021878,4.254679392,4.600015097,5.856301993,4.822609925,5.054842475,5.75721845,0.033143669,0.1963886
0.152351191,0.268384719,2.380712098,0.190155063,0.7505153,4.130854394,4.942124974,5.466584345,4.207563359,4.871366538,5.717991525,0.039834704,0.224277665
0.169316225,0.322427843,2.3193343,0.107025087,0.716328423,4.76221884,4.77396118,4.991422822,4.979954928,5.46936511,5.899538206,0.046665877,0.282436795
0.163858594,0.277963346,2.344861431,0.123593436,0.693548751,4.68484555,4.477341194,5.140834715,5.088312609,5.48251194,5.889304814,0.052902579,0.373110294
0.19416522,0.237625326,2.423189995,0.140048158,0.673787735,4.745793346,4.451398982,5.111570193,5.159901607,5.420694947,5.852608631,0.058157437,0.449416553
0.209653669,0.15174921,2.469203246,0.227431662,0.559988274,4.801155963,4.390189499,5.335392982,5.823950874,5.800201271,6.213571727,0.062533081,0.689565584
0.200048458,0.170286902,2.488488008,0.220797908,0.634069049,4.826770964,4.149064435,5.184335988,6.18493014,5.730280429,6.180378887,0.065805443,0.626934826
0.123542266,0.115185718,2.347247259,0.37792504,0.521394722,4.795264439,4.138226964,5.196735633,6.061360491,5.515149405,6.234849585,0.06773565,0.696585629
0.217245305,0.101953766,2.426412116,0.290334063,0.575014308,4.98898981,4.190638585,5.13261671,6.247245241,5.946479053,6.437472347,0.068592474,0.631699132
0.301253255,0.094708717,2.390629633,0.204778215,0.621229639,5.241671975,4.22089377,4.670088566,6.065710061,5.928864194,6.281988791,0.068317547,0.56338083
0.26013772,0.108632687,2.373812429,0.231989478,0.627599902,5.091208474,4.29198448,4.995876287,5.851225374,5.907982712,6.327701023,0.067024074,0.499389397
0.076859086,0.15388907,2.396821785,0.360951761,0.549845985,4.740562052,4.193481849,5.553138475,5.557328979,6.137096213,6.272910161,0.06488052,0.410451929
0.230057732,0.180544864,2.367219385,0.168498224,0.642719422,5.528004695,4.595592464,4.674958804,5.56452924,6.093645727,6.127969959,0.061730888,0.386756279
0.214990234,0.289002441,2.179848424,0.079934803,0.778774576,5.287882376,4.880905879,4.418663263,5.014470631,5.361884373,5.834017193,0.058778506,0.009566861
0,0,0,0,0,0,0,0,0,0,0,0.03242271,0
0,0,0,0,0,0,0,0,0,0,0,0.033900999,0
0.307038261,0.149971204,2.327139652,0.086026144,0.440056929,5.410131876,4.667596927,4.536298449,5.919273716,5.918761964,6.129706529,0.034804631,0.013551178
0.258959328,0.12682798,2.319571892,0.178104444,0.447900729,5.233058519,4.473484927,5.121275067,5.796382828,5.515662422,6.217843897,0.037128016,0.483639508
0.253096137,0.164064019,2.442478634,0.184975319,0.67411192,5.241123017,4.329201043,4.8581321,5.557540409,5.566086968,5.941864626,0.039914649,0.518065597
0.249939055,0.174200485,2.378573024,0.143471613,0.531503822,5.04680619,4.454418414,5.160203854,5.577053421,5.789844056,6.334831542,0.04246242,0.457204611
0.294871844,0.113431131,2.309532018,0.221800777,0.641592737,4.947407912,4.531020193,4.812198719,5.39389955,5.577029547,5.958652665,0.044249531,0.417664758
0.342211589,0.081248589,2.263937055,0.138519656,0.686898714,5.336430478,4.240712027,4.513413646,5.877334964,5.720967817,6.111407598,0.044542942,0.410612404
0.328001972,0.099164656,2.298658418,0.16448203,0.670367001,5.378421703,4.467579729,4.602782558,5.604063805,5.769750595,6.214042807,0.044591743,0.448809876
0.220002442,0.141585388,2.305940136,0.286439132,0.685807134,4.604440191,4.791440101,5.378500396,5.060715932,5.454829216,5.725736819,0.044055663,0.029897985
0.042050171,0.118113403,2.361575626,0.499056089,0.739668325,4.248668969,4.900166035,6.12297792,5.120133191,4.838213712,5.463971138,0.043722112,0.024417574
0,0,0,0,0,0,0,0,0,0,0,0.041465688,0.003013561
0,0,0,0,0,0,0,0,0,0,0,0.039088689,0.002678721
0,0,0,0,0,0,0,0,0,0,0,0.039098099,0.005357442
0,0,0,0,0,0,0,0,0,0,0,0.002991197,0.002678721
0,0,0,0,0,0,0,0,0,0,0,0.003383705,0.002922241
0,0,0,0,0,0,0,0,0,0,0,0.00375602,0.015431339
0,0,0,0,0,0,0,0,0,0,0,0.004089959,0.012725714
0,0,0,0,0,0,0,0,0,0,0,0.004529653,0.013031267
0.511686469,0.170195041,1.713154875,0.046984109,0.697368629,6.128256043,5.1875482,4.106150657,3.71050338,4.953410745,5.457140913,0.004594409,0.014240661
0.521532389,0.18589681,1.622644006,0.002790568,0.59938583,5.533077002,4.6966784,4.110756487,3.875683189,5.108029187,5.11503461,0.004635088,0.015699202
0,0,0,0,0,0,0,0,0,0,0,0.004940384,0.010344682
0,0,0,0,0,0,0,0,0,0,0,0.003625007,0.00544287
0,0,0,0,0,0,0,0,0,0,0,0.003309774,0.001374366
0,0,0,0,0,0,0,0,0,0,0,0.002919484,0.00121037
0,0,0,0,0,0,0,0,0,0,0,0.002092499,0.003537135
0,0,0,0,0,0,0,0,0,0,0,0.001667237,0.006030802
0,0,0,0,0,0,0,0,0,0,0,0.011767674,0.003214465
0,0,0,0,0,0,0,0,0,0,0,0.023549048,0.003348401
0.009983724,0.439982096,2.057682732,0.216767618,0.777408892,3.790620104,5.080282152,6.185652256,5.209000468,4.984324634,5.832491398,0.028947936,0.006940323
0.089750231,0.315255466,2.340605261,0.210542933,0.657257228,4.151426744,5.019392865,5.618221006,4.567245377,5.138415617,5.617755818,0.035058554,0.204226454
0.111512742,0.321561744,2.37406445,0.175286916,0.712295338,4.330886326,4.53498766,5.571129901,4.967070079,5.473254813,6.03797503,0.041471221,0.248619253
0.192369017,0.281557385,2.280123219,0.104172798,0.783519655,4.830538682,4.469006042,5.017189477,5.032261217,5.560332678,6.058818448,0.048047863,0.289675437
0.17727002,0.310078939,2.32602325,0.097979177,0.756535256,5.271003774,4.403171432,4.88568677,4.604308754,5.66612865,6.02803244,0.053879824,0.31146595
0.235739707,0.216968161,2.302569011,0.131459977,0.636738124,4.300719278,4.812022098,5.22867811,4.58469021,5.012761161,5.468860737,0.059277114,0.377838835
0.200429755,0.211037869,2.297170609,0.175199594,0.691540185,4.632409339,4.429629728,5.005808935,5.438754231,5.579853709,5.739066745,0.063656196,0.59106547
0.1691905,0.195067778,2.511266183,0.268415295,0.629957152,4.488444699,4.589803087,5.369022438,5.79255391,5.479982176,6.037049915,0.066659488,0.659367171
0.181789024,0.112868413,2.400624087,0.307743702,0.590014256,4.929685182,3.941854708,5.342867497,6.105934774,5.734036025,6.215226033,0.068615004,0.725936587
0.181987925,0.149621737,2.426989359,0.29385431,0.637901258,4.881242836,4.212755246,5.374924887,5.751943255,5.544519318,6.179737877,0.069442078,0.629840966
0.223768849,0.128657384,2.407247328,0.272843836,0.625423973,5.099041706,4.201392266,4.929550438,5.848553336,5.853080367,6.426107112,0.069311365,0.536925141
0.220255137,0.10087577,2.337805629,0.285337471,0.69146339,5.089926411,4.229572036,5.038130588,5.600086291,6.115783875,6.468723908,0.068445228,0.562712353
0.228022414,0.162385975,2.424484804,0.246958885,0.71893097,5.112321728,4.688692013,4.837788756,5.056849019,5.515926961,6.056073824,0.066729166,0.438166449
0.323960877,0.093733521,2.283268231,0.155953562,0.686248424,5.396621574,4.112822458,4.338979337,5.677350339,5.811735719,6.236465991,0.064197034,0.426664152
0.293571289,0.175698568,2.144240532,0.166508256,0.769743881,5.173959605,4.814502501,4.359634709,4.742809045,5.085299158,5.555910639,0.061204966,0.022386456
0.394209635,0.113178548,2.190950351,0.063371988,0.715038823,6.03853997,4.373905432,3.682044607,5.405648655,5.793792748,6.03667959,0.05743527,0.009868973
0.263600749,0.161052246,2.309235178,0.195740908,0.581818802,5.522161061,4.815874672,4.296231577,5.327144903,5.718561101,5.796903432,0.053082719,0.017368482
0.287456055,0.187486098,2.228249099,0.141983091,0.681680031,5.193797469,4.643073534,4.802249776,5.041241797,5.365624669,5.748772432,0.048700213,0.021196837
0.220943668,0.252088045,2.280334484,0.152528932,0.654110535,5.039245077,4.561503774,4.930837236,4.936998854,5.398184946,5.684450699,0.044740185,0.010796058
0.23369517,0.219555359,2.309578752,0.158102336,0.652205514,4.950571314,4.621911708,5.049498607,5.134377655,5.590288222,5.537725355,0.04135935,0.009623554
0.235060059,0.224005208,2.132057744,0.149546392,0.75155299,5.157059425,5.011863685,5.297252643,4.586280495,5.182203644,5.811082781,0.038394954,0.010796058
0.241765747,0.250397542,2.28000121,0.060437983,0.825712771,5.817065224,4.992739916,4.206785545,4.85739851,5.447026446,5.687565848,0.035653949,0.015030602
0.235254232,0.243793294,2.361619149,0.147969296,0.70590626,5.418476582,4.83130033,4.187289822,4.981737041,5.476147687,5.926803756,0.034118343,0.025001398
0,0,0,0,0,0,0,0,0,0,0,0.031544719,0.002678721
0,0,0,0,0,0,0,0,0,0,0,0.03237066,0.002678721
0.350661169,0.108180339,2.313373008,0.092297621,0.647708742,5.684473157,4.435030474,4.284236285,5.814699756,5.840470671,5.864882343,0.0340508,0.019238088
0.326319716,0.135212764,2.322651607,0.10169294,0.515545165,5.676210211,4.398335593,4.096757546,5.912866324,6.009959969,6.341674665,0.036890376,0.376069382
0.31045911,0.139960687,2.332200023,0.123284478,0.644732297,5.607122783,4.526588903,4.253430678,5.61102272,5.788396799,6.26758878,0.040155243,0.578055591
0.205079153,0.170830849,2.390328691,0.215588854,0.649565559,4.918872316,4.329031377,4.863689978,5.83973318,5.568314907,6.170611814,0.043188758,0.529748664
0.246051025,0.14757799,2.370515033,0.200701221,0.467513133,5.549937392,4.136432076,4.633230363,6.102420419,5.788364381,6.491088082,0.046534006,0.663375492
0.218127209,0.151276972,2.397514939,0.211237446,0.582376322,5.230849236,4.158561047,4.885087486,5.899666999,5.925472728,6.172700039,0.049317334,0.597940129
0.256778196,0.138159257,2.415987866,0.225951025,0.608971216,4.819491493,4.16406787,4.871860462,5.743343436,5.767095219,6.239185248,0.051413987,0.534696425
0.244693016,0.091251537,2.438219462,0.301039504,0.656499191,5.08660839,4.138456676,4.792976886,6.264522963,5.952426973,6.639618741,0.052215051,0.543520198
0.253907363,0.088985917,2.518540803,0.272462051,0.641554031,5.269924104,3.894125129,4.613347046,6.276768873,6.180887705,6.391067662,0.052042842,0.619665328
0.245899189,0.175981884,2.371702457,0.197976615,0.64226633,5.234883127,4.689259295,4.747300343,5.504557197,5.836202842,6.321861295,0.051585563,0.502475332
0.170931222,0.262043341,2.390577283,0.181929309,0.612355287,4.62268969,4.40782071,5.200901125,4.998813161,5.558164997,6.169224816,0.050572217,0.436901951
0,0,0,0,0,0,0,0,0,0,0,0.049052842,0.362877458
0,0,0,0,0,0,0,0,0,0,0,0.046696771,0.325108875
0,0,0,0,0,0,0,0,0,0,0,0.04397139,0.002678721
0.220556234,0.262238363,2.260535718,0.203562698,0.576352888,4.871548519,4.800284535,5.015745685,5.400963098,5.193594903,5.382199645,0.003885742,0.004464535
0,0,0,0,0,0,0,0,0,0,0,0.004177479,0.017425941
0,0,0,0,0,0,0,0,0,0,0,0.00450121,0.014439716
0,0,0,0,0,0,0,0,0,0,0,0.004747937,0.011609906
0.56359904,0.058225912,1.533876117,0.01735884,0.907399766,5.975607187,5.167158336,4.63724722,4.130882278,5.011257634,5.421567828,0.004926025,0.015166046
0.556432834,0.090476888,1.568279313,0.026071195,0.786562365,5.909028173,4.939045826,4.247857412,3.903813283,5.112229864,5.301530361,0.005011047,0.015764342
0,0,0,0,0,0,0,0,0,0,0,0.00546168,0.011513652
0,0,0,0,0,0,0,0,0,0,0,0.005465718,0.010308144
0,0,0,0,0,0,0,0,0,0,0,0.004759067,0.004419347
0,0,0,0,0,0,0,0,0,0,0,0.004539895,0.003825471
0,0,0,0,0,0,0,0,0,0,0,0.004329182,0.003321396
0,0,0,0,0,0,0,0,0,0,0,0.004109129,0.002927081
0,0,0,0,0,0,0,0,0,0,0,0.003831796,0.002586374
0,0,0,0,0,0,0,0,0,0,0,0.003474945,0.003971065
0,0,0,0,0,0,0,0,0,0,0,0.003065817,0.004259443
0,0,0,0,0,0,0,0,0,0,0,0.002198281,0.000782318
0,0,0,0,0,0,0,0,0,0,0,0.001748331,0.000605577
0,0,0,0,0,0,0,0,0,0,0,0.01208202,0.003348401
0,0,0,0,0,0,0,0,0,0,0,0.01317245,0.003144586
0,0,0,0,0,0,0,0,0,0,0,0.016705586,0.004891578
0,0,0,0,0,0,0,0,0,0,0,0.0197339,0.002678721
0,0,0,0,0,0,0,0,0,0,0,0,0.007211942
0.219154007,0.182444842,2.548456416,0.252263832,0.545755253,5.050646126,4.46527246,4.885367519,5.489226553,5.393760277,5.918261793,0.037937716,0.007533903
0.157686265,0.227135129,2.365673917,0.199244385,0.733559636,5.11448915,4.305858875,5.082716327,5.270202039,5.541236241,6.123355115,0.043166049,0.265773363
0.147903035,0.245704617,2.296056845,0.208682205,0.757580065,4.664973356,4.32903867,5.133654165,4.921370467,5.667812524,6.369768659,0.048927795,0.307803655
0.203529007,0.246406431,2.370623554,0.157859492,0.741640489,4.670072327,4.750774927,5.031984144,4.609689064,5.274313384,5.941653404,0.054544315,0.332624838
0.208202921,0.232389425,2.32204391,0.187986943,0.682222695,4.28531152,4.887974903,5.340152945,4.85592635,5.354606938,5.375268318,0.05962747,0.409428433
0.299020696,0.101012284,2.353648524,0.162146748,0.668470721,5.298646202,3.856355176,4.767204351,6.204688976,6.102731407,6.163424423,0.063646689,0.599166095
0.210124315,0.140222028,2.420789141,0.26896916,0.567154878,4.986786546,3.976552684,5.179455632,6.025074659,5.636618542,6.007236479,0.066543542,0.695899617
0.121936487,0.123615542,2.344331313,0.356592753,0.589404754,4.75302462,3.978846333,5.367472536,5.900162919,5.769632492,6.350943188,0.068465739,0.701353597
0.320171268,0.083207787,2.255579099,0.198199145,0.607919054,5.204807271,4.059060354,4.864220243,6.1131474,5.861546018,6.256823117,0.069215253,0.622596924
0.285621075,0.134398552,2.325000153,0.211625164,0.579379108,5.33362512,4.249356112,4.467598691,5.951878877,5.856816274,6.214518968,0.06908007,0.534125717
0.292221471,0.086523062,2.404035131,0.230826233,0.675640256,5.018828663,4.324251951,4.866951041,5.752756715,6.094387224,6.415077995,0.068393432,0.520065316
0.246367188,0.103882255,2.41988923,0.288113011,0.684413179,5.06578653,4.391674454,5.138877681,5.654787559,5.874702913,6.476604625,0.067204013,0.494563808
0.409920502,0.036529185,2.126420094,0.142233915,0.773082099,5.612332014,4.082346966,4.472951183,5.943724977,5.925441353,6.224763718,0.065326914,0.487519775
0.35184539,0.085643655,2.215660844,0.15088249,0.747878672,5.431707158,4.228243587,4.578571354,5.828700596,5.801354913,6.158315585,0.06270995,0.434131707
0,0,0,0,0,0,0,0,0,0,0,0.059311725,0.333035591
0.401603074,0.100138114,2.104124154,0.091876496,0.740040745,5.874298704,4.557018289,4.187367341,5.33333402,5.572143789,6.172813186,0.055362064,0.357807272
0.409862859,0.077339952,2.183395044,0.150370127,0.643069508,5.539914208,4.648458061,4.402836189,5.585140195,5.642749632,6.190730872,0.051257875,0.346090006
0.424972222,0.099338542,2.060689537,0.112578563,0.584186423,5.692336496,4.855327384,4.395810052,5.502613954,5.522068715,5.787103649,0.047323529,0.287532831
0.336155171,0.159507778,2.239161197,0.097272544,0.71903724,5.671675789,4.560768404,4.474982422,5.358631049,5.579118459,5.92263707,0.043947008,0.256494128
0.286091121,0.214412059,2.216937189,0.0756087,0.731928945,5.15829178,4.732819658,4.391771422,4.869931762,5.213622162,5.640628269,0.041153423,0.228098064
0.285319417,0.190684408,2.202537884,0.13989677,0.766071729,5.350419352,4.713527496,4.61879761,5.106380008,5.284008553,5.9326832,0.038317297,0.266344243
0.254081624,0.21016588,2.311829686,0.133914902,0.645340734,5.114045332,4.374186367,4.597703904,5.56382747,5.462207467,5.972973287,0.036218476,0.017452274
0.241022298,0.211722168,2.289161222,0.136607624,0.699132057,5.301319999,4.53612597,4.607054484,5.354418773,5.290579134,6.150312692,0.034485593,0.019376083
0.160654785,0.278989746,2.31156207,0.145515434,0.80024614,4.578694862,5.264402723,4.898967117,4.279050794,5.617173076,5.638628882,0.033417307,0.010523547
0.299817437,0.193535427,2.088378784,0.075045776,0.628411262,5.536987732,4.799049427,4.461517823,4.591696839,5.608894343,5.692142809,0.032876559,0.013840059
0.258149414,0.213618707,2.168125407,0.065177762,0.660779741,4.917138676,4.805667281,4.617378076,5.054292818,5.304996213,5.798967103,0.033232294,0.011964955
0.237535084,0.142611581,2.29709371,0.166341941,0.579149254,4.917033394,4.442276643,4.836489558,5.2638842,5.394616902,6.194414231,0.03511839,0.265540501
0.315889924,0.121961513,2.379531548,0.111766852,0.551063368,5.480133997,4.208205067,4.347571258,5.605409902,5.978137878,6.12308836,0.037926238,0.549754442
0.144252604,0.185763998,2.316355217,0.363517657,0.676708068,4.400754464,4.827805781,5.278791177,4.716629386,5.346018922,5.626332617,0.041324537,0.591767793
0.183946785,0.228978485,2.371784756,0.194723817,0.697694245,4.899591733,4.723802257,4.866122666,5.428326357,5.61509832,6.051320417,0.045010474,0.483148446
0.32980315,0.082661766,2.354757312,0.162522268,0.752050526,5.679964748,4.345620877,4.434003807,5.714848793,5.888868908,6.260065496,0.04848798,0.480755069
0.302908786,0.06929876,2.401101218,0.204133435,0.662878935,5.408818242,3.961018682,4.545709299,6.052846055,6.100244306,6.298032792,0.052069191,0.59237629
0.272549045,0.152742405,2.353404596,0.178752189,0.669667649,5.616993666,4.063784416,4.577649804,5.81779724,5.808827249,6.509263221,0.055292234,0.58814926
0.265988206,0.119733949,2.374709781,0.219700198,0.724285291,5.177571971,4.013396602,4.944262757,5.513516275,5.788082288,6.401847601,0.05755493,0.562872042
0.258103434,0.135779623,2.296403617,0.162767256,0.685445629,4.721082151,4.170611725,4.537126497,5.633258075,6.26507622,5.823226512,0.058834791,0.614139549
0.198629705,0.163774562,2.462733333,0.234458163,0.664012988,4.96449775,4.236307388,4.959948935,5.66811386,5.924047112,6.369840362,0.058865197,0.643969366
0.068334419,0.191250542,2.367820466,0.358491912,0.639790529,5.085982316,4.316452397,5.220090038,5.474343565,5.835735533,6.634380354,0.058525451,0.601824966
0.278605291,0.076413944,2.299294072,0.257680716,0.546602387,4.542599009,5.021956384,5.421702347,4.696479602,5.188737002,5.873152652,0.057643946,0.542758076
0.266766602,0.089297689,2.300361135,0.234990507,0.669032469,4.813779592,4.376007879,5.188484865,4.926031083,5.523005855,5.864419425,0.055960752,0.486146302
0,0,0,0,0,0,0,0,0,0,0,0.054056074,0.00375021
0,0,0,0,0,0,0,0,0,0,0,0,0.002678721
0,0,0,0,0,0,0,0,0,0,0,0.033287965,0.009375524
0,0,0,0,0,0,0,0,0,0,0,0.031847015,0.007321838
0.32324056,0.272817383,2.114680828,0.034200888,0.833633391,5.288557589,4.97682482,4.787470222,4.159624577,4.808473587,4.805263996,0.00432334,0.004018082
0.276904297,0.302642416,2.127156465,0.062424101,0.724759491,5.203294188,5.397572816,5.129822582,4.092902184,5.167051077,5.684088945,0.004543993,0.018372287
0.366389974,0.196577148,2.054125327,0.129788937,0.606572691,4.884119153,5.555574417,4.793334544,4.422483861,5.054635525,4.945492268,0.005126742,0.019073918
0.524126519,0.110190972,1.665608929,0.027730093,0.82111769,5.882779877,5.219905158,4.555670073,4.07381631,5.150343359,5.249713441,0.005323195,0.017951701
0,0,0,0,0,0,0,0,0,0,0,0.005453479,0.020713169
0,0,0,0,0,0,0,0,0,0,0,0.005530595,0.02179116
0,0,0,0,0,0,0,0,0,0,0,0.005637071,0.018539378
0,0,0,0,0,0,0,0,0,0,0,0.005776118,0.017371939
0,0,0,0,0,0,0,0,0,0,0,0.005899628,0.014948894
0,0,0,0,0,0,0,0,0,0,0,0.006002981,0.013338015
0,0,0,0,0,0,0,0,0,0,0,0.006032981,0.012386654
0,0,0,0,0,0,0,0,0,0,0,0.003193462,0.005740501
0,0,0,0,0,0,0,0,0,0,0,0.002747932,0.003554184
0,0,0,0,0,0,0,0,0,0,0,0.002299445,0
0,0,0,0,0,0,0,0,0,0,0,0.001867512,0.005357442
0,0,0,0,0,0,0,0,0,0,0,0,0
0,0,0,0,0,0,0,0,0,0,0,0.013395363,0.003296888
0,0,0,0,0,0,0,0,0,0,0,0.015506244,0.169290216
0,0,0,0,0,0,0,0,0,0,0,0.01918759,0.005473908
0,0,0,0,0,0,0,0,0,0,0,0,0.002678721
0,0,0,0,0,0,0,0,0,0,0,0.041413125,0.003812026
0.159444987,0.23837816,2.390672233,0.194212127,0.728346414,4.717145232,4.315323845,5.441076666,5.118088772,5.860540015,6.06073762,0.044815645,0.286514996
0.110940967,0.137764733,2.321445154,0.363980077,0.715754366,4.688113529,4.199987601,5.547099891,5.333662152,6.138357629,6.495501114,0.049851879,0.367281972
0.101377035,0.109152588,2.177966057,0.412375263,0.669061382,4.285466346,4.533548796,5.703007138,4.983100437,5.439912799,5.737701291,0.054843731,0.414909424
0.186701882,0.23562611,2.33968973,0.177833921,0.684605106,4.532194969,4.489761179,5.515514298,5.155181394,5.5023367,5.758886335,0.059273627,0.416631453
0.229325164,0.139394144,2.400300923,0.24724878,0.716334355,4.863314172,3.939697833,4.86883044,5.668157745,5.77588087,6.242815276,0.062821418,0.62039384
0.198661074,0.1214644,2.494965567,0.305656541,0.616075653,4.814122652,3.937177195,5.056585911,6.0004148,5.711567229,6.23231651,0.065616801,0.659418868
0.18775047,0.170868327,2.47336294,0.260466045,0.625031934,4.673361904,4.291653719,5.225405143,5.807234532,5.965831359,6.2800308,0.067379721,0.614720431
0.364422356,0.105124163,2.23915285,0.14442051,0.68217463,5.150272525,4.613816389,4.655585726,5.506040516,5.535441941,6.215921294,0.068016067,0.557004416
0.320210503,0.06632487,2.11379741,0.322203787,0.64000173,4.925998867,5.505828659,4.781385402,4.439219355,4.906996469,5.870414138,0.067834973,0.419646235
0.323943034,0.181193685,2.285893024,0.099949324,0.531393245,5.357617927,4.448818082,4.325380892,5.392098248,5.823149502,6.193244505,0.067246668,0.447053618
0.219418419,0.141404287,2.382224397,0.282649768,0.719021823,5.012071506,4.601436664,5.108629146,5.419599412,5.910483167,6.347770091,0.066461243,0.508319675
0.252936099,0.097035985,2.288408498,0.265013701,0.676333642,5.059353597,4.214484412,5.061716706,5.521475857,6.052896724,6.301142839,0.065023541,0.49368184
0.136142737,0.145963383,2.217970087,0.333883369,0.724524505,4.446068342,4.525409409,5.593892675,4.997263595,5.669539763,5.829386551,0.062781982,0.491302269
0.313359782,0.207440186,2.268563765,0.114671258,0.776579763,4.976779997,5.094040185,4.224658094,4.499324471,4.699274041,5.286913499,0.059849851,0.346151166
0.338145731,0.124287623,2.146988891,0.117534483,0.73934141,5.511425994,4.525431034,4.397815971,5.342544186,5.166246038,6.1029478,0.056406651,0.3960636
0.369594218,0.06914032,2.218478527,0.150624829,0.613012808,5.516998373,4.505291443,4.63711752,5.917837202,5.7585118,6.202837549,0.052519191,0.469772657
0.347360026,0.149658203,2.186884426,0.092531458,0.557847213,5.535156727,4.635789001,4.437280643,5.417709327,5.16915791,5.878705954,0.048749782,0.285716241
0,0,0,0,0,0,0,0,0,0,0,0.04569165,0.259429212
0.502610858,0.095327329,1.862466669,0.067123578,0.618829359,5.961207032,4.67486006,4.0451101,5.513649722,5.208444728,6.05172095,0.043022066,0.259313655
0.444483398,0.10367334,1.94180926,0.089077411,0.658742567,5.833209109,4.758573234,4.096241766,5.598658496,5.6748474,5.93183583,0.040323921,0.248301228
0.420166321,0.075752055,2.084096226,0.071651483,0.731603978,5.893911131,4.58188121,4.221026279,5.411355968,5.620990787,5.863921858,0.037932847,0.273338468
0.26324018,0.191076552,2.264089806,0.108208348,0.753153675,5.636390505,4.290209359,4.403148447,5.364184495,5.690271747,6.140132542,0.036086638,0.278505987
0.319308268,0.177026367,2.231611497,0.066826469,0.74480197,5.907708299,4.292727011,4.201343749,5.390210533,5.754693623,6.14258554,0.034875028,0.234153669
0.276919565,0.195176091,2.239540772,0.093019382,0.74438407,5.4611412,4.555503794,4.375905596,5.512205081,5.739119728,6.027436461,0.034640897,0.281898078
0.211244141,0.259603678,2.265504254,0.094693239,0.834428578,5.426814866,4.258714682,4.527490979,5.601179445,5.608016348,5.861262083,0.03565586,0.319206943
0.250073707,0.098301363,2.358924373,0.239375003,0.684618223,5.435908032,5.009511846,4.53302174,5.491323113,5.580041566,5.986251525,0.037796963,0.340589209
0.309641831,0.035180137,2.374883177,0.241899462,0.693331055,5.253338162,4.113302355,4.766800447,6.050572841,6.084013685,6.435758598,0.040795334,0.543347333
0.127596209,0.114938573,2.407672795,0.36726832,0.688670273,4.582914495,4.767955851,5.342487898,5.212033855,5.619576169,6.066378333,0.044449415,0.454819665
0,0,0,0,0,0,0,0,0,0,0,0.048452098,0.405960438
0,0,0,0,0,0,0,0,0,0,0,0.052469105,0.320865096
0.314731807,0.030257704,2.476929336,0.207252998,0.699189084,5.206679563,4.058794078,4.891447842,5.591533012,5.820724838,5.76770244,0.056396931,0.45304757
0.296085258,0.118501401,2.265515243,0.179455355,0.678726384,5.436058029,4.196164629,4.703744795,5.556300039,5.750974049,6.230408013,0.059712403,0.496840496
0.227018636,0.095244293,2.3306031,0.261102377,0.754132974,5.074443368,4.062469261,5.040562359,5.917346677,6.073988909,6.411628868,0.062318392,0.599237676
0.190913667,0.154697266,2.422369469,0.218277792,0.748167507,5.123538217,4.128811819,4.735143095,5.686150087,6.193704035,6.423392364,0.06389109,0.589093262
0.259989421,0.084800741,2.300392608,0.241760311,0.679754636,5.115137726,4.101880495,4.926253997,5.951470825,5.990901512,6.277284947,0.064242676,0.613840568
0.188405335,0.110319475,2.350531373,0.257905783,0.659927123,4.99996424,4.007603736,5.116045211,5.909576941,6.11422465,6.339731477,0.064054735,0.663793611
0.217449312,0.151126999,2.335668036,0.210570639,0.709440026,5.46745027,4.638804317,4.442837128,5.196754285,6.182187285,6.236703813,0.063119978,0.459305034
0.2531225,0.122262312,2.392017745,0.216882276,0.659947671,5.086548848,4.08682223,4.911251189,5.741789975,5.812577282,6.231054249,0.061648164,0.61161847
0.151243606,0.147552781,2.49551235,0.344537802,0.551654695,4.794997496,4.207329414,5.393788499,6.027267009,5.562747964,6.334170043,0.059678689,0.121746765
0.310293945,0.130318685,2.431069658,0.201482033,0.545263411,4.959470761,4.694355917,4.914049506,5.563123023,5.344174456,6.135979772,0.058049664,0.008468215
0,0,0,0,0,0,0,0,0,0,0,0.056590229,0.003571628
0,0,0,0,0,0,0,0,0,0,0,0,0.002678721
0,0,0,0,0,0,0,0,0,0,0,0.046741638,0.006575043
0,0,0,0,0,0,0,0,0,0,0,0.042742051,0.008705844
0.130971861,0.127155491,2.282565049,0.386490602,0.710603399,4.076557848,4.351958566,5.676790992,5.336582031,5.646715634,6.218215095,0.037642583,0.075640583
0.152986654,0.181319125,2.378533975,0.316009622,0.671102806,4.570227167,4.732805715,5.267128527,5.154712558,5.436040096,6.243365589,0.03430384,0.054913784
0.171887207,0.076665853,2.490420742,0.333451849,0.670393954,4.32522738,3.944348514,5.438716531,5.910275579,5.370568872,5.675462604,0.033259876,0.009927026
0,0,0,0,0,0,0,0,0,0,0,0.00457636,0.004018082
0.033368598,0.422829861,2.241330867,0.344773143,0.454105468,4.951887508,3.908342322,4.714121004,5.50134186,5.560067773,5.727149566,0.004825758,0.035313338
0.58569987,0.032722982,1.543451575,0.009460872,0.978967397,5.588259816,5.719157815,4.525316775,4.394414365,5.656075597,5.167691112,0.005176026,0.025320897
0.428218316,0.158877224,1.998745259,0.068775516,0.782805643,5.198353926,5.218770524,4.850201269,4.206432343,5.123580545,5.706408709,0.005455379,0.020845273
0.445962321,0.109898885,1.894559027,0.05376617,0.93257147,5.948576272,4.9623245,4.143032469,3.621017996,5.002219483,4.965016216,0.005682987,0.01927665
0.378639648,0.179248698,2.012108435,0.087216014,0.905731417,5.758151078,5.019620395,4.615955973,4.101754952,5.014344334,5.325770998,0.005853981,0.030981918
0,0,0,0,0,0,0,0,0,0,0,0.0059754,0.03207153
0,0,0,0,0,0,0,0,0,0,0,0.0061344,0.023559112
0,0,0,0,0,0,0,0,0,0,0,0.006296067,0.02093061
0,0,0,0,0,0,0,0,0,0,0,0.006446332,0.018814232
0,0,0,0,0,0,0,0,0,0,0,0.006543471,0.026554067
0,0,0,0,0,0,0,0,0,0,0,0.003289124,0.004157027
0,0,0,0,0,0,0,0,0,0,0,0.002795322,0.004277487
0,0,0,0,0,0,0,0,0,0,0,0.002472652,0
0,0,0,0,0,0,0,0,0,0,0,0.01501363,0.002976357
0.000627442,0.333264974,2.00690168,0.332126594,0.875142121,3.606901974,6.008158207,6.77125585,3.527970925,3.988468051,3.670480162,0.018036999,0.167863231
0,0,0,0,0,0,0,0,0,0,0,0.021335583,0.005208625
0,0,0,0,0,0,0,0,0,0,0,0.043519434,0.003652802
0.123422186,0.296413722,2.304175386,0.144561563,0.661599329,4.333722822,4.385976751,5.75671461,5.134774997,5.743624939,6.13101157,0.046326946,0.306137161
0.184335395,0.204741482,2.426911976,0.190187409,0.718960643,4.756874333,4.27037849,5.227473958,5.316080484,5.778802607,6.029181947,0.050657429,0.371674424
0.138667849,0.160320895,2.309671015,0.326788181,0.684634859,4.611518141,4.359808737,5.478785725,5.221720746,5.637451031,5.744204593,0.054906119,0.427254102
0.20799421,0.237137277,2.284963898,0.139626893,0.622917498,4.604231847,4.613956452,5.122815571,4.725599327,5.300316559,5.443513376,0.058532611,0.439831307
0.261067476,0.165112886,2.344516586,0.161692909,0.631491227,5.135435058,4.332475765,4.697950714,5.406688639,6.080063071,5.936732931,0.061630026,0.59495121
0.276770833,0.061738498,2.430190124,0.260432758,0.599724829,4.867695369,3.899667988,4.669145079,6.121422227,5.545644387,6.134445318,0.064002857,0.629600606
0.190662164,0.15890191,2.399468946,0.277149192,0.670166134,4.879191196,4.289874991,5.0086261,5.627998653,5.675088359,6.290148374,0.065504558,0.587510279
0.437687175,0.027410482,2.26746122,0.145738135,0.690534332,6.010872394,4.854558751,4.091022834,6.05612509,5.492044866,6.290415019,0.065997735,0.447968312
0.36099359,0.149539138,2.196164041,0.08479145,0.672559352,5.542123189,4.728862272,4.26952451,5.109328692,5.624154669,5.855323989,0.065818459,0.415225674
0.326730957,0.088537598,2.440275991,0.183744264,0.680637602,4.906539619,5.074790895,5.085102022,5.843198091,6.170378208,6.324889601,0.065151118,0.428936158
0.165955529,0.160876027,2.36950576,0.305733739,0.694355708,4.500672724,4.716523014,5.303525022,5.479776848,5.846461012,6.226444586,0.064463042,0.522018256
0.347938581,0.097591378,2.246964421,0.146794954,0.746435928,5.136612053,4.35693118,4.679063282,5.343552853,5.527131349,6.135753206,0.063332722,0.495135791
0.309812342,0.087074975,2.349511274,0.2293277,0.687529381,5.04024166,4.413844909,5.09181312,5.438089434,5.873102137,6.251508349,0.061427016,0.51547981
0.174440104,0.231507161,2.334117117,0.202912589,0.75464323,4.57409151,4.683234518,5.591291357,5.331876207,5.408165769,6.067648395,0.058979157,0.383467806
0.295583089,0.154240858,2.251984785,0.125340017,0.625977457,5.278791984,4.491267651,4.639381752,5.338081638,5.456595739,5.934340586,0.055784889,0.377936803
0.39056543,0.094855632,2.196154138,0.083622473,0.651799379,5.931672573,4.090595585,4.069483697,5.763609338,5.563508475,6.320169842,0.05225943,0.409088966
0.245698061,0.204176975,2.418122307,0.137831763,0.6220375,5.213577191,4.425883399,4.484396441,5.699254387,5.42478372,6.236089283,0.048801158,0.374978468
0.465854714,0.046928191,2.068036823,0.107574358,0.630405915,5.87237897,4.776353873,4.107433663,5.949393419,5.546480035,6.051748129,0.045922562,0.341905017
0.474859924,0.080001831,1.959099901,0.068167281,0.700295729,5.914396882,4.798840798,4.027009465,5.583755065,5.469218228,6.018162936,0.043382045,0.355060118
0.50883979,0.051597222,1.88515639,0.083055538,0.69963308,6.11168418,4.685881161,4.127648287,5.517914421,5.672723121,6.018330905,0.040975738,0.313611549
0.494369792,0.013291338,2.030644599,0.105154827,0.673514312,6.284700465,4.470949089,4.164681947,5.933784247,6.14215467,6.093695378,0.038905643,0.331746783
0.30812426,0.169163707,2.246403491,0.095031029,0.689193635,5.307633454,4.575930807,4.399009873,5.460740935,5.66602501,5.941160831,0.037102643,0.298027616
0,0,0,0,0,0,0,0,0,0,0,0.035924207,0.289387643
0.305736581,0.106779876,2.270570986,0.141139227,0.678973163,5.817127837,4.121836066,4.360828764,6.074209306,5.9647216,6.264652146,0.035707731,0.402057182
0.237767023,0.210743624,2.213169949,0.106811946,0.713598152,5.751290905,4.37622882,4.345621765,5.25328545,5.999033311,6.518843574,0.036826946,0.364998561
0.237518101,0.090503818,2.344525844,0.233084928,0.672303013,5.210981551,4.181105913,4.788066938,5.772163149,5.90994769,6.516548702,0.039103605,0.418322637
0.233974438,0.089935196,2.402196177,0.272880605,0.74072687,5.237960949,4.112458482,4.984046967,5.915015628,6.145064282,6.792573276,0.042300597,0.510945647
0.082124295,0.148492296,2.285274086,0.406423242,0.606209716,4.701029735,4.390981381,5.454353207,5.302168498,5.652722811,6.306492415,0.046053909,0.456577847
0.276509635,0.150410547,2.214037929,0.140777131,0.731115555,5.683342203,4.457460148,4.521621077,5.35526906,5.716288271,6.297570405,0.050441701,0.362697504
0.29310884,0.205698707,2.225418001,0.057274209,0.727896729,5.758283104,4.326896195,4.212378928,5.334859921,5.738876888,6.113298569,0.054914579,0.337696009
0,0,0,0,0,0,0,0,0,0,0,0.058820512,0.369085582
0.270451762,0.138546651,2.286970049,0.213502416,0.68143209,5.161823094,4.436858278,4.570439838,5.561625011,5.942263752,6.389168322,0.06244003,0.492904131
0.223739671,0.057467511,2.373242041,0.286502744,0.718341796,5.108918493,3.97061375,5.043415899,6.285424732,6.372402838,6.69736295,0.065176256,0.676268586
0.252278171,0.10298272,2.389021561,0.209937242,0.734239457,5.206827688,4.128949923,4.784077942,5.93031243,6.13100184,6.407518608,0.066937909,0.6352675
0.203765598,0.041886461,2.334941875,0.305995781,0.578697977,5.257112406,4.09741045,5.159474584,6.018526812,6.264257709,6.6090719,0.067660756,0.643368068
0.051498791,0.065902158,2.106432263,0.442379934,0.487631798,4.740068564,3.798147316,5.898652554,6.064147455,6.031317702,6.744526259,0.067562051,0.790140959
0.186403718,0.313795211,2.37354355,0.24642696,0.641153929,4.786218848,4.459503449,4.577604334,4.949128264,5.545502504,6.228456272,0.066824153,0.525429669
0.1960854,0.096978388,2.388876673,0.307062191,0.575176858,4.794567492,4.224694446,5.136405577,6.084847054,5.57537606,6.09364754,0.065414324,0.68923926
0.162896376,0.087726237,2.441961411,0.394330569,0.553475384,4.731920691,4.066959047,5.494132698,5.921402581,5.438689598,6.18587238,0.06339889,0.692938303
0.295751207,0.08772332,2.364919193,0.228141046,0.585316888,5.15491695,4.046685291,4.833300248,5.752336802,5.642792277,6.145725206,0.060523231,0.726449471
0.217206365,0.132012311,2.43567592,0.269454304,0.590722191,4.757821484,4.427915614,5.230649921,5.607229948,5.438850381,6.120168922,0.057277445,0.090510907
0.21907996,0.088299154,2.312030062,0.319502129,0.642567614,4.920093899,4.21966478,5.113000837,5.672882557,5.594443386,6.313971714,0.053500965,0.071723729
0.179950629,0.127712267,2.413997406,0.328621928,0.623662975,4.691089193,4.38818797,5.420629218,5.848255783,5.764229124,6.153774649,0.049351294,0.625768637
0.168052141,0.13429362,2.332306101,0.326513428,0.745231942,4.764891523,4.401904997,5.298581621,5.36064027,5.71114774,6.374468404,0.04534078,0.585368632
0.164596829,0.102294515,2.352330236,0.356060488,0.703340762,4.607469926,4.539387417,5.32516594,5.836294465,5.66103972,6.04429546,0.041535381,0.595339926
0.130001373,0.07877889,2.382836828,0.407374208,0.646837001,4.435026577,4.378828563,5.58449712,5.886533277,5.427905234,6.161339287,0.037858739,0.658678114
0.132531771,0.078962825,2.300309675,0.402534403,0.73974993,4.407055631,4.421257887,5.685997219,5.431241415,5.331209514,5.982869165,0.034570798,0.135762827
0.066911547,0.033808298,1.940296934,0.530059979,0.636783532,3.483296159,4.529374892,6.391422868,4.605017787,4.366203308,5.001057159,0.032108024,0.018046122
0,0,0,0,0,0,0,0,0,0,0,0.029679792,0.00375021
0,0,0,0,0,0,0,0,0,0,0,0,0.002678721
0,0,0,0,0,0,0,0,0,0,0,0,0.002678721
0,0,0,0,0,0,0,0,0,0,0,0.004337271,0.008801512
0.108892532,0.224070522,2.273497798,0.299693756,0.759706319,4.946964136,4.208854663,4.950633194,5.373734312,5.341090151,5.619759841,0.004674242,0.007286122
0.214867839,0.147539063,2.385233588,0.233004869,0.85588941,5.21996212,4.314431161,4.716780168,5.396281451,5.376837415,6.033339995,0.005010485,0.058032969
0.38070731,0.152482794,2.072082715,0.066330564,0.918736137,5.822639176,5.199108269,4.369658155,4.617062892,5.072929561,5.678771657,0.00538272,0.03200107
0.315479601,0.165262045,2.151792981,0.138986583,0.95402762,5.394672016,5.108600855,5.035976191,4.514821967,5.211356759,5.98538061,0.006155383,0.031492913
0.227390137,0.262373861,2.257241542,0.155976741,0.940863815,4.965537012,4.586074442,4.769470901,4.457474053,4.390079201,5.414057672,0.006327778,0.033373349
0,0,0,0,0,0,0,0,0,0,0,0.006509203,0.026564954
0,0,0,0,0,0,0,0,0,0,0,0.00670347,0.020366302
0.554074707,0.189622396,1.508792055,0.055063957,0.450303996,6.058876932,4.693977058,4.834255189,3.895290494,5.098711789,5.249381661,0.003333638,0.004629051
0.587899228,0.143786737,1.479636621,0.064801986,0.661693451,6.233023916,4.467651163,4.16701158,3.777851863,5.03907775,4.875404,0.00282703,0.007266724
0,0,0,0,0,0,0,0,0,0,0,0.002377964,0.002678721
0,0,0,0,0,0,0,0,0,0,0,0,0
0,0,0,0,0,0,0,0,0,0,0,0,0
0,0,0,0,0,0,0,0,0,0,0,0.016638225,0.00344407
0.033802248,0.348478841,2.117585514,0.250846263,0.81017606,3.833805054,5.69375031,6.32490294,3.716933411,4.221623612,4.505271524,0.020427912,0.176840781
0,0,0,0,0,0,0,0,0,0,0,0.023019284,0.00500028
0,0,0,0,0,0,0,0,0,0,0,0.031095104,0.002678721
0,0,0,0,0,0,0,0,0,0,0,0.033716857,0.007768291
0,0,0,0,0,0,0,0,0,0,0,0.040220194,0.005357442
0.127186415,0.272973633,2.449517178,0.237140282,0.711170307,4.1093478,4.566398601,5.218303442,5.267726064,5.618368983,6.193781654,0.043563705,0.008482617
0.132154251,0.328068266,2.314327947,0.145380306,0.746181285,5.276885369,4.495617228,4.758684069,5.527393758,5.787372023,6.194156255,0.047318213,0.343180409
0.139582673,0.330311356,2.22581847,0.13038236,0.748213136,4.801036646,4.673298361,5.12306935,4.992389684,5.641963424,5.97773969,0.051022697,0.3710728
0.185870643,0.204853516,2.156609973,0.287279119,0.712270173,4.722755437,5.093370603,5.306339924,4.944366093,5.218388681,5.674949187,0.054366648,0.393975458
0.233586956,0.285077559,2.162010669,0.096106639,0.716806556,4.866215613,4.952623987,5.14307075,4.671207183,5.393906928,5.661542159,0.057397347,0.420538294
0.245349392,0.19545157,2.263914951,0.1778215,0.734267075,5.2156958,4.676818404,4.39522234,5.237739656,5.642631581,6.277701762,0.059906267,0.542544991
0.298350384,0.140598726,2.313267972,0.165663348,0.614240872,5.2054639,4.157409522,4.679307072,6.037826964,5.757613472,6.338040959,0.061590463,0.577923
0.306160889,0.139463908,2.304057314,0.151716885,0.626391455,5.207984395,4.40006366,4.600532506,5.741412111,5.731188983,6.152698286,0.062827945,0.588979866
0.36170166,0.082933621,2.220078163,0.142443131,0.73858892,5.688824862,4.007562831,4.451017767,5.901547208,5.822567855,6.224576821,0.063238576,0.548282655
0.374632287,0.088550431,2.16944751,0.122876054,0.651577702,5.712601061,4.180569408,4.241857924,5.73169531,5.855950243,6.191100907,0.062847935,0.502959216
0.397126549,0.08798598,2.132238683,0.105866501,0.709364093,5.900035831,4.519308092,4.077606148,5.801988466,5.65118288,6.085763421,0.062094335,0.495390258
0.291121947,0.094058497,2.158912212,0.231879396,0.607777632,5.291362614,4.56756367,4.775726399,5.62132302,5.648527558,6.014206772,0.061209608,0.525987329
0.338222656,0.081618955,2.220815611,0.175385142,0.696208575,5.474743284,4.263472047,4.624825832,5.787447941,5.697623784,6.26470418,0.060380317,0.484499407
0.218751116,0.042458054,2.272814502,0.309647972,0.582892696,5.316614664,4.068876808,5.065526418,6.325984979,6.425140289,6.688373942,0.058719274,0.549913034
0.107060547,0.158510045,2.278316829,0.358406791,0.635354768,4.552907788,4.555434027,5.545123317,4.972326679,5.350918351,5.838414037,0.056459632,0.411699445
0.277035681,0.196391149,2.267976161,0.093317536,0.63009547,5.214282261,4.629079517,4.71899322,5.334953646,5.448540837,6.213900182,0.053625796,0.373426083
0.328939453,0.170971897,2.262605755,0.070503677,0.626098624,5.407381407,4.574176713,4.665167395,5.592956273,5.488420574,5.996410227,0.050379764,0.491886992
0,0,0,0,0,0,0,0,0,0,0,0.047452271,0.40492446
0.475244141,0.032746745,2.087865026,0.101949404,0.78064183,6.46914835,4.234438646,3.541464412,5.91980722,5.588302791,6.566406822,0.044714555,0.317466705
0.557630208,0.006211635,1.841487155,0.05071768,0.647118015,6.780059797,4.30881089,3.781478814,6.050419842,5.8786101,6.177529795,0.042381808,0.269937639
0.415394965,0.088595595,2.133180756,0.078622787,0.669041633,5.948619858,4.570209948,4.030752337,5.987507018,5.794846654,6.346962166,0.040316172,0.275215944
0.385958096,0.093055952,2.176326363,0.091698011,0.660422704,6.076515033,4.550887245,3.966754557,5.63157972,5.752169245,6.320728673,0.038438778,0.308249189
0.351190709,0.108194367,2.258602437,0.099667153,0.637927391,6.092290878,4.366408439,3.924784947,5.660753565,5.741357145,6.248688005,0.036824442,0.297895251
0.340092774,0.070603706,2.181580003,0.16640651,0.752769285,6.053996811,4.485571549,4.1936391,5.490596786,5.676204622,5.98333328,0.035685323,0.22916099
0.432998047,0.033507487,2.083421207,0.0715006,0.659363199,6.25165391,4.319682419,3.689956605,5.23540163,5.797595382,5.207448602,0.035439171,0.244408182
0.253078497,0.144813988,2.342261907,0.201719174,0.755155271,5.342623114,4.539921556,4.574695817,5.903957035,5.769718136,6.4146259,0.03655557,0.392147644
0.231997942,0.128971936,2.487187857,0.223694376,0.625168013,5.244257674,4.202352019,4.748120655,6.10678153,5.935030805,6.452080241,0.039009899,0.40733184
0.244617055,0.142105408,2.399451459,0.229715503,0.666115291,5.374722159,4.264602139,4.465153553,5.64707768,5.984375313,6.605228348,0.042197287,0.374065681
0.158219549,0.266305487,2.238189317,0.178435895,0.699926484,5.127913422,4.604573212,4.631647668,4.900077221,5.399311632,5.962660229,0.046148896,0.352631464
0.314934353,0.185875651,2.242604801,0.054034726,0.738735247,5.608968675,4.228615284,4.095520536,5.340261161,5.70571502,6.018894076,0.050641637,0.368385243
0.318190375,0.130875787,2.316423711,0.108953506,0.671720831,5.151602,4.291673864,4.592021704,5.647320241,5.647588909,6.020087982,0.055068154,0.432447562
0.341924744,0.069301961,2.271469774,0.149422479,0.592575621,5.699774187,4.026547255,4.38333285,5.98942823,5.981396211,6.36551391,0.059267934,0.529563843
0.332252303,0.073373963,2.2625199,0.174694328,0.696443945,5.482396998,4.198815105,4.36739202,5.682035848,5.812926977,6.215660576,0.063129574,0.50661018
0.234427002,0.126683309,2.294903415,0.241231787,0.739560407,5.3153229,4.235625696,4.572266401,5.455105099,6.039116619,6.369282122,0.065986283,0.566659839
0.251062886,0.176482808,2.371045067,0.161058043,0.69845098,5.394017021,4.258521056,4.435907761,5.256284334,6.218763148,6.27123661,0.067794129,0.495417781
0.189799456,0.121179393,2.331928433,0.279836419,0.701536725,4.991991256,4.18938223,4.84689914,5.368946497,6.179979208,6.493370031,0.068738893,0.562798908
0.089924481,0.153752213,2.240040658,0.36245874,0.68397077,4.81902693,4.159640996,5.156787567,5.145872767,6.01296773,6.349128444,0.068887308,0.648999885
0.218216897,0.213451522,2.264991992,0.146522447,0.756625163,5.342028086,4.379947415,4.600577689,4.680276334,5.731314077,6.072113734,0.068276286,0.534002937
0.274226974,0.152056178,2.303657163,0.153882349,0.685524631,5.092289159,4.207604713,4.626318182,5.591322607,5.850500662,6.41799007,0.066955879,0.561915715
0.151982593,0.074048451,2.375829439,0.3802904,0.621912404,4.604390659,3.942652395,5.376278811,6.050309526,5.898431555,6.327603522,0.064998277,0.710170265
0.17996114,0.074916518,2.339484751,0.351773529,0.592047634,4.73912739,3.995369382,5.354531293,6.394769087,5.68898242,6.372083674,0.062373765,0.739785714
0.184344401,0.083831814,2.401091736,0.364466475,0.657226544,4.643388064,4.101051164,5.384051468,6.046214948,5.779753598,6.314897907,0.059230909,0.732132938
0.245983925,0.140831241,2.417012313,0.23517568,0.701697647,4.998486019,4.304187006,4.723579594,5.73552363,5.77231125,6.435999303,0.055426005,0.612646763
0.194778375,0.159250127,2.385790467,0.245772474,0.706242402,4.812621822,4.091836986,4.852458974,5.861629973,5.717966609,6.430244333,0.051442157,0.628441776
0.168385417,0.080670616,2.423553258,0.359825195,0.620447287,4.785224617,4.153674366,5.252384895,5.859325159,5.874267825,6.510297849,0.04768762,0.701124019
0.157800043,0.08527638,2.357576096,0.368574404,0.663503595,4.687806937,4.143341391,5.424164151,5.772598411,5.8654416,6.45034995,0.044050202,0.662308272
0.150297683,0.056654544,2.407898387,0.379257586,0.608733875,4.760747684,3.78142805,5.565526004,6.239671997,6.080388172,6.499422024,0.040461868,0.760739108
0.118125685,0.091890591,2.323970976,0.381538265,0.598652962,4.586062811,4.007352587,5.613268645,5.966422997,5.887765834,6.547143001,0.037144031,0.71760614
0.114873422,0.082209035,2.132558426,0.414296502,0.653846995,4.291953637,4.544227068,5.963131983,5.459039147,5.294474152,5.806669345,0.033690251,0.60085573
0.134298573,0.126924465,2.356133837,0.398216588,0.627432079,4.309301078,4.65595215,5.61424161,5.294203838,5.159500348,5.879932774,0.029841784,0.026684184
0.088846354,0.220164388,2.487479037,0.278756534,0.625965944,4.064528453,4.737874997,5.763172126,4.73386724,5.083895064,5.501400077,0.026031302,0.012947152
0.243997396,0.095377372,2.369111772,0.179221727,0.623092822,4.502453923,4.710433074,5.536052516,4.607427273,4.857122915,5.646215132,0.022180667,0.010714885
0.308717177,0.135060493,2.327568162,0.112126609,0.701275544,4.58195143,4.520911495,4.978751441,4.976040324,4.997400195,5.294175416,0.018101459,0.004500252
0.174628364,0.232526042,2.334028209,0.211369231,0.733357142,4.521667341,4.566732585,5.122916381,5.174690087,5.168160001,5.663908402,0.015583422,0.00638772
0,0,0,0,0,0,0,0,0,0,0,0,0.005692282
0,0,0,0,0,0,0,0,0,0,0,0.004626936,0.006799831
0.356723814,0.157440683,2.183553957,0.121801549,0.797946033,5.444270551,4.869794786,4.578947994,4.927420841,5.085506168,5.771498998,0.004370251,0.005357442
0.245228679,0.213304037,2.198501376,0.149923298,0.744530075,5.607147157,4.641801566,4.140211195,5.000005395,5.470075727,6.360051692,0.004713561,0.037446111
0,0,0,0,0,0,0,0,0,0,0,0.0051179,0.023600523
0,0,0,0,0,0,0,0,0,0,0,0.005492628,0.022080726
0.315981807,0.251512949,1.963878095,0.046206063,0.846543189,5.303231723,5.01894423,4.449601213,4.238032298,4.755528662,5.724741922,0.006335186,0.036879521
0.304599905,0.278685636,1.967679125,0.052428812,0.713454038,5.346890807,5.261859271,4.647595947,4.275879183,4.965476524,5.792217764,0.00653524,0.036275858
0.329597982,0.292845866,1.944337375,0.014103074,0.932102267,5.761396826,5.523126006,4.007407338,4.170146794,4.824705095,6.201647341,0.00672565,0.023442253
0,0,0,0,0,0,0,0,0,0,0,0.006936203,0.018325157
0,0,0,0,0,0,0,0,0,0,0,0.006714279,0.007341741
0,0,0,0,0,0,0,0,0,0,0,0.005898061,0.010807492
0,0,0,0,0,0,0,0,0,0,0,0.005496028,0.012780599
0,0,0,0,0,0,0,0,0,0,0,0.005108656,0.005352327
0.435724826,0.290419922,1.685051543,0.003540048,0.73399367,6.254563729,5.430776179,4.267952561,4.167233556,4.874364555,5.350192587,0.004708136,0.003571628
0,0,0,0,0,0,0,0,0,0,0,0.004288763,0.004018082
0.452752686,0.260356039,1.598835999,0.008398071,0.764789396,5.9357135,5.050091282,4.145048603,3.750821963,5.308309853,5.14075169,0.003858059,0.005357442
0.410747477,0.28840332,1.576409884,0.008477993,0.744512782,6.49626565,4.835676223,4.458847404,4.277666122,5.630487323,5.666371941,0.003362228,0.004018082
0.548037923,0.153080241,1.695930089,0.060866176,0.676408347,6.194642365,4.989575237,4.02569598,3.661091268,4.479278475,4.720122278,0.002753991,0.003915054
0.334479167,0.219253472,2.055127998,0.044489184,0.402031133,6.026112676,4.491308411,3.929716746,4.292940875,5.330204825,5.515715679,0.002365726,0.005844483
0,0,0,0,0,0,0,0,0,0,0,0.015881378,0
0.003027887,0.37792589,1.938259982,0.241698473,0.659551513,4.472096006,4.849135796,6.064849039,3.786872963,4.810157458,5.430246492,0.018210467,0.133842941
0,0,0,0,0,0,0,0,0,0,0,0.022262855,0.004178805
0,0,0,0,0,0,0,0,0,0,0,0.027481021,0.00344407
0.19113878,0.301459961,2.325987437,0.105876352,0.389927102,4.163436472,4.533847193,5.56314377,5.363098423,5.239324252,5.348058343,0.031258866,0.008981595
0.170845326,0.245284488,2.307917958,0.207646629,0.467001799,4.401079041,4.52216223,5.355111841,5.492117907,5.471681018,6.014723969,0.035623211,0.321329817
0.118008174,0.229127152,2.303531501,0.294408201,0.658689654,4.332899541,4.498634348,5.612381743,5.375978619,5.61162337,5.877956682,0.039908174,0.26074548
0.225323893,0.181888563,2.415057631,0.246974775,0.709685754,4.746449047,4.411944181,5.074636407,5.585843191,5.510526213,6.162640264,0.043936562,0.438989971
0.154996119,0.289348332,2.329930516,0.203226294,0.792428444,4.674024254,4.407693012,5.461874618,5.463232451,5.405382046,6.200288351,0.04743918,0.425221353
0.191311645,0.279351095,2.301886391,0.160365313,0.764434666,4.95735123,4.553971537,4.6586935,5.323881924,5.701263845,6.127209991,0.050298668,0.456382619
0.051480306,0.370881696,2.171235077,0.171133777,0.740671605,4.386113327,4.66198054,5.678061387,4.996261052,5.303108952,6.338383138,0.052953966,0.429210955
0.200454463,0.344743743,2.055992163,0.089682641,0.782341679,4.725329055,5.240546611,5.30731925,4.957114855,5.083844072,5.411587821,0.055400219,0.446884207
0.274958801,0.189390971,2.111952618,0.145502712,0.685614959,5.349932421,5.214393917,4.62412845,4.991712883,5.246342473,5.471711468,0.057172202,0.434814857
0,0,0,0,0,0,0,0,0,0,0,0.058294863,0.435448918
0.235318053,0.151773418,2.280328426,0.267073769,0.642425319,5.435675,4.317314439,4.681614977,6.053962939,5.518510513,6.340015257,0.059080161,0.546290356
0.275378237,0.106006945,2.432496347,0.258132608,0.690097464,5.177820474,4.426438212,4.849153817,5.949596094,5.909312076,6.284041769,0.059307788,0.536182218
0.321135731,0.097353797,2.113215727,0.198829498,0.549558741,5.404030248,4.871680679,4.419452551,5.391963611,5.777990452,5.996889561,0.058742478,0.513559977
0.30704871,0.150953184,2.277472548,0.115772451,0.709319404,5.563302986,4.323055506,4.234509902,5.353594596,5.808386933,6.311355168,0.057722636,0.467049717
0.246140834,0.098272996,2.348938412,0.26116721,0.547257911,5.219536147,4.34166993,4.921956173,5.744737804,6.00851503,6.38505062,0.056796238,0.493915502
0.44120298,0.034709111,2.237072314,0.138122156,0.543979709,5.765542265,4.289858331,4.248757488,5.949727453,5.805891358,6.019515104,0.055953015,0.474554715
0.223851562,0.072650391,2.32406658,0.344706136,0.622975206,5.297527343,4.327021807,5.060790783,5.871577331,5.920709366,6.42855348,0.054576725,0.417197811
0.158441381,0.150906889,2.325727022,0.297377147,0.693401838,4.975232627,4.738553701,5.05003527,5.258526234,5.614944495,6.229587585,0.052534394,0.385536765
0.249872159,0.189385949,2.29049127,0.138740519,0.693549563,5.17341675,4.710726478,5.036125351,4.967133327,5.330333764,5.92483604,0.049995143,0.358731096
0,0,0,0,0,0,0,0,0,0,0,0.047275577,0.436562132
0,0,0,0,0,0,0,0,0,0,0,0.044765692,0.310044277
0.569034017,0.029182739,1.771469629,0.056035231,0.624571434,6.370099291,4.791368581,3.78732504,5.813169852,5.770261392,6.246898442,0.042456906,0.310434709
0.38286427,0.100427434,2.159788185,0.08736285,0.663289253,5.962131198,4.731956299,4.087443164,5.840872586,5.776323204,6.383586943,0.04040844,0.264229214
0.296364794,0.159477252,2.339013187,0.104749046,0.642367107,5.811627682,4.884977884,4.172678551,5.581813935,5.633805608,6.268702437,0.03847304,0.268085516
0.028269857,0.234793294,2.452120311,0.415784637,0.848674506,3.89610815,5.099143803,5.75382638,4.025043368,4.794313967,5.327677846,0.036741339,0.23311838
0.113660807,0.253954752,2.580123265,0.235277809,0.776491917,4.537336874,4.845098305,5.129789996,4.925904238,5.681018877,6.133205795,0.035301864,0.274278198
0.274222412,0.14966919,2.329310733,0.179197182,0.601922691,5.640156277,4.704574276,4.467608666,5.123000938,5.500925172,6.014897205,0.034180969,0.270813021
0.306873801,0.126609486,2.285368814,0.136018919,0.660318693,5.806719895,4.354625024,4.220550387,5.648056764,5.832960253,6.261806682,0.033921514,0.333431487
0.223332248,0.215487287,2.418014114,0.142843028,0.726742628,5.154476023,4.525127077,4.685839413,5.834356702,5.726435751,6.366802851,0.034998015,0.359569805
0.406124593,0.113671387,2.147120635,0.094868338,0.689762521,5.891718855,4.402731732,4.082008407,5.881149566,6.031371537,6.402176756,0.037346054,0.308496826
0.277630479,0.158870443,2.278631027,0.123894876,0.768233313,5.854497885,4.878368959,4.259680212,5.539525563,5.403001348,6.19219169,0.040596362,0.280870622
0,0,0,0,0,0,0,0,0,0,0,0.044580571,0.294823412
0.258991815,0.258025716,2.207020289,0.045493036,0.70068813,5.460819662,4.621902117,4.215325372,4.690449076,5.579482555,6.159306833,0.048935648,0.292595244
0.337295736,0.115589735,2.229396837,0.107967571,0.748922096,5.703343723,4.252536072,4.621276846,5.722353104,5.993450423,6.130802618,0.053323966,0.434412097
0.328565517,0.060936811,2.376826064,0.176127123,0.62577554,5.216604137,3.901573801,4.637334331,6.1594398,6.022396367,6.219818273,0.057836946,0.532580822
0.329722463,0.094881667,2.260921665,0.155553237,0.704989659,5.532651243,4.272575328,4.360412701,5.735075551,5.911064872,6.303268539,0.061775677,0.489684448
0.333396518,0.121887144,2.256902435,0.130495779,0.700644391,5.329524289,4.274220482,4.526863009,5.627070155,5.915996442,6.112988435,0.064526066,0.508259834
0.223772491,0.188279844,2.268222567,0.162581406,0.75010976,5.16367844,4.446951175,4.948840762,5.362179645,5.900568846,6.042253115,0.066399269,0.527339962
0.302980229,0.084829658,2.346775215,0.1944307,0.706415166,5.510744026,4.294660099,4.68637997,5.768445062,5.847658496,6.256505121,0.067455962,0.54851862
0.273129492,0.121508594,2.328025296,0.190589695,0.64339885,5.121509029,4.04782299,4.904420514,5.935622981,5.884803386,6.120681067,0.067744695,0.577711101
0.297783203,0.159614176,2.371498058,0.126841592,0.686916866,5.126521426,4.326791799,4.70846805,5.789730793,5.746014798,6.213429552,0.067348234,0.499643426
0.341513415,0.163450949,2.288931579,0.095779265,0.705730429,5.540802473,4.473512778,4.292636457,5.288797491,5.498621285,6.081079069,0.066150889,0.476307333
0.205179603,0.067693473,2.400027775,0.313057574,0.578230324,4.70411756,4.006689108,5.131959887,6.297436372,5.844211247,6.256749309,0.064366654,0.614703272
0.238098958,0.039817139,2.408855178,0.306339518,0.499797068,4.848738441,3.534766573,5.350750935,6.529157561,5.713372505,6.156991249,0.061985623,0.612761657
0.262020888,0.068415365,2.41850446,0.260528185,0.673632578,4.882399915,4.000160558,4.934073009,6.048175007,5.843635245,6.185748235,0.058979247,0.59052337
0.337861147,0.08123499,2.400801098,0.206246326,0.779773237,5.326519827,4.228574117,4.35293292,5.40178085,5.632426699,6.234936012,0.055519305,0.496255368
0.131237355,0.161580404,2.40364205,0.334601308,0.721586398,4.604454238,4.176607244,5.09556072,5.664345627,5.733171344,6.533525467,0.051910348,0.546293515
0.201785653,0.068029057,2.430766664,0.338846047,0.604253707,4.774740774,4.061130812,5.272757675,6.266699597,5.81047806,6.35267029,0.048389934,0.642561033
0.234782986,0.112786277,2.290084556,0.274699359,0.67211454,5.324778017,3.987221493,4.836385629,5.998574264,5.652804789,6.1983986,0.045035779,0.643152775
0.170748155,0.05233865,2.315516507,0.356698966,0.41577026,4.674485755,4.115191722,5.357491744,6.102399671,5.65914069,6.215104453,0.041859452,0.731007279
0.152723556,0.091144302,2.398195918,0.342696649,0.491210123,4.686882412,4.106539113,5.541985077,5.693250302,5.706298074,6.318573854,0.038733285,0.656729776
0.16726378,0.090574978,2.371685769,0.300635007,0.604339783,4.795894837,4.086032613,5.443958616,5.9134366,5.812788471,6.204833357,0.035174012,0.642002111
0.208784675,0.082398876,2.394742795,0.301339847,0.635598331,4.844359859,4.033753999,5.272458336,6.053144815,5.877009527,6.439845712,0.031316414,0.75661341
0.106922417,0.172441406,2.342963851,0.373800855,0.662451625,4.56029377,4.157607369,5.429182295,5.323643669,5.420363482,6.060264365,0.027562989,0.580799235
0.15870497,0.159632342,2.407661459,0.300827017,0.672307135,4.552217609,4.171953724,5.376387113,5.383994288,5.310076912,5.999466472,0.023756413,0.483564868
0.214580078,0.14701888,2.491064648,0.239356989,0.635414821,4.522087157,4.286005032,5.275919735,5.866642952,5.33684175,5.964170575,0.019905435,0.35510457
0.150688151,0.19279655,2.343325955,0.269282922,0.582776446,4.601470816,4.593931508,5.527168715,4.910121548,5.434668684,5.734439302,0.017100213,0.005524862
0.28917928,0.081510417,2.407098475,0.274615592,0.731559129,5.1436937,4.105511606,5.032432586,6.03009069,5.615456969,6.049101084,0.005292062,0.005803896
0.233361933,0.120980515,2.531471541,0.293478963,0.62288699,4.714319519,4.474728737,5.072770331,5.174197733,5.398298008,5.3600759,0.005050186,0.016938972
0,0,0,0,0,0,0,0,0,0,0,0.005067043,0.006696803
0,0,0,0,0,0,0,0,0,0,0,0.003989218,0.004352922
0.272402832,0.163948079,2.310742441,0.151536239,0.816667716,5.224074745,4.951974213,4.848925331,5.230553514,5.19943971,5.627595699,0.004368814,0.005780398
0,0,0,0,0,0,0,0,0,0,0,0.004762571,0.025597969
0,0,0,0,0,0,0,0,0,0,0,0.005950862,0.023274233
0,0,0,0,0,0,0,0,0,0,0,0.006294744,0.02731865
0,0,0,0,0,0,0,0,0,0,0,0.006549858,0.029117601
0.249187826,0.212151693,2.030037032,0.055385321,0.653744928,4.584271491,5.644099593,5.161644816,4.40204078,4.091350496,5.113653541,0.006738236,0.027468728
0.356037055,0.268118354,1.910855751,0.015114102,0.738437659,5.373780166,4.71709235,4.575670928,4.532547012,5.133188342,5.97810026,0.006910894,0.023634803
0.219697266,0.319611003,1.981382694,0.037589014,0.898464018,5.339754581,4.423847973,4.36017698,5.513171196,5.932651997,5.710382462,0.007059165,0.019768678
0.266120768,0.227136393,2.36904572,0.157555905,0.694934554,5.192208791,4.652072012,4.991325259,4.896599984,5.294877517,4.85845753,0.005997391,0.007031643
0.137843425,0.154302572,2.569062357,0.30609054,0.565113457,4.683670104,4.032897353,5.31776154,6.287883044,4.914792777,5.641572953,0.005588335,0.008393326
0,0,0,0,0,0,0,0,0,0,0,0,0.002678721
0,0,0,0,0,0,0,0,0,0,0,0.016476972,0.004383362
0.081724134,0.344409806,2.170602754,0.135896838,0.695254517,3.917129925,5.142161213,5.979530163,3.957740508,4.729921717,5.451804789,0.019556498,0.165378469
0.076735026,0.321318359,2.606493169,0.206360256,0.809965048,3.673589766,4.880836368,6.063230276,4.287907958,4.055505037,5.167657137,0.023549683,0.00865433
0,0,0,0,0,0,0,0,0,0,0,0.028264826,0.010071992
0.165236991,0.318287121,2.277925088,0.130176341,0.71018937,4.520991847,4.65803171,5.318531699,5.269384259,5.376843312,5.711101087,0.032271691,0.301299931
0.140513818,0.238401019,2.379923941,0.265642112,0.769002725,4.497260724,4.376214103,5.646920876,5.261760309,5.597251869,6.24156102,0.036322225,0.374465355
0.173368143,0.232047579,2.425345679,0.245962773,0.703687719,4.764060081,4.285660572,5.297902957,5.538109162,6.021711501,6.457390578,0.040237755,0.404128208
0.205382424,0.134321978,2.449475633,0.303583675,0.759928739,4.877855316,4.243191334,5.426129282,5.802993596,6.015813786,6.598448501,0.043739218,0.535857689
0.195594889,0.182192325,2.468429495,0.267093372,0.749927928,4.929011777,4.397979562,5.379205997,5.648196667,5.640827858,6.468555863,0.046524644,0.447934193
0.26844136,0.204343936,2.31575414,0.15177719,0.682573404,5.072008654,4.495970874,4.738691881,5.459095735,5.630633048,6.120883562,0.048668917,0.498428097
0.292310336,0.115231886,2.384877557,0.186710768,0.574851463,5.360989676,4.233332068,4.762195776,6.073900016,5.79337328,6.111296282,0.050664578,0.602631012
0.274714873,0.232925841,2.247710657,0.124846901,0.721420344,5.447532757,4.81659751,4.749219423,5.491531106,5.462955047,5.817821752,0.052311752,0.504522228
0.213668945,0.264586589,2.182784955,0.114529901,0.711311528,4.970601213,5.094071859,4.920153385,4.543715209,5.096246988,5.811359161,0.053378746,0.436821611
0.291197306,0.111547139,2.369795875,0.255299523,0.613749412,5.104088891,4.625065558,4.651810728,5.188283268,5.252164498,5.754763108,0.053900491,0.423979333
0.322929362,0.127344727,2.273978622,0.176974953,0.66596335,5.159403762,4.539641648,4.502609673,5.423081276,5.698320693,6.047472778,0.054124784,0.503262258
0.330147763,0.079978493,2.267171526,0.175843377,0.521873325,5.49393249,4.327440786,4.575074945,5.676434559,5.678854193,5.856832155,0.054135539,0.546511683
0.338722548,0.161538086,2.040576831,0.055795456,0.642973469,5.496101721,4.883125679,4.187544513,5.000406778,5.369936832,5.79249601,0.053308684,0.426678788
0.395376971,0.08045374,2.134485668,0.079173199,0.648637326,6.058927258,4.395384136,3.750545209,5.401234518,5.91364088,6.226949943,0.052307338,0.419218636
0.280453197,0.115135634,2.325700548,0.191836606,0.627360092,5.288804301,4.29012503,4.600992417,5.388223127,5.738516691,5.833649304,0.05115936,0.466586417
0.383202755,0.038188773,2.290474425,0.165811068,0.720833992,5.574068354,4.271866032,4.404411488,5.644344406,5.736769316,6.080075394,0.050273024,0.444160048
0.414115804,0.050592651,2.205536349,0.10537242,0.752220508,6.147583738,4.472598501,3.920052327,5.609355636,5.766324594,5.995424583,0.049235191,0.3978107
0.207245206,0.205392253,2.284345909,0.198043045,0.758039166,5.027866032,4.947846849,4.808189498,4.627439621,5.361264253,6.003380169,0.047462635,0.342923142
0.33695855,0.13194553,2.128225861,0.143490321,0.715038605,5.118541797,4.471362213,4.448420261,4.814377998,4.876638313,6.075239082,0.045458622,0.326440868
0.368702901,0.049607442,2.380617412,0.196179806,0.697318565,5.453248039,4.808515217,4.65119968,5.739563201,5.871098079,6.148307025,0.043169148,0.341861364
0.488795448,0.020852239,2.013074809,0.104619304,0.720158922,5.994374495,4.403364049,4.340222602,5.941015138,5.743016656,6.126500029,0.041245412,0.37995623
0.319878892,0.134762,2.278732292,0.101916472,0.65158042,5.638116614,4.527058786,4.168820525,5.607388556,5.790629111,6.41425492,0.039396327,0.31165099
0.198597982,0.133120605,2.424245876,0.236773223,0.641154152,4.798793537,4.724736244,4.961452866,5.014497614,5.502942121,6.169387424,0.037611987,0.317317958
0.240997721,0.138158178,2.346198477,0.259048842,0.76459869,4.874357609,4.972253534,4.966528324,5.036887838,5.386703129,6.001561344,0.035761677,0.270123708
0,0,0,0,0,0,0,0,0,0,0,0.03400109,0.224920852
0,0,0,0,0,0,0,0,0,0,0,0.032695428,0.214687104
0.12023577,0.165891927,2.619657277,0.32237527,0.636454113,4.570168188,4.457126532,5.325956702,5.246060082,5.539306743,5.977351197,0.031518195,0.234168026
0.354003499,0.054201742,2.179099646,0.182102068,0.67177226,5.724090642,4.29511129,4.471539849,5.653742781,5.732875794,6.354039133,0.031298347,0.295180696
0.273382859,0.107545185,2.342994499,0.191768228,0.672384708,5.343215996,4.262599735,4.886072604,5.943428548,5.813593379,6.389543953,0.032201834,0.343545175
0.299184028,0.102534614,2.255957535,0.135529758,0.708085114,5.485849174,4.170150042,4.325883814,5.599384069,5.623654501,6.387025988,0.034321636,0.291524638
0.294238281,0.135856934,2.311231016,0.131040813,0.697590955,5.613766879,4.156194083,4.521780577,5.532181881,5.565888863,6.514596388,0.03768025,0.327460067
0.272547038,0.200859375,2.261845516,0.106480103,0.79929194,4.994888926,4.67758773,4.277239543,4.698299253,5.417315203,5.928186622,0.041469261,0.307171151
0.447520074,0.06054362,2.047490482,0.043227261,0.776467198,5.606732289,4.629408111,4.424368729,5.230791758,5.227280001,6.361666719,0.045572557,0.347940683
0.336360964,0.077138959,2.271644712,0.139308016,0.663844215,5.448751926,3.998190959,4.599569352,5.819978377,5.867369813,6.285362924,0.050047256,0.469863017
0.279990444,0.067288779,2.29432071,0.225672343,0.671616844,5.227063381,3.903984837,4.854170984,6.05056103,5.981000316,6.241894057,0.054474566,0.529959889
0.329349254,0.142428237,2.196511517,0.089465508,0.68481549,5.600254059,4.304231243,4.146262705,5.650753319,5.875788569,6.106463882,0.058263347,0.428067937
0,0,0,0,0,0,0,0,0,0,0,0.06097291,0.356152635
0.187483724,0.174251845,2.328541969,0.218836704,0.8771423,4.840732952,4.724645456,4.680196663,4.922783216,6.214120666,5.746061643,0.062936321,0.37748652
0.195333984,0.194330729,2.321030029,0.176064336,0.847637247,4.985900366,4.152076459,4.942899621,4.922882962,5.841595805,6.015709281,0.063873835,0.388640451
0.282116338,0.165929452,2.253296555,0.147220075,0.689534855,5.481436425,4.451844268,4.434628748,5.706352982,5.770713111,6.167813751,0.064163275,0.479131069
0.387592412,0.111527778,2.269451817,0.119677805,0.558162496,5.751314501,4.388935043,3.517908235,5.211663518,5.853799277,6.120154553,0.064056084,0.443760232
0.313725586,0.188096517,2.289361593,0.059655808,0.63397637,5.237552419,4.326812111,5.063650727,5.722006798,5.901195556,6.048194975,0.063070692,0.44017553
0.237207947,0.149958649,2.391004912,0.225572043,0.713235717,4.873072533,4.527318576,5.060428886,5.655638483,5.64573285,6.139616136,0.061547596,0.524282935
0.293301776,0.094815357,2.444700864,0.196037091,0.698385215,5.08079998,4.091778288,4.780606104,5.885568298,5.807233721,6.215221763,0.059300348,0.611480203
0.265397474,0.142315606,2.484890704,0.203972658,0.648277131,5.145975033,4.361220342,4.757035392,5.929097166,5.932980597,6.26701051,0.056621652,0.631057882
0.249802362,0.103644324,2.455849261,0.276979568,0.736926788,5.315934386,4.141262557,4.722720495,6.066589611,5.774472543,6.404929544,0.053767547,0.641785992
0.248388932,0.08690599,2.427896793,0.284313726,0.688961465,5.114162428,3.983553407,4.978275196,5.988043187,5.7468943,6.331647348,0.050650649,0.629656958
0.157443915,0.060740153,2.382611613,0.403452526,0.574868796,4.773814831,3.902081018,5.484199864,6.155325284,5.805776234,6.624145031,0.047491785,0.715072806
0.166650516,0.272184871,2.302852949,0.312310261,0.62204826,5.124818204,4.404811651,4.976894571,5.104727923,5.473862354,6.275044955,0.044614952,0.557976639
0.160466146,0.150752474,2.378124022,0.401644085,0.610349952,4.740066209,4.3524599,5.31595094,5.252558284,5.283654866,6.080633261,0.041955706,0.589794924
0.215301514,0.074608561,2.528323797,0.311514892,0.610866693,4.92605573,4.093831599,4.759092465,5.970266953,5.542996362,5.90592444,0.039107494,0.666663447
0.266274118,0.072685695,2.37673353,0.257315763,0.510685657,4.969758979,4.121705846,5.224601231,6.310090081,5.496024896,6.308909297,0.035752133,0.658941417
0.264394857,0.028000651,2.417689244,0.264461132,0.558086093,5.323907924,3.449276936,4.933680546,6.480952191,5.850402546,6.211705804,0.032204989,0.688268295
0.416748589,0.016767578,2.27062867,0.22835049,0.620177583,5.756553292,4.029450436,4.195195337,6.171262383,5.963089228,6.249053121,0.028661961,0.571210683
0.227509618,0.161550219,2.31056662,0.226277595,0.597960381,4.679381652,4.80291495,5.076465975,4.714416092,5.306238337,5.510453544,0.024917655,0.459970687
0.244958586,0.127206308,2.481568704,0.228062352,0.682763213,4.71058619,4.723017567,5.229168852,5.525075522,5.788539622,6.127352224,0.021271426,0.38776641
0.296283366,0.055957438,2.116732188,0.294165425,0.725052287,4.542391628,5.390452683,5.577231661,4.567092076,4.213245168,4.578306355,0.018026454,0.013281992
0,0,0,0,0,0,0,0,0,0,0,0.016060708,0.008214745
0,0,0,0,0,0,0,0,0,0,0,0,0.002678721
0,0,0,0,0,0,0,0,0,0,0,0,0.002678721
0,0,0,0,0,0,0,0,0,0,0,0,0.002678721
0,0,0,0,0,0,0,0,0,0,0,0,0
0,0,0,0,0,0,0,0,0,0,0,0.007869261,0.004464535
0.345366862,0.128152995,2.110458335,0.099835873,0.855283882,5.820070279,5.024168205,4.444253325,4.55382297,5.074819887,5.320601463,0.007520086,0.005803896
0.414570778,0.107698916,1.966028712,0.047056318,0.735208196,5.884222865,5.166491845,4.912779872,4.520333431,5.166708261,5.660451646,0.007246046,0.006696803
0.368044922,0.183941406,1.923338737,0.04233272,0.702556457,5.653117943,5.001148188,4.719026637,5.134721923,5.241980124,5.747259307,0.007206667,0.003061396
0,0,0,0,0,0,0,0,0,0,0,0,0.002678721
0,0,0,0,0,0,0,0,0,0,0,0,0.002678721
0,0,0,0,0,0,0,0,0,0,0,0.006583835,0
0.182548828,0.131126302,2.340730043,0.320537671,0.902220898,4.731364996,4.875505477,5.066542596,5.072238982,5.420492679,5.56815815,0.006444043,0.012054245
0.334656847,0.043335775,2.324950696,0.217310446,0.589877271,5.281668008,3.968089918,4.883378257,5.6435408,5.620788395,6.0860159,0.006036188,0.016786653
0.216735956,0.098847889,2.538796166,0.283704992,0.656598313,4.595849659,4.063660268,5.250998931,6.000072381,5.439677085,6.301618099,0.005718781,0.034823375
0.20358461,0.11092786,2.503014118,0.304967231,0.615472711,4.581328841,4.316321222,5.275272048,5.637825219,5.459625038,6.450702401,0.005572082,0.2666041
0.248664144,0.083884277,2.516586739,0.288019298,0.592775924,4.665413971,4.159262449,5.219617213,5.709414358,5.906978617,6.591552844,0.005420357,0.020626153
0,0,0,0,0,0,0,0,0,0,0,0.005377001,0.004018082
0,0,0,0,0,0,0,0,0,0,0,0.003616346,0.002678721
0,0,0,0,0,0,0,0,0,0,0,0.003992787,0.027199176
0.241048358,0.176552915,2.341337324,0.215253875,0.792267193,5.144365046,4.723827289,4.83234842,4.905875342,5.025294602,5.392678499,0.00441023,0.038640954
0,0,0,0,0,0,0,0,0,0,0,0.004898772,0.031347407
0,0,0,0,0,0,0,0,0,0,0,0.005398491,0.027461802
0,0,0,0,0,0,0,0,0,0,0,0.005810622,0.028470054
0.491141765,0.101199544,1.750366058,0.026436948,0.971771381,6.172318876,5.026527584,4.590647132,3.876520306,5.266265512,5.609271586,0.006214343,0.011946649
0,0,0,0,0,0,0,0,0,0,0,0.006546827,0.010806318
0,0,0,0,0,0,0,0,0,0,0,0.006769729,0.002678721
0,0,0,0,0,0,0,0,0,0,0,0.006913176,0.004018082
0,0,0,0,0,0,0,0,0,0,0,0.007106161,0.003214465
0.474748609,0.15065844,1.772714515,0.03577016,0.700741991,6.040131591,5.20540089,4.531621833,4.559370637,5.011108886,5.458269715,0.007221439,0.009342396
0.450698243,0.180994467,1.828878427,0.007629886,0.851418916,5.921679497,4.842710763,4.642240673,4.205135226,5.304166317,6.177753329,0.007253508,0.021114192
0.648421224,0.063583984,1.415907772,0.021379156,0.696757092,6.444484353,4.202187538,4.693573058,4.715902925,5.391562223,6.654909492,0.007184886,0.015045145
0,0,0,0,0,0,0,0,0,0,0,0.007047415,0.010736105
0,0,0,0,0,0,0,0,0,0,0,0.006550503,0.01199449
0.198902452,0.277462836,2.264589656,0.134986983,0.870569653,5.478064,5.159374903,4.528910394,4.723474254,5.393736988,5.448149522,0.006227789,0.005769553
0.320289714,0.243605957,2.166700951,0.091464908,0.795056103,6.249218285,4.746511281,4.458239287,4.904950976,5.749245286,5.483494848,0.006045058,0.004018082
0,0,0,0,0,0,0,0,0,0,0,0.013764474,0.003826745
0.011227485,0.384678819,1.99002013,0.219908245,0.766816939,4.062996199,4.644177328,6.007341683,4.211253921,4.647851289,5.859742304,0.016536349,0.005479202
0.049171698,0.369894798,2.052107995,0.236597997,0.755305453,4.067761375,5.053901835,5.877009668,3.760946295,4.676081663,5.240753688,0.020295879,0.242327219
0.183646996,0.159505906,2.488050673,0.28537412,0.818511286,4.802707842,4.199696524,4.833753101,5.291147807,5.486857831,5.798071904,0.024501318,0.324668137
0.135488967,0.262608022,2.368811741,0.257431821,0.783074882,4.855230065,4.490405622,5.195227576,5.312753439,5.647966128,6.376155433,0.028618144,0.341127774
0.184380327,0.251419419,2.41372442,0.232277832,0.849244074,4.862758116,4.466342178,5.053261979,5.372222332,5.430600286,6.229997066,0.03244818,0.406252632
0.168499078,0.241800198,2.387896558,0.225955639,0.704026803,4.900243995,4.094437083,5.206800923,5.895386353,5.782391712,6.573049804,0.03616536,0.489357481
0.215616766,0.228187902,2.288846768,0.153895424,0.707177748,4.846458993,4.318578878,5.015668953,5.415860765,5.519181252,6.304614656,0.039656255,0.44699274
0.208928554,0.156918282,2.406135487,0.253234222,0.656394325,5.005960939,4.067631978,5.066971858,6.067623165,6.016498972,6.489873016,0.042556468,0.634565784
0.295611827,0.162006785,2.347922756,0.137522065,0.750473173,5.311259989,4.290166507,4.667180378,5.637182422,5.736674583,6.333199557,0.044732761,0.554673454
0.264605624,0.125096382,2.356765692,0.206621533,0.654353773,5.164705486,4.057574627,4.773477306,5.993204518,5.562435039,6.078044098,0.046317864,0.653930041
0.266791746,0.184609326,2.3752668,0.15400833,0.598795189,5.071714548,4.36627729,4.964712909,5.617254427,5.595790782,6.039544055,0.047498882,0.550976536
0.252171387,0.124215169,2.386805634,0.260870154,0.627895127,5.065753956,4.380996037,4.717289734,5.863935037,5.658249792,5.847362266,0.048407186,0.534659204
0.293098458,0.107019481,2.29087762,0.200761577,0.619989174,5.080802899,4.19260622,4.66335105,5.952551686,5.837430152,6.191150876,0.048700083,0.500594091
0.189384277,0.204203125,2.392127505,0.23416085,0.782077328,4.762502122,4.785531771,5.346720761,4.890668363,5.584272569,6.046848536,0.048746567,0.422339987
0.270913456,0.17226274,2.388523225,0.172179872,0.634814088,5.024717703,4.746544396,4.648356237,5.456573075,5.451403144,6.056994154,0.048222598,0.43989862
0.216496853,0.236891276,2.365930045,0.068899993,0.686539678,5.218961457,4.531616569,4.249417305,5.474860509,5.888437231,5.851319671,0.047893137,0.384461349
0.346460937,0.150493598,2.225144656,0.086228789,0.661168983,5.325043631,4.489871331,4.031459701,5.300302076,5.648457587,6.009617519,0.047039673,0.398840251
0.362361205,0.064453799,2.281247963,0.157463552,0.688394863,5.23900609,4.266818069,4.481281256,5.217340927,5.667221684,6.058083489,0.045893043,0.433392408
0.235435624,0.138985763,2.310597579,0.248158432,0.602666591,4.718526228,4.484826763,5.066995053,5.321824812,5.324157094,5.926696954,0.044889171,0.46243938
0.355583282,0.059617599,2.327142396,0.172470142,0.623945664,5.456817073,4.217117435,4.560300184,6.039017019,5.938762367,6.220084492,0.043872684,0.518100692
0.419540245,0.04236311,2.134102025,0.109732287,0.659224797,5.90033475,4.239814761,4.214795382,5.555533431,5.932071382,5.972475554,0.043256592,0.402788854
0.207220972,0.276710329,2.305116129,0.115513016,0.741198921,5.055126208,4.632429846,4.738598735,4.802727964,5.355667521,5.819338529,0.041851737,0.324797596
0.354117296,0.130589193,2.195721591,0.061670601,0.744932654,5.297458778,4.356456002,4.442819119,5.338733236,5.487605373,5.945425679,0.040295128,0.360444527
0.278515625,0.2062083,2.269417916,0.170209177,0.722467825,5.06324089,4.733054901,4.709692848,5.117566327,5.314965659,6.040037883,0.038706955,0.329301613
0.333971626,0.080900336,2.317201629,0.137553351,0.739065863,5.414172456,4.140017147,4.465128954,5.607122739,5.776192139,6.04119581,0.037104737,0.38610466
0.332532227,0.085902235,2.219408164,0.162897908,0.676383787,5.021926717,4.543243114,4.747819773,5.241510453,5.257123796,5.629968858,0.035834618,0.353008554
0.29922775,0.107609815,2.311755275,0.148125728,0.655823701,5.443420641,4.378850744,4.561622932,5.54256107,5.860676653,6.139818009,0.034087073,0.361429588
0.299889714,0.150189648,2.313046384,0.162758511,0.653013607,5.219666054,4.812867043,4.57431474,5.012159402,5.246589806,5.844522538,0.032291245,0.267159255
0.214687329,0.17021433,2.373015899,0.186077501,0.698731108,4.970363608,4.917311932,5.08430305,4.929361522,5.335077753,6.072574493,0.030541597,0.253531608
0.29169732,0.176651476,2.273349872,0.092273479,0.736776272,5.304114421,5.044719279,4.510863309,5.200587243,5.607797921,6.049925168,0.029046634,0.209372438
0,0,0,0,0,0,0,0,0,0,0,0.028122364,0.187678918
0,0,0,0,0,0,0,0,0,0,0,0.027751269,0.194271081
0.354449237,0.092965043,2.156122101,0.154770218,0.657232744,5.599418518,4.655670646,4.384958045,5.443247222,5.609512349,5.890971733,0.028537061,0.226036682
0.252765049,0.111461088,2.281548053,0.275304861,0.674135093,5.212849773,4.818764783,4.507790015,5.027516239,5.642687348,5.9900284,0.030526882,0.267407055
0.333485605,0.084458731,2.2838286,0.193514132,0.690706817,5.540863494,4.571283738,4.294778546,4.949815061,5.505531987,6.243565705,0.033628512,0.284551302
0.342817087,0.08136556,2.205109877,0.198204637,0.666783106,5.328764937,4.510968658,4.46549311,5.043654236,5.563491008,5.896644896,0.037171684,0.317292871
0.355092076,0.089584728,2.225639938,0.119984406,0.767475614,5.539278661,4.133558908,4.800758281,5.798928925,5.648973022,6.202608892,0.041079007,0.418101485
0.372772508,0.03952846,2.145648607,0.124004559,0.72503082,5.682243254,4.075766351,4.550441916,6.370701109,5.858487453,6.027038268,0.045467142,0.437409987
0.23265625,0.123457574,2.405974114,0.199476842,0.664337845,5.231097639,4.333004296,4.822025011,6.044010202,6.038362265,6.240768969,0.049355872,0.552393571
0.307132353,0.151545937,2.24859586,0.106047299,0.61603283,5.607655609,4.284993708,4.603775599,5.804638968,5.723397928,6.207957948,0.05298033,0.433041102
0.364396973,0.135286458,2.152397614,0.044972152,0.760153567,6.026117544,4.103296588,4.101508359,6.121451298,6.011708677,5.878245632,0.055820618,0.324432133
0,0,0,0,0,0,0,0,0,0,0,0.057555687,0.327847828
0.344185872,0.176913737,2.055163967,0.055606029,0.586178406,5.811235213,4.741863358,4.211445665,5.384292913,5.337380934,5.80102253,0.058415387,0.360504196
0.19919424,0.186747664,2.208369538,0.219044522,0.770976799,5.033006938,4.71382559,4.991630586,4.677455955,5.365892081,5.996257028,0.058554418,0.489943398
0.329177684,0.113841772,2.288575124,0.117607297,0.711719593,5.610323805,4.288344503,4.100429496,5.477237114,5.861178944,6.271120511,0.058757823,0.397842939
0.140367025,0.268764416,2.378393543,0.214948048,0.553974333,4.712793499,4.746008664,5.133983582,4.578009869,5.445884849,6.103290115,0.058028951,0.409308531
0.132665176,0.211895791,2.319980469,0.311428741,0.623800025,4.542488973,4.904355528,5.543945111,5.026213612,5.304640245,5.824021918,0.056673978,0.510063558
0.117136458,0.274725,2.337547336,0.249922422,0.602163452,4.386708872,5.246767771,5.428334854,4.672414708,5.373434515,6.385063908,0.054779969,0.503768948
0.252141276,0.174074626,2.349079086,0.173254477,0.656745985,4.964163749,4.33823697,4.856359371,5.798161283,5.734657368,6.26476416,0.05243605,0.532430803
0.311130462,0.090529423,2.354058144,0.194832406,0.714104386,5.322660175,3.913100673,4.430970305,5.598494854,5.887542129,6.310506244,0.050337125,0.595016552
0.211087986,0.118056708,2.429121378,0.280971335,0.741762818,5.054229764,4.041259786,5.03430185,5.759491014,5.846525416,6.386129866,0.047764529,0.621967813
0.19948109,0.118866596,2.416305403,0.271985493,0.668723977,4.973199498,4.167660524,5.088305387,5.86000695,6.180860736,6.471340269,0.045325585,0.668184694
0.261390652,0.209625516,2.282980744,0.17347748,0.748283284,5.11829107,4.380113373,4.64971146,5.121636659,5.787104309,6.52770867,0.043080471,0.5303664
0.172326986,0.21371639,2.297289006,0.324673914,0.715486405,4.844415292,4.36911509,5.039200178,5.206052639,5.57330209,6.32835452,0.0408439,0.54332535
0.230232121,0.152617313,2.398691087,0.303865381,0.621909878,5.183767429,4.234038096,5.05413505,5.606954657,5.551649414,6.337401133,0.038353879,0.626330864
0.170553734,0.175824149,2.406181506,0.315049222,0.539615178,4.78408472,4.26080995,5.292959332,5.911336609,5.295538843,6.187716058,0.035346046,0.611102601
0.328524947,0.046274414,2.256905637,0.174650209,0.575441145,5.070873889,3.85267255,4.935427091,5.954396156,5.713845052,6.248616685,0.032211103,0.555740938
0.248544922,0.152155151,2.411172077,0.189265958,0.649362936,4.860292804,4.343015537,4.861660112,5.692063347,5.473835319,6.008542553,0.028818797,0.546576505
0.258465576,0.159955139,2.266976382,0.2066945,0.588271501,4.866130512,4.516684752,4.915546548,5.306422647,5.41279769,6.010334831,0.025405983,0.407677393
0.215897042,0.25984003,2.301206002,0.141066612,0.827635419,5.577530648,4.962397141,4.757393846,4.556838146,5.692438568,5.906694548,0.022162927,0.320840012
0.367482562,0.108060826,2.387845313,0.162527648,0.726596799,5.355853532,4.456123301,4.758798157,5.058996882,5.087384965,5.803605012,0.01896714,0.282941014
0.160043945,0.18488444,2.243833101,0.224346733,0.587498299,4.656235576,3.725068212,5.100992203,5.554909468,5.866577387,7.646955132,0.016040197,0.021215472
0.235935059,0.237769369,2.39672467,0.09698444,0.665873,5.481099546,5.331789077,4.38075611,5.493138969,5.768444777,6.413715363,0.014343425,0.007090733
0,0,0,0,0,0,0,0,0,0,0,0.012065862,0.007887346
0,0,0,0,0,0,0,0,0,0,0,0.010810623,0.00692003
0.049086914,0.308798828,2.466623714,0.254742397,0.413183776,4.671241522,5.432684064,5.757688165,4.709540546,6.091161728,6.57702589,0.009556598,0.013840059
0.171009115,0.146721734,2.315787464,0.258760393,0.654780175,4.545591566,4.947795555,5.428406079,4.499234815,5.317746073,5.705605403,0.008726481,0.041035306
0.329542318,0.156013997,2.134090528,0.075378835,0.613923352,5.65853622,4.87388401,4.794647228,4.539791536,5.03742727,5.799412751,0.008365196,0.124536073
0,0,0,0,0,0,0,0,0,0,0,0.008107481,0.075238416
0.415690511,0.128589274,1.775187227,0.027375084,0.679934431,5.638881028,4.864110217,4.533206463,4.277507871,5.221668497,5.710329235,0.007904648,0.051553379
0.365655816,0.17209158,2.019775044,0.127822813,0.801213084,5.510038034,5.294995046,4.494068054,4.524921258,5.232942538,5.532225148,0.007720949,0.011240763
0.405498861,0.165360514,1.989850363,0.119236858,0.788747068,5.717499932,5.717974991,4.357924869,4.992470523,5.250862618,5.575767458,0.007463904,0.024163055
0.348388672,0.176397841,2.09364678,0.124358018,0.818404939,4.952185651,5.923549473,4.992412369,4.478193303,4.96120443,5.117226154,0.007153589,0.042158725
0.312959093,0.136796116,2.188909217,0.208500353,0.790892004,4.952497812,5.265106189,4.694630293,4.574329452,5.06146611,5.288707455,0.006836126,0.10303202
0.139436361,0.168193034,2.42150933,0.357507745,0.690148197,4.584013049,4.478272408,5.545340416,5.056703514,5.613509968,5.907930812,0.006502599,0.179769981
0.213480428,0.111936747,2.526580144,0.338696774,0.650784261,4.845184676,4.373279912,5.101148885,5.28330224,5.749554411,6.045168757,0.006188742,0.167094309
0.225845215,0.08256836,2.49236482,0.349454415,0.616853236,4.939869792,4.254734707,5.265212065,5.652765489,5.710382247,6.38496151,0.005980697,0.235489853
0.202742217,0.171421268,2.437954242,0.27072786,0.697297295,4.824125117,4.625444084,5.379630089,5.68704973,5.844548946,6.468995308,0.00576063,0.243421782
0.23289388,0.136902832,2.603926458,0.260173722,0.655040819,4.460556668,4.256663174,5.145903945,5.597045624,5.541540289,6.326398492,0.005518058,0.01517942
0,0,0,0,0,0,0,0,0,0,0,0.005102996,0.004018082
0,0,0,0,0,0,0,0,0,0,0,0.00481021,0.004018082
0,0,0,0,0,0,0,0,0,0,0,0.003455587,0.004018082
0.227133789,0.285524903,2.238622342,0.04524675,0.755205302,4.419292867,5.623700023,5.029575407,4.627853096,5.407280266,4.967286527,0.004622509,0.026002298
0.395798204,0.130137397,1.925715543,0.050658635,0.808696818,5.09256873,5.649335429,4.623222853,4.443845113,5.137540872,5.032812615,0.00517762,0.031965304
0.46379069,0.167119141,1.840384517,0.062440166,0.498948515,5.619666815,5.048961937,4.08420074,3.490516424,4.457333088,5.568237305,0.005709811,0.036509953
0.390493164,0.190823568,1.966147667,0.00811503,0.552386022,5.240536809,5.612981677,4.997950435,3.888641119,4.688099742,6.518886924,0.006171003,0.035237682
0.326689453,0.267783203,2.024843252,0.039337648,0.666496408,5.044916272,5.999567628,4.943452538,3.84428534,4.875631869,5.636317611,0.006459278,0.003571628
0.439842122,0.140116645,1.896244011,0.119544978,0.825709103,5.556455215,5.345332146,4.821564337,4.560551087,4.850508869,5.725721359,0.007354735,0.005515014
0.557505244,0.093409288,1.673586583,0.035935865,0.817671462,6.330989242,5.029635562,4.625900043,4.026204394,4.789213088,5.546567837,0.007323248,0.018323857
0.549428349,0.11527615,1.656114934,0.017675213,0.8692232,6.105823424,4.837256008,4.564743049,4.52984641,5.21524926,6.006120099,0.007208222,0.021693951
0.424154188,0.130514323,1.967806716,0.117947788,0.829543682,5.459316088,4.844555842,4.927992993,4.425742216,4.95557642,5.749656002,0.007019383,0.026151324
0.410033203,0.179054362,1.930234741,0.028576645,0.643956219,5.690842629,4.940677416,4.478321898,4.419010627,5.12007637,5.679466677,0.006753718,0.017419149
0.49823839,0.158173014,1.752390069,0.042423411,0.907057273,6.379990558,4.768150687,4.142639061,4.459365189,5.211126864,5.91780901,0.006436514,0.019350045
0.42667806,0.203911133,1.926256508,0.078518714,0.81825882,6.368678975,4.92657088,4.008542907,5.103473043,5.573211718,5.940261423,0.006183356,0.005357442
0,0,0,0,0,0,0,0,0,0,0,0.006114664,0.004352922
0,0,0,0,0,0,0,0,0,0,0,0.011214066,0.002678721
0.101655274,0.352167969,2.089610938,0.013944502,0.304787919,3.87171793,5.186366737,6.869214475,3.91724974,4.004344762,4.156914235,0.013242041,0.004775112
0.122424316,0.357978821,2.042780196,0.113278109,0.630089394,4.156275021,4.984950241,5.560223237,4.317369662,4.748005111,5.595378879,0.016682308,0.232382139
0.301701932,0.152827962,2.452528774,0.189586828,0.714949476,4.552028795,4.500963102,5.523100297,5.489440719,5.25258409,5.844330847,0.020625738,0.326593034
0.178673231,0.244987047,2.473217843,0.212711796,0.640676465,4.592250737,4.400298228,5.195553504,5.634378634,5.756601115,6.315222874,0.024630046,0.432393263
0.147095676,0.265271946,2.371790419,0.235624705,0.646448425,4.49095659,4.630661661,5.378474777,5.507337908,5.34958531,6.259306769,0.028370254,0.48479567
0.237469815,0.197584833,2.375962002,0.203349487,0.660421618,4.835684752,4.558586793,5.152661858,5.606934631,5.629815931,6.176198522,0.031845041,0.496115972
0.145357792,0.197478168,2.451014115,0.299292944,0.587783559,4.816516042,4.244597891,5.38646667,5.97246501,5.764033634,6.532466732,0.035178956,0.570147208
0.24496304,0.194972941,2.305075835,0.198302755,0.706682775,5.037613134,4.237748838,4.882485745,5.422269781,5.715735257,6.200408106,0.038141817,0.516382382
0.211171495,0.179683648,2.366063411,0.22212474,0.68305236,4.830558729,4.115361305,5.08084208,5.875657415,5.676375274,6.379393848,0.040453099,0.610939445
0.174036079,0.208404405,2.389076458,0.235884364,0.492758864,4.643507391,4.119528136,5.194263564,6.053221844,5.573843193,6.142837481,0.042140059,0.658417733
0.256892733,0.145036407,2.371850994,0.213471153,0.606985114,4.89442617,4.235447269,5.191247695,5.737261502,5.37041996,6.072221423,0.043198593,0.611484792
0.368246315,0.05461792,2.283758709,0.176186637,0.599298071,5.424109751,3.87224657,4.596234209,6.148547488,5.929415349,6.262546731,0.043582726,0.649819087
0.204501333,0.168654049,2.432458475,0.275006045,0.614953816,4.713484097,4.248681684,5.212225159,5.644920775,5.613853849,6.12194277,0.043861475,0.602364304
0.152718725,0.182616687,2.503586672,0.333378547,0.490202548,4.932194866,4.332759449,5.158273926,5.516236512,5.394814248,6.062478047,0.043651398,0.497348359
0.211534627,0.214839478,2.370084908,0.170898184,0.644804827,4.657108657,4.343307868,4.693587214,5.434947848,5.408440031,5.865945801,0.042915121,0.432918557
0.247759951,0.1733238,2.380099464,0.172975655,0.713125722,4.765488761,4.591907723,4.698876909,5.306026714,5.537222266,5.858434779,0.041982878,0.413972834
0,0,0,0,0,0,0,0,0,0,0,0.041071165,0.359881597
0.343469292,0.174105577,2.105318293,0.0811581,0.708267759,5.673468212,4.640636214,4.353779423,5.256228455,5.56796637,5.902669505,0.040318042,0.391971439
0.334285346,0.05828654,2.237404186,0.188315142,0.702665782,5.164457525,4.402225749,4.831245683,5.30576277,5.496670008,5.710326766,0.039316781,0.404929348
0.287296077,0.134647545,2.308863745,0.180177271,0.601591303,4.973885636,4.453600095,5.045081496,5.164438612,5.605583278,5.768141462,0.038369555,0.391514519
0.282817708,0.102449609,2.09981682,0.231432051,0.674632648,4.880963442,4.612897055,4.986680857,5.123189966,5.228864985,5.614141731,0.037648425,0.40458705
0.355979339,0.061400028,2.100598581,0.196394285,0.714267041,5.266191293,4.719299488,4.740377896,5.234609311,5.598537883,5.631865589,0.036934875,0.394422282
0.221593889,0.186447948,2.324700458,0.184846979,0.678540435,4.903268564,4.564864107,4.954618963,5.078193182,5.566565917,5.85409507,0.036133662,0.32439138
0.318817074,0.118830695,2.278275257,0.174297661,0.644656647,5.194892234,4.242890488,4.585952078,5.710309725,5.439727824,5.915555145,0.035085004,0.360925425
0.352185873,0.079380208,2.347135526,0.218072199,0.658299818,5.207970816,4.835532284,4.626107443,5.24558689,5.577648342,5.808750558,0.034036856,0.298138215
0.258466711,0.177651796,2.369021134,0.168071854,0.604190185,5.061563918,4.331350276,4.842820939,5.755849697,5.636743674,6.143874686,0.032919798,0.427983012
0.349977309,0.136085325,2.173532719,0.087224265,0.722214349,5.264584885,4.273794139,4.8829226,5.53252691,5.302402251,5.970549787,0.031771448,0.369299382
0.28052294,0.116326497,2.345460193,0.174927897,0.676041653,5.281719993,4.033193038,4.983151446,5.824312231,5.58570243,6.163579268,0.03016074,0.3901966
0.429326375,0.044682617,2.093618992,0.108280399,0.666833589,5.731886148,4.687751517,4.835673198,5.47375375,5.974964946,5.943925306,0.028256107,0.253638358
0,0,0,0,0,0,0,0,0,0,0,0.02644481,0.203787157
0,0,0,0,0,0,0,0,0,0,0,0.024907866,0.175408833
0,0,0,0,0,0,0,0,0,0,0,0.024066931,0.164249089
0,0,0,0,0,0,0,0,0,0,0,0.023779001,0.177102066
0.342207031,0.068689779,2.635030672,0.239909108,0.635407925,5.560404778,3.597073257,4.011553347,5.566326797,5.470896721,5.493237138,0.024466779,0.206689265
0,0,0,0,0,0,0,0,0,0,0,0.026257755,0.196405421
0,0,0,0,0,0,0,0,0,0,0,0.028870413,0.197582695
0.332949707,0.115760417,2.330008029,0.171152099,0.718375584,5.198349893,4.696804577,4.381374687,5.228269297,5.236433059,5.864340174,0.03223535,0.262377048
0.34148949,0.050914171,2.423885845,0.213099447,0.660469668,5.322979981,4.157264687,4.56257131,5.836165051,5.78817824,6.294613736,0.03604215,0.3941515
0.25697819,0.083358724,2.434423226,0.276778907,0.56394214,5.244406551,4.055470157,4.742596683,5.973932275,5.957078564,6.593600053,0.039848484,0.524155285
0.256933361,0.170344432,2.32376066,0.172993437,0.684317971,5.188699966,4.593047698,4.91733152,5.430044623,5.56638853,6.056973114,0.043316282,0.426877739
0.379191525,0.087816051,2.261003829,0.107785527,0.722384879,5.65714737,4.460955403,4.233098193,5.501950459,5.711242746,6.312721317,0.046575893,0.404522864
0.321276042,0.081368453,2.241344047,0.157880406,0.74015375,5.449961676,4.327583465,4.39765246,5.711652292,5.737582866,6.15324235,0.049399663,0.474227291
0.359277657,0.092922739,2.205856588,0.102912497,0.701416699,5.495145933,4.094063193,4.352513938,5.839087308,5.717194358,6.180695075,0.050820868,0.440982863
0.325441189,0.059717014,2.277154991,0.177213065,0.712652568,5.365890284,4.277380248,4.533099985,5.586454642,5.685341322,6.3154326,0.051481701,0.458794882
0.074096137,0.188254123,2.350959538,0.350524083,0.633823973,5.071465795,4.529051001,5.340610887,5.420921261,6.162474195,6.413796763,0.051778615,0.390716099
0.476113462,0.054291811,2.082249814,0.055239759,0.73164351,6.229511274,4.343726575,3.462304966,5.440331148,5.672748135,6.335808343,0.051645961,0.344067431
0,0,0,0,0,0,0,0,0,0,0,0.051403981,0.336926933
0.314079319,0.0939898,2.456451223,0.185928653,0.6485372,5.148732563,3.792576055,4.58019938,5.353712956,5.89390715,6.240801255,0.050219566,0.379332847
0.061108128,0.267312417,2.198886999,0.282832222,0.626239574,4.135077019,4.77638643,5.681862573,4.554954216,5.055219928,5.804719975,0.048674405,0.435756909
0.167251941,0.141857458,2.367971476,0.301833288,0.598603077,4.779925237,4.150115597,4.989056349,5.553738325,5.689262562,6.25204134,0.046988193,0.537310581
0.31652553,0.057387056,2.351475949,0.225683351,0.613075953,5.468836652,3.817481575,4.592403914,6.128712309,5.817162424,6.191072954,0.045291793,0.598883052
0.172340133,0.086615398,2.373659548,0.327705194,0.604450272,4.770901369,3.889024273,5.241730866,6.008781923,5.765991875,6.29415268,0.043880567,0.62661044
0.136991374,0.096130227,2.46156585,0.38164898,0.582315079,4.658524254,3.889485679,5.451771736,6.115847817,5.935349994,6.335723653,0.042129278,0.622185265
0.141755741,0.177886186,2.452617952,0.357095296,0.557286353,4.890321607,4.283526529,5.140272661,5.827993144,5.872498328,6.432699529,0.040507495,0.534483297
0.30936301,0.154611274,2.235997869,0.198796748,0.711625116,5.475430894,4.702747601,4.466952812,5.362883002,5.453953906,6.078237214,0.038684331,0.502761045
0.250736374,0.046630627,2.408098709,0.314136503,0.636147076,4.942432838,3.94106343,5.144916662,6.103916875,5.502668049,6.099372063,0.036517628,0.626123322
0.236168891,0.067369792,2.491694612,0.299136917,0.677301072,4.807073923,3.963652129,5.164163255,6.287761152,5.768696686,6.346183234,0.03413495,0.624879773
0.391920166,0.080972087,2.144318482,0.094478116,0.634458758,5.498914838,4.173708662,4.499817983,5.650457174,5.72371918,6.044566244,0.031310868,0.429037496
0.301207217,0.109474982,2.412419431,0.231882081,0.58455985,4.971577082,4.499451944,4.626724192,5.379781399,5.676885188,6.209496924,0.02834267,0.530377402
0.217021963,0.169332108,2.432129225,0.224632296,0.678796794,4.762879968,4.429699712,4.947832139,5.058279823,5.382713458,5.951295649,0.025361769,0.422380581
0.293843181,0.239012451,2.085680933,0.013631433,0.873623804,6.663715154,4.518718034,3.415039711,5.038506314,5.270575046,6.051271796,0.022419227,0.281850471
0,0,0,0,0,0,0,0,0,0,0,0.019468034,0.238689625
0,0,0,0,0,0,0,0,0,0,0,0.016787533,0.218840415
0.325956656,0.099732322,2.257415265,0.203608756,0.750508532,5.439043586,4.43198853,4.381991851,5.833691824,5.726415219,6.114006395,0.014679175,0.049978286
0.34136556,0.046758306,2.278429277,0.203909736,0.757859392,5.526732348,3.967502924,4.541450542,6.181882363,5.650913728,6.078456214,0.012932805,0.102685485
0.302321388,0.069512993,2.171418584,0.281785644,0.582022723,5.22378988,4.305709125,4.694790177,5.627123136,5.491699439,6.008964093,0.011590304,0.400726091
0.219608724,0.152655274,2.217653986,0.243972722,0.577871818,4.849777579,4.317653429,4.73641479,5.343599963,5.332229388,6.14379195,0.010604068,0.221304951
0.473753255,0.168595703,2.010002974,0.043776437,0.641489118,6.618453693,4.694169927,3.777874839,4.889592182,5.730530405,6.232049751,0.009946674,0.122003588
0,0,0,0,0,0,0,0,0,0,0,0.009480453,0.073984218
0,0,0,0,0,0,0,0,0,0,0,0.009179902,0.066702053
0,0,0,0,0,0,0,0,0,0,0,0.008909209,0.05898541
0,0,0,0,0,0,0,0,0,0,0,0.008580889,0.058593297
0,0,0,0,0,0,0,0,0,0,0,0.008234683,0.058936655
0,0,0,0,0,0,0,0,0,0,0,0.007848177,0.062440293
0,0,0,0,0,0,0,0,0,0,0,0.007413195,0.063100893
0,0,0,0,0,0,0,0,0,0,0,0.006949231,0.068489353
0,0,0,0,0,0,0,0,0,0,0,0.006549755,0.067846707
0.413628201,0.063803304,1.99044723,0.237596717,0.708762173,5.420870773,4.68627579,4.492525488,5.14952947,5.403371707,5.693890765,0.00625886,0.119736567
0.275657552,0.094230753,2.429719149,0.346674156,0.616908137,5.075723492,4.441301323,4.994022764,5.447142526,5.678195909,6.142186031,0.005990005,0.170862725
0.156099918,0.158192845,2.549654481,0.344075755,0.575609605,4.286887059,4.59558821,5.543908088,5.242468796,5.639219632,6.148591387,0.005683827,0.198288516
0.201993815,0.213689874,2.453665268,0.210271557,0.702441716,4.202273474,4.556108005,5.428370805,4.674223037,5.260710197,5.852185908,0.005327436,0.129905957
0.174041341,0.296611979,2.319065575,0.106728805,0.749719712,4.371893275,4.201133335,5.367366993,4.941987181,5.243642366,5.337042379,0.004896558,0.00375021
0,0,0,0,0,0,0,0,0,0,0,0.004561842,0.002678721
0.412480469,0.047963867,1.961391336,0.043699683,0.7951907,5.687245727,5.289214373,4.277249217,4.634319305,5.521781683,4.776080728,0.003349883,0.003125175
0.498644206,0.046142578,2.113982621,0.077635549,0.932338704,6.125523925,4.987425923,4.038384259,4.388438702,4.757633567,5.230884671,0.003514522,0.007478911
0,0,0,0,0,0,0,0,0,0,0,0.003879818,0.023479258
0,0,0,0,0,0,0,0,0,0,0,0.004919491,0.028419082
0.336196615,0.189660156,2.053980001,0.053465589,0.889757706,5.604289544,5.438309467,4.291041332,4.130735457,5.053817672,5.056852204,0.005515334,0.034484678
0.377270711,0.15870992,2.068407511,0.068771219,0.884925367,5.840846613,5.086329155,4.529297516,4.687422358,4.944342531,5.872143537,0.006064187,0.045408159
0,0,0,0,0,0,0,0,0,0,0,0.006560791,0.039028161
0,0,0,0,0,0,0,0,0,0,0,0.006881028,0.002678721
0,0,0,0,0,0,0,0,0,0,0,0.007446136,0.00375021
0,0,0,0,0,0,0,0,0,0,0,0.007345807,0.017392127
0,0,0,0,0,0,0,0,0,0,0,0.007128502,0.021157719
0,0,0,0,0,0,0,0,0,0,0,0.006828967,0.017935711
0,0,0,0,0,0,0,0,0,0,0,0.00600516,0.006211803
0,0,0,0,0,0,0,0,0,0,0,0.005853853,0
0,0,0,0,0,0,0,0,0,0,0,0,0.002678721
0,0,0,0,0,0,0,0,0,0,0,0.010578581,0.002678721
0.144914773,0.345046461,2.178707877,0.053018413,0.662309744,4.359231662,5.225212379,5.423046264,4.196831281,5.010837961,5.070033041,0.013210051,0.22607001
0.239454427,0.17092806,2.342491627,0.200164383,0.684654039,4.658608788,4.597268599,5.043780065,5.476036054,5.546690953,5.903098202,0.016571021,0.339762739
0.254054954,0.199780126,2.376950513,0.172812697,0.683485647,5.183398716,4.345562106,4.914982235,5.911183238,5.665937261,6.239082217,0.020292029,0.474164621
0.212014838,0.150596381,2.487283332,0.240780602,0.596031111,5.017969792,4.244526024,5.184939528,6.179630438,5.795100212,5.914323767,0.023960985,0.591689808
0.25397895,0.192381004,2.388832182,0.18077465,0.547916438,5.103218989,4.100504117,4.82341775,6.150932219,5.911556833,6.26727228,0.027376318,0.602008024
0.240581869,0.211980678,2.43113041,0.178777186,0.620121131,4.619336028,4.186971337,5.007034783,5.987691607,5.598739607,5.918076004,0.030611778,0.57652224
0.235155313,0.161135328,2.348563176,0.220026443,0.583916469,4.85983899,4.229402622,5.107194994,6.00150881,5.599337643,6.056036839,0.033458274,0.587519739
0.316227856,0.144558876,2.294505834,0.143355758,0.707973591,5.249695774,4.315158731,4.562842742,5.722877283,5.517799145,6.159314195,0.03576079,0.604329469
0.194733073,0.174704784,2.414787901,0.24191266,0.688170078,4.626812007,4.015548553,5.040299966,5.950941446,5.596765564,6.143690121,0.037614502,0.653793308
0.327111003,0.10638057,2.363171597,0.149217004,0.550182398,5.14319083,4.16819083,4.897508687,6.168745001,5.81854639,6.09414536,0.038865179,0.641373416
0.214551533,0.171154535,2.373941907,0.267798786,0.646821506,4.761937744,4.171730417,5.126402185,5.862783987,5.555616234,6.170374384,0.039347626,0.624885001
0.228527474,0.138419271,2.351062432,0.260135681,0.634940616,4.819032066,4.021321127,5.146740789,5.976041317,5.656554425,6.105047626,0.039229255,0.630320646
0.16180846,0.211847618,2.379753301,0.303695878,0.570626054,4.774351656,4.234183003,5.104679585,5.943097444,5.592169688,6.258605585,0.03897021,0.562849748
0.390962201,0.072906326,2.205685591,0.183902344,0.761285144,5.682470199,4.287731981,4.381971871,5.86714652,5.727442584,5.872971647,0.038245529,0.474743704
0.377753906,0.133725044,2.099476434,0.085421145,0.799127495,5.673580984,4.33494172,4.695681046,5.55151099,5.2795736,5.675487578,0.037138514,0.385679327
0.180535843,0.350923032,2.203739005,0.217014219,0.666439306,5.29069978,4.799557792,4.308152914,4.900929848,5.345673793,5.824485819,0.035745904,0.417525781
0.220244141,0.361823731,2.190321324,0.253186284,0.738976467,5.322563768,4.81811291,4.067375154,5.512883276,5.453708411,5.860304833,0.034565575,0.355443097
0.31248622,0.203474718,2.040806671,0.110759249,0.619563972,5.140865682,4.754957505,4.688198447,4.591432528,5.381361675,5.720199243,0.033843473,0.342392637
0.302782505,0.188999256,2.084476029,0.130874017,0.618123046,5.125632874,4.687920485,5.173288039,5.114751594,5.500492556,5.808560712,0.033032533,0.336298633
0.210127767,0.183724772,2.223105191,0.168519271,0.587094173,4.448945043,4.768974513,5.449353759,5.001441575,5.138086051,5.434993042,0.032433443,0.332618456
0.178656761,0.175214844,2.026947111,0.305412373,0.656302132,4.196227557,5.047886636,5.676182582,5.081011625,5.084667507,5.493800456,0.031705189,0.358498646
0.279838719,0.208525391,2.231523931,0.083640383,0.698816796,5.252936862,4.655454007,4.568850349,5.420940952,5.690547,6.117821748,0.031102527,0.371108175
0.309797955,0.152621998,2.254638568,0.16873953,0.673769673,5.222938597,4.646057844,4.682751709,5.207821811,5.521052848,5.774630707,0.030781986,0.320223368
0.287919494,0.143059982,2.253626979,0.147201452,0.651304242,5.394945596,4.221858494,4.973343535,5.510632785,5.557566056,5.997699179,0.030257845,0.38163825
0.31980523,0.135993246,2.23180765,0.097539465,0.600893194,5.170121506,3.999188691,5.107626294,5.48027962,5.564432219,5.564778864,0.029638564,0.311433554
0.255905762,0.214607951,2.275484981,0.090785864,0.738745815,4.896325432,4.175436102,4.915231392,5.105435446,5.709000602,6.066889286,0.028648637,0.261845839
0,0,0,0,0,0,0,0,0,0,0,0.027492791,0.230426883
0,0,0,0,0,0,0,0,0,0,0,0.025835449,0.200624537
0,0,0,0,0,0,0,0,0,0,0,0.02392769,0.17842496
0,0,0,0,0,0,0,0,0,0,0,0.022041429,0.18189417
0,0,0,0,0,0,0,0,0,0,0,0.020507986,0.153217453
0,0,0,0,0,0,0,0,0,0,0,0.019827221,0.146025037
0,0,0,0,0,0,0,0,0,0,0,0.019739684,0.143960168
0,0,0,0,0,0,0,0,0,0,0,0.020464005,0.18101059
0,0,0,0,0,0,0,0,0,0,0,0.021885274,0.167463668
0,0,0,0,0,0,0,0,0,0,0,0.024109066,0.160303683
0,0,0,0,0,0,0,0,0,0,0,0.027327199,0.191738233
0.325463719,0.104826142,2.346015045,0.150830613,0.685620878,5.296549727,4.081583148,4.599749224,6.018186277,5.960162596,6.333089872,0.030725805,0.337289531
0.216707601,0.157350098,2.447848449,0.228282396,0.681891564,4.936488888,4.258024046,4.585592672,6.182456651,6.010523689,6.418005884,0.033873409,0.371151786
0.291333864,0.067293549,2.40566368,0.27651625,0.586210664,5.133684481,4.473208236,4.971417587,6.106227448,5.73319038,6.126223254,0.036849894,0.452525763
0.257090658,0.134510655,2.462798656,0.243522806,0.666800729,5.071110116,4.511779313,4.707024272,5.551263351,5.574300963,6.126381345,0.039671019,0.423239866
0.25277793,0.075424479,2.484803303,0.294028307,0.573357398,5.00639114,4.16087333,5.112554331,6.109701259,5.852447109,6.253506723,0.042004727,0.541974659
0.231389635,0.088644477,2.534823296,0.302635988,0.640546223,5.057338502,4.097794543,4.984505067,6.144923665,5.934570471,6.326601495,0.043340337,0.546577051
0.288192694,0.094700299,2.394696886,0.214388155,0.67675054,5.200767945,4.258369248,4.631827731,5.726890805,5.567646314,6.024610964,0.043949097,0.464801389
0.141697953,0.20750633,2.445928315,0.322497758,0.645866225,4.478767574,4.798061364,5.339126567,5.142350569,5.793663429,6.270237168,0.044008695,0.43290295
0.384638509,0.089289714,2.172867367,0.179311342,0.741839169,5.256217218,4.757819981,4.473384583,5.318632621,5.469485432,6.036918736,0.043728512,0.364494352
0.259546509,0.231048381,2.458587307,0.112142571,0.777119688,5.408323236,4.746528723,4.459446847,4.954875968,5.285867229,5.877691492,0.043577582,0.311710624
0,0,0,0,0,0,0,0,0,0,0,0.042874418,0.314942094
0.126174169,0.194557144,2.317873514,0.302640992,0.627841691,4.600869092,4.545380181,5.116729591,5.191252998,5.499996061,6.263572037,0.041738432,0.392684877
0.286294336,0.086951953,2.347034588,0.23240149,0.64152935,5.116423578,4.527046509,4.901259215,5.588947263,5.46920213,6.17853821,0.040572561,0.477542539
0.206588113,0.126903526,2.303614573,0.251574934,0.638578607,4.801337757,4.223626918,5.202596793,5.936789855,5.66228855,6.015757984,0.039615858,0.600198397
0.207943703,0.148389576,2.379438152,0.27409955,0.682739401,4.810147602,4.802316169,5.206404365,5.219158043,5.428541051,6.000334422,0.03900687,0.524249971
0.195867694,0.098345812,2.610885042,0.300224265,0.662058217,4.710672392,4.183122483,4.866500109,5.92728944,5.837383257,6.347148687,0.038099922,0.561456682
0.064754123,0.129017036,2.406607356,0.450789098,0.513917028,4.683262289,4.1364272,5.379248945,5.568602224,5.591449984,6.099518442,0.037004717,0.572503586
0.231267594,0.215631975,2.387963373,0.227747134,0.651879798,5.315163414,4.458156344,4.739314681,5.24675501,5.811875116,6.244508215,0.035679799,0.422791321
0.130094401,0.088978866,2.34115674,0.415990589,0.587635499,4.869995287,3.994918711,5.528680217,5.950423073,5.661392061,6.206782832,0.033988379,0.627594566
0.171286308,0.123084623,2.529664277,0.313531754,0.615786804,4.544629108,4.017820977,5.333717809,6.041738318,5.625745794,6.182024566,0.032140471,0.640041486
0.311921387,0.113710938,2.469931955,0.176719989,0.67593425,5.433280557,4.048619271,4.634806961,5.922427505,5.505463928,6.30153361,0.029829333,0.408231721
0.231999715,0.082682292,2.531280723,0.295199073,0.578487647,5.060549073,3.776945479,5.222845234,6.533972651,5.639275536,6.361267984,0.027294349,0.577182866
0.121517253,0.113334635,2.369871516,0.389920556,0.522133075,4.70891397,4.175113893,4.738762271,5.799495769,5.745818114,5.83281163,0.024774548,0.369760684
0.39327474,0.1272229,2.157988388,0.060584708,0.591520246,6.734628141,4.977865532,3.586657748,5.44993487,5.912850499,5.652251184,0.022097915,0.280573402
0,0,0,0,0,0,0,0,0,0,0,0.019565629,0.239180886
0,0,0,0,0,0,0,0,0,0,0,0.017330268,0.205650562
0.322712617,0.091755243,2.322208381,0.212172805,0.749355744,5.573021584,4.486385879,4.550185387,5.372769371,5.621242213,6.089890323,0.015440615,0.315498275
0.203124898,0.082585958,2.454627016,0.310940712,0.655761116,4.714614484,4.15642627,5.416022066,5.842203461,5.52921088,5.950963676,0.013868869,0.420045026
0.160728082,0.121149414,2.413782936,0.335532608,0.669972575,4.550466955,4.387829304,5.227471451,5.81287998,5.732786338,5.929402709,0.012693109,0.26903505
0.23927861,0.091162109,2.451269835,0.316781661,0.761093954,4.99819237,4.632880151,5.097212546,5.534178456,5.731765045,5.845599492,0.01167686,0.197499239
0.127509766,0.214656576,2.569260916,0.287005742,0.794619937,4.736482024,4.038173258,5.504462361,5.818245411,5.841091514,5.467299104,0.010887433,0.117857181
0,0,0,0,0,0,0,0,0,0,0,0.010354635,0.071594043
0,0,0,0,0,0,0,0,0,0,0,0.009977812,0.064259039
0,0,0,0,0,0,0,0,0,0,0,0.009625821,0.059534517
0,0,0,0,0,0,0,0,0,0,0,0.009206549,0.055962535
0,0,0,0,0,0,0,0,0,0,0,0.008772111,0.055392717
0,0,0,0,0,0,0,0,0,0,0,0.008286107,0.055566674
0,0,0,0,0,0,0,0,0,0,0,0.007730592,0.053590863
0,0,0,0,0,0,0,0,0,0,0,0.007181287,0.05892897
0.505135634,0.069478082,1.943424182,0.06797688,0.836407048,6.229723295,5.513116995,4.023296068,4.391005357,5.257657448,5.464959741,0.006728212,0.067248695
0.297125289,0.028617806,1.680240971,0.128417967,0.517985726,4.748442113,5.897969458,5.859367933,4.569435073,5.070927395,5.071332508,0.006373934,0.067455519
0.029848633,0.000108643,1.724512954,0.198197058,0.371658487,3.581696644,6.540750206,6.510193348,5.325531572,5.042319536,4.725141898,0.006070148,0.067756516
0.224861654,0.086980794,2.657062149,0.336808651,0.738811454,4.755802631,5.226190448,5.522250593,4.081328511,5.375181079,6.134832978,0.00576193,0.077493518
0.130696171,0.193839222,2.524782487,0.311760124,0.704097409,4.208580204,4.946995155,5.915942972,4.84440771,5.523057569,5.952938633,0.005409907,0.136486519
0.110076497,0.27662283,2.448005181,0.306574746,0.696376075,4.233450073,4.649491072,5.795043008,4.523825741,5.287229307,6.014260383,0.005021232,0.008279684
0,0,0,0,0,0,0,0,0,0,0,0.004491795,0.00508957
0,0,0,0,0,0,0,0,0,0,0,0.004149474,0.003348401
0,0,0,0,0,0,0,0,0,0,0,0.003093745,0.003348401
0,0,0,0,0,0,0,0,0,0,0,0.002789759,0.003605971
0,0,0,0,0,0,0,0,0,0,0,0.002530688,0.004018082
0,0,0,0,0,0,0,0,0,0,0,0.00235048,0.003879527
0,0,0,0,0,0,0,0,0,0,0,0.002116227,0.002976357
0,0,0,0,0,0,0,0,0,0,0,0.002801686,0.002678721
0,0,0,0,0,0,0,0,0,0,0,0.003016024,0.002678721
0.419573161,0.155065918,2.035570271,0.105153808,0.84846853,6.007566899,5.037475526,4.256124928,3.626069188,4.972051814,5.529200017,0.003341373,0.004687762
0.508696832,0.089947645,1.702227763,0.033497433,0.788443475,6.328697224,4.57799992,4.259923453,4.108222912,4.751007388,5.404495408,0.003656044,0.025271177
0.198461914,0.378828125,1.946665574,0.028279849,0.603051319,4.955218673,5.274898171,4.701334715,4.00784117,4.161672294,4.514286757,0.005278504,0.034329848
0.241611654,0.228261556,2.113750653,0.057730326,0.903480613,5.519609714,5.005902332,4.445082003,4.326642978,4.884467739,5.204703724,0.005862006,0.039584637
0.186888951,0.169538342,2.337148096,0.228070433,0.752531796,4.602249644,4.744737221,5.448591952,5.201625735,5.733622542,5.775463462,0.006427768,0.065302623
0.190169813,0.167588162,2.383897865,0.297062175,0.844913578,4.712522,4.728080253,5.485460361,4.750267446,5.121793091,5.823901852,0.006901581,0.054769928
0.237753093,0.190380453,2.367954986,0.224895687,0.868817123,4.922164001,5.446440071,5.275815472,4.217267513,4.630120784,4.800248131,0.007249721,0.012716746
0,0,0,0,0,0,0,0,0,0,0,0.007454468,0.002678721
0,0,0,0,0,0,0,0,0,0,0,0.007332064,0.00375021
0,0,0,0,0,0,0,0,0,0,0,0.007007956,0.003101677
0,0,0,0,0,0,0,0,0,0,0,0.006604856,0
0,0,0,0,0,0,0,0,0,0,0,0.008720217,0.002678721
0.202215317,0.334462447,2.252946279,0.106512612,0.660860969,4.900998359,4.911741327,4.801597552,4.383535607,5.227817676,5.424639431,0.01034106,0.008750489
0.230187934,0.228809028,2.399553158,0.150498749,0.725443192,4.973219514,4.455439794,5.046918217,5.381163939,5.830258306,6.221862006,0.012878031,0.253432212
0.25372857,0.151958889,2.431977186,0.235633795,0.681413234,4.987098654,4.212667584,4.892960759,5.904677252,6.020436793,6.446063767,0.016066749,0.386146328
0.186456938,0.198968409,2.398820092,0.234792383,0.615060559,5.158436386,4.251776763,5.107137538,6.023897478,5.996031177,6.375605197,0.019405255,0.556619123
0.255336216,0.191460116,2.424243176,0.168076055,0.639723202,5.252162689,4.296120178,4.374742147,5.941147725,5.862068029,6.274828389,0.022658085,0.50159406
0.17805721,0.146475586,2.459072282,0.305414313,0.520447025,4.7404522,4.177260926,5.224636942,6.29005205,5.690187997,6.1341672,0.025848404,0.673483748
0.204409993,0.20940328,2.399916049,0.214234077,0.56053923,4.654327862,4.09187175,5.18412783,5.814952329,5.703500439,6.260939494,0.028676566,0.648356998
0.137162611,0.238762546,2.342234724,0.242705446,0.594389082,4.762938622,4.530183216,5.193387501,5.873767711,5.681860405,6.171646409,0.030937994,0.621605481
0.239654677,0.17806661,2.471318544,0.20225738,0.636115717,4.727390093,4.118115447,5.009312389,5.812097629,5.343296183,5.833788981,0.032692794,0.587010537
0.291585174,0.09957396,2.372956373,0.206280487,0.588201634,4.995005766,3.964427688,4.86802578,6.074298071,5.778162769,6.198114523,0.03424992,0.641569117
0.316375756,0.08062074,2.339815585,0.208242102,0.486663705,5.29233487,3.77296689,4.848599341,6.365226574,6.036204305,6.306824286,0.034916595,0.591424768
0.212237017,0.144472594,2.436471044,0.280171781,0.613875957,4.907295743,4.305375345,5.13466349,5.944973563,5.608792046,5.964742285,0.035020478,0.576021532
0.057581163,0.245150391,2.352298047,0.388697029,0.565905319,4.466377358,4.682601404,5.561098838,5.410989263,5.413221705,6.283704988,0.034560371,0.558213857
0.348591644,0.059917279,2.298548759,0.170695826,0.690098236,5.337883444,3.974981206,4.738522354,6.278285209,5.843918327,6.225869249,0.033727698,0.518847542
0.299318267,0.127082403,2.324269099,0.190773016,0.758508088,5.065017717,4.387035315,4.941040137,5.693597223,5.766334023,6.005828947,0.032899059,0.500858274
0.373588984,0.109714241,2.205527627,0.140947456,0.723593887,5.356890483,4.561488024,4.226899449,5.886519568,6.003849932,6.26375699,0.031486209,0.378979307
0.362621053,0.157780965,2.2110438,0.130398373,0.685427353,5.23982399,4.668949112,4.8478182,5.106107622,5.613458216,6.446824357,0.030183982,0.360718486
0.378944692,0.131079799,2.086543371,0.10266746,0.673532985,5.733820592,4.675164175,4.223502219,5.410138545,5.816708068,6.331223726,0.028838441,0.401904912
0.289091254,0.163346246,2.103996692,0.172350516,0.640968123,4.901064726,4.857325486,4.829303861,4.992828608,5.110679785,5.621840998,0.028125327,0.325676506
0.258839347,0.179474798,2.356430408,0.174399909,0.705311337,5.076102185,4.309355086,4.807661056,5.427179465,5.7815428,6.255533601,0.027695613,0.332269238
0.124109375,0.238407444,2.409825756,0.291445009,0.672175386,4.647714432,4.605510791,5.621001323,5.174445017,5.856920767,6.333400615,0.027215522,0.326374321
0.274202406,0.170347765,2.307324066,0.1523338,0.596402065,5.043759791,4.195676712,4.696013497,5.591740489,5.654042577,6.145359327,0.026732223,0.384731771
0.241790771,0.195205383,2.384907666,0.15632123,0.633583976,5.197889974,4.402177259,4.677361954,5.679796114,5.766780347,6.028986715,0.026226096,0.366694213
0.315786904,0.075875137,2.358674472,0.19725164,0.678838043,5.221810146,4.06778789,4.663795819,6.144036795,5.79754036,6.084089254,0.026248205,0.378142702
0.452902995,0.00665625,2.081960257,0.110792357,0.616650463,5.695710468,4.068173778,4.549331403,6.08923828,5.53042922,6.003792834,0.025930438,0.313804957
0,0,0,0,0,0,0,0,0,0,0,0.025417378,0.237467508
0,0,0,0,0,0,0,0,0,0,0,0.024448428,0.201749803
0,0,0,0,0,0,0,0,0,0,0,0.023020778,0.182398095
0,0,0,0,0,0,0,0,0,0,0,0.021557188,0.17053181
0,0,0,0,0,0,0,0,0,0,0,0.019577265,0.160119497
0,0,0,0,0,0,0,0,0,0,0,0.017812869,0.148059189
0,0,0,0,0,0,0,0,0,0,0,0.016413588,0.136350705
0,0,0,0,0,0,0,0,0,0,0,0.015790936,0.128918926
0,0,0,0,0,0,0,0,0,0,0,0.016115358,0.123642232
0,0,0,0,0,0,0,0,0,0,0,0.016767368,0.130494129
0,0,0,0,0,0,0,0,0,0,0,0.018083267,0.134196914
0,0,0,0,0,0,0,0,0,0,0,0.020122785,0.143114219
0,0,0,0,0,0,0,0,0,0,0,0.022841774,0.152532711
0,0,0,0,0,0,0,0,0,0,0,0.025650036,0.18046768
0,0,0,0,0,0,0,0,0,0,0,0.02819551,0.21106883
0.372913787,0.052254232,2.197373285,0.139636631,0.791415355,5.399721843,4.4419742,4.944775329,5.697215378,5.521524617,5.865465746,0.030777331,0.276365787
0.359649522,0.067367621,2.380503751,0.209994542,0.701737738,5.104855736,5.045839151,4.927711348,4.747994085,5.271911999,5.807010134,0.032780513,0.239067157
0.406777525,0.057622251,2.242073406,0.169837584,0.532368268,5.424075279,4.405319704,4.126048618,5.381333722,5.488612235,5.793218348,0.034569576,0.26028401
0.27128976,0.070808803,2.42543307,0.280391638,0.62931884,4.918389572,4.504080806,4.931906445,5.538737084,5.851401729,6.212983783,0.035874024,0.458649579
0.25230674,0.129394531,2.431249418,0.250987352,0.617683773,5.013020154,4.876473059,4.70483553,5.193146252,5.539881856,6.200195364,0.03631055,0.421907633
0.271546689,0.114104198,2.346956284,0.200683786,0.714340043,4.951160564,4.400018868,4.877060791,5.880153219,5.818303775,6.23711385,0.036241226,0.453358565
0,0,0,0,0,0,0,0,0,0,0,0.035703722,0.326740138
0.234555199,0.18093099,2.329794662,0.200904031,0.804431349,4.638867949,4.663915847,5.233888643,4.938544486,5.411081357,6.201473142,0.035615887,0.28537926
0.158716363,0.211002152,2.391854819,0.235002289,0.741749397,4.589159934,4.530053149,5.284529626,4.965718799,5.559436328,6.107524508,0.035116401,0.351032375
0.184997233,0.148087809,2.19504764,0.267194264,0.612588965,5.044920623,4.820204794,5.057448423,4.810455243,5.151177412,5.741136482,0.034461468,0.383977385
0.437856445,0.046076172,2.07605558,0.254644288,0.659055129,5.397417069,4.427385593,4.611358082,5.165173352,5.405146432,6.116523719,0.033900239,0.360727135
0.210069987,0.104816081,2.273791188,0.366191088,0.736768873,4.580625772,4.184532249,5.640451896,5.615768373,4.965880275,5.691856623,0.033545393,0.418805919
0.202806729,0.112584635,2.396837569,0.329071896,0.659098838,4.545059947,5.039552385,5.673408887,4.923927976,5.310246712,5.779460343,0.033603705,0.464740258
0.251586052,0.132800628,2.416904278,0.209481013,0.662182512,4.966602264,4.467685174,4.957356944,5.595219384,5.608230647,6.061424028,0.033411454,0.503611667
0.178070679,0.175759684,2.358516949,0.250455612,0.582162101,4.780288927,4.38795194,5.112254568,5.875071995,5.770777419,6.189007198,0.03297995,0.480145606
0.254296115,0.218870877,2.483432335,0.202481745,0.763349922,5.112477946,5.138733594,4.683463506,4.757220435,5.618454126,5.815554611,0.032073546,0.412330757
0.269573364,0.068317464,2.474296858,0.243362676,0.579668535,4.927105412,4.144021906,5.069752216,5.75829275,5.749457426,5.834592223,0.030902892,0.557013028
0.236285342,0.065556408,2.457101084,0.290994267,0.528585547,4.84132452,3.970743237,5.289914304,6.012743274,5.799454087,6.231985864,0.029504243,0.599086816
0.307915955,0.0581073,2.420613561,0.258782659,0.70222322,5.469911497,4.124364097,4.528331637,6.103285499,5.836263798,6.251697555,0.027781988,0.520935378
0.275838487,0.059706217,2.365574729,0.239615701,0.674640338,5.0553366,3.962793107,4.662244956,6.176032389,5.636601011,6.026717638,0.025827141,0.647268124
0.142768148,0.127136231,2.462706981,0.349777221,0.779090092,4.408979036,4.756654993,5.551056192,4.724275797,4.724834979,5.214300216,0.023671439,0.376444081
0,0,0,0,0,0,0,0,0,0,0,0.021476496,0.276126597
0,0,0,0,0,0,0,0,0,0,0,0.019417405,0.236356071
0,0,0,0,0,0,0,0,0,0,0,0.017608734,0.205541678
0,0,0,0,0,0,0,0,0,0,0,0.015965188,0.175835271
0.15063151,0.050489909,2.384480745,0.276744343,0.458482284,4.428873181,4.306689739,4.872773767,5.878471136,5.848241568,6.311954975,0.014610235,0.164248091
0.172068685,0.164440104,2.602535172,0.293151046,0.836596074,4.264513493,4.716003299,5.654708385,5.188005567,4.795151353,4.786930323,0.013494547,0.149600559
0,0,0,0,0,0,0,0,0,0,0,0.012429036,0.102922812
0,0,0,0,0,0,0,0,0,0,0,0.01154542,0.084217353
0,0,0,0,0,0,0,0,0,0,0,0.010946113,0.070656968
0,0,0,0,0,0,0,0,0,0,0,0.010464272,0.062287381
0,0,0,0,0,0,0,0,0,0,0,0.010004432,0.057790151
0,0,0,0,0,0,0,0,0,0,0,0.009524647,0.055252008
0,0,0,0,0,0,0,0,0,0,0,0.009013845,0.053726848
0,0,0,0,0,0,0,0,0,0,0,0.008411185,0.053801056
0,0,0,0,0,0,0,0,0,0,0,0.007769399,0.054267188
0,0,0,0,0,0,0,0,0,0,0,0.007179922,0.055460085
0,0,0,0,0,0,0,0,0,0,0,0.006678902,0.057721689
0,0,0,0,0,0,0,0,0,0,0,0.00630314,0.06066668
0,0,0,0,0,0,0,0,0,0,0,0.005979896,0.064282086
0,0,0,0,0,0,0,0,0,0,0,0.00568042,0.06737408
0,0,0,0,0,0,0,0,0,0,0,0.00532617,0.089243952
0.333114746,0.13994515,2.272037731,0.186070134,0.661663912,5.148972243,4.934595335,5.111861843,4.896999139,5.182369387,5.5358841,0.004927732,0.130305017
0.157035482,0.263292318,2.263497211,0.144191579,0.600403696,4.022908044,5.002862203,5.815712023,4.454331291,5.023249543,5.464571345,0.004519566,0.138686752
0,0,0,0,0,0,0,0,0,0,0,0.004102833,0.003694788
0,0,0,0,0,0,0,0,0,0,0,0.003835767,0.004520342
0,0,0,0,0,0,0,0,0,0,0,0.003462818,0.004400756
0,0,0,0,0,0,0,0,0,0,0,0.003277344,0.161983574
0,0,0,0,0,0,0,0,0,0,0,0.003122728,0.003490455
0,0,0,0,0,0,0,0,0,0,0,0.00284949,0.00344407
0,0,0,0,0,0,0,0,0,0,0,0.003528154,0.002678721
0,0,0,0,0,0,0,0,0,0,0,0.00346452,0.002678721
0,0,0,0,0,0,0,0,0,0,0,0,0
0,0,0,0,0,0,0,0,0,0,0,0.002038219,0.002678721
0.283845703,0.221225912,2.14257995,0.088711575,0.911033988,5.446085191,5.198960304,4.606928134,3.93718729,4.741109335,5.03641994,0.002193619,0.002678721
0.264333903,0.280322266,2.164181758,0.134651378,0.925947076,5.602605939,4.953135014,4.261141047,3.620535195,4.197057203,4.923691913,0.002437118,0.004209419
0.406960333,0.241181873,1.896656004,0.028145124,0.840504792,5.683282631,4.92457022,4.259397013,3.68816351,4.034782078,4.942724994,0.002729187,0.017015986
0.359947029,0.132139412,1.942063357,0.078311779,0.750925944,5.621331025,4.91174984,4.853232774,4.375801878,4.821917593,5.681155085,0.003034235,0.024537573
0.542404785,0.073337403,1.600421242,0.023689032,0.872866621,5.844661772,5.336333186,4.415750832,3.955811054,5.354005039,5.409215152,0.003369059,0.02701407
0.334260817,0.191465595,2.049826127,0.076617697,0.84689897,4.943640911,5.20457928,4.659472736,4.293069757,5.096475147,5.184003628,0.005599924,0.050547682
0.29376571,0.197098053,2.143743441,0.124173781,0.729467686,5.228260369,4.966832254,4.474385803,4.749600719,5.42059278,5.832915267,0.006179539,0.075440058
0.158146159,0.316144058,2.136113785,0.153018028,0.840355633,4.887663332,4.987262157,5.260652623,4.528237587,4.513786343,5.489600415,0.006729965,0.054885097
0.244982213,0.244690406,2.167978254,0.088160786,0.913237386,5.317740675,4.860256174,5.054440979,4.078343858,4.704445796,5.38134124,0.007180622,0.053508302
0.139317491,0.263548177,2.357740981,0.240750511,0.740871609,4.669201195,4.742648906,5.195121765,4.657042967,4.582831939,5.069199714,0.007463621,0.008184981
0,0,0,0,0,0,0,0,0,0,0,0,0.002678721
0.179240606,0.36237607,2.148982211,0.083945713,0.732183412,4.63754731,5.109781661,5.306340282,4.357306557,5.273248149,5.895052007,0.008042957,0.010045204
0.315467123,0.268798421,2.11245861,0.127751774,0.704917267,5.269301795,5.202658907,4.644368917,3.80310972,4.483886614,4.877920531,0.009812856,0.061094104
0.272811874,0.213891476,2.396122451,0.138050185,0.575548949,4.571617695,4.343908539,4.831630468,5.240865845,5.535646549,6.016185353,0.012306746,0.274085585
0.177765661,0.269617151,2.341944664,0.178689914,0.603494477,4.722163655,4.291028102,5.062752214,5.668175527,5.781146233,6.275175055,0.015124266,0.398911941
0.190309073,0.215391482,2.493738492,0.254516475,0.657331437,4.935433598,4.432320074,5.055900847,5.708944258,5.686600792,6.27704365,0.017987179,0.481295708
0.221903355,0.174877159,2.392070831,0.218535347,0.564120673,5.146548215,4.214464984,4.607112063,5.903941522,5.867244702,6.414242199,0.020915171,0.565346448
0.191864358,0.224387645,2.325178182,0.195661059,0.621349348,5.020139878,4.362303372,5.012550678,5.910478475,5.909287081,6.267258204,0.023824714,0.601332109
0.152971709,0.249930013,2.451063014,0.202852027,0.54314826,4.856534654,4.379847765,5.292021334,5.935523163,5.726641823,6.222854376,0.026111288,0.641205257
0.058626302,0.184277344,2.557532252,0.426192716,0.626263973,4.802829683,3.926083068,5.536688248,6.032814145,5.432103475,5.655880292,0.027909189,0.597293068
0.234880414,0.16610994,2.350057504,0.218679916,0.583110234,4.874855915,4.314921434,5.17386119,5.79150801,5.539114921,6.145849774,0.029286575,0.596500953
0.201724803,0.180309041,2.392208839,0.2736267,0.639151041,4.727373348,4.472261744,5.158135889,5.676263478,5.395452328,6.058027636,0.030273773,0.613600364
0.204563599,0.163452962,2.413419656,0.267626944,0.507801413,4.898989385,4.096492637,5.081354957,6.098121338,5.564606212,6.123679042,0.030675787,0.602325509
0.073823763,0.179774544,2.286659211,0.396808765,0.51844945,4.433116636,3.933403766,5.392621663,5.963030105,5.547348039,6.092041297,0.030397266,0.592784781
0.283244504,0.117889248,2.417517464,0.206377497,0.711592311,5.022003174,4.115580644,4.843296409,6.033239447,5.78297102,6.088196195,0.02977502,0.622236336
0.278941605,0.091172056,2.338421404,0.214909706,0.649472091,5.175947222,4.018944691,5.218164596,6.151202659,5.730225699,6.010673304,0.028638225,0.538670599
0.269003199,0.16437776,2.394915938,0.191241803,0.592419193,5.126337624,4.159344665,4.638007983,5.831566238,5.93398166,6.197939702,0.027592963,0.519162405
0.338360746,0.143240817,2.304256074,0.151184459,0.66152636,5.488961518,4.727449317,4.601778112,5.435584106,5.719059972,6.024038673,0.026293468,0.408130911
0.340288954,0.176020399,2.268571807,0.117291831,0.632838178,5.172754137,4.641059987,4.753875661,5.547727005,5.846890509,6.189836677,0.024963802,0.427297836
0.279236593,0.159948881,2.231924813,0.191545467,0.61268946,4.813192337,4.894059203,4.871112004,5.108405802,5.403725002,5.906968455,0.023971513,0.348163214
0.285130459,0.201788486,2.38411721,0.132348271,0.711947724,5.4717856,4.536561177,4.636398031,5.497662998,5.735297121,6.108523488,0.023325488,0.306706149
0.303227156,0.097180128,2.304982828,0.192976737,0.648482631,5.378583933,4.388806529,5.186641521,5.616225947,5.778182198,6.413472919,0.02324266,0.373114471
0.235576986,0.132430626,2.279583787,0.217017516,0.637360286,4.845285557,4.66481667,5.230709627,5.449816085,5.832903281,5.816821188,0.022885626,0.346953601
0.290120317,0.169133363,2.265029506,0.141211033,0.663835803,5.061003983,4.342056439,4.448647715,5.599671882,5.780727918,6.510537248,0.022503205,0.355152768
0.240642192,0.179109802,2.347954537,0.177256281,0.678566093,5.123664927,4.021470975,4.527040865,5.90775691,5.672523688,6.218447462,0.022264292,0.40837135
0.349324056,0.062027995,2.292050211,0.148555179,0.645256502,5.43551684,3.967791987,4.719004756,5.784092426,5.835930443,5.702620637,0.022097211,0.285657249
0,0,0,0,0,0,0,0,0,0,0,0.022013526,0.195283725
0,0,0,0,0,0,0,0,0,0,0,0.021450248,0.220113494
0,0,0,0,0,0,0,0,0,0,0,0.020435957,0.188562376
0,0,0,0,0,0,0,0,0,0,0,0.019051004,0.168249369
0,0,0,0,0,0,0,0,0,0,0,0.01749956,0.156299494
0,0,0,0,0,0,0,0,0,0,0,0.015828868,0.148010275
0,0,0,0,0,0,0,0,0,0,0,0.014136136,0.133136784
0,0,0,0,0,0,0,0,0,0,0,0.013037636,0.120436312
0,0,0,0,0,0,0,0,0,0,0,0.012660692,0.116512665
0,0,0,0,0,0,0,0,0,0,0,0.013138725,0.114218078
0,0,0,0,0,0,0,0,0,0,0,0.014004374,0.118259339
0,0,0,0,0,0,0,0,0,0,0,0.015330612,0.123727864
0,0,0,0,0,0,0,0,0,0,0,0.017194418,0.133209705
0,0,0,0,0,0,0,0,0,0,0,0.019235207,0.144905753
0,0,0,0,0,0,0,0,0,0,0,0.021497574,0.156997948
0,0,0,0,0,0,0,0,0,0,0,0.023621716,0.170158529
0,0,0,0,0,0,0,0,0,0,0,0.02545342,0.182738598
0,0,0,0,0,0,0,0,0,0,0,0.02685917,0.192080211
0,0,0,0,0,0,0,0,0,0,0,0.027951276,0.223980968
0.329812012,0.078973389,2.303676437,0.145280984,0.748022863,5.631853119,4.275482938,4.488278903,5.618120134,5.860701278,6.096151412,0.029151371,0.304013562
0.238863932,0.19722914,2.160845621,0.200993816,0.669298956,4.929067515,4.839993988,4.721619785,4.80638662,5.225657265,5.715288217,0.029312743,0.254259516
0,0,0,0,0,0,0,0,0,0,0,0.029028442,0.245970874
0,0,0,0,0,0,0,0,0,0,0,0.028486859,0.221813177
0,0,0,0,0,0,0,0,0,0,0,0.027891245,0.243263996
0.419745687,0.047801921,2.23685336,0.13531549,0.677694969,5.578886956,4.533034131,4.115898996,5.566375733,5.435021058,5.912139982,0.027832441,0.295474703
0,0,0,0,0,0,0,0,0,0,0,0.027429843,0.263373921
0,0,0,0,0,0,0,0,0,0,0,0.027467215,0.258974243
0,0,0,0,0,0,0,0,0,0,0,0.027633891,0.299836168
0.218690186,0.159394735,2.275977148,0.249280973,0.522967071,4.353797905,4.535427719,5.209094003,5.203416623,5.045924559,5.485325709,0.027961748,0.412679721
0.133555501,0.264256836,2.516997056,0.218902472,0.75488513,4.313769364,4.809181374,5.354524153,4.684231603,4.927109778,5.43385669,0.028588787,0.409576288
0.356372071,0.066219889,2.264598073,0.137133052,0.853801417,5.265661002,3.971024991,4.046891302,5.583243609,5.806888819,5.893435896,0.028472831,0.403053404
0.325846354,0.118944227,2.26780383,0.200042013,0.70165257,5.215408875,4.665281216,4.792913702,4.860737238,5.245667265,5.774351206,0.02811503,0.495204169
0.198550799,0.063083406,2.34657204,0.313247444,0.635122114,4.720091873,4.08910655,5.200402488,5.971043931,5.861578862,6.21793134,0.02742783,0.596739879
0.284083022,0.051990277,2.346937129,0.275699769,0.711702794,5.004706131,4.449469969,4.894091008,5.794286443,5.566032272,6.076577715,0.026496083,0.575091215
0.314973551,0.048870341,2.270943313,0.232556461,0.74936435,5.19270948,4.40899694,4.859383188,5.602024488,5.59586845,6.096056782,0.025482375,0.506797312
0.203315837,0.094870199,2.400455486,0.294423916,0.633232538,4.58149761,4.104776893,5.343662173,5.932396926,5.432921581,5.68597953,0.023990914,0.54886341
0.247541441,0.170547251,2.333661051,0.211903014,0.678927658,4.722147877,4.65770704,5.166430469,5.113164828,5.165911207,5.748192585,0.022348085,0.423164828
0,0,0,0,0,0,0,0,0,0,0,0.02061208,0.27147225
0,0,0,0,0,0,0,0,0,0,0,0.019042674,0.232848637
0,0,0,0,0,0,0,0,0,0,0,0.017587261,0.204736355
0,0,0,0,0,0,0,0,0,0,0,0.016239857,0.176775542
0,0,0,0,0,0,0,0,0,0,0,0.015101769,0.152264062
0,0,0,0,0,0,0,0,0,0,0,0.013969309,0.127871311
0,0,0,0,0,0,0,0,0,0,0,0.012854309,0.107925877
0,0,0,0,0,0,0,0,0,0,0,0.011946358,0.097476456
0,0,0,0,0,0,0,0,0,0,0,0.011238587,0.070527032
0,0,0,0,0,0,0,0,0,0,0,0.010612683,0.061056728
0,0,0,0,0,0,0,0,0,0,0,0.010058466,0.056382254
0,0,0,0,0,0,0,0,0,0,0,0.009521652,0.053875188
0,0,0,0,0,0,0,0,0,0,0,0.008930945,0.052353494
0,0,0,0,0,0,0,0,0,0,0,0.008250898,0.052301923
0,0,0,0,0,0,0,0,0,0,0,0.007554304,0.053072125
0,0,0,0,0,0,0,0,0,0,0,0.006925385,0.053609969
0,0,0,0,0,0,0,0,0,0,0,0.006393795,0.055530361
0,0,0,0,0,0,0,0,0,0,0,0.006012036,0.058386893
0,0,0,0,0,0,0,0,0,0,0,0.005722222,0.062567431
0,0,0,0,0,0,0,0,0,0,0,0.005435329,0.068316912
0,0,0,0,0,0,0,0,0,0,0,0.00512024,0.079903345
0.41892334,0.142245687,2.012042209,0.064245976,0.606294134,5.24319946,4.590441749,4.757424176,4.483832341,5.126268469,5.410558157,0.004781991,0.095653641
0.169586235,0.141410921,2.318590633,0.273704661,0.616249344,4.073390621,4.972077353,5.81945163,4.632230823,5.161211229,5.397605121,0.004459691,0.117351103
0.161656997,0.110135762,2.352278896,0.315063941,0.660097425,3.906125659,4.773586676,5.704655602,4.314077777,4.987332397,4.971400811,0.00417442,0.132150737
0.109922852,0.219954753,2.490864233,0.243877326,0.698133512,3.755736971,5.067232442,5.773661745,3.479260462,4.962262439,5.203008008,0.003970262,0.060306686
0,0,0,0,0,0,0,0,0,0,0,0.003862716,0.050385396
0,0,0,0,0,0,0,0,0,0,0,0.003825468,0.0041669
0,0,0,0,0,0,0,0,0,0,0,0.003642114,0.003571628
0,0,0,0,0,0,0,0,0,0,0,0.004390914,0.003348401
0,0,0,0,0,0,0,0,0,0,0,0.004211496,0.002946593
0,0,0,0,0,0,0,0,0,0,0,0.004300892,0.011174911
0,0,0,0,0,0,0,0,0,0,0,0,0.002678721
0.13222726,0.299491722,2.23836916,0.18034707,0.879706064,5.198054041,5.327568676,4.708585816,4.099963307,4.636406456,5.080904118,0.002375728,0.045753959
0,0,0,0,0,0,0,0,0,0,0,0.002614994,0.031741714
0,0,0,0,0,0,0,0,0,0,0,0.002855059,0.023463415
0.412225379,0.153861861,1.878024836,0.009777144,0.926555884,5.69796534,4.862845968,4.721733971,4.329157038,5.129887131,5.996642362,0.003109915,0.026959737
0.50015625,0.081914063,1.729646204,0.019536593,0.972402452,5.783678889,4.547653913,3.910366893,4.844451666,5.10842824,5.537852407,0.003456286,0.025275043
0,0,0,0,0,0,0,0,0,0,0,0.003961445,0.024295409
0.297423038,0.22679455,1.997886701,0.041547248,0.679782884,5.172822935,5.26097336,4.769082402,4.500011921,5.02721371,5.151518541,0.005244442,0.037701631
0.341563766,0.172863137,2.08194246,0.091332789,0.729799696,5.532032162,5.230654693,4.57441827,4.592807515,5.08746732,5.599479669,0.005853204,0.06515418
0.158868544,0.262612938,2.248962506,0.207483662,0.813079563,4.845474664,4.804536737,5.356382877,4.499316381,5.06830885,5.121398247,0.006458925,0.074446854
0,0,0,0,0,0,0,0,0,0,0,0.006986931,0.051638462
0,0,0,0,0,0,0,0,0,0,0,0.007382746,0.043209034
0.225838054,0.316649414,2.049426186,0.05126848,0.858894493,5.139343864,5.66623109,5.344660467,4.302906078,4.552058661,5.130108649,0.007622784,0.003571628
0.148599795,0.329415458,2.230852541,0.207530348,0.783750104,4.46398658,5.109497811,5.373645331,4.178227944,4.939502205,5.600186109,0.006845523,0.008036164
0.282125326,0.289561686,2.067348369,0.119714279,0.764561707,5.174944693,5.345598275,5.009179586,4.294775006,4.872418869,5.403897041,0.007740809,0.026438447
0.201225261,0.321919271,2.123263507,0.111903485,0.753969768,4.350435925,4.768452573,5.091275024,4.409823525,5.340179658,5.617995071,0.009459048,0.180898183
0.189087791,0.257887245,2.318396388,0.204251679,0.839286421,4.956171476,5.270158639,4.932896426,4.628944117,5.431474438,5.593832419,0.011510709,0.210588334
0.275334589,0.245242746,2.243640782,0.099917613,0.688419221,4.745107089,4.473316099,4.910146705,5.06161247,5.359179548,5.765475716,0.013755905,0.2735316
0.138553776,0.244827474,2.37085896,0.247876589,0.623929524,4.640293057,4.353502624,5.127217967,5.805175645,5.585991275,6.337056711,0.016203651,0.522125951
0.18358474,0.212937012,2.339598104,0.225833149,0.610457388,4.647695233,4.097873202,5.068931976,5.882305511,5.645261862,6.228773573,0.018780079,0.586164043
0.151971814,0.209170371,2.430919325,0.269630503,0.55557765,4.666292047,4.304905628,5.378143454,6.168755375,5.755966055,6.349736251,0.021217667,0.573590509
0.253577677,0.147977295,2.376782309,0.230887204,0.511469838,5.303836543,4.56015553,4.774470217,5.767242722,5.905937567,6.028831191,0.023184452,0.578657051
0.317952918,0.118245295,2.469316906,0.138383826,0.592398245,4.714108689,4.014835423,4.922609643,5.970684908,5.832664511,6.197045543,0.024658846,0.562202348
0.256636891,0.14460612,2.430243016,0.200250786,0.594111099,5.114231148,4.0249421,4.740840652,6.085556865,5.628040016,6.085078688,0.025572252,0.595548199
0.199871148,0.161356879,2.438808833,0.278645826,0.666648869,4.799192146,4.098137652,5.158507476,5.758047114,5.30909507,6.307484051,0.026033601,0.654097606
0.151648541,0.165466383,2.387960739,0.332941431,0.627867085,4.64546623,4.272522821,5.445344101,5.709099409,5.48141726,6.276307168,0.026229111,0.580923215
0.245609162,0.148808719,2.510955722,0.230762788,0.641997671,4.633995011,4.084443801,5.302607589,5.907107158,5.744175242,5.765610793,0.025908446,0.534836095
0.373448828,0.064920831,2.243937544,0.160135055,0.582434081,5.380280678,3.98307198,4.618016039,6.084731617,5.787556019,5.927894401,0.025034191,0.494182542
0.307744881,0.116343217,2.401053659,0.187521077,0.629603874,5.147127024,4.380691905,4.676266863,5.896563974,5.752971904,6.025984295,0.023926331,0.456951422
0.342732856,0.107839952,2.335094984,0.180769602,0.568642648,5.287710929,4.395171019,4.475700374,5.847823755,5.715630794,6.067256069,0.022723731,0.422124177
0.198459798,0.241607585,2.32117717,0.188057793,0.650818464,4.693005714,4.324430856,5.058773261,5.942545384,5.76281665,6.367317837,0.021551341,0.413592636
0.225289171,0.261690719,2.285473583,0.132446502,0.669630147,4.558537841,4.887483014,4.910264499,4.78578994,5.655548149,6.093717244,0.020509059,0.313324398
0.312640611,0.144144517,2.09028016,0.16698123,0.638929422,5.044578809,4.812257287,4.956931715,5.11064115,5.448126057,5.657316037,0.019770356,0.301178695
0.421933659,0.11847474,2.105834542,0.068627421,0.624075476,5.939308455,4.349744625,3.990393087,5.379079332,5.569179916,5.727348247,0.019443849,0.26568733
0.417088216,0.076216053,2.088807663,0.077267679,0.628234438,5.895879145,4.068337424,4.104868361,5.446793939,5.470901821,5.740307965,0.019392487,0.281443483
0.31128233,0.125800041,2.248779729,0.201385015,0.625192518,5.392985068,4.596904985,4.900741553,5.533527152,5.430779804,5.873710998,0.019208169,0.334066778
0.404853294,0.086490367,2.092746643,0.125894279,0.583355815,5.579600906,4.394466227,4.249850722,5.583241598,5.537193369,5.739562782,0.018962158,0.378325996
0.302140087,0.136975699,2.263482232,0.159483747,0.529688615,5.264756768,4.177467566,4.893738259,5.736394684,5.558932976,5.939210436,0.018751353,0.441380382
0.424270446,0.082757704,2.108113854,0.116152365,0.709259697,5.606277253,4.271923102,4.694684303,5.887623671,5.6895038,5.882071586,0.018596824,0.330290292
0.429368327,0.082772624,2.127236562,0.092994138,0.668060121,5.674092752,4.108653626,4.266273129,5.257471961,5.617619839,6.067100787,0.018523222,0.328437007
0.491542517,0.04797508,1.966044819,0.098024797,0.637356093,6.127475096,4.139182011,4.11323701,5.652505607,5.482500391,5.912149303,0.018013129,0.283922661
0.44869578,0.075339152,2.05164697,0.101660947,0.650912404,5.867422614,4.494294155,4.379715845,5.23276737,5.595478553,6.083025396,0.017013405,0.219958967
0,0,0,0,0,0,0,0,0,0,0,0.015700212,0.172890919
0,0,0,0,0,0,0,0,0,0,0,0.014229986,0.156658687
0,0,0,0,0,0,0,0,0,0,0,0.012793991,0.152670227
0,0,0,0,0,0,0,0,0,0,0,0.011554645,0.128596666
0,0,0,0,0,0,0,0,0,0,0,0.010823626,0.117507998
0,0,0,0,0,0,0,0,0,0,0,0.010728369,0.110690286
0,0,0,0,0,0,0,0,0,0,0,0.011282204,0.109479446
0,0,0,0,0,0,0,0,0,0,0,0.012312895,0.115775715
0,0,0,0,0,0,0,0,0,0,0,0.013685153,0.120984883
0,0,0,0,0,0,0,0,0,0,0,0.015275441,0.129875733
0,0,0,0,0,0,0,0,0,0,0,0.016947106,0.141497809
0,0,0,0,0,0,0,0,0,0,0,0.018739795,0.153959164
0,0,0,0,0,0,0,0,0,0,0,0.020319635,0.165482387
0,0,0,0,0,0,0,0,0,0,0,0.021478344,0.17512959
0,0,0,0,0,0,0,0,0,0,0,0.022316797,0.182973015
0,0,0,0,0,0,0,0,0,0,0,0.022969883,0.19019893
0,0,0,0,0,0,0,0,0,0,0,0.023449546,0.198844736
0,0,0,0,0,0,0,0,0,0,0,0.023471089,0.19429971
0,0,0,0,0,0,0,0,0,0,0,0.022993652,0.193690482
0,0,0,0,0,0,0,0,0,0,0,0.022284094,0.204723941
0,0,0,0,0,0,0,0,0,0,0,0.02160733,0.207887989
0.48625217,0.031667752,2.049602036,0.136525418,0.768096801,6.224519173,4.508488456,3.840355754,5.438947061,5.968701522,5.800038735,0.021446625,0.219132036
0,0,0,0,0,0,0,0,0,0,0,0.021514157,0.219636873
0,0,0,0,0,0,0,0,0,0,0,0.021650843,0.232397835
0,0,0,0,0,0,0,0,0,0,0,0.022123521,0.263850108
0.389634806,0.086118164,2.152039321,0.158951201,0.778370373,5.266463153,4.390502885,4.502770767,4.930934265,4.924180433,5.448030666,0.022731142,0.329212345
0.02072532,0.220174154,2.348175038,0.410142469,0.673148668,3.65168313,4.939568027,5.863160632,4.310369215,5.090288601,5.704907694,0.023615211,0.429614711
0.077607151,0.215386013,2.22381886,0.33553746,0.747706305,4.319916874,4.854423166,5.990747005,4.780183782,5.096391668,5.61992532,0.024025131,0.508466952
0.195298213,0.076042933,2.452360556,0.336549751,0.605352264,4.746968773,4.349389719,5.054552674,5.692425867,5.849014309,6.236036884,0.02409301,0.572411603
0.037792969,0.134949544,2.438593415,0.459238068,0.397746359,4.401299655,4.397714734,5.306010306,5.827314496,5.43028903,5.866998076,0.024012826,0.406618248
0,0,0,0,0,0,0,0,0,0,0,0.023532959,0.330572649
0.174820963,0.104178783,2.419483137,0.323972372,0.680533103,4.742478622,4.247733957,5.154845397,5.899888323,5.596787228,6.017310686,0.023009416,0.426575657
0.276352132,0.054639486,2.455783164,0.290282482,0.636672662,4.782187067,4.33942407,4.904596657,5.589005794,5.453465395,5.835066512,0.022038611,0.570804575
0.434027507,0.045208605,2.176806588,0.151264508,0.732403495,5.387901872,4.197033048,4.414400607,5.170919533,5.208162606,5.65612795,0.020851808,0.387020827
0.472014974,0.062075196,2.030290545,0.120000392,0.749644766,5.527416065,4.822351374,4.073208995,4.235146321,5.283758618,5.144623674,0.019674914,0.273692876
0,0,0,0,0,0,0,0,0,0,0,0.018490504,0.2356456
0,0,0,0,0,0,0,0,0,0,0,0.017387863,0.20674829
0,0,0,0,0,0,0,0,0,0,0,0.016301088,0.178742544
0,0,0,0,0,0,0,0,0,0,0,0.015234672,0.15414872
0,0,0,0,0,0,0,0,0,0,0,0.014089466,0.134555889
0,0,0,0,0,0,0,0,0,0,0,0.012973007,0.10711825
0,0,0,0,0,0,0,0,0,0,0,0.012038823,0.088346458
0,0,0,0,0,0,0,0,0,0,0,0.011200478,0.069498331
0,0,0,0,0,0,0,0,0,0,0,0.010459392,0.062047274
0,0,0,0,0,0,0,0,0,0,0,0.009815755,0.05549928
0,0,0,0,0,0,0,0,0,0,0,0.009186978,0.051237701
0,0,0,0,0,0,0,0,0,0,0,0.008511556,0.048933981
0,0,0,0,0,0,0,0,0,0,0,0.007081588,0.050387632
0,0,0,0,0,0,0,0,0,0,0,0.006407551,0.050257787
0,0,0,0,0,0,0,0,0,0,0,0.005890441,0.052575504
0,0,0,0,0,0,0,0,0,0,0,0.005530206,0.05730831
0,0,0,0,0,0,0,0,0,0,0,0.005300083,0.072895734
0,0,0,0,0,0,0,0,0,0,0,0.005058198,0.089082963
0.283552734,0.146200684,2.32978829,0.15972229,0.711827221,4.438122648,4.566544968,5.37195273,4.624049592,5.147117472,5.374256706,0.004783668,0.105733425
0.344885163,0.165214301,2.135059658,0.038357077,0.656688335,4.76190424,4.229385191,4.758177837,4.884622256,5.342480017,5.519500123,0.004539443,0.107383097
0,0,0,0,0,0,0,0,0,0,0,0.004354012,0.11058734
0.099710512,0.163059941,2.42917541,0.376059414,0.563467137,4.346468175,4.942126579,5.751442181,4.399226613,4.954471789,5.593308446,0.004260509,0.119601495
0.143479992,0.169492129,2.403910116,0.341660396,0.598680384,4.345094718,5.012940075,5.574860903,4.475323992,4.853135648,5.312319634,0.004252399,0.121432766
0.166468099,0.284794922,2.425091565,0.193423899,0.633275558,4.199851771,4.704557538,5.852406422,4.693371773,5.456015269,6.038164973,0.004320285,0.004309247
0,0,0,0,0,0,0,0,0,0,0,0.004199857,0.00375021
0,0,0,0,0,0,0,0,0,0,0,0.005120096,0.006331523
0,0,0,0,0,0,0,0,0,0,0,0.005003613,0.018278832
0.612479492,0.078196289,1.521421238,0.03365551,0.554510762,6.34014473,4.599899292,4.132244658,4.512805891,5.441864324,6.027862239,0.005132115,0.041794568
0.668052843,0.045795627,1.355615811,0.022644884,0.575440041,6.601202488,4.786649565,3.824423432,4.790643255,5.205356509,5.777681033,0.005268497,0.038123502
0,0,0,0,0,0,0,0,0,0,0,0.005416072,0.002678721
0.345921495,0.210634223,1.993497151,0.058131109,0.912606126,5.319693247,5.252642095,4.148769001,4.245913664,5.135823141,5.347640514,0.002601334,0.023968717
0,0,0,0,0,0,0,0,0,0,0,0.002782949,0.022889249
0,0,0,0,0,0,0,0,0,0,0,0.003149255,0.024964422
0.505760634,0.104999864,1.724477672,0.007756246,0.92861425,5.877409021,5.328332235,4.943849067,4.300587724,5.039284557,5.814733197,0.00350641,0.027199223
0,0,0,0,0,0,0,0,0,0,0,0.004056339,0.025958786
0.364185014,0.165113636,1.96931949,0.031827202,0.821636018,5.866092899,5.371805408,4.484374648,4.205916762,4.8815609,5.083820733,0.005371545,0.041737061
0.415443004,0.112591442,2.10697035,0.143339455,0.834821508,5.492094397,5.459873395,4.855425591,4.536753752,5.291282974,5.825282238,0.006008172,0.070936328
0,0,0,0,0,0,0,0,0,0,0,0.006613,0.05138393
0,0,0,0,0,0,0,0,0,0,0,0.007123035,0.039891765
0.237020399,0.312513021,2.020372633,0.038690141,0.735119348,5.27306142,5.507458995,4.967256134,4.154557914,4.683871374,5.635387694,0.007761543,0.01175523
0,0,0,0,0,0,0,0,0,0,0,0.007881442,0.002678721
0,0,0,0,0,0,0,0,0,0,0,0,0.003273993
0.177652995,0.309974365,2.293758162,0.174138922,0.744772299,4.727846199,4.904714534,5.120314938,4.826438807,4.968063855,5.774697021,0.007622255,0.039028047
0.216004367,0.28486735,2.31122951,0.150447787,0.790233084,4.383860523,4.729657402,5.499801507,5.01280797,5.309456438,5.876651009,0.008996559,0.393607383
0.176011963,0.269887289,2.366281858,0.208025054,0.764193273,4.725733817,4.591402889,5.167808622,5.240182415,5.679160506,5.987226069,0.010554808,0.23867875
0.240300781,0.234631673,2.366939219,0.125052511,0.69740175,4.766600347,4.389933503,5.118961424,5.224150539,5.730960548,6.252854121,0.012297805,0.273336364
0.091904026,0.212266914,2.316850412,0.325793548,0.564029913,4.388672245,4.303573035,5.610200428,5.765121284,5.590991318,6.214780698,0.014304955,0.48230448
0.156857015,0.171613037,2.475146187,0.305178246,0.568160306,4.542388049,4.179901794,4.97041212,6.126609647,5.658991358,6.224411333,0.016321646,0.467020199
0.500691732,0.024410807,1.858549575,0.100989911,0.683925941,5.878833135,4.158788363,4.560788453,5.316328963,5.214859406,5.372433543,0.018242115,0.376383322
0.134343425,0.222122721,2.380429202,0.342777835,0.590881446,4.612370921,4.742004407,5.258288431,4.598603296,5.686206269,5.914954949,0.01997789,0.376500086
0.189508607,0.215530168,2.316565136,0.240102889,0.560327602,4.965676839,4.301304577,4.765284141,5.59224919,5.640033873,6.173876764,0.021184828,0.500086976
0.179360555,0.205432841,2.360820955,0.26005088,0.668941726,5.233239789,4.09710237,4.693149239,5.778301053,5.468934927,6.675336935,0.021744881,0.492706439
0.087376302,0.195838797,2.385071221,0.388521642,0.532705256,4.702763055,4.183667783,5.565804605,5.822365935,5.348977668,6.418416977,0.021801624,0.577910968
0.332473183,0.092459387,2.318860797,0.19110268,0.706321568,5.356845589,4.242352224,4.638718892,5.988661985,5.779190722,6.089152875,0.021896822,0.471769569
0.428141412,0.050302734,2.245783829,0.194409489,0.62889323,5.743283619,4.046445395,4.287041967,5.979624177,5.876639704,6.425727993,0.021393612,0.358240184
0,0,0,0,0,0,0,0,0,0,0,0.020581225,0.282678051
0.484969076,0.08058665,1.906401239,0.060017057,0.694778017,5.734310016,4.901989404,4.305739678,5.280158836,5.656249784,5.985008169,0.019519551,0.276811313
0.25827474,0.177291667,2.497364539,0.336440212,0.712425233,4.650133207,4.701258466,5.173163921,4.555496559,5.276594073,5.61928922,0.018414248,0.287339131
0.268224996,0.16488149,2.395271854,0.178885556,0.637516645,4.89391603,4.338290878,5.136729792,5.64718239,5.731847011,6.198872794,0.017659744,0.323272445
0.258429553,0.208027248,2.375775932,0.167812535,0.624391041,4.597680036,4.70342383,5.196427496,5.396785722,5.499721531,5.805585893,0.016818598,0.27715589
0.249088416,0.067257863,2.109551412,0.32221957,0.725940165,5.131265938,4.817868269,5.054215546,5.01651365,4.866333998,5.117804683,0.016391616,0.305887599
0,0,0,0,0,0,0,0,0,0,0,0.016142454,0.208028887
0,0,0,0,0,0,0,0,0,0,0,0.016128082,0.191466561
0.412904111,0.124557989,2.084153176,0.080836702,0.645667376,5.472265669,4.183864304,4.064636831,5.156114574,5.543482589,5.964204354,0.016150728,0.265546562
0.266274414,0.095231495,2.391270087,0.22988927,0.622719021,4.894585587,3.917184905,5.331102046,6.007765197,5.7250811,6.072387631,0.01603058,0.391005147
0.325970378,0.127768311,2.179952394,0.147619332,0.623772449,5.525013876,4.508238396,4.358714257,5.326230526,5.416910082,5.768404302,0.015935976,0.288588138
0.317504069,0.154447157,2.421763765,0.15053082,0.775597864,5.620608747,4.251817376,4.2885454,5.157096714,5.458938162,6.225649754,0.015819626,0.232367536
0.330811467,0.09752774,2.306313329,0.149748477,0.674035487,5.373151683,4.065893116,4.751229849,5.594287266,5.695495722,5.879705491,0.015758133,0.340918964
0.21703871,0.073986274,2.391617527,0.321148147,0.65681381,4.825319678,4.60141706,5.466188992,5.536106696,5.464061871,5.936603377,0.015218646,0.329427406
0.251703601,0.135290339,2.326432788,0.226410259,0.709826009,5.136801438,4.382088849,5.167431217,5.380207584,5.37621301,6.00916934,0.014335951,0.226389484
0.410998091,0.154691273,2.060949147,0.080211827,0.701248652,5.562300224,4.410912468,4.069900916,4.735414269,5.131360035,5.431062991,0.01315384,0.171340379
0.369681631,0.116362206,2.171380032,0.125075493,0.752830089,5.594167052,4.403871824,4.235920064,5.096682482,5.178882431,5.685227333,0.011883589,0.269743482
0.386220228,0.132103,2.091710936,0.073899488,0.704895575,5.223462025,4.418496765,4.453508011,5.085241699,5.446364654,5.770170763,0.010907345,0.236506683
0.297213063,0.100625766,2.334000031,0.20003622,0.724109888,5.253487019,4.536943614,5.094094084,5.582944803,5.702023212,6.215377878,0.010118635,0.204877372
0.302792969,0.118229167,2.305850584,0.135452308,0.71610662,5.11698842,4.368605018,4.759906888,5.785150528,5.640916586,6.00113976,0.009788451,0.155470586
0,0,0,0,0,0,0,0,0,0,0,0.009902251,0.124353312
0,0,0,0,0,0,0,0,0,0,0,0.010492302,0.126266434
0,0,0,0,0,0,0,0,0,0,0,0.011540711,0.138142328
0,0,0,0,0,0,0,0,0,0,0,0.012847671,0.137578716
0,0,0,0,0,0,0,0,0,0,0,0.014241558,0.136721608
0,0,0,0,0,0,0,0,0,0,0,0.015731506,0.147920183
0,0,0,0,0,0,0,0,0,0,0,0.017174687,0.160829792
0,0,0,0,0,0,0,0,0,0,0,0.018338857,0.1737909
0,0,0,0,0,0,0,0,0,0,0,0.019114606,0.185970379
0,0,0,0,0,0,0,0,0,0,0,0.01956025,0.19699569
0.258177897,0.071770833,2.239316381,0.263640013,0.923929324,5.613105237,6.504751206,4.169163004,5.243744552,4.668586075,5.668318987,0.019616496,0.209087751
0,0,0,0,0,0,0,0,0,0,0,0.019454591,0.196650386
0,0,0,0,0,0,0,0,0,0,0,0.019139817,0.186746302
0,0,0,0,0,0,0,0,0,0,0,0.018560052,0.183382538
0,0,0,0,0,0,0,0,0,0,0,0.01780232,0.185829692
0,0,0,0,0,0,0,0,0,0,0,0.017097384,0.189334423
0,0,0,0,0,0,0,0,0,0,0,0.016779272,0.188152058
0.467444661,0.115481771,1.912861261,0.070686637,0.930941992,5.99373877,4.21457845,4.926647425,3.447488546,4.358984768,5.051292658,0.016783673,0.199293019
0,0,0,0,0,0,0,0,0,0,0,0.016969955,0.213584302
0,0,0,0,0,0,0,0,0,0,0,0.017470509,0.231298669
0.24237793,0.129122721,2.517227615,0.315021084,0.584132664,4.981676579,4.783009291,5.907667279,3.624551356,5.200145483,5.292534113,0.018235261,0.282054401
0.174011502,0.232891846,2.539444171,0.300304898,0.716789137,4.603901826,4.597502992,5.142026573,4.74488761,5.314519922,6.152220344,0.019133128,0.457081277
0.36339152,0.155216268,2.311866841,0.147955357,0.597667666,5.038926281,4.683782399,4.634264462,5.364879899,5.504993208,5.912012145,0.020003455,0.499141351
0.159047852,0.105330404,2.523802269,0.376616002,0.494181797,4.813968132,3.688789099,5.276608676,6.285918246,5.157242636,6.086784005,0.020606406,0.551575809
0.162992079,0.120163665,2.582412153,0.367458014,0.657235639,4.615923789,4.529286305,5.595310178,5.365357353,5.099804362,6.261458768,0.020847222,0.4568197
0.183077076,0.134130679,2.467039412,0.299346329,0.67966984,4.51094339,4.169351584,5.305353065,5.358667923,5.265890784,6.064033456,0.020832339,0.364653735
0.18088623,0.185993187,2.481078674,0.315585747,0.697578931,4.221658745,4.866617829,5.419498656,4.657145389,5.034077998,5.368044236,0.020605301,0.442212531
0.228971355,0.064286296,2.439164234,0.339515452,0.708440681,4.898974032,4.908405423,5.259553582,5.099861443,5.473254204,5.14370662,0.020176331,0.342787266
0.384041341,0.029500733,2.297587089,0.179267995,0.632190303,5.55868417,4.250763267,4.493498176,5.330073416,5.456198946,5.680083633,0.019477723,0.324880395
0.514514974,0.004256185,1.92797623,0.147811787,0.798006208,5.26519978,5.82023108,4.570915341,4.118815303,5.405291915,4.179311156,0.018689662,0.265319109
0.435044217,0.067676595,2.131836155,0.144986911,0.717043907,5.470417798,4.956627538,4.217659781,4.014583012,5.032535563,5.057031473,0.017848596,0.237554566
0,0,0,0,0,0,0,0,0,0,0,0.016930539,0.208954249
0,0,0,0,0,0,0,0,0,0,0,0.016009483,0.178031148
0,0,0,0,0,0,0,0,0,0,0,0.014937824,0.155403626
0,0,0,0,0,0,0,0,0,0,0,0.013829357,0.133792282
0,0,0,0,0,0,0,0,0,0,0,0.012784554,0.110788156
0,0,0,0,0,0,0,0,0,0,0,0.0117777,0.087559244
0.412087403,0.149799805,2.070381457,0.031490305,0.716341532,5.958053291,4.818024457,4.244449974,4.213471055,5.164578855,5.11381343,0.010890496,0.084106035
0.390156792,0.176580404,1.811686418,0.061910534,0.531190484,5.446476499,5.098839521,4.385097862,4.022604565,4.697624703,5.480427861,0.010053959,0.07229594
0,0,0,0,0,0,0,0,0,0,0,0.009307506,0.058986535
0,0,0,0,0,0,0,0,0,0,0,0.008564701,0.054110729
0,0,0,0,0,0,0,0,0,0,0,0.007121162,0.046099469
0,0,0,0,0,0,0,0,0,0,0,0.006365485,0.046248836
0,0,0,0,0,0,0,0,0,0,0,0.005720438,0.047413089
0,0,0,0,0,0,0,0,0,0,0,0.005226579,0.04703035
0,0,0,0,0,0,0,0,0,0,0,0.004915687,0.05650876
0,0,0,0,0,0,0,0,0,0,0,0.00474237,0.094563944
0.332982215,0.128622307,2.323544105,0.154836529,0.626910334,4.467230336,4.84571613,5.137703803,4.52202218,5.232023954,5.654184396,0.004563332,0.164163816
0.246416829,0.153293254,2.343840748,0.251929022,0.506807494,4.88357272,4.049818508,5.36432679,5.162585698,5.071483061,5.505468771,0.004386101,0.107251319
0.09145752,0.267189867,2.452060866,0.303086533,0.719160294,4.141941523,4.810948545,5.842039761,4.540682262,4.978406717,5.592854478,0.004281682,0.145193215
0.08354285,0.226260653,2.507813357,0.30869336,0.582103739,4.235116238,4.541773677,6.223617099,5.073304648,5.349816572,6.271112168,0.004305028,0.148852908
0.206708287,0.174573335,2.535671371,0.255397681,0.577425973,4.751035307,4.575515002,5.605888077,5.269555147,5.552228744,6.064047285,0.00442503,0.139689721
0.130874406,0.19215849,2.374925817,0.292831692,0.570419108,4.124636859,4.750863938,5.771027509,4.719280727,4.992562087,5.533140863,0.004608284,0.125211634
0.217022353,0.205801324,2.415625268,0.254729284,0.634418452,4.700614095,4.830205619,4.906234026,4.960183958,5.063810611,5.718516497,0.004867506,0.120272345
0.268884368,0.171333008,2.144734174,0.200177946,0.647061312,4.542004281,4.89853794,5.098191871,4.8466366,4.962547647,5.100539254,0.005242676,0.013637126
0.553511149,0.066869303,1.707873029,0.070890539,0.835272083,6.44937101,4.855957791,3.975971311,4.552321985,4.67522189,5.122956693,0.005616024,0.007714717
0.500327148,0.04436849,1.583470477,0.027150778,0.90697326,6.178607225,4.160266697,3.834655911,4.083764672,5.164286017,6.526412368,0.005726131,0.032426409
0.49146837,0.062804362,1.760921706,0.098557043,0.855698796,6.028969258,4.912371884,4.722987632,4.23286368,4.720489343,5.554015338,0.005878626,0.068743355
0.506708984,0.101393229,1.802680974,0.018169372,0.638691562,5.312306762,4.608703017,3.938878357,4.7451846,5.605264068,6.100585699,0.00608231,0.041357579
0.575100098,0.056482747,1.713119501,0.047098655,0.791224225,6.385844847,5.187588811,4.179560165,5.109665324,5.314761083,5.628488541,0.00615041,0.004934486
0,0,0,0,0,0,0,0,0,0,0,0.00593679,0.002976357
0.534648437,0.05308724,1.764705235,0.053537682,0.762826541,5.722882962,5.303002071,4.477022863,4.244452572,4.472968686,4.652485335,0.002642438,0.005059807
0.256833767,0.267937826,2.18613578,0.125603602,0.87128868,5.229207099,5.360545119,4.525610427,3.90669016,5.272952994,4.845197419,0.002764988,0.03023788
0,0,0,0,0,0,0,0,0,0,0,0.002902894,0.033922059
0.461444499,0.129651964,1.827491727,0.011713882,0.87949055,5.823070785,5.106733968,4.66046374,4.43726334,5.178812951,5.776117384,0.003520919,0.031010334
0.368087203,0.157218244,2.0096977,0.022097688,0.927455588,5.297812343,5.321578635,4.183378825,4.136367328,4.636935823,5.388072961,0.004066503,0.033088328
0.261477051,0.217894694,2.164197976,0.081081813,0.954711171,5.2564241,4.912510693,4.810444832,5.319823265,5.568920195,6.008115888,0.004700816,0.051563933
0.250349935,0.204132177,2.106661346,0.107778527,0.852145766,5.016443795,4.980225583,4.64590959,4.860933335,5.013891788,5.616969705,0.005370589,0.086677966
0.388824574,0.107951882,2.167236057,0.159601451,0.708226169,5.339275544,4.961792198,4.735220914,4.899152593,5.245368101,5.692731933,0.006047889,0.075263632
0,0,0,0,0,0,0,0,0,0,0,0.006643975,0.045263857
0.238123915,0.224065755,2.208503395,0.092363935,0.906358669,5.584012767,5.179259449,5.253314018,4.062268019,5.006215483,5.541924676,0.007771986,0.044392266
0.167696533,0.318319499,2.183967648,0.131314353,0.613729978,5.433415726,5.207066417,5.015462041,3.931628533,4.706505835,5.755339712,0.007875637,0.008242219
0,0,0,0,0,0,0,0,0,0,0,0.007865276,0.004018082
0,0,0,0,0,0,0,0,0,0,0,0.007348543,0.002678721
0,0,0,0,0,0,0,0,0,0,0,0.007094117,0.002678721
0,0,0,0,0,0,0,0,0,0,0,0.00676712,0
0.214463233,0.26058371,2.303367416,0.170321455,0.749205912,4.885465073,4.57989816,4.966289523,5.019736738,5.281477555,5.769457905,0.006167916,0.012221665
0.187249756,0.302214763,2.221399623,0.150179423,0.814345414,4.54682672,4.532818511,5.375128016,5.145817027,5.492309093,5.963776946,0.007166518,0.317809275
0.025944282,0.065032552,1.883007976,0.580779524,0.473033295,4.290369123,3.670803726,5.934824765,6.212633928,4.897867193,5.66974024,0.008410883,0.44881503
0.297850971,0.200199455,2.394828107,0.155414013,0.671499377,4.941690515,4.690516244,4.797789173,5.311511955,5.849003261,5.957980719,0.009629753,0.360034755
0.259192166,0.180164853,2.414176488,0.18113378,0.675170428,5.106063838,4.239748184,4.893775511,5.662521924,5.864930366,6.55037176,0.010987147,0.35549718
0.145591838,0.247986857,2.495370586,0.255787348,0.710308501,4.456154861,4.833643332,5.311807863,5.571277507,5.719862267,6.326673418,0.012421732,0.29838454
0,0,0,0,0,0,0,0,0,0,0,0.013822377,0.308292293
0,0,0,0,0,0,0,0,0,0,0,0.015192365,0.288182378
0.227451104,0.138664415,2.476268563,0.270108635,0.505851519,4.912386019,4.10282158,4.62845965,5.656833713,5.801860303,6.258868031,0.016682521,0.454432905
0.214040039,0.197590007,2.409767634,0.211886344,0.56688678,4.805291957,4.122873205,5.088969749,5.907442933,5.603339368,6.067694503,0.017497862,0.517615463
0.100464039,0.278001902,2.336886297,0.258986302,0.631972625,4.4586688,4.144320949,5.301000535,5.801192299,5.565421628,6.404462187,0.017879017,0.485680819
0.403257724,0.137897432,2.12063234,0.128509354,0.641770348,5.862207096,4.351166416,4.10057924,5.576779393,5.496344382,6.005906536,0.017813383,0.381255115
0.246468551,0.257693323,2.245760535,0.131537552,0.786029608,5.050730518,4.634249704,4.379839669,5.169980678,5.506734474,5.998438812,0.017545039,0.351815577
0.24519849,0.240555401,2.296789563,0.170857992,0.76628657,5.071527592,4.893711556,4.668955323,4.860250595,5.429469534,5.982559326,0.017160445,0.282679137
0.608816569,0.019291341,1.783303747,0.094218539,0.710209624,6.551313961,5.040257859,4.200906623,5.374006409,5.85264498,5.737466276,0.016350718,0.250785611
0.482492947,0.084172906,1.810645906,0.029330432,0.828561421,5.950920641,4.752127598,4.873277197,4.330693026,4.824523846,5.637818932,0.015574538,0.23208156
0,0,0,0,0,0,0,0,0,0,0,0.014715276,0.211111303
0.387560628,0.137676025,2.201454337,0.080851229,0.643313834,5.676443028,4.507929707,4.398128235,5.193235546,5.389049134,5.906929672,0.014249046,0.210838535
0,0,0,0,0,0,0,0,0,0,0,0.013870073,0.184707061
0,0,0,0,0,0,0,0,0,0,0,0.013598926,0.173659979
0.404796143,0.156261122,1.976256198,0.041265497,0.787011424,5.896614701,5.12392202,4.696276694,4.257467622,5.212236951,5.318794002,0.013482813,0.163234761
0,0,0,0,0,0,0,0,0,0,0,0.013446731,0.149351063
0.435955848,0.118912612,2.026788965,0.095121898,0.621993617,5.424664644,4.534025555,4.392793281,4.788693276,5.373330458,5.762519392,0.013681489,0.194615675
0.347582883,0.138839643,2.315538551,0.108945274,0.697312852,5.491567327,4.62446431,4.531107137,4.886862305,5.040163567,6.154483162,0.013730471,0.196680246
0.393103841,0.123878377,2.210495586,0.089530999,0.748861822,5.727312282,4.391993493,4.193455331,4.765706256,5.705774799,6.273231342,0.013779345,0.157118706
0.446738119,0.056806478,2.144077618,0.090831386,0.735311248,6.370384037,4.153042519,3.966158378,5.987856495,5.380890048,6.025474197,0.013808602,0.18006807
0.336985163,0.103192246,2.35179741,0.156079619,0.640787158,5.458014137,4.078314982,4.501103762,5.789143976,5.503894458,5.924316632,0.013632392,0.266619015
0.423141741,0.105118583,2.032688508,0.070513723,0.733738904,6.131176208,4.432154059,4.115437542,5.444416421,5.752146874,6.012270774,0.013255179,0.207566116
0.425330404,0.107844936,2.024618565,0.071436734,0.816857267,6.06427056,4.498989706,4.248623708,5.014124572,5.697941129,5.70032084,0.012467746,0.178778288
0.322640207,0.175320987,2.169327708,0.097786509,0.815579441,5.813677064,4.675113457,4.766246587,4.707304844,5.462908132,5.922074258,0.011538642,0.17831958
0.443326518,0.045855306,2.114407999,0.117763275,0.802600165,6.190504432,4.087650433,4.162921291,5.310539659,5.369200878,5.895783473,0.010682023,0.208583475
0.36856871,0.08735314,2.354912449,0.150639124,0.740916001,5.384231462,3.955753982,4.551880117,5.661239986,5.754417172,5.95378464,0.009981984,0.286027663
0.27349311,0.122132297,2.402163625,0.225389554,0.674535642,5.126255488,4.489125162,4.889165257,5.634975746,5.877035926,6.12671716,0.009545098,0.239801811
0.276545841,0.10713063,2.329193285,0.221445882,0.754223964,5.185023175,4.293954961,4.871113926,5.582748618,5.690670532,6.160748633,0.009483323,0.262377828
0.30027869,0.137064394,2.228044158,0.138621874,0.751979449,4.762935129,4.791240296,5.436190378,5.017885693,5.30687512,5.92466032,0.009770972,0.164864278
0,0,0,0,0,0,0,0,0,0,0,0.010428233,0.131042974
0,0,0,0,0,0,0,0,0,0,0,0.011423026,0.138780737
0,0,0,0,0,0,0,0,0,0,0,0.012611249,0.148322311
0,0,0,0,0,0,0,0,0,0,0,0.013902755,0.165781443
0,0,0,0,0,0,0,0,0,0,0,0.015196683,0.169968201
0,0,0,0,0,0,0,0,0,0,0,0.016363146,0.186352994
0,0,0,0,0,0,0,0,0,0,0,0.017310111,0.202590392
0,0,0,0,0,0,0,0,0,0,0,0.017947609,0.235046333
0.17561775,0.272991684,2.326840353,0.168444993,0.724616721,5.049674132,5.242948819,4.994816298,4.656829698,5.170827811,5.742220163,0.018113954,0.263448738
0.243427269,0.223681176,2.186890851,0.150390418,0.781950955,5.078002529,5.32395534,4.870257718,4.601453066,5.274786277,6.286041941,0.017848613,0.255701159
0,0,0,0,0,0,0,0,0,0,0,0.017217528,0.232979089
0,0,0,0,0,0,0,0,0,0,0,0.016576767,0.195552421
0,0,0,0,0,0,0,0,0,0,0,0.015695551,0.186767041
0,0,0,0,0,0,0,0,0,0,0,0.014857896,0.180902314
0,0,0,0,0,0,0,0,0,0,0,0.01408537,0.179427131
0,0,0,0,0,0,0,0,0,0,0,0.013535943,0.181352615
0,0,0,0,0,0,0,0,0,0,0,0.013488916,0.19009477
0,0,0,0,0,0,0,0,0,0,0,0.013607956,0.199902819
0,0,0,0,0,0,0,0,0,0,0,0.014138056,0.213709046
0.310322963,0.134711914,2.352831468,0.226567129,0.606193043,5.30069209,4.986762217,4.595887389,4.28805313,4.765539348,5.188707182,0.014847603,0.266133243
0.123711243,0.145761515,2.545013753,0.428663275,0.635029078,4.330735249,4.582531896,5.493562162,5.479546878,5.311428193,6.165132999,0.015781702,0.433426008
0.258462565,0.215578939,2.456016682,0.182825688,0.647789936,4.879949915,4.724857664,5.132463306,5.048951352,5.112552202,5.821674335,0.016943311,0.428551879
0,0,0,0,0,0,0,0,0,0,0,0.017820179,0.470126703
0.242623698,0.094332557,2.402986261,0.295454485,0.643524945,4.750787983,4.113768892,5.22623451,5.920798834,5.589175555,5.989236712,0.018332474,0.476098678
0.21597131,0.126514708,2.506727984,0.282076363,0.615990503,4.693300102,4.401092104,5.448802983,5.641553521,5.632881436,6.170410758,0.018577399,0.492967469
0.237523019,0.134452079,2.316308428,0.296873726,0.506846009,4.53666948,4.666026524,5.464447728,4.785522716,5.019784442,5.759975127,0.01866905,0.460669723
0.149991862,0.234567871,2.488059951,0.274941052,0.564472226,4.38054955,5.185355276,5.080351859,4.42858705,4.644370586,5.819103897,0.018568497,0.312411581
0,0,0,0,0,0,0,0,0,0,0,0.018215086,0.281984739
0,0,0,0,0,0,0,0,0,0,0,0.017689671,0.26571456
0.461580404,0.147275391,2.002657089,0.098354145,0.671048994,5.239847323,4.836882055,4.013357858,3.919134716,5.170391123,4.435932279,0.016993802,0.238358466
0.478176541,0.088400608,2.031598294,0.1279033,0.761218156,5.240290165,4.913920601,4.265706638,3.835659961,4.967399855,4.73783042,0.016194383,0.2165979
0,0,0,0,0,0,0,0,0,0,0,0.015330825,0.185547458
0,0,0,0,0,0,0,0,0,0,0,0.014331538,0.164924268
0,0,0,0,0,0,0,0,0,0,0,0.013292193,0.14563268
0,0,0,0,0,0,0,0,0,0,0,0.012281207,0.119323093
0.308048503,0.229869792,2.397310169,0.05294575,0.595116906,5.588175297,4.973030567,4.383702278,4.335873544,4.599985838,5.289830446,0.011236962,0.098454252
0.392475911,0.146728841,2.092871665,0.154228349,0.657927222,6.08617804,4.34880594,4.134556496,5.099240995,4.988157964,5.555924892,0.010308549,0.152321294
0.129561244,0.169152716,2.304850456,0.333217969,0.616641081,5.36399321,4.282697482,4.750686994,5.571125746,5.930085591,6.063841649,0.009447435,0.16032534
0,0,0,0,0,0,0,0,0,0,0,0.008568798,0.082446971
0,0,0,0,0,0,0,0,0,0,0,0.007750454,0.054804564
0,0,0,0,0,0,0,0,0,0,0,0.006237376,0.046226661
0,0,0,0,0,0,0,0,0,0,0,0.005516253,0.045429153
0,0,0,0,0,0,0,0,0,0,0,0.004485608,0.04485092
0,0,0,0,0,0,0,0,0,0,0,0.004223385,0.05323364
0.332025553,0.183370187,2.04461786,0.095305775,0.591562665,4.66354421,5.348496833,4.852876667,4.280273216,4.924190385,5.492102517,0.004110112,0.082942918
0.246043294,0.217926866,2.245661312,0.117978072,0.601597082,4.300722722,4.814992166,5.274766409,4.728131795,5.028901418,5.703087839,0.004046414,0.098257669
0.107593116,0.222060547,2.502347814,0.284899506,0.598431779,4.160807548,4.629570738,5.843132116,5.127949688,5.370988058,6.094811778,0.004015187,0.198745596
0.21658251,0.131611615,2.538082577,0.293376889,0.576018165,4.827471656,4.057357241,5.177585486,5.486777218,5.922736501,6.547092199,0.004107377,0.224240627
0.203621136,0.175527768,2.417304937,0.269919714,0.598983364,4.80756323,4.189954242,5.184668601,5.516413927,5.552905933,6.019343817,0.004342806,0.18685666
0.182467448,0.183727679,2.492239579,0.259275911,0.606027795,4.650769374,4.813972992,5.547268067,4.795158054,5.409437622,5.77433323,0.004677167,0.152804013
0.152041016,0.212869931,2.552734069,0.296357268,0.452721432,4.472469781,4.395954583,5.210749567,5.387831901,5.124482845,5.862783994,0.005052308,0.127965346
0,0,0,0,0,0,0,0,0,0,0,0.005467419,0.069322533
0,0,0,0,0,0,0,0,0,0,0,0.005878875,0.062024347
0.338404948,0.247862956,2.2217715,0.07491804,0.63529589,5.031309247,4.544942021,4.374056935,4.294284344,5.269648671,6.254291773,0.006266834,0.054654564
0.253796115,0.312477214,2.177018511,0.213392423,0.62159778,5.292016307,6.030109088,4.848251204,4.002880663,4.166925122,4.370663663,0.0065964,0.056130317
0,0,0,0,0,0,0,0,0,0,0,0.00681192,0.047789463
0,0,0,0,0,0,0,0,0,0,0,0.006990474,0.04257636
0.250393531,0.214534273,2.349582918,0.187825654,0.673718847,5.041425888,4.569447266,4.629660815,5.141970732,5.451790682,5.816639649,0.007150895,0.014325335
0.386217448,0.147089844,2.262338485,0.032798164,0.797927375,6.031765699,4.474034667,4.261925161,5.646591306,5.922838211,6.083981633,0.007463322,0.01017914
0.481397298,0.077860514,1.83154999,0.055113152,0.860512531,5.543318779,5.08454597,4.379638106,4.064864561,4.745628431,5.046786666,0.002646415,0.005166105
0.5964426,0.031697049,1.598324504,0.03537485,0.71451637,6.113168279,5.581579625,3.983398159,4.051070174,4.806143324,4.933571975,0.002723107,0.016028555
0,0,0,0,0,0,0,0,0,0,0,0.002947798,0.039057435
0.228862305,0.230670573,2.25942501,0.028399971,0.899866735,4.743484527,4.910690427,5.734196424,3.732960761,4.091521859,4.664139807,0.003003507,0.037836317
0,0,0,0,0,0,0,0,0,0,0,0.003122392,0.027945478
0.317049696,0.176836887,2.04220318,0.025324009,0.864462793,5.364988416,5.66680327,4.601056104,4.480763346,4.746398096,5.359879424,0.003976113,0.039753653
0.145519589,0.253778052,2.17261116,0.188753768,0.772395999,4.770535613,4.968035993,4.762981965,4.905159081,5.027804399,5.445734357,0.004583626,0.138675116
0.219972168,0.138437744,2.328703086,0.27487094,0.731964972,5.001750359,4.643202531,5.088094506,5.279155996,5.322270075,5.61739386,0.005277706,0.135925895
0.346075521,0.145869575,2.145344,0.105655021,0.894119325,5.538102519,4.874744336,4.441037257,4.84482642,5.072741842,5.600111763,0.00596531,0.074718053
0.549714085,0.032586263,1.658573312,0.029934759,0.801079474,6.143110474,5.302476724,4.400368452,5.007395665,5.068539103,5.68504556,0.006534507,0.051182257
0,0,0,0,0,0,0,0,0,0,0,0.007398845,0.040763679
0,0,0,0,0,0,0,0,0,0,0,0.007653965,0.052591333
0.189711812,0.285451864,2.107537219,0.088581068,0.725785384,4.977452863,5.412090011,5.348607663,4.685887996,4.69007998,5.454260789,0.00776221,0.064326171
0.30876067,0.175040871,2.07033756,0.087842612,0.851632607,5.385892577,4.754362967,4.984369715,4.669300582,5.162420875,5.582499597,0.007707528,0.007776932
0.420421549,0.086456706,1.994918183,0.050620527,0.612828419,5.691729069,4.67915976,4.997294188,4.361356974,5.112301469,6.005123854,0.007489881,0.005223506
0,0,0,0,0,0,0,0,0,0,0,0.007284509,0.005357442
0.433111979,0.06085178,1.926285463,0.046333782,0.699788027,5.778085152,4.372121592,4.764008443,5.946933269,5.514309883,4.981571217,0.006888098,0.046201639
0,0,0,0,0,0,0,0,0,0,0,0.006351886,0.007417997
0,0,0,0,0,0,0,0,0,0,0,0.005667996,0.004464535
0,0,0,0,0,0,0,0,0,0,0,0.004937875,0.004643117
0,0,0,0,0,0,0,0,0,0,0,0.004361394,0.005692282
0,0,0,0,0,0,0,0,0,0,0,0.004764894,0.00375021
0.229313926,0.254243086,2.292499601,0.152673477,0.707651745,4.938086152,4.569325172,4.827055094,5.11504945,5.391576406,5.988011911,0.005547774,0.008242219
0.130966353,0.16568966,2.271701623,0.361676295,0.557505508,4.305988025,4.406250937,5.565831228,5.907300256,5.650462871,5.717918884,0.006631378,0.298515974
0.070120443,0.223499349,2.357777044,0.39223165,0.721808842,4.150987307,3.806258361,5.700373848,5.805691381,5.096617262,5.576616685,0.007697759,0.428231366
0.233154422,0.189878493,2.278713103,0.19028794,0.627826802,4.883229054,4.147160229,4.976306639,5.840393188,5.809547871,6.270272519,0.008742734,0.505982783
0,0,0,0,0,0,0,0,0,0,0,0.009762846,0.377197952
0,0,0,0,0,0,0,0,0,0,0,0.010665498,0.237326693
0,0,0,0,0,0,0,0,0,0,0,0.011562859,0.318003308
0.323673598,0.144351735,2.334323721,0.119539965,0.694985719,5.346302727,4.445566921,4.563783733,5.675478998,5.822140077,6.236136086,0.012499974,0.384075719
0.265052999,0.195140788,2.417630523,0.159189774,0.624588571,5.108207473,4.798522845,4.525653552,5.560817804,5.686999399,5.997849897,0.01339576,0.460285041
0.170990097,0.206355966,2.391028398,0.248194194,0.564468535,4.795951931,4.207996353,5.068589198,5.783130831,5.7871622,6.420104152,0.013986213,0.503410707
0.301800992,0.149089978,2.455259243,0.199471575,0.6645824,5.278805417,3.994235905,4.519991699,5.691320114,5.548747371,6.459226973,0.014180892,0.413616021
0.394714627,0.145687391,2.328442146,0.08903308,0.756129114,6.251478354,4.414178193,3.538551887,5.150831759,5.55449907,6.351349791,0.014016348,0.275068385
0,0,0,0,0,0,0,0,0,0,0,0.013622426,0.248679402
0.30114478,0.135744102,2.239626023,0.174229609,0.775013589,5.132007154,5.129377887,5.13723831,5.070625687,5.41472509,5.97295076,0.013276072,0.239630736
0.472457773,0.061756366,2.039541514,0.095624087,0.73629536,5.885148373,4.650805993,4.368822343,5.224206213,5.789258718,6.247157269,0.012735236,0.216706289
0.498319194,0.078951925,1.964370321,0.049607068,0.692195481,6.127447486,4.583722957,4.088515367,5.405746058,5.687661812,6.160551749,0.012068902,0.188513796
0.510010579,0.069377442,1.886863591,0.081290883,0.966642334,6.10753721,4.618448526,4.188924432,5.179178715,5.05890286,6.206510395,0.011535668,0.17041751
0.326780418,0.227576317,2.0744029,0.087077457,0.864595979,5.098683236,5.15079947,4.698676156,4.378445162,5.186013473,5.057216131,0.011284789,0.16359557
0.279972738,0.248460287,2.182478277,0.110410385,0.834067767,4.881527305,5.273822069,4.858475641,3.98389113,4.726679281,5.073428318,0.011330968,0.152306812
0,0,0,0,0,0,0,0,0,0,0,0.011350798,0.142555019
0.454807943,0.121557617,1.87908096,0.042462746,0.832275778,5.708790859,5.723143905,4.970931848,4.092652738,4.882194544,5.212286001,0.011374604,0.141376413
0.224244792,0.275330404,2.074252443,0.064033082,0.678727185,4.83454752,5.121045739,5.049551994,4.556636364,5.428137183,5.383150876,0.011517244,0.148599588
0.27422501,0.228989759,2.061207197,0.068264501,0.737844335,4.693210519,5.155748079,4.811662958,4.322589865,5.186052281,5.578229354,0.011743336,0.132179844
0.330465495,0.202923177,2.126870267,0.073960552,0.477180491,6.149148107,4.689719558,3.65400213,5.199843287,4.827962756,5.959455132,0.011979491,0.12761783
0,0,0,0,0,0,0,0,0,0,0,0.012183073,0.120726061
0,0,0,0,0,0,0,0,0,0,0,0.012270832,0.125442513
0.355701904,0.103306613,2.171998167,0.15839297,0.784313957,5.51062652,4.341005425,4.259132847,5.755745193,5.77769955,6.169718325,0.012140818,0.173056877
0.396051898,0.111933478,2.149625649,0.141230164,0.842965062,5.895883271,4.559798828,4.243272824,4.850299235,5.505104461,6.094336356,0.011833255,0.160036549
0.505309652,0.038015137,1.912177207,0.062622764,0.744667459,6.246925235,4.290664092,4.431009949,5.932835668,5.701862455,6.116190821,0.011247952,0.14038029
0.347141276,0.139230631,2.15350988,0.190333889,0.743534254,5.655763715,4.702918524,4.704910272,5.029993981,5.036275667,6.023772073,0.010557185,0.128491097
0,0,0,0,0,0,0,0,0,0,0,0.009963442,0.118121386
0.201480216,0.160100911,2.447185204,0.293029479,0.724220564,4.749196589,4.928915202,5.314089265,4.483885573,5.353792137,5.600918439,0.00950109,0.18077557
0.218541166,0.283829878,2.252447177,0.137696271,0.870609742,5.071031754,5.335503514,4.699214775,4.717146837,5.381899829,5.762373154,0.009353657,0.147705964
0.310253906,0.299208984,2.160350723,0.092379848,0.90823563,5.0226672,5.881124616,4.702433348,4.044000953,4.854921997,5.527565479,0.009534884,0.14971449
0.365818917,0.113111049,2.375126524,0.17498356,0.826341184,5.271771239,4.415921884,4.629412362,4.857311845,5.717791545,5.723928196,0.010009094,0.180230653
0.33508107,0.130880689,2.23566492,0.13089088,0.754577095,4.927306127,4.418080932,5.065900133,5.073710646,5.268948121,5.905431214,0.010718782,0.178163379
0,0,0,0,0,0,0,0,0,0,0,0.011657311,0.168177028
0,0,0,0,0,0,0,0,0,0,0,0.01275593,0.156627809
0,0,0,0,0,0,0,0,0,0,0,0.01399014,0.160839287
0.354345999,0.163721887,2.071863017,0.075684162,0.619462641,5.564630454,5.039689167,4.352756511,4.917411333,5.512096687,5.910512274,0.015177706,0.244353618
0.264708984,0.211059245,2.213759917,0.121483049,0.832615369,5.131018138,5.137839496,4.548356903,5.357600045,5.627592444,6.012236738,0.016166223,0.220092099
0.265228882,0.244564514,2.182248522,0.0732858,0.836151483,5.387392983,5.032519601,4.708319646,4.972073838,5.733071957,5.883660615,0.016926955,0.245163455
0.205217473,0.229554287,2.348766832,0.190559807,0.787831336,4.9275561,4.699118103,5.213628842,5.069694148,5.512326215,5.843766102,0.017345794,0.342863864
0.23340554,0.258943833,2.230158388,0.146325942,0.729759692,4.870295508,4.598726506,5.045201838,4.824163854,5.449241779,5.653076714,0.017318573,0.371288695
0.128133138,0.337379557,2.3376985,0.186921646,0.70953616,4.258596003,4.755292565,5.59627524,4.569648117,5.154770375,6.182753146,0.016874146,0.376596918
0,0,0,0,0,0,0,0,0,0,0,0.016051179,0.235935594
0,0,0,0,0,0,0,0,0,0,0,0.015031445,0.224928528
0,0,0,0,0,0,0,0,0,0,0,0.013977784,0.198248131
0,0,0,0,0,0,0,0,0,0,0,0.012900546,0.188907109
0,0,0,0,0,0,0,0,0,0,0,0.012065318,0.184538826
0,0,0,0,0,0,0,0,0,0,0,0.011471648,0.183477378
0,0,0,0,0,0,0,0,0,0,0,0.011291998,0.187285358
0,0,0,0,0,0,0,0,0,0,0,0.011502314,0.193705779
0,0,0,0,0,0,0,0,0,0,0,0.011994638,0.208563265
0.284857314,0.088128255,2.368557721,0.265538739,0.6412936,4.868694494,4.50568975,5.11480242,4.980165561,5.143828621,5.166390394,0.012791392,0.303050038
0.156183268,0.109050481,2.5711885,0.376844655,0.604280772,4.497735363,4.323708245,5.310709921,5.375641676,5.220062659,5.441439202,0.013802145,0.454339015
0.161106422,0.151477981,2.518041353,0.355712231,0.630704927,4.36163372,4.20626502,5.34342902,5.513412067,5.046839374,5.903606176,0.014951063,0.511916762
0.22944024,0.152138469,2.458490762,0.256932708,0.622392658,4.767724413,4.289230955,5.017545213,5.449192032,5.393139126,6.131961527,0.015861725,0.519383937
0.212516498,0.137334428,2.577001586,0.290734397,0.628926455,4.58607492,4.141030672,5.315912634,5.75900281,5.507042966,5.955261044,0.016467426,0.553358242
0.132449544,0.193402018,2.427976314,0.332828044,0.652936619,4.50331567,4.419453108,5.601824248,5.220943368,5.664969499,6.248702509,0.01688792,0.433410654
0.193781467,0.183340567,2.536861172,0.307106043,0.589812623,4.513763997,4.273493886,4.837064021,5.012659199,5.576276574,6.004534086,0.017061969,0.41773645
0.246032878,0.168822591,2.402714446,0.266536775,0.705005843,4.212376368,4.880627453,4.976489794,4.542164528,4.868953765,5.714728582,0.017122176,0.383117484
0.441650391,0.081140951,2.211125975,0.210640038,0.456462695,4.953899741,5.099804282,4.446669996,5.01175499,5.019888163,5.521719575,0.016952379,0.302806313
0,0,0,0,0,0,0,0,0,0,0,0.01652771,0.261778608
0,0,0,0,0,0,0,0,0,0,0,0.015925068,0.249539792
0.462584635,0.116897135,2.115164824,0.14742695,0.505450704,4.96574688,5.10917927,4.698255908,4.22804724,4.857525051,4.891353786,0.015159796,0.225043008
0.426135742,0.154832357,2.084573569,0.119348738,0.640961211,5.082989204,5.205411649,4.080455327,3.862039781,5.104313779,4.815896118,0.014335589,0.193377228
0.469005534,0.085964356,1.968061342,0.04036175,0.880178853,6.488340259,4.551126361,4.3695862,5.760917724,5.408778608,6.187405288,0.01341577,0.177459079
0.251028646,0.158806966,2.344376838,0.175273741,0.796965892,5.282035327,4.623173642,4.577048528,5.382092285,5.318420863,5.567783189,0.012452061,0.20907285
0.272267795,0.239857856,2.282509775,0.120200944,0.777816826,5.54451561,4.517259836,4.912252565,4.229051769,4.557975809,5.190366229,0.011419288,0.135063883
0.380739228,0.160491241,2.178326968,0.107490521,0.644297453,5.788309141,4.580329098,4.219044588,4.705483721,5.340802886,5.771782767,0.010378893,0.115945021
0.515535482,0.011268555,1.829736518,0.062046531,0.763313887,6.488207257,4.487076831,4.101065099,5.708621955,4.72452358,5.807031441,0.00946754,0.11147888
0,0,0,0,0,0,0,0,0,0,0,0.008612907,0.082786577
0,0,0,0,0,0,0,0,0,0,0,0.007709797,0.088287253
0,0,0,0,0,0,0,0,0,0,0,0.006828323,0.062462372
0,0,0,0,0,0,0,0,0,0,0,0.005236774,0.050294747
0,0,0,0,0,0,0,0,0,0,0,0.004073033,0.049183211
0,0,0,0,0,0,0,0,0,0,0,0.00372281,0.049572579
0,0,0,0,0,0,0,0,0,0,0,0.003553712,0.053578511
0.16608195,0.272202148,2.362923317,0.182847993,0.638197266,4.202142976,4.956581138,5.176382214,4.541900776,5.009764902,5.305074297,0.00350402,0.082283146
0.148574916,0.31550758,2.35491102,0.124256159,0.596734752,4.222270225,4.648903574,5.651505887,4.348460853,5.431933105,5.621182067,0.003587593,0.101303184
0.232194191,0.185425709,2.422934223,0.170343153,0.547177814,4.47887116,4.442570445,5.337282191,4.916239096,5.22097045,5.664947397,0.003742697,0.13999656
0.172802192,0.245186089,2.445748841,0.172111959,0.600274504,4.363007563,4.534900347,5.490244413,5.129001653,5.405095589,5.961366153,0.004035838,0.095303486
0,0,0,0,0,0,0,0,0,0,0,0.004458983,0.061979827
0,0,0,0,0,0,0,0,0,0,0,0.004989078,0.049683324
0,0,0,0,0,0,0,0,0,0,0,0.005517018,0.049397959
0,0,0,0,0,0,0,0,0,0,0,0.006059358,0.049618408
0,0,0,0,0,0,0,0,0,0,0,0.006563783,0.045523278
0,0,0,0,0,0,0,0,0,0,0,0.007023732,0.042373661
0.515688476,0.120589844,1.881574648,0.13847507,0.827882312,6.110393023,5.242811668,4.106938624,4.223107922,5.005844331,5.356501794,0.007392218,0.045391963
0,0,0,0,0,0,0,0,0,0,0,0.007636514,0.042705626
0.313985189,0.091378581,2.430398272,0.258933971,0.706785181,4.232670337,4.854744166,4.988504976,5.163525999,5.782662511,5.31773448,0.007799503,0.056611116
0.210546875,0.209179145,2.40832793,0.243923004,0.807784737,4.935416818,4.811744829,4.795380275,4.934314105,5.392365634,5.71948225,0.007880601,0.097807182
0.284641746,0.211753472,2.342813017,0.115228368,0.62207823,5.453468627,4.489474515,4.289880434,5.383371353,6.082493146,6.541672216,0.007918428,0.013312433
0.333726128,0.147119683,2.408953454,0.132939754,0.70002039,5.367088755,4.144668559,4.138963302,5.18092521,5.70491906,5.963938554,0.00794223,0.006377908
0,0,0,0,0,0,0,0,0,0,0,0.007869464,0.00342281
0.435530599,0.126398112,2.061698767,0.078436991,0.54351176,5.514244199,5.163469315,4.359228075,4.191252172,5.538563728,5.706635237,0.005961457,0.004152018
0.483297526,0.090549316,1.789648823,0.079708283,0.7546441,5.982291003,5.349209428,4.817362269,4.77204745,5.168021629,5.548955093,0.005547217,0.003806604
0.344462891,0.123029785,2.065643899,0.146260846,0.88367404,5.591501549,5.051115021,4.537449032,4.594171882,5.090065673,6.086535916,0.005033423,0.004821698
0.600317383,0.057176107,1.745877025,0.075111986,0.484827049,5.813764811,6.098769665,5.039831877,3.943934917,4.563363314,5.46777916,0.004637694,0
0.482210829,0.098267958,1.873238298,0.06204126,0.434927652,6.012540082,5.470247746,4.033891817,4.471472263,4.760266831,4.700082332,0.002666509,0.004553826
0,0,0,0,0,0,0,0,0,0,0,0.002758707,0.024855924
0,0,0,0,0,0,0,0,0,0,0,0.002848174,0.025777055
0.230412869,0.12027398,1.930156476,0.198810163,0.645266888,4.948972603,5.458931168,5.452410658,3.908690264,4.92942514,5.460859179,0.002900496,0.033264984
0.235889423,0.264538637,2.191708569,0.09753817,0.81635669,5.452717387,4.977448716,4.888518086,4.157290739,4.560359207,4.827607581,0.002915689,0.033535928
0.124800799,0.245848434,2.219510077,0.263960278,0.743688412,4.99124724,5.481007357,5.325754464,4.08818791,4.555533674,4.972145839,0.003002882,0.03229999
0.261206681,0.247186624,2.119131013,0.049839564,0.847734368,5.183361301,5.50047791,4.542383689,4.516868202,4.881411016,5.178903584,0.00331007,0.039163579
0.316831787,0.148383464,2.207952278,0.153583515,0.855539463,5.280621758,5.359526425,4.961999637,4.779469651,5.312125355,5.227666157,0.003768092,0.064558474
0.246555476,0.171934622,2.239537129,0.176398878,0.729040684,4.973406352,4.549601003,4.81438076,5.298375933,5.234998854,5.748955783,0.004355718,0.120401969
0.223552632,0.148806281,2.298345676,0.230347237,0.763553764,5.238366488,4.343742885,4.685551954,5.884655262,5.771011685,6.142726318,0.005037536,0.127230112
0.301084391,0.161697591,2.096473898,0.129984233,0.816393465,5.281708989,4.74738133,4.95507545,4.973811586,5.042933229,5.72557484,0.005693891,0.079905929
0.484412944,0.075665487,1.80958018,0.034911689,0.887629958,5.77588056,5.053276725,4.344590493,4.207604349,5.04123912,5.614672031,0.006282787,0.047147481
0.476307854,0.085320046,1.780761665,0.034629576,0.865619884,5.793503328,4.851769632,3.900941009,4.151737831,5.125731262,5.419845137,0.006787533,0.046083207
0.490244141,0.07740446,1.696455008,0.022204951,0.868696746,6.277019894,4.789756066,3.969650006,4.661932486,5.429390472,6.070924616,0.007162123,0.051836148
0.459052572,0.05273584,1.83430162,0.024800139,0.821505341,6.443235409,4.726690138,4.207238305,4.433425289,5.243790448,5.912635505,0.007400237,0.052343695
0.417377658,0.067763672,2.019071866,0.065512244,0.622156849,5.754826466,4.705273042,4.42626975,4.696958592,5.320909897,5.321586361,0.007498577,0.055501236
0,0,0,0,0,0,0,0,0,0,0,0.007452722,0.063552056
0.428295573,0.077265625,1.837362196,0.039701862,0.866260786,5.724482042,4.81125775,4.578511626,4.108549941,4.954055053,5.4524055,0.007268807,0.039457776
0.428333984,0.069229981,1.898717115,0.053409775,0.84893466,6.197768807,4.35089069,4.010170487,5.121636242,5.289824152,5.885090339,0.006946935,0.03706279
0.411445313,0.101985677,2.007038471,0.041296375,0.890434139,5.379204035,5.042656302,4.422407508,5.393370271,5.768149734,5.525852919,0.006492635,0.042088158
0,0,0,0,0,0,0,0,0,0,0,0.005931187,0.037270156
0,0,0,0,0,0,0,0,0,0,0,0.005300929,0.031715435
0,0,0,0,0,0,0,0,0,0,0,0.004548565,0.033818363
0,0,0,0,0,0,0,0,0,0,0,0.003773696,0.004687762
0,0,0,0,0,0,0,0,0,0,0,0.002901533,0.004762171
0,0,0,0,0,0,0,0,0,0,0,0.002297489,0.005644448
0,0,0,0,0,0,0,0,0,0,0,0.003688065,0.006349561
0,0,0,0,0,0,0,0,0,0,0,0.004289901,0.004687762
0.190365786,0.233119197,2.36962944,0.209599153,0.598783868,4.906973565,4.625257044,5.25163601,5.415692386,5.685659476,6.081229049,0.005109115,0.237208378
0.323005473,0.172106222,2.295398474,0.086636435,0.67102177,4.75057539,4.379065298,4.784270357,5.038084555,5.440974385,5.873634383,0.006000136,0.351288432
0.233256293,0.207065321,2.407121038,0.167683765,0.602126979,4.882584492,4.410872972,4.705660148,5.543476935,5.796837115,6.159581415,0.006913498,0.404399353
0.185258659,0.199279232,2.480945388,0.263553352,0.546409699,4.768527093,4.584313693,5.068280864,5.600949073,5.906161914,6.363713269,0.007781624,0.487007535
0.14353068,0.129045546,2.306545633,0.358499991,0.648047746,4.969003469,4.280360239,5.357887959,5.797456076,5.639794007,6.283459077,0.008537028,0.422794175
0.201398437,0.108223958,2.316426736,0.278438024,0.591878698,4.804197538,4.103156924,5.348957729,5.898497677,5.600260067,5.717626929,0.009127215,0.398295915
0.272379449,0.134600803,2.363901189,0.189950787,0.649679583,5.380664909,4.408464376,4.664811492,5.903985174,5.643654776,6.104481959,0.009655159,0.377458569
0.222753472,0.224013781,2.418249667,0.200600047,0.634932021,4.751873903,4.544466265,5.153657083,5.386143704,5.577722208,5.969947505,0.010084023,0.402331931
0.283234345,0.215709783,2.327666836,0.088691043,0.674473766,4.920887833,4.335390649,5.050655029,5.283966232,5.407367555,5.919001666,0.01048658,0.270952915
0,0,0,0,0,0,0,0,0,0,0,0.010829105,0.264328946
0.278356301,0.118986545,2.499071695,0.273568615,0.486681287,5.298792323,4.408165395,4.643156684,5.960341593,5.883693549,6.432190816,0.01088621,0.325363989
0.284223041,0.152209251,2.361518812,0.223153506,0.736352671,5.384588003,4.376126067,4.509196303,5.30674081,5.33802117,6.173816172,0.010633749,0.318420571
0.359129116,0.161849772,2.064846492,0.087306659,0.800705623,5.618227665,4.954905842,4.695554921,4.753724056,5.197695426,5.653624977,0.010196536,0.218783558
0.482673882,0.089582791,1.907936775,0.087280394,0.76067675,5.856677731,4.672890812,4.344323263,5.362464498,5.173074246,5.907588442,0.00991085,0.188941238
0.585495606,0.036962891,1.490808848,0.012030181,0.90876717,6.258331478,5.063814998,4.162517905,4.524117887,4.793278605,5.957998157,0.00948888,0.161775115
0,0,0,0,0,0,0,0,0,0,0,0.009083506,0.141646329
0,0,0,0,0,0,0,0,0,0,0,0.008797594,0.13060003
0,0,0,0,0,0,0,0,0,0,0,0.008808509,0.124579181
0.314488867,0.225037109,2.061379421,0.088982725,0.864212406,5.234702139,5.366098461,5.005044103,4.40238611,4.873510861,5.320525098,0.009095159,0.122003187
0,0,0,0,0,0,0,0,0,0,0,0.00929368,0.12108682
0.478607067,0.09194262,1.80339038,0.032150171,0.717673106,5.909264326,5.46563984,4.796284107,3.969735964,5.054715081,5.359711967,0.009553381,0.125871662
0.238069411,0.232929437,2.044839357,0.105124045,0.708920452,4.168144941,5.240305841,5.280014717,3.872012452,4.688052205,5.255703807,0.009786821,0.139254912
0,0,0,0,0,0,0,0,0,0,0,0.010104855,0.106215897
0,0,0,0,0,0,0,0,0,0,0,0.010941551,0.103756715
0.314536133,0.15046224,2.251365511,0.095443219,0.81431787,5.516310215,4.583569229,5.347281218,4.448929369,5.485918522,5.602264524,0.010823304,0.111060304
0.507592773,0.081879883,1.752838218,0.074092478,0.911368472,6.21048212,5.453379313,4.690455774,4.573329479,5.036950241,5.489526411,0.01056105,0.114387618
0,0,0,0,0,0,0,0,0,0,0,0.010100209,0.108281457
0.535125868,0.020009766,1.775167694,0.064286526,0.918677226,6.456077893,4.683453719,4.219557683,5.43102328,5.207388918,5.715710004,0.009645259,0.103999258
0,0,0,0,0,0,0,0,0,0,0,0.009267292,0.102747154
0.676964157,0.048064779,1.374562248,0.017331327,0.804456884,6.201000677,5.298030847,5.057246572,3.685725036,4.664117495,5.186181068,0.00910929,0.125766628
0.280835997,0.299499438,1.989559326,0.082628632,0.910313913,5.445687966,5.344202573,4.448272938,4.3113614,5.180516975,5.794534272,0.009272263,0.130753242
0,0,0,0,0,0,0,0,0,0,0,0.009712807,0.145587573
0,0,0,0,0,0,0,0,0,0,0,0.010397116,0.141208348
0.286878255,0.149810384,2.469665294,0.089851119,0.725226684,4.647093892,4.837461382,5.312140644,5.206311643,5.12167874,5.715552151,0.011263124,0.165235972
0.313715006,0.189885742,2.134300352,0.036446747,0.814379188,5.269128788,4.765255386,4.626038343,4.920292532,5.339580124,5.752931231,0.01221408,0.176961493
0,0,0,0,0,0,0,0,0,0,0,0.013266799,0.176486909
0,0,0,0,0,0,0,0,0,0,0,0.0144433,0.187733378
0.228569262,0.155189098,2.393306716,0.210911538,0.74648818,5.211263727,4.55153837,4.900386957,5.903689696,5.885250823,6.352280232,0.015523707,0.360274271
0.254123454,0.164876139,2.304231675,0.186733369,0.738187802,5.133909234,4.795935263,4.860091648,5.433793926,5.646201402,6.187300965,0.016449451,0.384704202
0.169519008,0.202089844,2.381638124,0.245478854,0.696081351,4.771677131,4.610800087,5.150649721,5.378318467,5.472503911,5.984892793,0.017042996,0.416513827
0.183668186,0.134389866,2.315144986,0.278023815,0.5954929,4.750800103,4.294017983,5.221929411,5.631599178,5.664968646,6.381751414,0.017215677,0.553936378
0.209753883,0.190555943,2.37673361,0.216931854,0.6818207,5.101256524,4.563192657,4.921620658,5.312238366,5.386941016,5.912408382,0.01699207,0.443808672
0.094689942,0.202173177,2.426978889,0.279469849,0.70961042,4.189167416,4.673163378,5.667740959,5.645057118,5.973416662,6.133525801,0.01635862,0.425554002
0.176129964,0.230740153,2.440990015,0.210114982,0.473119392,4.662920877,4.557600006,5.119498819,5.639019847,5.74685064,6.120745868,0.015378901,0.385492391
0.188242188,0.147926432,2.25290232,0.159749158,0.518469201,5.437112898,5.089547962,5.618562281,5.141284675,5.978683621,5.78706342,0.014211563,0.262317968
0,0,0,0,0,0,0,0,0,0,0,0.01297592,0.224099525
0,0,0,0,0,0,0,0,0,0,0,0.011751283,0.204846599
0,0,0,0,0,0,0,0,0,0,0,0.01077694,0.195570335
0,0,0,0,0,0,0,0,0,0,0,0.010146144,0.19172633
0,0,0,0,0,0,0,0,0,0,0,0.009880289,0.190029769
0,0,0,0,0,0,0,0,0,0,0,0.01010775,0.194816792
0.346741536,0.105891927,2.522189206,0.123400529,0.65839813,4.53939712,4.620192349,4.824301958,4.929446101,5.244981766,5.727360487,0.010646433,0.224846017
0.168789822,0.155971571,2.549541451,0.314224079,0.639655815,4.400591501,4.863500372,5.338342683,4.845248518,4.900418564,5.53069855,0.011507908,0.357549607
0,0,0,0,0,0,0,0,0,0,0,0.012552834,0.383418908
0.036649577,0.085974121,2.161922077,0.513038793,0.581559288,4.428333273,3.80575187,5.427899361,5.92778335,5.211881161,5.970402758,0.013519479,0.552237999
0.118335173,0.152872014,2.402431551,0.342590652,0.492730854,4.431417579,4.224995886,5.519807963,5.368599765,5.405756533,6.055632615,0.014400983,0.519037512
0.101644052,0.144394017,2.330753237,0.388640219,0.572183827,4.132784701,3.944056447,5.488363686,5.429205584,5.508858621,6.023156398,0.01503908,0.587071096
0.138765536,0.149782197,2.46371924,0.345649093,0.690109419,4.598650206,4.36017296,5.453692349,5.488349665,4.911285899,5.562185271,0.01544097,0.451902774
0.273599447,0.089378256,2.551682758,0.185420601,0.722510959,4.60870105,4.035881489,5.499905348,5.628347248,5.140354812,5.486222268,0.015644489,0.496403293
0,0,0,0,0,0,0,0,0,0,0,0.015674083,0.462438669
0.208295248,0.133636719,2.417372627,0.28393975,0.544838515,4.901214647,4.519856513,5.327024341,4.757599461,4.874458849,5.751855898,0.015624164,0.415001642
0.130851237,0.022556966,2.028334343,0.64223348,0.796250646,4.109234571,4.903704286,5.00917685,5.12921989,3.472806394,4.551937938,0.015213978,0.341159686
0,0,0,0,0,0,0,0,0,0,0,0.014654632,0.268541557
0,0,0,0,0,0,0,0,0,0,0,0.013903799,0.227056314
0.464500326,0.146099447,1.936098155,0.072364425,0.784319498,5.394538641,4.781430006,4.412035495,4.22405976,4.992319525,5.223316073,0.013048459,0.20552478
0.178799293,0.262105422,2.392431717,0.282750926,0.63100931,5.071760288,4.746587711,4.76880547,4.721617554,5.110769136,5.619657695,0.012258098,0.224665866
0.168641493,0.196427138,2.314834172,0.359477289,0.645979825,4.968196422,4.684179624,5.503047705,5.04044808,5.048958609,5.71254615,0.011294926,0.206674792
0.303016131,0.092964952,2.067491457,0.241331293,0.799060917,5.31151451,4.843689561,5.238608619,5.231605225,4.771045619,5.77162083,0.010326689,0.191117205
0.349215495,0.059772135,2.263884034,0.066683035,0.904981494,5.851270199,5.065072298,4.775045574,5.317652941,4.843638659,5.560467958,0.009340275,0.1148918
0,0,0,0,0,0,0,0,0,0,0,0.00844387,0.102412809
0,0,0,0,0,0,0,0,0,0,0,0.007617934,0.095276412
0,0,0,0,0,0,0,0,0,0,0,0.006715312,0.083137922
0,0,0,0,0,0,0,0,0,0,0,0.005886085,0.073121201
0,0,0,0,0,0,0,0,0,0,0,0.005077669,0.065985765
0,0,0,0,0,0,0,0,0,0,0,0.004349243,0.059344697
0.122760417,0.30429362,2.090676213,0.09392525,0.855874116,4.773119509,4.638526201,4.181650579,4.302425623,5.279435873,6.00816679,0.003777133,0.06694073
0,0,0,0,0,0,0,0,0,0,0,0.003326803,0.060539183
0,0,0,0,0,0,0,0,0,0,0,0.003050453,0.052847657
0,0,0,0,0,0,0,0,0,0,0,0.002954849,0.053161205
0,0,0,0,0,0,0,0,0,0,0,0.003025854,0.064913738
0.315199694,0.134592348,2.27861689,0.085412251,0.59247345,4.287865162,4.446640597,5.243765366,4.212174232,4.865551655,4.960132021,0.003247228,0.084528766
0.441767423,0.143223044,1.973749399,0.088961308,0.758114254,5.35159134,5.041991257,4.726252474,4.073871256,5.024657326,5.174553678,0.003585139,0.067447605
0,0,0,0,0,0,0,0,0,0,0,0.004042835,0.053408819
0,0,0,0,0,0,0,0,0,0,0,0.004619039,0.048145585
0,0,0,0,0,0,0,0,0,0,0,0.005300389,0.045708552
0,0,0,0,0,0,0,0,0,0,0,0.005984423,0.044531323
0,0,0,0,0,0,0,0,0,0,0,0.006575644,0.044875971
0,0,0,0,0,0,0,0,0,0,0,0.007168576,0.042438518
0,0,0,0,0,0,0,0,0,0,0,0.007655154,0.038954605
0.583856337,0.112151421,1.659486618,0.058119423,0.773534803,6.180538476,5.455033819,4.028549572,4.245351886,5.174097439,5.803125233,0.008027819,0.043395548
0,0,0,0,0,0,0,0,0,0,0,0.008297543,0.044048941
0.367769531,0.124545573,2.389789771,0.153220371,0.774190368,5.631288981,4.360457492,4.498171031,5.450171566,5.798881984,5.415003812,0.008441421,0.070826986
0.227772678,0.224860569,2.49478871,0.187492324,0.771181764,5.160252662,4.479342469,4.812564564,5.429656982,5.558271448,5.983753395,0.008508163,0.08559714
0.161167264,0.175980903,2.422271444,0.336981826,0.729412287,4.810028742,4.416890979,5.123540428,5.108670563,5.521478527,6.14107075,0.008444862,0.087928411
0.271954915,0.144506022,2.469950771,0.191561588,0.774816893,5.38778131,4.526325244,4.453997499,5.32237038,5.622942173,6.091092766,0.008258232,0.046054866
0.49718099,0.055728353,2.012848298,0.097333482,0.773368832,6.308922649,5.11049977,4.102333277,5.361807972,5.162028909,5.424748778,0.007969594,0.006294995
0.019873047,0.328771159,2.313227339,0.399071725,0.66948993,4.238835335,5.270099998,5.407243252,3.981042266,4.627015293,5.80076623,0.007673242,0.01517942
0.17241645,0.213974067,2.355575279,0.182202205,0.64261641,4.80259639,4.448438585,4.989483277,5.698939999,5.276028991,5.430680434,0.007323984,0.008705844
0.46532742,0.100785319,2.014979744,0.073394624,0.722942966,6.080985586,5.046573013,4.317109952,5.497007082,5.170486559,5.907059988,0.006787139,0.005479202
0.390464138,0.180138618,2.034636715,0.1146791,0.565008111,5.843564968,4.926711122,4.488021006,4.920123865,5.198305547,5.658303023,0.00625506,0.006122791
0,0,0,0,0,0,0,0,0,0,0,0.005687186,0.026050332
0.244400228,0.251777344,2.259907763,0.181067945,0.856690743,5.764446319,4.85699755,4.095617116,4.292908608,5.015169025,5.219024718,0.005047332,0.016381196
0.571697049,0.05587755,1.636489927,0.039156802,0.573160971,5.757189254,5.323460212,4.696574479,4.709431221,5.232956062,5.855805,0.004434457,0.004139842
0.521401135,0.091385091,1.693757166,0.082953598,0.667703126,5.864550046,5.372686054,4.387604901,4.408714908,5.155649364,5.241800785,0.003874747,0.004352922
0,0,0,0,0,0,0,0,0,0,0,0.003451584,0
0,0,0,0,0,0,0,0,0,0,0,0.002506976,0.003348401
0,0,0,0,0,0,0,0,0,0,0,0.0025501,0.004910989
0.542709961,0.077477214,1.682460829,0.024644688,0.969313672,6.326280951,5.14946878,3.978356659,3.805216134,4.285482109,5.487138271,0.00260589,0.003928791
0.562259657,0.066527235,1.758560871,0.066813937,0.668584707,5.610610803,5.939734578,4.041311244,4.354197204,4.576619406,4.531562447,0.002663284,0.025508566
0,0,0,0,0,0,0,0,0,0,0,0.002720251,0.028109226
0,0,0,0,0,0,0,0,0,0,0,0.002760722,0.030044379
0,0,0,0,0,0,0,0,0,0,0,0.00277195,0.027292021
0,0,0,0,0,0,0,0,0,0,0,0.002745521,0.027317197
0.11583252,0.277583008,2.3710429,0.123837764,0.873989894,5.402091027,4.852681488,4.86215955,5.487727493,5.095267654,4.960282684,0.002778354,0.033572134
0.237982788,0.236104024,2.268087456,0.129819227,0.845951154,5.145964827,5.132211409,4.610803071,4.376924956,4.867917783,5.282786272,0.003023928,0.042509884
0.238652018,0.233572266,2.304633068,0.200412055,0.725406912,4.967166626,5.290504283,4.808698088,4.295233187,4.898740894,5.559975135,0.003436252,0.046780243
0.208482971,0.25604777,2.222220971,0.194998562,0.701935812,4.919739492,4.922920898,4.623330809,4.537861101,5.135340508,5.827324495,0.00399817,0.060117881
0.158568974,0.265289171,2.357588735,0.313680233,0.740795129,4.40260148,5.469164239,5.313998779,4.33662754,4.80512278,5.247143428,0.00464584,0.05993189
0,0,0,0,0,0,0,0,0,0,0,0.005274832,0.040917051
0,0,0,0,0,0,0,0,0,0,0,0.006767987,0.034841664
0,0,0,0,0,0,0,0,0,0,0,0.006997629,0.037162671
0,0,0,0,0,0,0,0,0,0,0,0.007088859,0.03414725
0,0,0,0,0,0,0,0,0,0,0,0.007015729,0.029414451
0,0,0,0,0,0,0,0,0,0,0,0.00646851,0.02295041
0,0,0,0,0,0,0,0,0,0,0,0.006003101,0.018300509
0,0,0,0,0,0,0,0,0,0,0,0.00480788,0.018893265
0,0,0,0,0,0,0,0,0,0,0,0.004048769,0.021536626
0,0,0,0,0,0,0,0,0,0,0,0.003244373,0.023416839
0,0,0,0,0,0,0,0,0,0,0,0.002450049,0.014578748
0,0,0,0,0,0,0,0,0,0,0,0.001659443,0.004464535
0,0,0,0,0,0,0,0,0,0,0,0.001042887,0
0,0,0,0,0,0,0,0,0,0,0,0.002269916,0.003571628
0.326155057,0.215546327,1.967070298,0.165593545,0.507470089,5.624659807,5.215653231,4.512968908,5.219447782,5.045104822,5.712692797,0.002523015,0.045604668
0.20636243,0.320511944,2.254438546,0.07324267,0.769001376,5.925983145,4.459823109,4.114716787,5.177283058,5.739632955,6.257211603,0.003005035,0.079745808
0.1199528,0.36146932,2.234368508,0.191335356,0.657389811,4.738874539,4.697629303,5.379189447,4.404315144,5.168645635,5.702118263,0.003558874,0.066932244
0.178111979,0.365315104,2.297887531,0.068792621,0.732649841,5.661775172,4.67306782,4.018149376,5.367824495,5.594268036,5.984863663,0.004108325,0.15904154
0.151484782,0.250994534,2.310474847,0.210808794,0.697384708,4.945155707,4.712334568,4.948243337,5.435097374,5.667366428,6.048321878,0.004711496,0.251033503
0.286490723,0.174177409,2.343282332,0.149894357,0.764548589,5.218044496,4.33559773,4.62800675,5.41851874,5.772512237,6.177924957,0.005400828,0.282440084
0.301471965,0.190266011,2.355399044,0.125067182,0.675506098,5.241600441,4.412814273,4.500555593,5.306161152,5.690232925,6.059207559,0.006131038,0.309587657
0.338476119,0.171018436,2.378066092,0.090175361,0.713506242,5.382180171,4.457560902,4.502571095,5.286410825,5.781955518,5.842643098,0.00675122,0.376086526
0.257470703,0.155918352,2.450564648,0.199922631,0.671119491,5.255746326,4.691302959,4.799618745,5.666186077,5.805873341,6.212617341,0.007297282,0.373925899
0.239861538,0.191314756,2.452279439,0.24357298,0.502202387,5.288736229,5.126513754,4.457478081,5.196822899,5.607183806,6.104639385,0.00772464,0.355688013
0.295497287,0.149964084,2.406182302,0.16978615,0.649058587,5.497130501,4.486168313,4.46038689,5.667434251,5.650410958,6.199354911,0.007959886,0.366352724
0.159075792,0.257073703,2.42405812,0.249667567,0.660888208,4.56319206,4.89136298,5.365440682,5.139403989,5.19180197,6.042373916,0.008064837,0.295948041
0.476676432,0.023662109,2.029979988,0.063189063,0.505845791,5.86856389,4.074977696,3.851128519,6.317966461,5.645712376,5.762252688,0.008049492,0.219496979
0,0,0,0,0,0,0,0,0,0,0,0.008187915,0.182764325
0,0,0,0,0,0,0,0,0,0,0,0.007994436,0.185177345
0.368580403,0.121802734,2.145298111,0.139436156,0.853221003,5.794738597,4.928008127,4.236446893,5.188082707,5.39786849,6.046972298,0.007717782,0.198061837
0,0,0,0,0,0,0,0,0,0,0,0.00732444,0.152584794
0,0,0,0,0,0,0,0,0,0,0,0.006954988,0.133983845
0,0,0,0,0,0,0,0,0,0,0,0.006752966,0.117701733
0,0,0,0,0,0,0,0,0,0,0,0.006472578,0.109433876
0,0,0,0,0,0,0,0,0,0,0,0.006454442,0.100135644
0,0,0,0,0,0,0,0,0,0,0,0.006567596,0.092473254
0.300159118,0.238233507,2.131606842,0.102316356,0.85034284,4.937121871,5.253898413,5.018659084,4.374075705,5.17205657,5.261910356,0.006950818,0.10057303
0,0,0,0,0,0,0,0,0,0,0,0.007377713,0.099037423
0.390370551,0.12272678,1.951771337,0.084314111,0.87730307,4.914269805,5.221514821,5.336663623,4.241009255,4.589574854,5.252342582,0.007771425,0.098374494
0.27277615,0.222314091,2.018307682,0.059888213,0.749385215,4.550311297,5.147732311,5.223623316,4.07369968,4.967966994,5.420446767,0.008173088,0.101050226
0,0,0,0,0,0,0,0,0,0,0,0.009499538,0.086975977
0.516376411,0.070155707,1.66567249,0.052346893,0.733470986,6.502864699,4.758165727,3.950357586,4.989415973,5.161126256,5.927321662,0.009227243,0.096247343
0,0,0,0,0,0,0,0,0,0,0,0.008990829,0.104993932
0,0,0,0,0,0,0,0,0,0,0,0.008730772,0.095740393
0.672380371,0.04407308,1.413893549,0.033022324,0.876954819,6.487077296,5.66156213,4.664458215,3.859222047,4.56169261,5.416885406,0.008615153,0.094683203
0.673851319,0.044486084,1.481523585,0.058941251,0.947964804,6.591270507,5.457114697,4.806065187,3.508068144,4.415360704,5.232778669,0.008739856,0.100564142
0.656465658,0.106063639,1.37882764,0.011790585,0.942015109,6.851052702,4.476438344,5.102104366,3.851767928,4.784408093,5.18338418,0.009210248,0.106690678
0,0,0,0,0,0,0,0,0,0,0,0.009975198,0.124780963
0,0,0,0,0,0,0,0,0,0,0,0.010950123,0.13677589
0,0,0,0,0,0,0,0,0,0,0,0.011979396,0.147923268
0.239347331,0.135698242,2.404450415,0.159502044,0.669459812,4.228681028,4.868608713,5.001074314,4.731885433,5.551200509,5.811410666,0.013094266,0.173209936
0.3241004,0.200802758,2.134570807,0.045022506,0.829043667,5.379158948,5.021540616,4.605909577,4.679080384,5.156148506,5.656205859,0.014152035,0.194078291
0.275250108,0.212843424,2.403270189,0.116984353,0.641539661,5.352847616,4.673685829,4.488190412,6.156498949,5.658054908,6.057056308,0.015208659,0.245213664
0.208888105,0.181497999,2.378450738,0.255303014,0.747306249,4.815455965,4.962282638,5.192678273,5.251171861,5.451611629,6.102546319,0.016250961,0.374852506
0.190810322,0.157326183,2.299388427,0.280626859,0.705037524,4.835012944,4.880766762,4.931514016,4.946585033,5.45867654,5.998437166,0.017098596,0.369405336
0.200835503,0.186925185,2.404197785,0.224699584,0.701758034,4.803875998,4.585840503,4.776203036,5.614855376,5.56103689,6.045894988,0.017566446,0.455762927
0.143835643,0.19347323,2.332717135,0.260949996,0.671046044,4.662164589,4.678552437,5.43384846,5.874689448,5.588150461,6.112460278,0.017532317,0.567311495
0.150086263,0.182339274,2.439737201,0.350570216,0.717888256,4.51455231,5.073098943,5.481669307,5.566687286,5.305636868,5.863453686,0.017060528,0.35135029
0,0,0,0,0,0,0,0,0,0,0,0.016212145,0.281910317
0.175647787,0.193043907,2.350080064,0.256268666,0.683646044,4.647958731,4.366627002,5.408803235,4.850892565,5.645482021,5.868038921,0.015104425,0.380292002
0.129054633,0.210446642,2.43467365,0.327468233,0.733814687,4.563912019,5.022303512,5.910563201,5.244086971,5.756014427,6.275369525,0.013808289,0.336161694
0,0,0,0,0,0,0,0,0,0,0,0.012435222,0.252435482
0,0,0,0,0,0,0,0,0,0,0,0.011093711,0.238746045
0,0,0,0,0,0,0,0,0,0,0,0.010044347,0.218475475
0,0,0,0,0,0,0,0,0,0,0,0.009327137,0.201946922
0,0,0,0,0,0,0,0,0,0,0,0.009039938,0.19845474
0,0,0,0,0,0,0,0,0,0,0,0.009237246,0.202157861
0,0,0,0,0,0,0,0,0,0,0,0.009804849,0.314228528
0.195352493,0.184838867,2.531877427,0.271827679,0.573805622,4.483498505,4.433834731,5.481442792,5.725357652,5.490794727,5.888976097,0.010666915,0.434421178
0.187894994,0.155579684,2.562767198,0.31846835,0.502509984,4.407628969,4.304184838,5.470538415,5.941407916,5.362364323,5.694627182,0.011558897,0.441000641
0.168143039,0.131952854,2.558679413,0.319623349,0.471102816,4.383650526,4.317616229,5.41102685,6.028386349,5.561504001,6.054668059,0.012366301,0.529160329
0.154971852,0.156913392,2.352197465,0.33803807,0.481391865,4.539229286,4.505878892,5.406378199,5.353548208,5.344367709,5.825419843,0.013169976,0.470676093
0.285676982,0.115931905,2.427892776,0.214282342,0.555482052,4.788103204,4.294256955,5.270605668,5.736667361,5.570715573,6.097487614,0.01379886,0.475169403
0.255565001,0.128431507,2.405088062,0.214596047,0.634099382,4.653755822,4.430292433,4.967455921,5.310559435,5.442703299,6.192318984,0.014142128,0.465144655
0.239226592,0.165960878,2.340884122,0.233305221,0.559680002,5.047465991,4.325366811,4.946377695,5.507982433,5.555651274,5.790819347,0.014279432,0.498525408
0.12204617,0.187453071,2.579076877,0.341134784,0.438542163,4.668864732,4.271218921,5.124270827,5.239962488,5.442385534,5.987808893,0.014275043,0.530893192
0.226057841,0.17706075,2.524643065,0.25649883,0.52596005,4.752994701,4.569482263,5.017527856,4.946383353,5.161590423,5.482316069,0.014150637,0.505189789
0.184744699,0.164268276,2.498205053,0.291904905,0.62324445,4.566679646,4.184709894,4.970268211,5.249219154,5.520931623,5.785869871,0.013782226,0.506586604
0.154228516,0.148571545,2.583643189,0.331934525,0.468363743,4.96390212,3.984091835,4.924006717,5.827388674,5.596971993,6.264036775,0.013181676,0.508398455
0.162041829,0.172928874,2.443655169,0.349908826,0.536071236,4.76008215,4.541144037,5.114300764,5.180510497,5.535728812,6.297267807,0.012433712,0.355034635
0.228691702,0.221288027,2.454576808,0.205254745,0.557552273,4.424691921,4.72014638,5.276635501,4.824355456,5.273664458,5.818091588,0.011629914,0.292552418
0.498618164,0.035329861,1.883455335,0.083488721,0.920670027,6.749965906,4.988643964,4.030332267,5.153750578,4.756202638,6.065374295,0.010841249,0.227730622
0.345854492,0.088286947,1.939820927,0.168000904,0.702496131,5.080305949,4.858392288,5.175230364,4.739476348,4.929406126,5.684628924,0.009986335,0.196530467
0.387097168,0.05557212,1.957170845,0.155146137,0.569880167,5.989309669,4.213200182,4.339847058,5.877322495,4.978015572,6.19424665,0.009043888,0.137087052
0,0,0,0,0,0,0,0,0,0,0,0.008158235,0.119432477
0,0,0,0,0,0,0,0,0,0,0,0.007274508,0.111030033
0,0,0,0,0,0,0,0,0,0,0,0.006472623,0.102596201
0,0,0,0,0,0,0,0,0,0,0,0.00571105,0.093692313
0,0,0,0,0,0,0,0,0,0,0,0.004941565,0.089996098
0,0,0,0,0,0,0,0,0,0,0,0.004236787,0.089188738
0,0,0,0,0,0,0,0,0,0,0,0.003581645,0.086569663
0.174063314,0.187246094,2.387516319,0.392162171,0.566893113,4.345850945,4.601746708,5.382432849,4.393493176,5.152458132,5.913011968,0.003070592,0.099131191
0,0,0,0,0,0,0,0,0,0,0,0.002717775,0.076358297
0,0,0,0,0,0,0,0,0,0,0,0.002517152,0.0618073
0,0,0,0,0,0,0,0,0,0,0,0.002524448,0.054104478
0,0,0,0,0,0,0,0,0,0,0,0.002699368,0.061680873
0.361141222,0.219149441,2.113663598,0.064368946,0.742672913,4.95453306,5.005143588,4.457605697,4.106620158,4.891520863,5.194238479,0.003051796,0.064943643
0.345648058,0.226028917,2.121941034,0.169221128,0.90594543,5.050715566,5.7646601,4.708486458,4.08185944,4.764612913,4.656656067,0.003521068,0.059663703
0,0,0,0,0,0,0,0,0,0,0,0.004103103,0.048389793
0,0,0,0,0,0,0,0,0,0,0,0.004823273,0.04590528
0,0,0,0,0,0,0,0,0,0,0,0.005604508,0.044368463
0,0,0,0,0,0,0,0,0,0,0,0.006340253,0.043568193
0,0,0,0,0,0,0,0,0,0,0,0.007003327,0.041511906
0,0,0,0,0,0,0,0,0,0,0,0.008141729,0.039289478
0.507489692,0.131417643,1.896120452,0.080418906,0.808193671,6.036611636,5.50313733,3.98678867,4.550706119,5.363859494,5.588833253,0.008505167,0.041299973
0.49348886,0.173104203,1.868522963,0.072407377,0.701264916,6.345036282,5.472923875,3.854883439,4.485719923,5.271093031,5.648169776,0.008772138,0.040239636
0.513920898,0.149338216,1.898970483,0.130330403,0.817028945,5.895976186,5.410459077,3.941276395,4.614587522,5.057709229,5.55211842,0.008912895,0.040820445
0.56870638,0.056400065,1.802389479,0.11038549,0.829136375,6.112275457,5.003116131,3.867244202,4.254227233,5.468330932,5.602021122,0.008925965,0.052033833
0,0,0,0,0,0,0,0,0,0,0,0.008810545,0.039719774
0,0,0,0,0,0,0,0,0,0,0,0.008545883,0.038203002
0,0,0,0,0,0,0,0,0,0,0,0.008183611,0.030520716
0,0,0,0,0,0,0,0,0,0,0,0.007768059,0.040212548
0.375777995,0.24206543,2.029123707,0.044107551,0.789436865,5.215651751,5.423940182,4.669964135,3.8169204,5.340821862,5.037529588,0.007322481,0.050384728
0.223156738,0.168030599,2.313100692,0.221954602,0.752368524,5.848536044,4.184131413,4.709742248,4.676351309,5.284915269,5.533832252,0.006839595,0.033671055
0,0,0,0,0,0,0,0,0,0,0,0.00630387,0.018876848
0,0,0,0,0,0,0,0,0,0,0,0.005697224,0.016586043
0.563018229,0.108456055,1.709474565,0.025324823,0.868855975,6.371576118,4.91997062,4.745349288,3.837564981,5.081716525,5.182744908,0.005046872,0.023468197
0.29636339,0.193237576,2.257431435,0.277789624,0.819064905,5.366214395,4.846222003,4.981422544,3.802325229,4.316107224,4.9200764,0.004419708,0.028637482
0.342819708,0.148986003,2.079821685,0.112426358,0.685393154,5.560668848,4.85696492,4.824958061,4.703299708,5.178090568,5.539049212,0.003835254,0.032407435
0.445030925,0.164577637,1.995360679,0.100942921,0.707843015,5.610721767,5.509356558,4.598370851,4.53362447,5.079912841,5.534592121,0.003319688,0.017388525
0.3519528,0.127291016,2.173076366,0.157816272,0.705698185,5.525490212,5.124899614,4.316943169,4.589539945,5.16623199,5.799173045,0.002910737,0.004018082
0.551396484,0.038474392,1.62194196,0.043450404,0.387766496,5.999946157,5.049385945,4.463516116,4.545151254,5.150248269,5.699183424,0.002604584,0.003273993
0,0,0,0,0,0,0,0,0,0,0,0.002419091,0.002678721
0,0,0,0,0,0,0,0,0,0,0,0.002486419,0.003348401
0,0,0,0,0,0,0,0,0,0,0,0.002508398,0.004018082
0,0,0,0,0,0,0,0,0,0,0,0.002544097,0.043605539
0.53621224,0.049173503,1.690674392,0.073649633,0.769169735,6.075406408,5.504551649,4.182270157,4.452767873,4.899147522,4.515666759,0.002581205,0.045677537
0.2600727,0.251083442,2.046821599,0.047406643,0.785655693,5.180917601,5.07581088,4.298067798,4.281784773,4.849776546,5.391060491,0.002608945,0.037116674
0.340647786,0.200299479,1.962010537,0.015779685,0.732933981,5.358209491,5.015384436,4.415666461,3.929031312,5.146302462,5.542495847,0.002621689,0.036990665
0,0,0,0,0,0,0,0,0,0,0,0.002575672,0.02876675
0,0,0,0,0,0,0,0,0,0,0,0.002472795,0.027117006
0,0,0,0,0,0,0,0,0,0,0,0.003529996,0.029798386
0,0,0,0,0,0,0,0,0,0,0,0.004110735,0.03026763
0,0,0,0,0,0,0,0,0,0,0,0.006523357,0.026726424
0,0,0,0,0,0,0,0,0,0,0,0.00543818,0.017442069
0,0,0,0,0,0,0,0,0,0,0,0.003502112,0.010028182
0,0,0,0,0,0,0,0,0,0,0,0.00201876,0.035159211
0,0,0,0,0,0,0,0,0,0,0,0.001286728,0.059236765
0,0,0,0,0,0,0,0,0,0,0,0.00070797,0.004285954
0,0,0,0,0,0,0,0,0,0,0,0.00035847,0.003571628
0,0,0,0,0,0,0,0,0,0,0,0.002277613,0.007143256
0.13762207,0.262612305,2.366834248,0.290747693,0.715053755,4.457936466,4.93301177,5.195736388,4.868062476,5.33500282,5.430311839,0.002622843,0.10692536
0.095868284,0.237455883,2.31522096,0.306223307,0.710136874,4.712212904,5.092439805,5.020071165,4.784116709,5.150868049,5.738093961,0.003082571,0.185735505
0.189816216,0.222211372,2.306458344,0.174526901,0.685012915,4.948033199,4.904047067,5.026496609,4.831634685,5.19665055,5.746725912,0.003548522,0.170922379
0.264035832,0.249221379,2.352099067,0.060636183,0.76964146,5.073160965,4.509215511,4.717456728,4.938008946,5.651407022,5.840047213,0.00399131,0.174415195
0.300765788,0.225355225,2.241829388,0.018534483,0.764723098,5.314988733,4.536648974,4.584406376,4.674740121,5.679802835,5.845696285,0.004425233,0.172320173
0.271521403,0.145333049,2.241726891,0.207874901,0.531632465,4.975002252,4.600329474,4.812767625,5.022485241,5.226404332,5.730008677,0.004909608,0.319109618
0.177126567,0.228750611,2.278492367,0.229142585,0.584574049,4.519083636,4.589588132,5.038719546,5.518034391,5.370103479,6.105169244,0.005387279,0.359252332
0.187720889,0.125377139,2.496964046,0.334890423,0.470846113,4.623842316,4.091220242,5.096294991,6.098208666,5.428709609,5.693069952,0.005794443,0.308952536
0.279235569,0.086033167,2.44492078,0.266591296,0.709016813,5.417463885,4.363714284,4.757550816,5.926729904,5.909618861,6.130788088,0.006121048,0.333265468
0.258926302,0.185104427,2.383841516,0.161222673,0.733599828,5.622979693,4.385740914,4.426614152,5.711568663,5.827631769,6.176117334,0.006404116,0.360680818
0.101462131,0.309057346,2.360826559,0.238667869,0.725797533,4.610759556,4.411765034,5.206597259,5.20799758,5.327120826,6.172748466,0.006431919,0.264021216
0,0,0,0,0,0,0,0,0,0,0,0.006323696,0.184661929
0,0,0,0,0,0,0,0,0,0,0,0.006143778,0.163562915
0,0,0,0,0,0,0,0,0,0,0,0.005945157,0.158295081
0,0,0,0,0,0,0,0,0,0,0,0.005697638,0.156181103
0.500171713,0.046233724,1.794302498,0.092603438,0.864450088,6.593148828,4.449250758,4.02643022,5.296659649,5.279032409,5.776364982,0.005348409,0.141240587
0,0,0,0,0,0,0,0,0,0,0,0.004464966,0.074775169
0,0,0,0,0,0,0,0,0,0,0,0.004666202,0.07428936
0.327905436,0.209224691,2.03613278,0.044923912,0.932813185,5.17225229,5.033622435,5.061384568,4.650655693,5.084744623,5.346852577,0.005072227,0.081760038
0,0,0,0,0,0,0,0,0,0,0,0.005640172,0.092833346
0,0,0,0,0,0,0,0,0,0,0,0.006145165,0.08100049
0.289816406,0.191302246,2.10747057,0.091997918,0.667130993,4.423705,5.325884569,4.802387649,3.889942837,4.803709883,5.262603861,0.006678052,0.082274572
0,0,0,0,0,0,0,0,0,0,0,0.008089669,0.077908459
0.318134766,0.097163086,2.159968828,0.066294202,0.648502391,5.734630346,4.536860526,5.410890102,5.437084675,5.932683825,5.722534299,0.008003729,0.081191406
0.495633545,0.087073975,1.720496418,0.028794143,0.900248259,6.765991807,5.052368671,4.571605951,3.915367857,5.123877064,5.66238609,0.007907601,0.094161088
0.497852784,0.228535563,1.75391921,0.031045362,0.874883616,5.958398164,5.326295957,5.21725975,3.46583505,4.574360609,4.919969603,0.007910673,0.08586694
0.576015375,0.107560847,1.662065503,0.056173445,0.846668901,6.30973307,5.164690128,4.815021639,3.904632142,4.516392653,5.339755269,0.00802996,0.088635626
0,0,0,0,0,0,0,0,0,0,0,0.00845489,0.090350417
0,0,0,0,0,0,0,0,0,0,0,0.010363255,0.116827586
0,0,0,0,0,0,0,0,0,0,0,0.01155361,0.134428726
0,0,0,0,0,0,0,0,0,0,0,0.012831744,0.157285894
0,0,0,0,0,0,0,0,0,0,0,0.014097736,0.194676446
0.211577691,0.28713189,2.326579918,0.097084762,0.835675628,4.466574282,5.1624086,4.63986664,4.336449141,5.554519872,5.968775054,0.015315818,0.218343989
0.124673123,0.300431993,2.216945221,0.158090147,0.80393975,4.181565738,5.373849712,5.824154305,4.42331931,5.182716755,5.602998786,0.016316522,0.287144554
0.154791667,0.181063462,2.275018401,0.298814783,0.718922326,4.389367921,5.027977593,5.438500399,4.396899779,5.451908073,6.075528015,0.017338932,0.501864859
0.168123085,0.2369919,2.289311713,0.170151231,0.656607845,5.057605284,4.695083425,5.033346534,5.403470502,5.661766908,6.217296937,0.018090282,0.395978906
0.1973076,0.185901436,2.364233976,0.1939897,0.662597345,5.01748422,4.467202438,4.994654417,5.788467089,5.743837049,6.22247573,0.018397089,0.52850057
0.170095727,0.161064935,2.453503455,0.276195574,0.662991372,4.539153998,4.387526501,5.237101162,6.221443161,5.715746813,6.250680601,0.018223381,0.648880985
0.130193685,0.114991862,2.295296855,0.298738399,0.621825039,4.509646595,4.284177929,5.149966866,5.17674911,5.117475272,5.250049532,0.017521618,0.386040558
0.377092169,0.118451684,2.223676659,0.128488334,0.597330618,5.212724703,4.767303841,4.844832676,4.711087627,5.166965723,5.699697597,0.016504306,0.339497516
0.103685201,0.221808879,2.339486924,0.336774887,0.615081825,4.469126223,4.982113794,5.396991171,4.50998586,5.109535556,5.39391423,0.015219207,0.41744492
0.119983039,0.157245323,2.212133418,0.387465312,0.535302724,4.491091022,4.803295227,5.413397795,5.450736322,5.241826644,5.72470792,0.013721266,0.468798297
0.459147339,0.048299255,1.990227911,0.108307448,0.566677339,6.090469644,5.161801301,4.237380663,5.435401257,6.012628243,5.8124616,0.012202542,0.350286721
0.140581704,0.274898438,2.156037765,0.26398499,0.665232778,4.908620411,5.46966629,5.322263068,4.535548609,5.214889008,5.83533783,0.010880539,0.276081736
0,0,0,0,0,0,0,0,0,0,0,0.009788739,0.239291434
0,0,0,0,0,0,0,0,0,0,0,0.009108592,0.216308657
0,0,0,0,0,0,0,0,0,0,0,0.008829993,0.209264548
0,0,0,0,0,0,0,0,0,0,0,0.008938627,0.219626221
0.283894857,0.120460612,2.154989905,0.021619122,0.111035671,4.553206325,4.142811954,4.208111048,5.32232058,5.398275137,5.976403832,0.009449348,0.287004895
0.207774769,0.178550249,2.445294223,0.231628829,0.544786024,4.563179791,4.031669481,5.021842371,5.892352343,5.37374918,5.474998566,0.010164705,0.409987765
0.171049805,0.161061741,2.505193351,0.249665078,0.506028994,4.474263728,4.190089325,5.530114512,6.469648758,5.825571577,6.495756626,0.010862553,0.540988295
0.194705241,0.074815593,2.361280019,0.310761179,0.413056534,4.846087217,4.03529759,5.457645357,6.240725952,5.792286646,6.284729552,0.011527362,0.522698273
0.082305501,0.192647182,2.367368342,0.416228457,0.570306865,4.412606201,4.537997655,5.334593419,5.267128676,5.103435831,5.594688432,0.012170933,0.494468144
0.205612423,0.15781975,2.424641435,0.300111333,0.640483626,4.626315014,4.300595067,5.098291392,5.734272962,5.379215587,6.014613303,0.012656729,0.455271037
0.253659261,0.189171259,2.431308769,0.155954879,0.658912158,4.681476142,4.489136988,5.106933196,4.995179726,5.291374551,5.937619216,0.012906393,0.443959465
0.197737088,0.161519369,2.413128951,0.226094254,0.713064168,4.629207343,4.904172142,5.524651647,4.789435546,4.725147724,5.45165502,0.012951927,0.505714307
0.19370341,0.067107544,2.38653989,0.389502041,0.329773418,4.760685645,3.773321234,5.37426044,6.301163875,5.561903372,6.15986228,0.012817314,0.556426844
0.208357422,0.066603841,2.364964776,0.393757565,0.481802423,4.866309786,3.905949536,5.464590919,6.003843397,5.21636982,5.841149527,0.012583908,0.552257678
0.209892036,0.053589591,2.238214182,0.31874628,0.569218938,4.989938589,3.84440629,5.156509138,6.079829243,5.462738948,5.789044287,0.012207067,0.502111395
0.286390178,0.047113444,2.146957603,0.348403045,0.571181012,5.078732915,4.217680343,5.328603029,5.917226836,5.280239753,6.055921882,0.011625193,0.425491403
0.24543364,0.124710519,2.451655394,0.283798323,0.583447219,4.961253698,4.396448357,5.255218012,5.120572593,5.006134885,5.766371216,0.01088397,0.357122653
0.203634259,0.157787905,2.614028798,0.310300024,0.370493125,4.687993824,4.318200376,5.136416468,5.515528785,5.548579024,6.264548037,0.010117588,0.37113697
0,0,0,0,0,0,0,0,0,0,0,0.009310306,0.191720862
0,0,0,0,0,0,0,0,0,0,0,0.007728749,0.13898261
0,0,0,0,0,0,0,0,0,0,0,0.00688352,0.131211109
0,0,0,0,0,0,0,0,0,0,0,0.006098866,0.1280655
0,0,0,0,0,0,0,0,0,0,0,0.005341243,0.123989578
0,0,0,0,0,0,0,0,0,0,0,0.00472774,0.108622712
0,0,0,0,0,0,0,0,0,0,0,0.004063918,0.104184776
0,0,0,0,0,0,0,0,0,0,0,0.003461506,0.101575958
0,0,0,0,0,0,0,0,0,0,0,0.002947717,0.103290894
0.129549154,0.297229818,2.477094025,0.263087217,0.291760706,4.950926065,4.475385308,5.30231154,5.636145592,6.054669738,6.586356997,0.002513272,0.161221727
0.218474122,0.034378255,2.127996025,0.425464972,0.521601165,4.485208154,3.957539648,5.403786451,6.008446664,5.664766193,5.71868217,0.002271878,0.143260516
0,0,0,0,0,0,0,0,0,0,0,0.002152431,0.082870683
0.625638317,0.01723618,1.505055419,0.019025199,0.794461197,5.872423963,5.537588206,4.466727349,3.851381535,4.514796766,4.18469888,0.002226286,0.068350119
0.60205268,0.103395996,1.606049119,0.063360183,0.927114836,5.978654126,5.907236437,4.619160851,3.891698201,4.476412366,4.378148968,0.002493835,0.061245035
0.568993443,0.167628116,1.617132329,0.059343203,0.794640462,5.945679137,5.934800574,4.487478929,3.653373748,4.635195025,4.353403296,0.002938703,0.056723945
0,0,0,0,0,0,0,0,0,0,0,0.003496039,0.051980262
0,0,0,0,0,0,0,0,0,0,0,0.006584451,0.041849303
0,0,0,0,0,0,0,0,0,0,0,0.007325,0.036833624
0,0,0,0,0,0,0,0,0,0,0,0.00795928,0.038783426
0,0,0,0,0,0,0,0,0,0,0,0.008452026,0.037460902
0.356444589,0.262931677,2.020603309,0.100391817,0.615917253,5.67755425,5.601768096,4.464050214,4.625574894,5.332268046,5.776592705,0.008818463,0.040064316
0.434800076,0.238411187,1.841022805,0.073649287,0.838837918,5.804221014,5.472417534,4.092562556,4.412200719,5.206671715,5.968468626,0.009050906,0.039208353
0,0,0,0,0,0,0,0,0,0,0,0.009155846,0.036687785
0,0,0,0,0,0,0,0,0,0,0,0.009119536,0.03989112
0,0,0,0,0,0,0,0,0,0,0,0.008939591,0.033844931
0,0,0,0,0,0,0,0,0,0,0,0.008616645,0.029331536
0,0,0,0,0,0,0,0,0,0,0,0.008202793,0.027038834
0,0,0,0,0,0,0,0,0,0,0,0.007707285,0.025486712
0,0,0,0,0,0,0,0,0,0,0,0.007207714,0.023878805
0,0,0,0,0,0,0,0,0,0,0,0.006695976,0.021181578
0,0,0,0,0,0,0,0,0,0,0,0.005513418,0.017409389
0,0,0,0,0,0,0,0,0,0,0,0.004867344,0.030324544
0,0,0,0,0,0,0,0,0,0,0,0.004268808,0.041534783
0.189803874,0.226153971,2.357880902,0.079549041,0.759772992,5.692810238,4.345383734,4.378762126,5.680056274,6.033592403,6.444625556,0.003705676,0.047478147
0.277591471,0.231620768,2.300968865,0.160950062,0.668208567,5.237805152,5.315893555,4.553276491,4.538447595,5.29796629,5.779315925,0.003208219,0.040831556
0,0,0,0,0,0,0,0,0,0,0,0.002800309,0.023357148
0.436347005,0.113081706,1.927665789,0.066991846,0.591053319,5.493929386,4.848266041,4.409798515,4.878892887,5.446190214,5.968983388,0.002490692,0.029717748
0.535698649,0.098555908,1.724771765,0.031486728,0.624679561,6.143051147,5.301848054,4.882969007,4.405319094,4.829843104,5.683617115,0.002267846,0.017070828
0.442169597,0.088665093,1.946245991,0.177947131,0.71130566,5.796745042,5.310889433,4.77542913,4.269930383,4.917774648,5.244393577,0.002135059,0.006331523
0.337422852,0.14278125,2.189444948,0.151281435,0.804811834,5.416269636,4.851106226,5.035560143,4.827254129,4.937142205,5.68823756,0.002095101,0.006529383
0.28984668,0.176703451,2.126554235,0.16965594,0.794175974,5.225295949,5.200732052,4.920227098,4.104654264,4.746169662,5.10137316,0.00213291,0.005357442
0.314706706,0.192070312,2.206356527,0.196176146,0.651881174,5.263743126,5.035903573,4.441958511,4.226235843,5.259981942,5.728103006,0.00221926,0.008929071
0.087562663,0.178592529,2.105481617,0.405852398,0.695014395,4.294339985,4.87576215,5.646282166,4.495881751,5.258932174,5.270539075,0.002317569,0.007521025
0.306169597,0.190138997,2.16334221,0.166047096,0.650865503,5.209211039,5.128382135,4.601907921,4.300910646,5.178537822,5.588951898,0.002405777,0.009821978
0.586928711,0.044250326,1.626704709,0.05781673,0.746940184,5.888631105,5.1199363,4.959190452,3.908750707,4.865985024,5.32482748,0.002460004,0.018849896
0.32648112,0.212822808,2.094901309,0.066016716,0.558255301,5.622879306,4.887563547,4.83554864,4.293120782,4.548114658,5.051395476,0.002481821,0.042953922
0,0,0,0,0,0,0,0,0,0,0,0.002491715,0.041135973
0.317469076,0.211129557,2.133802325,0.015630043,0.919056414,5.936402202,4.908489585,4.071008682,4.177098274,5.29004705,6.127841711,0.002495133,0.041634191
0.329964045,0.194038382,1.991943979,0.089592782,0.750574451,5.319300148,5.83427161,4.401804664,4.623612773,4.895789081,5.137375208,0.00249021,0.040560244
0,0,0,0,0,0,0,0,0,0,0,0.002133889,0.02683315
0,0,0,0,0,0,0,0,0,0,0,0.005523839,0.024396557
0,0,0,0,0,0,0,0,0,0,0,0.005760707,0.024153072
0,0,0,0,0,0,0,0,0,0,0,0.002985935,0.011212026
0,0,0,0,0,0,0,0,0,0,0,0.000968325,0.019148921
0,0,0,0,0,0,0,0,0,0,0,0.000522167,0.014691067
0,0,0,0,0,0,0,0,0,0,0,0.000282208,0.007927043
0,0,0,0,0,0,0,0,0,0,0,0.000194178,0.002678721
0,0,0,0,0,0,0,0,0,0,0,0.000145705,0.002678721
0,0,0,0,0,0,0,0,0,0,0,0.002049989,0.004821698
0,0,0,0,0,0,0,0,0,0,0,0.002286438,0.004464535
0.129065484,0.251801893,2.430687812,0.252060126,0.700001923,4.788696746,5.291053424,5.141618257,4.659721951,5.468778128,5.659959038,0.002712031,0.1182685
0.092849528,0.214243978,2.365976764,0.382336691,0.668514839,4.295755404,5.199624072,5.722703839,4.664083108,4.955598911,5.550601194,0.003154802,0.166316644
0,0,0,0,0,0,0,0,0,0,0,0.003562415,0.168861614
0,0,0,0,0,0,0,0,0,0,0,0.003923697,0.185265659
0.173340897,0.296168141,2.328296476,0.123284476,0.81318828,4.483298996,4.726037232,5.46905446,4.524599736,5.218692096,5.988259259,0.004264021,0.206587046
0.205600237,0.258652925,2.304126293,0.142803256,0.681022637,4.659398795,4.81806588,5.135682674,4.966993651,5.21063774,5.780225492,0.004566842,0.235951684
0.255667201,0.1590246,2.373631679,0.185954877,0.666618747,5.070504801,4.84177838,4.765097175,5.005132015,5.613161236,5.899540458,0.004809157,0.325587315
0.268670247,0.179189453,2.532780837,0.173040865,0.872732665,4.420477569,4.880338788,5.147361994,4.16080749,6.173076153,6.056908488,0.005006035,0.218084815
0.212531926,0.236104642,2.31976205,0.119236035,0.603962856,4.843719693,4.866203574,5.213787193,4.927698186,5.587448051,5.742906832,0.005148957,0.235431342
0.166576773,0.222990285,2.316145381,0.22274785,0.629344353,4.893374443,4.05697807,4.930316352,5.61606509,5.669981021,6.212050012,0.005224266,0.326979362
0,0,0,0,0,0,0,0,0,0,0,0.005143608,0.339011562
0,0,0,0,0,0,0,0,0,0,0,0.004921691,0.197853081
0,0,0,0,0,0,0,0,0,0,0,0.004592479,0.147868722
0,0,0,0,0,0,0,0,0,0,0,0.004242692,0.136642076
0,0,0,0,0,0,0,0,0,0,0,0.003935,0.116904435
0,0,0,0,0,0,0,0,0,0,0,0.003620287,0.10024416
0,0,0,0,0,0,0,0,0,0,0,0.003311827,0.090272029
0,0,0,0,0,0,0,0,0,0,0,0.003018694,0.060866659
0,0,0,0,0,0,0,0,0,0,0,0.003204915,0.060613882
0.266575288,0.216016555,2.078804098,0.126186827,0.835389719,4.818260739,5.416299204,5.594359636,4.258437066,4.703449678,4.958420893,0.003602495,0.078605172
0.056010742,0.430092773,1.950098242,0.205118176,0.588271386,3.90664643,5.399897099,6.710783243,3.968529344,4.923814297,5.189882398,0.004170681,0.146659867
0,0,0,0,0,0,0,0,0,0,0,0.004768395,0.065926282
0.326124674,0.154565134,2.017902844,0.079411757,0.754502819,4.617529148,5.59353493,5.067671971,4.030185117,4.817410919,5.175808863,0.005380732,0.065350595
0,0,0,0,0,0,0,0,0,0,0,0.005931334,0.061876757
0,0,0,0,0,0,0,0,0,0,0,0.006402409,0.060319018
0,0,0,0,0,0,0,0,0,0,0,0.006807354,0.058532621
0,0,0,0,0,0,0,0,0,0,0,0.006948141,0.065646038
0.366575521,0.152149089,2.14605929,0.100950748,0.725731738,5.802138543,4.416338325,4.627724135,4.994803917,5.375442481,5.510062242,0.007004177,0.117841932
0.539667673,0.179215199,1.659772197,0.060399289,0.783294106,5.892931093,5.023891086,4.912004151,3.750139643,4.600813421,5.336183131,0.007209368,0.120081598
0,0,0,0,0,0,0,0,0,0,0,0.007595437,0.081952052
0,0,0,0,0,0,0,0,0,0,0,0.008357316,0.090198779
0,0,0,0,0,0,0,0,0,0,0,0.012178938,0.145431701
0,0,0,0,0,0,0,0,0,0,0,0.013674123,0.173780961
0.307677951,0.213417426,2.158674478,0.092226304,0.787567787,5.334455609,5.915312012,4.70483172,4.665123264,5.617460728,5.491830389,0.015156328,0.210174056
0.24273763,0.195935872,2.14275918,0.019672796,0.40817565,5.262115359,3.702691495,5.048672259,5.624982595,6.330450416,5.471838474,0.016502902,0.239980732
0.189627707,0.25272855,2.299217785,0.128796503,0.663721855,4.732726872,4.87828778,5.510258236,5.383830155,5.434868402,5.940280393,0.017689439,0.394430884
0.15254303,0.248021138,2.349134986,0.204003055,0.79519412,4.767975912,4.734666776,5.102059059,5.48448465,6.070069522,6.225991767,0.018674858,0.398143076
0.200248147,0.241192157,2.370875304,0.14244725,0.723217781,5.199896611,4.329433006,4.907590449,5.491603755,6.007564719,6.060859974,0.01930725,0.518428143
0.120532905,0.181200087,2.516184872,0.307237533,0.490797062,4.437414696,4.375897909,5.391975264,5.919603194,5.621658872,6.333842983,0.019503936,0.65205118
0.186318274,0.173173742,2.490340422,0.250326745,0.662987471,5.062293219,4.589049076,4.970462937,6.105377053,5.644333165,6.310528542,0.019169593,0.502051985
0.261158366,0.193712561,2.264611792,0.229310392,0.613423849,4.653916162,5.328292704,5.118389851,4.752826202,5.209767473,6.004650468,0.018338289,0.425498631
0.346863311,0.09170203,2.358452209,0.175007011,0.693755804,4.985303849,4.420344439,5.096313347,5.095275944,5.553929259,5.881728888,0.017164845,0.441725327
0.199093424,0.215571452,2.381448522,0.2124266,0.618031292,4.674041189,4.847208405,5.231604066,5.020463875,5.286734161,5.63812651,0.015651491,0.501145419
0.410609099,0.141287811,2.132308,0.149836711,0.523476005,5.074191635,5.059074485,4.477226828,4.859504415,5.707830553,5.912126303,0.013979567,0.5821212
0.301559124,0.163605264,2.290662618,0.186117859,0.643640822,5.068998853,4.858581576,4.670199945,5.299888319,5.498534827,5.825858747,0.012421063,0.489696305
0.152711476,0.261938645,2.371834056,0.193900761,0.768714577,4.815188752,4.578498768,5.832895415,5.377691084,5.721801421,6.229316136,0.011056676,0.380874208
0.138503689,0.22371365,2.441348907,0.210450888,0.658256052,4.197859615,4.41274337,6.008677443,5.422765454,5.928354859,6.118282199,0.009959604,0.270931601
0,0,0,0,0,0,0,0,0,0,0,0.009329705,0.236849547
0,0,0,0,0,0,0,0,0,0,0,0.009066535,0.216566777
0,0,0,0,0,0,0,0,0,0,0,0.009088712,0.218635181
0,0,0,0,0,0,0,0,0,0,0,0.009406125,0.228024795
0,0,0,0,0,0,0,0,0,0,0,0.00989421,0.322782247
0.194499105,0.156382107,2.485047761,0.235978668,0.549409232,4.962220411,4.124273593,5.283192769,6.080150952,5.814802056,6.035819665,0.010393123,0.536842964
0,0,0,0,0,0,0,0,0,0,0,0.010887062,0.473268247
0.179647495,0.215115474,2.47435134,0.257029523,0.545448111,4.286717539,4.731093112,5.326706789,4.512399244,4.996985125,5.470736212,0.011292708,0.393399278
0.292567647,0.214422913,2.251939885,0.065169529,0.593980524,4.953230411,4.69600806,4.904162634,4.901377249,5.429303419,5.34169231,0.011619948,0.298106608
0.219881185,0.263122559,2.439522843,0.110763281,0.740111581,5.361459971,4.585108012,4.715245098,5.042582572,5.487580359,5.347620637,0.011738632,0.274612874
0.295483399,0.169987328,2.440070079,0.173533453,0.612386084,4.734013783,4.716645526,5.072662388,5.221719312,5.177065781,5.837428008,0.011659011,0.347831168
0.168453776,0.148187663,2.580472758,0.320904639,0.485549659,4.407862991,4.08812502,5.781484693,5.710627616,5.82841289,6.166756928,0.011400789,0.488775823
0.266328125,0.0740625,2.408466928,0.344547318,0.58628315,4.621626437,4.444419026,5.537083462,4.953885272,4.593345955,4.96595335,0.010997255,0.495386845
0.166693929,0.07705424,2.25131251,0.389548513,0.421911771,4.7624171,4.002894193,5.409481205,5.703353405,5.40010798,5.755339146,0.010621181,0.427962346
0.379274089,0.081180827,2.274058693,0.217144215,0.539678135,4.728762403,4.563637242,4.928287074,4.886754543,5.355813026,5.51838705,0.009990278,0.424189345
0.226233143,0.105278204,2.234047512,0.334003084,0.748164698,4.965563846,5.269392252,5.296273747,4.920171091,4.742073821,5.002015518,0.009312887,0.393535899
0,0,0,0,0,0,0,0,0,0,0,0.008562213,0.227292022
0,0,0,0,0,0,0,0,0,0,0,0.007803528,0.172803744
0,0,0,0,0,0,0,0,0,0,0,0.006427527,0.150526775
0,0,0,0,0,0,0,0,0,0,0,0.005691095,0.146522337
0,0,0,0,0,0,0,0,0,0,0,0.004961924,0.139823492
0,0,0,0,0,0,0,0,0,0,0,0.004322949,0.128314991
0,0,0,0,0,0,0,0,0,0,0,0.002134409,0.131894677
0.104681532,0.210626085,2.493971836,0.358292389,0.504763403,4.360818048,4.29937468,5.028962851,6.0636036,5.099199633,5.839325587,0.001950955,0.195770723
0.214101562,0.33881004,2.133263982,0.121914557,0.658750574,4.735777742,5.452754312,4.823885838,4.247263703,5.016892672,5.651454588,0.001905369,0.149708476
0.391495536,0.165603841,2.020413685,0.047639582,0.598180449,5.181035365,4.923610866,4.658229913,3.869953956,4.603870213,4.906285448,0.002029091,0.087471234
0,0,0,0,0,0,0,0,0,0,0,0.002364627,0.068501206
0,0,0,0,0,0,0,0,0,0,0,0.003501812,0.054636482
0,0,0,0,0,0,0,0,0,0,0,0.004259858,0.047090062
0,0,0,0,0,0,0,0,0,0,0,0.00508892,0.04583181
0,0,0,0,0,0,0,0,0,0,0,0.005914029,0.042678727
0,0,0,0,0,0,0,0,0,0,0,0.006747221,0.041477627
0,0,0,0,0,0,0,0,0,0,0,0.007494843,0.03778656
0,0,0,0,0,0,0,0,0,0,0,0.008085331,0.040597261
0.427802938,0.186305339,1.995914336,0.078273654,0.702353996,5.429646686,5.343592771,4.589995757,4.770587891,5.201708935,5.837618098,0.008576395,0.035765351
0.481727702,0.152674154,1.876329754,0.062436708,0.407423831,5.733087779,5.250525296,4.300245583,5.189900458,5.729964078,6.081399471,0.008928152,0.038798047
0,0,0,0,0,0,0,0,0,0,0,0.009120047,0.037786433
0,0,0,0,0,0,0,0,0,0,0,0.009164042,0.033126637
0,0,0,0,0,0,0,0,0,0,0,0.009071907,0.032406034
0,0,0,0,0,0,0,0,0,0,0,0.008836337,0.032401328
0,0,0,0,0,0,0,0,0,0,0,0.008474752,0.024589333
0,0,0,0,0,0,0,0,0,0,0,0.008007694,0.025125376
0,0,0,0,0,0,0,0,0,0,0,0.007457528,0.023071158
0,0,0,0,0,0,0,0,0,0,0,0.00515377,0.012509064
0,0,0,0,0,0,0,0,0,0,0,0.004556136,0.014504319
0,0,0,0,0,0,0,0,0,0,0,0.00398474,0.019255514
0,0,0,0,0,0,0,0,0,0,0,0.003468644,0.033853506
0,0,0,0,0,0,0,0,0,0,0,0.002994667,0.025062141
0,0,0,0,0,0,0,0,0,0,0,0.00260656,0.017322548
0,0,0,0,0,0,0,0,0,0,0,0.002288763,0.019056409
0,0,0,0,0,0,0,0,0,0,0,0.002081561,0.021695562
0,0,0,0,0,0,0,0,0,0,0,0.001988126,0.021298017
0,0,0,0,0,0,0,0,0,0,0,0.001991213,0.034383715
0,0,0,0,0,0,0,0,0,0,0,0.002051126,0.033074272
0,0,0,0,0,0,0,0,0,0,0,0.002144841,0.038014595
0,0,0,0,0,0,0,0,0,0,0,0.002251063,0.088994848
0,0,0,0,0,0,0,0,0,0,0,0.002341838,0.065199248
0,0,0,0,0,0,0,0,0,0,0,0.002400027,0.067523372
0.363324653,0.157896231,1.903664995,0.071573572,0.651123162,5.178332507,5.406383793,4.899522212,4.067368554,5.045660999,5.322781569,0.00240914,0.052497033
0.323320557,0.16760262,2.119215272,0.089897167,0.831746655,5.172940016,4.940465137,4.906836012,4.568203935,5.08092699,5.183127952,0.002391973,0.074322108
0.370742188,0.142903646,2.208363036,0.053847411,0.787996547,5.998711109,5.069125652,4.89887017,4.614269018,5.243281841,5.034392715,0.002358445,0.057204159
0.512453451,0.015072591,1.733771103,0.069507371,0.889458921,5.876875162,5.517875659,3.75869453,4.677030778,4.885807764,4.548419404,0.002310032,0.047175015
0,0,0,0,0,0,0,0,0,0,0,0.002249147,0.044272996
0,0,0,0,0,0,0,0,0,0,0,0.00217263,0.034754375
0,0,0,0,0,0,0,0,0,0,0,0.00467702,0.02074117
0,0,0,0,0,0,0,0,0,0,0,0.002483875,0.007290166
0,0,0,0,0,0,0,0,0,0,0,0.000180471,0.00542933
0,0,0,0,0,0,0,0,0,0,0,0.000123186,0.003502943
0,0,0,0,0,0,0,0,0,0,0,8.71019E-05,0.004464535
0,0,0,0,0,0,0,0,0,0,0,0.002049528,0.003035884
0.002692057,0.428038737,1.987142891,0.196612357,0.728087081,4.66816926,5.51667583,7.455965281,4.243415773,5.00252533,6.500758886,0.002358031,0.049488205
0.091249458,0.327738173,2.357301986,0.304575039,0.713968858,4.597677527,5.189330464,5.300922975,5.132575701,5.305290019,5.997159317,0.002799279,0.176263643
0.067525416,0.284755484,2.252295007,0.282595122,0.599093175,4.918964867,4.933427802,4.969906509,4.824914515,5.498677194,6.040597824,0.003226471,0.170876386
0,0,0,0,0,0,0,0,0,0,0,0.003597098,0.159283963
0,0,0,0,0,0,0,0,0,0,0,0.003917549,0.198567396
0.146829698,0.340463325,2.292799117,0.135158539,0.700835083,4.099863524,4.9420922,5.752048338,4.563312729,4.948992332,5.592286984,0.004167085,0.218440619
0.266434229,0.290134704,2.188625415,0.094348332,0.77473403,4.919178892,5.189428676,4.846177728,4.623390002,4.937187351,5.574582563,0.004346943,0.257544904
0.066085612,0.254750977,2.407501036,0.303518319,0.582122418,4.555010333,4.551275939,5.513676882,5.315725505,5.009940788,5.610030145,0.004456879,0.313470566
0.250121728,0.177047697,2.325254103,0.184305669,0.688497687,5.12501854,4.710929937,4.623027099,5.374539137,5.477322547,5.884331057,0.004498769,0.279284707
0.158189562,0.259637316,2.44652713,0.211766352,0.66066905,4.544822092,4.846970176,5.282344396,4.768485343,5.087614814,5.738161539,0.004450726,0.275945409
0.25672526,0.199085751,2.429259115,0.193442935,0.6426201,5.315056409,4.270188638,5.00683288,5.344193842,5.726797547,6.373516474,0.004352905,0.285900376
0.235968967,0.183566298,2.375260821,0.236520671,0.657054523,5.249066401,4.355949946,4.53392056,5.414478239,5.535212167,6.235333475,0.004175391,0.262817559
0,0,0,0,0,0,0,0,0,0,0,0.003880118,0.19866694
0,0,0,0,0,0,0,0,0,0,0,0.00353729,0.137462614
0,0,0,0,0,0,0,0,0,0,0,0.003143096,0.108285821
0,0,0,0,0,0,0,0,0,0,0,0.002828868,0.091632354
0,0,0,0,0,0,0,0,0,0,0,0.002511804,0.079958137
0,0,0,0,0,0,0,0,0,0,0,0.002090887,0.050495931
0,0,0,0,0,0,0,0,0,0,0,0.002280875,0.063351377
0.343140788,0.207220459,2.029202186,0.04883391,0.93791704,5.224337876,5.187078196,5.041545031,4.123760417,4.86904636,5.321734485,0.002601749,0.062756736
0,0,0,0,0,0,0,0,0,0,0,0.003091416,0.058101167
0,0,0,0,0,0,0,0,0,0,0,0.003692456,0.054856219
0.165974772,0.254719564,2.241210465,0.198772884,0.672254446,4.184818038,4.898523265,5.413169646,4.559517729,4.993841302,5.358981276,0.004261533,0.089369759
0,0,0,0,0,0,0,0,0,0,0,0.004784125,0.10246509
0,0,0,0,0,0,0,0,0,0,0,0.005246552,0.056317085
0,0,0,0,0,0,0,0,0,0,0,0.005703893,0.054607062
0,0,0,0,0,0,0,0,0,0,0,0.005947865,0.054062589
0,0,0,0,0,0,0,0,0,0,0,0.006054616,0.053561535
0,0,0,0,0,0,0,0,0,0,0,0.00611109,0.061556725
0.339527995,0.089881185,2.336486073,0.127919938,0.638451403,5.43511343,4.203997731,4.890182376,4.771590829,5.187537611,6.188411474,0.00629577,0.157218727
0.501418132,0.135526204,1.816348402,0.101334889,0.741739187,5.90416891,4.825985891,4.850937951,4.079633319,4.661507231,5.544282794,0.006683272,0.158178133
0.437185059,0.166490479,2.048138943,0.111755127,0.624039276,5.22367841,4.622284994,4.785265565,4.65047133,4.617831573,5.439489454,0.00734749,0.110255284
0,0,0,0,0,0,0,0,0,0,0,0.008389386,0.088830627
0,0,0,0,0,0,0,0,0,0,0,0.012830069,0.163862645
0,0,0,0,0,0,0,0,0,0,0,0.014512163,0.200189656
0.411635742,0.111661241,2.142885991,0.143128758,0.789270154,5.961529997,5.188190328,4.520082004,4.546500411,5.62985762,5.543321291,0.016083557,0.239433856
0.270246745,0.157416124,2.249056194,0.120395951,0.725952985,5.233977429,4.429794244,4.819193844,5.474130221,5.671244017,6.154067961,0.017634528,0.306605765
0.151548443,0.154100453,2.251116963,0.292309625,0.674127452,4.730042382,4.573279007,5.147359328,5.352188296,5.442427502,6.039044678,0.018965825,0.445705432
0.20285871,0.132266474,2.31552887,0.256687532,0.736372001,4.953143056,4.423768956,5.284594619,5.860763839,5.678762991,6.354362584,0.019961843,0.525914431
0.169300285,0.121691623,2.432448174,0.313626809,0.58224094,4.793647275,4.201593972,5.423133058,6.033310828,5.855769765,6.190925786,0.020577736,0.599780133
0.043848159,0.123707056,2.268622855,0.445217096,0.519411041,4.387478968,3.978221751,5.764849516,6.399210673,5.934267108,6.327834487,0.020716965,0.676006163
0,0,0,0,0,0,0,0,0,0,0,0.020324847,0.544534595
0,0,0,0,0,0,0,0,0,0,0,0.019401018,0.443379915
0.236900906,0.188317057,2.40877529,0.224998676,0.56450951,4.848600328,4.593325948,4.831830949,5.450477372,5.573023215,6.028415561,0.018026391,0.564296332
0.171082949,0.132263775,2.347900543,0.34570309,0.54402436,4.846368787,4.257136922,5.324304383,5.822862316,5.349398418,5.955854839,0.016317146,0.620157676
0.309680176,0.128608399,2.356757075,0.178384504,0.501260885,4.931541525,4.048562865,5.068689406,5.896840334,5.638480584,6.147396058,0.014564014,0.582763247
0.225549364,0.146219937,2.376610102,0.2656687,0.71242512,4.822717572,4.533771964,5.052511047,5.364038969,5.43140782,6.147572496,0.012944246,0.469433546
0.25301741,0.119669484,2.386908934,0.255233431,0.587173234,4.85152901,4.459283896,5.090848296,5.468270495,5.56753085,6.135973558,0.01145998,0.480979855
0.188597163,0.205776892,2.391048541,0.215717209,0.609946624,4.705523602,4.595946712,5.513754927,5.499171152,5.590052013,6.043646047,0.010335791,0.409397508
0.11677002,0.371888292,2.157183376,0.094315403,0.546922881,4.205461562,5.508270174,5.524872889,3.872914736,4.707378497,4.658402751,0.009714771,0.292904794
0,0,0,0,0,0,0,0,0,0,0,0.009420207,0.234974002
0.250084635,0.283072374,1.963960088,0.040594498,0.860429515,5.399644812,5.168598692,5.053817312,4.309538007,4.945819239,5.676229676,0.00934082,0.224737153
0.091861979,0.04891683,2.276108892,0.338866731,0.593881057,4.455416695,5.483607173,5.020328283,5.220940948,5.310151845,5.409787774,0.009493657,0.262075214
0.257916434,0.145841704,2.395660601,0.268197165,0.65587824,4.754283879,5.001597932,5.167245533,5.025473262,5.247941068,5.925970793,0.009750395,0.360483212
0.183603646,0.231173893,2.500343718,0.202131885,0.563002475,4.33510916,4.865867834,5.317729629,5.03821682,5.263756654,5.57942723,0.010031637,0.413724316
0.182614532,0.216616211,2.418141024,0.216729018,0.608955354,4.371978917,4.747909251,5.261235717,4.788985983,4.944634177,5.187929665,0.010302507,0.404305709
0.187340067,0.205128838,2.443581164,0.236683085,0.570180722,4.568747182,4.679597381,5.255670024,4.821715625,5.058857538,5.54120284,0.010515579,0.382518183
0.192923087,0.128145888,2.40007745,0.314048401,0.603690649,4.828732967,4.304810994,5.158850802,5.468703445,5.32719726,5.965319468,0.010655284,0.396695159
0.240775499,0.119179796,2.537075082,0.260178593,0.63162466,4.819762135,4.452632991,5.081840646,5.424738491,5.508614703,6.055716141,0.010672473,0.329209246
0.199811808,0.187357992,2.594303777,0.280463442,0.705974881,4.640014723,4.653372556,5.284570485,5.083011634,5.230393067,6.24237825,0.010455542,0.283832353
0.263607666,0.181931071,2.413470217,0.175897338,0.637347836,4.927670278,4.597847685,5.175628135,4.982544527,5.403779385,5.683547387,0.010098034,0.372470882
0.28194987,0.124691027,2.368776228,0.207889895,0.662631186,5.367107824,4.317555229,4.757698531,5.35406365,5.493185302,5.992249062,0.009583218,0.373637303
0.209053684,0.122539063,2.411390013,0.314646292,0.548682725,4.915385524,4.182069749,5.298041359,5.409511065,5.620758091,6.159756233,0.009052311,0.401733534
0.121065918,0.252507975,2.482206723,0.33158969,0.76139813,4.563039714,4.995051783,5.387440389,4.470517743,5.023205578,5.871184444,0.008475236,0.391606235
0.192762819,0.206308904,2.328938477,0.23973207,0.621355704,4.738248472,5.066599687,5.369992773,4.400758519,4.923765015,5.769757149,0.007786731,0.3019171
0,0,0,0,0,0,0,0,0,0,0,0.007128008,0.230088256
0,0,0,0,0,0,0,0,0,0,0,0.006449383,0.177168398
0,0,0,0,0,0,0,0,0,0,0,0.005865133,0.166226344
0,0,0,0,0,0,0,0,0,0,0,0.005250237,0.161388734
0.145146484,0.138579102,2.3401159,0.436369612,0.266088068,4.03682667,5.068097651,5.935596704,5.220010042,5.503439546,6.292104006,0.00458901,0.189967329
0,0,0,0,0,0,0,0,0,0,0,0.003990538,0.163669798
0.243960612,0.24635319,2.110436458,0.079015326,0.857443652,4.618731433,5.143621862,5.222353542,4.320686126,5.04490906,5.379424882,0.003447229,0.151668054
0,0,0,0,0,0,0,0,0,0,0,0.003032722,0.132512583
0,0,0,0,0,0,0,0,0,0,0,0.002385726,0.121874846
0,0,0,0,0,0,0,0,0,0,0,0.002122359,0.120621931
0,0,0,0,0,0,0,0,0,0,0,0.001907734,0.133011917
0.132062988,0.332074924,2.333391106,0.157101306,0.615245683,4.46313106,4.386600018,5.273805216,4.808803042,5.240523045,5.67612727,0.001766088,0.180199903
0.19792248,0.303040132,2.183410251,0.105183833,0.79788512,4.669678867,5.584895585,4.968406516,4.175915735,4.547950736,5.25791548,0.001758043,0.112015672
0,0,0,0,0,0,0,0,0,0,0,0.001925997,0.091243331
0,0,0,0,0,0,0,0,0,0,0,0.002288455,0.072695639
0,0,0,0,0,0,0,0,0,0,0,0.003517733,0.058302538
0,0,0,0,0,0,0,0,0,0,0,0.004302199,0.051854509
0,0,0,0,0,0,0,0,0,0,0,0.005124144,0.048967859
0,0,0,0,0,0,0,0,0,0,0,0.005956261,0.041981746
0,0,0,0,0,0,0,0,0,0,0,0.006765621,0.039691906
0.443109375,0.186878255,1.971312068,0.069834382,0.87163463,6.27393949,5.479126286,4.649746156,4.472202552,5.18758738,5.573503494,0.007464104,0.036378409
0,0,0,0,0,0,0,0,0,0,0,0.00803718,0.030709918
0.505456814,0.153180339,1.777357413,0.029818667,0.725944573,5.7254001,5.348222723,4.135867695,4.223267605,5.300517211,5.533025543,0.008514153,0.034565214
0.422522244,0.172294922,2.011727396,0.065481074,0.496409737,5.574443062,5.138989449,4.633986255,4.453220725,5.220440904,5.821154634,0.008830748,0.033687923
0,0,0,0,0,0,0,0,0,0,0,0.008966095,0.031664814
0,0,0,0,0,0,0,0,0,0,0,0.008940661,0.030536337
0,0,0,0,0,0,0,0,0,0,0,0.008788306,0.030499054
0,0,0,0,0,0,0,0,0,0,0,0.008516312,0.028172571
0,0,0,0,0,0,0,0,0,0,0,0.008115174,0.026853022
0,0,0,0,0,0,0,0,0,0,0,0.007593157,0.024751098
0,0,0,0,0,0,0,0,0,0,0,0.007001941,0.019273256
0,0,0,0,0,0,0,0,0,0,0,0.005837321,0.017500496
0,0,0,0,0,0,0,0,0,0,0,0.005251647,0.015497605
0,0,0,0,0,0,0,0,0,0,0,0.004661823,0.013773483
0,0,0,0,0,0,0,0,0,0,0,0.002330027,0.011306603
0,0,0,0,0,0,0,0,0,0,0,0.001796984,0.029478783
0,0,0,0,0,0,0,0,0,0,0,0.001883552,0.025385711
0,0,0,0,0,0,0,0,0,0,0,0.002109729,0.037603655
0,0,0,0,0,0,0,0,0,0,0,0.002208458,0.036656303
0,0,0,0,0,0,0,0,0,0,0,0.00226618,0.047612563
0.217005208,0.150302734,2.423136668,0.166717513,0.801926076,5.356153131,4.03540796,4.058074772,6.142529011,6.261257172,7.330038428,0.002281997,0.071763505
0.300209798,0.182767578,2.214145004,0.106950045,0.751779656,5.017044294,4.901681155,4.972992545,4.462735498,5.0358127,5.222368079,0.002245669,0.083536829
0.275951853,0.185367543,2.28554664,0.167971951,0.852952587,5.006318613,5.26106835,5.217442876,4.444762224,4.619421412,5.218003343,0.002179368,0.080204063
0.318377279,0.131016846,2.365417486,0.13329804,0.927433135,5.339420825,4.876821011,4.458711043,5.22484228,5.009416163,4.939274565,0.0020954,0.066871592
0,0,0,0,0,0,0,0,0,0,0,0.00198934,0.055785667
0,0,0,0,0,0,0,0,0,0,0,0.001892586,0.039130731
0,0,0,0,0,0,0,0,0,0,0,0.001757254,0.032663234
0,0,0,0,0,0,0,0,0,0,0,0.002513284,0.009846447
0,0,0,0,0,0,0,0,0,0,0,0.001976416,0.006089382
0,0,0,0,0,0,0,0,0,0,0,0.000179958,0.007670441
0,0,0,0,0,0,0,0,0,0,0,0.000124542,0.00780109
0,0,0,0,0,0,0,0,0,0,0,8.36086E-05,0.004018082
0,0,0,0,0,0,0,0,0,0,0,0.001859742,0.003502943
0,0,0,0,0,0,0,0,0,0,0,0.002060227,0.003125175
0,0,0,0,0,0,0,0,0,0,0,0.002461701,0.149885804
0.006617844,0.283595785,2.156411408,0.366670562,0.747121186,3.67467171,5.249154478,6.179715663,4.665738165,5.245821595,6.184668452,0.002895337,0.245407454
0.033652344,0.296631673,2.192525408,0.42054836,0.48301122,4.233961403,5.141160607,5.620053679,5.210383594,5.402349294,6.544269919,0.003283678,0.143733376
0,0,0,0,0,0,0,0,0,0,0,0.003645846,0.148805518
0.175593262,0.322131348,2.242570759,0.142577329,0.681565392,4.658917666,5.581270754,5.567624808,4.175599724,4.912808448,5.357333779,0.003927366,0.187244948
0.113099479,0.330617578,2.291940166,0.188651771,0.673973043,3.936693957,4.870695632,5.994720376,4.426438688,5.16135478,5.744631353,0.00411083,0.209249239
0.185508743,0.212966735,2.513673012,0.259912393,0.572283249,4.397345651,4.670889105,5.589996474,4.889868892,5.289336576,5.738401478,0.004218501,0.312764028
0,0,0,0,0,0,0,0,0,0,0,0.004253422,0.383801385
0.263937581,0.199746229,2.437781343,0.165902062,0.586572016,5.111236495,4.670018176,4.830476895,5.318822776,5.178650493,5.762955144,0.004197805,0.34309388
0,0,0,0,0,0,0,0,0,0,0,0.004065904,0.204962999
0.004753813,0.165171305,2.196302229,0.430973667,0.482601769,4.100598231,4.015686914,6.366800547,5.738848493,5.483647138,6.174286008,0.003851004,0.28522225
0.247529064,0.168328063,2.457551194,0.251421657,0.628518623,5.596852686,4.248606506,4.555379166,5.762681924,5.998297538,6.33706715,0.003605648,0.313476382
0,0,0,0,0,0,0,0,0,0,0,0.003281741,0.150008039
0,0,0,0,0,0,0,0,0,0,0,0.002925521,0.106796414
0,0,0,0,0,0,0,0,0,0,0,0.002568971,0.090907919
0,0,0,0,0,0,0,0,0,0,0,0.002236846,0.079375835
0,0,0,0,0,0,0,0,0,0,0,0.001967686,0.066705077
0,0,0,0,0,0,0,0,0,0,0,0.001751767,0.06106329
0,0,0,0,0,0,0,0,0,0,0,0.00161775,0.061368643
0,0,0,0,0,0,0,0,0,0,0,0.001781414,0.051815997
0.336083836,0.215403646,2.016246096,0.040390571,0.900959782,4.97890071,5.323479501,5.115683938,4.120962665,4.93398118,5.226833051,0.002049593,0.056587489
0,0,0,0,0,0,0,0,0,0,0,0.002434309,0.06054171
0,0,0,0,0,0,0,0,0,0,0,0.002936416,0.08329686
0.12901123,0.256181369,2.455726904,0.281508392,0.642763908,4.25396798,5.001923101,5.766325338,4.618616733,4.795829273,5.456854397,0.003422557,0.151012392
0.284046224,0.178964844,2.599992293,0.258634611,0.73171528,4.512423098,4.8557235,5.514672875,4.197011292,5.109530807,4.810126305,0.003910376,0.077011765
0,0,0,0,0,0,0,0,0,0,0,0.004400934,0.05415823
0,0,0,0,0,0,0,0,0,0,0,0.005147994,0.049297598
0,0,0,0,0,0,0,0,0,0,0,0.00534735,0.050676485
0,0,0,0,0,0,0,0,0,0,0,0.005506385,0.056829937
0,0,0,0,0,0,0,0,0,0,0,0.005786988,0.074162787
0,0,0,0,0,0,0,0,0,0,0,0.006332322,0.072769414
0,0,0,0,0,0,0,0,0,0,0,0.007249142,0.080300398
0,0,0,0,0,0,0,0,0,0,0,0.008486582,0.090154773
0,0,0,0,0,0,0,0,0,0,0,0.009959151,0.113371441
0,0,0,0,0,0,0,0,0,0,0,0.01170152,0.151150726
0,0,0,0,0,0,0,0,0,0,0,0.01345947,0.19761109
0.306334636,0.152351888,2.146845954,0.175865085,0.854354154,4.988932099,5.203845084,4.906409119,4.462164496,5.079316199,5.359814014,0.015173448,0.251686612
0.313300883,0.131621094,2.105579229,0.160927327,0.752218478,5.264732115,4.694184117,4.75107554,5.018308461,4.974957254,5.606422801,0.016862242,0.296561245
0.170911646,0.126174129,2.273927206,0.304829833,0.704176838,4.819831167,4.311289093,5.42691493,5.604043114,5.826473422,6.28946087,0.018501086,0.40014114
0.215458832,0.119717662,2.454782845,0.277739354,0.675007286,5.091547869,4.637732136,4.784753345,5.941728294,5.710360317,6.441920064,0.01994575,0.453194697
0.172953166,0.10441215,2.409009771,0.308500426,0.715377263,4.91785475,4.072914624,5.028844461,6.250820571,6.152403438,6.667565456,0.02093165,0.597011398
0.166846969,0.095617405,2.394908073,0.28395734,0.611683942,4.540609095,3.82101761,5.562683463,6.395881573,5.712087962,6.205714226,0.021582253,0.661491104
0.092764047,0.113219026,2.381882209,0.422694215,0.548913067,4.356321234,4.251853874,5.42348676,6.094978264,5.601960045,6.136774434,0.021707408,0.673894984
0.418028041,0.046683873,2.068856833,0.185244988,0.581189482,5.408114263,4.573315314,4.758844699,5.324095607,5.213021942,6.192806465,0.021300312,0.506351168
0,0,0,0,0,0,0,0,0,0,0,0.020322129,0.419037142
0.216893446,0.245140336,2.372913302,0.112957525,0.663452711,5.043310559,4.770605087,4.761798302,4.718790657,4.79491808,5.477887154,0.018786736,0.471346688
0.154067666,0.219949261,2.43460225,0.241172076,0.61748926,4.74521319,4.695064501,5.231979629,5.013896053,5.493424716,5.927038991,0.01699971,0.567712866
0.176410846,0.196046071,2.421128983,0.318822554,0.500707854,4.643908732,4.655152387,5.494754991,5.076269146,5.428246218,5.991393058,0.015212438,0.57386036
0.172795967,0.193091334,2.397936961,0.240361421,0.644905184,4.904682865,4.530182221,5.503526324,5.177292924,5.585100795,6.160301735,0.013429655,0.494920477
0.184411893,0.221952447,2.40404519,0.175899352,0.606251338,5.031302189,4.403968071,4.913617631,5.302210152,5.7308192,6.055265029,0.011862139,0.511375936
0.199024023,0.202120768,2.430852386,0.198426706,0.593673417,4.842499839,4.596888442,5.372505984,5.222491846,5.526473274,5.845333438,0.010724694,0.450886567
0.212200669,0.212669123,2.444246974,0.145137487,0.531897297,5.052258036,4.266306633,4.895152813,5.296449244,5.65324773,6.026456768,0.010021972,0.405952089
0.269252581,0.162069034,2.19399627,0.151102843,0.734943069,5.223500477,5.117506419,5.038473589,4.865066249,4.916751202,5.584920151,0.009654514,0.294056307
0.258272027,0.257211191,2.133139683,0.103355214,0.803158851,4.596732027,5.247147712,5.00522546,4.049401071,4.902053316,5.257724987,0.009506029,0.242132054
0,0,0,0,0,0,0,0,0,0,0,0.009525138,0.240290382
0.233501519,0.202097982,2.458244213,0.147949841,0.642997928,4.455485384,4.974541948,5.570991431,4.783124058,5.274055081,5.69103508,0.00961378,0.331662603
0.157364728,0.227067057,2.470723615,0.241263691,0.496560958,4.543870635,4.928299758,5.53656234,4.857195205,5.261862788,5.733372158,0.00969005,0.377209643
0.150966634,0.129309245,2.348508758,0.306513991,0.480260939,4.520877597,4.387633658,5.372382796,5.363914168,5.171678573,5.486668551,0.009754782,0.41338568
0.362919922,0.163129883,2.226774187,0.174419979,0.521201509,4.81709376,4.668127999,5.043886423,4.662151352,5.148736462,5.566214815,0.009799641,0.376888623
0.476025623,0.09718378,2.078230031,0.108627882,0.613578549,5.445500289,5.025952544,4.180006828,4.996905037,5.129164508,5.122396333,0.009790376,0.279561401
0.405723407,0.114568935,2.202471824,0.176179668,0.690342673,5.346565641,4.802197667,4.459068564,5.009080002,5.130828238,5.776731014,0.009681562,0.337431438
0.143979899,0.222145996,2.495875245,0.260798185,0.654275285,4.497572948,4.648655686,5.505302963,5.103909865,5.282228616,5.923206797,0.009387581,0.349791103
0.225291341,0.207373372,2.403094207,0.17803586,0.652395103,4.712240058,4.629581976,5.304826717,5.180725402,5.325395373,5.981742838,0.008917768,0.359127102
0.256491699,0.145325583,2.432977779,0.198923779,0.606379977,4.659038588,4.461894028,5.192123498,5.230735669,5.484453607,5.852181384,0.008322392,0.38464733
0.148493063,0.216897281,2.379785995,0.230169875,0.602672993,4.286759608,4.747510135,5.278949781,4.881151554,5.301824181,5.753196507,0.007689773,0.350897574
0,0,0,0,0,0,0,0,0,0,0,0.007118818,0.312090483
0.214196371,0.26176473,2.170897112,0.149802706,0.820452765,4.536800116,5.07834968,5.631616727,4.608031169,5.374772996,5.82277152,0.006481421,0.311077171
0.259188639,0.280056153,2.226133906,0.142551917,0.712356515,5.122665227,4.881016433,5.007679552,4.624673903,5.631793797,5.42967841,0.005841347,0.267927031
0,0,0,0,0,0,0,0,0,0,0,0.00526636,0.21462085
0,0,0,0,0,0,0,0,0,0,0,0.004700731,0.175268496
0,0,0,0,0,0,0,0,0,0,0,0.004236352,0.163492189
0.217289225,0.180524903,2.471526215,0.287637591,0.649614573,4.446338683,4.21100384,4.850489904,5.145480156,5.249333541,5.886726876,0.003705342,0.249271539
0.331176293,0.143074544,2.463944287,0.183362325,0.694199005,5.089753602,4.525745741,4.491405334,5.579718402,5.435378083,6.207472699,0.003218438,0.226054338
0.270029297,0.234118652,2.176725447,0.061715812,0.750097653,4.583479762,5.550429195,4.58070904,4.367955447,4.897969783,5.265446365,0.002826231,0.156849852
0.171636882,0.292230143,2.172139164,0.104251674,0.848680644,4.400457084,5.486893403,5.112513435,4.412290532,4.796004015,5.155347174,0.002520721,0.151122681
0,0,0,0,0,0,0,0,0,0,0,0.002312833,0.140304608
0,0,0,0,0,0,0,0,0,0,0,0.002124901,0.132484746
0,0,0,0,0,0,0,0,0,0,0,0.001953667,0.142331728
0.18892985,0.262349772,2.282496786,0.157020797,0.755290576,4.420473498,5.3252837,5.237543845,4.421751469,4.747822291,5.323112488,0.001790195,0.184487079
0.192541097,0.232443034,2.344944546,0.185455326,0.591653586,4.776062057,4.765407041,4.870948404,4.976220012,5.001489282,5.670884043,0.001677841,0.229151178
0,0,0,0,0,0,0,0,0,0,0,0.001709013,0.126508139
0,0,0,0,0,0,0,0,0,0,0,0.001913345,0.097940546
0,0,0,0,0,0,0,0,0,0,0,0.00228491,0.083141655
0,0,0,0,0,0,0,0,0,0,0,0.003530591,0.059698558
0,0,0,0,0,0,0,0,0,0,0,0.004287492,0.054090588
0,0,0,0,0,0,0,0,0,0,0,0.005897821,0.041607924
0.558680013,0.102899848,1.784667688,0.075603097,0.963852618,5.936410983,6.037487904,4.128145297,4.466449281,5.629122257,5.192843159,0.006652243,0.039304142
0.435788574,0.207258097,1.97800867,0.088170033,0.927381392,5.88303478,5.796787649,4.360230297,4.202104725,5.179001145,5.325331382,0.00728615,0.038125576
0,0,0,0,0,0,0,0,0,0,0,0.007824752,0.036187381
0.495618219,0.103429091,1.840429397,0.045441708,0.703255821,5.795065284,4.816905846,4.460713982,4.688640197,5.210826496,5.709039728,0.008257063,0.033726282
0,0,0,0,0,0,0,0,0,0,0,0.008510505,0.032694016
0,0,0,0,0,0,0,0,0,0,0,0.008603564,0.030932669
0,0,0,0,0,0,0,0,0,0,0,0.008526709,0.029873927
0,0,0,0,0,0,0,0,0,0,0,0.008294906,0.028818745
0,0,0,0,0,0,0,0,0,0,0,0.008001562,0.028262875
0,0,0,0,0,0,0,0,0,0,0,0.007543742,0.026089921
0,0,0,0,0,0,0,0,0,0,0,0.007003922,0.024729634
0,0,0,0,0,0,0,0,0,0,0,0.006401247,0.022033058
0,0,0,0,0,0,0,0,0,0,0,0.001561151,0.016395464
0,0,0,0,0,0,0,0,0,0,0,0.001660336,0.01986315
0,0,0,0,0,0,0,0,0,0,0,0.002012226,0.038366757
0.175192058,0.279424371,2.230997913,0.144224158,0.943603602,4.670930207,5.331324538,4.744688571,3.877238135,4.393435677,5.057229062,0.002069447,0.076416715
0.214412516,0.192253337,2.29351155,0.207548594,0.821994891,5.129553001,4.712151077,4.853871885,5.012325622,4.871591827,5.580115208,0.002093697,0.133451907
0.163944047,0.21137623,2.521612987,0.327298194,0.85943035,4.906392011,4.653309405,4.637814946,5.000936243,5.260502093,5.547997918,0.002058327,0.1151643
0.252974134,0.227502692,2.310742169,0.169494101,0.852982016,4.728415095,5.126428618,5.261611489,4.456311988,4.993671014,4.913967455,0.001967971,0.099386573
0.214309973,0.272826141,2.396952874,0.186142695,0.865468712,4.659716785,5.394025522,4.867318247,4.201933461,4.711095186,4.807046584,0.001854226,0.079366524
0.255875787,0.263092584,2.233654245,0.145323236,0.88725316,4.75414558,5.323131879,4.6808507,4.210942725,4.702734619,5.024975424,0.001715084,0.055921464
0.329357368,0.132808431,2.223006438,0.18700654,0.914095188,5.334551166,5.119862288,5.386572063,3.790984899,3.930549314,5.346440921,0.001573418,0.041628048
0.400654948,0.217017253,1.980674243,0.079901962,0.926568925,5.261557031,5.641967893,5.459511316,3.580945688,5.029658866,4.929497516,0.001441006,0.035642991
0.475204427,0.085085612,2.033576362,0.156503148,0.859245458,6.0103369,5.483981073,5.003144658,4.096508133,5.07053535,4.694839585,0.00128879,0.031003811
0.510735677,0.119345703,1.896549071,0.100953375,0.95755116,6.171278,5.157033682,5.14379406,4.001122236,5.077702999,5.241185546,0.001153844,0.026675243
0.50448405,0.10412679,1.952465115,0.112517356,0.858220865,5.964426339,5.55267933,5.272476673,3.692334905,4.743185401,5.087806195,0.001031603,0.023107564
0,0,0,0,0,0,0,0,0,0,0,0.001167759,0.016810915
0,0,0,0,0,0,0,0,0,0,0,0.001820899,0.014126477
0,0,0,0,0,0,0,0,0,0,0,0.002155227,0.013893666
0,0,0,0,0,0,0,0,0,0,0,0.002333448,0.007011144
0,0,0,0,0,0,0,0,0,0,0,0.00191806,0.006174428
0,0,0,0,0,0,0,0,0,0,0,0.00145156,0.005181485
0,0,0,0,0,0,0,0,0,0,0,0.001008674,0.006147641
0,0,0,0,0,0,0,0,0,0,0,0.000179095,0.006353337
0,0,0,0,0,0,0,0,0,0,0,8.5798E-05,0.003348401
0,0,0,0,0,0,0,0,0,0,0,0.001921689,0.003214465
0,0,0,0,0,0,0,0,0,0,0,0.00219842,0.098206648
0,0,0,0,0,0,0,0,0,0,0,0.002602037,0.211190603
0,0,0,0,0,0,0,0,0,0,0,0.002988196,0.200834086
0,0,0,0,0,0,0,0,0,0,0,0.003355246,0.144375037
0,0,0,0,0,0,0,0,0,0,0,0.003690488,0.168424204
0.152455919,0.309097087,2.406209681,0.210976172,0.780402214,4.091632158,5.049224531,5.635986601,4.473730872,5.135398656,5.791344444,0.003940694,0.196294298
0.172186863,0.172842151,2.511286055,0.284094567,0.66014932,4.478006324,4.798586744,5.448161796,5.302689633,5.570598048,6.088800249,0.004093984,0.269713082
0.279845549,0.155407158,2.481704192,0.174559834,0.603933524,4.666963013,4.371353331,4.833715301,5.520340101,5.29687943,5.699827238,0.004155683,0.294811352
0.128722512,0.286976816,2.392348671,0.231086061,0.67780372,4.035463906,4.747549395,5.732454936,4.873223235,5.003478209,5.689062079,0.004127172,0.29445206
0.086253255,0.302431098,2.391960922,0.297164797,0.622757519,3.692467113,4.404207548,5.908125083,4.66732349,4.883285741,5.816598415,0.004015696,0.234512488
0,0,0,0,0,0,0,0,0,0,0,0.003823262,0.148591692
0,0,0,0,0,0,0,0,0,0,0,0.003570901,0.144647155
0.165734937,0.197267844,2.412688003,0.266846653,0.474008449,4.585358349,4.453628833,4.858608381,5.636901492,5.483411263,5.959859284,0.003288183,0.223090042
0,0,0,0,0,0,0,0,0,0,0,0.002971304,0.176313032
0,0,0,0,0,0,0,0,0,0,0,0.002620689,0.091022884
0,0,0,0,0,0,0,0,0,0,0,0.00227396,0.079179836
0,0,0,0,0,0,0,0,0,0,0,0.001963884,0.069089113
0,0,0,0,0,0,0,0,0,0,0,0.001702699,0.057996475
0,0,0,0,0,0,0,0,0,0,0,0.001408633,0.054332003
0,0,0,0,0,0,0,0,0,0,0,0.001600386,0.050512495
0.317831624,0.22119572,2.043466632,0.047582243,0.921228216,5.179770942,5.232859042,4.710461795,4.253986844,4.873510873,5.176585841,0.001860766,0.06407155
0,0,0,0,0,0,0,0,0,0,0,0.002175323,0.06654807
0.20557156,0.262794054,2.303613197,0.1220233,0.639651638,4.668312632,4.437438806,4.81969095,5.094183172,5.412690898,5.895885954,0.002545198,0.150316833
0.094769694,0.341683757,2.329715208,0.232339937,0.524331929,5.156032413,5.27094853,4.824774504,4.862924695,4.728132248,6.176151217,0.002964582,0.131927062
0,0,0,0,0,0,0,0,0,0,0,0.003432817,0.06283713
0,0,0,0,0,0,0,0,0,0,0,0.003888041,0.07802482
0,0,0,0,0,0,0,0,0,0,0,0.00428161,0.067040299
0,0,0,0,0,0,0,0,0,0,0,0.004619319,0.05304996
0,0,0,0,0,0,0,0,0,0,0,0.004867502,0.047575556
0,0,0,0,0,0,0,0,0,0,0,0.005065623,0.075300008
0,0,0,0,0,0,0,0,0,0,0,0.005436199,0.062303624
0,0,0,0,0,0,0,0,0,0,0,0.006172082,0.060653985
0,0,0,0,0,0,0,0,0,0,0,0.007245761,0.073739007
0,0,0,0,0,0,0,0,0,0,0,0.008581989,0.09537459
0,0,0,0,0,0,0,0,0,0,0,0.010241964,0.130729067
0,0,0,0,0,0,0,0,0,0,0,0.012077359,0.169167434
0.362801649,0.195742187,2.186405077,0.038615235,0.578259948,5.892580906,5.362179259,4.618771752,5.355148633,5.994022091,6.150012732,0.013903123,0.223313207
0.182227162,0.212223993,2.245589532,0.21306117,0.716769669,4.742053782,4.824069719,5.101599643,4.894303334,5.249738668,5.727238442,0.015642608,0.331364464
0.236013148,0.135987885,2.312432755,0.181063578,0.616986762,4.967900079,4.268827814,5.234928875,5.537150184,5.367671503,5.768779565,0.017425703,0.468986259
0.102017741,0.131036702,2.379994364,0.374650354,0.636093028,4.646514195,4.351700491,5.36623711,5.904450333,5.887136537,6.45147416,0.019106841,0.442780826
0.227190015,0.152489199,2.420931633,0.213226636,0.658157054,5.116332937,4.274562448,5.054824203,6.198838559,5.977732,6.34576616,0.020484481,0.580926757
0.196762178,0.184823775,2.406055813,0.255350545,0.699290793,4.742423388,4.648377711,5.112621833,5.007947678,5.647772979,5.873442636,0.021538546,0.535859941
0.169144022,0.154788128,2.411579594,0.283379625,0.599081294,4.894269529,4.173982473,5.302999577,5.691340391,5.779551853,6.161095871,0.022151046,0.618391765
0.120297423,0.169046395,2.294593472,0.318772999,0.625177216,4.525831735,4.232411595,5.502701163,5.889518703,5.643221306,6.262101845,0.022263579,0.65135311
0.207635498,0.207214254,2.325510926,0.197546471,0.683271631,4.994870216,4.387799479,4.575971108,5.719335549,5.776974451,6.114966895,0.021825617,0.58017436
0.1186148,0.26653418,2.244904019,0.26456582,0.479493801,4.531988571,5.059293934,5.820085994,5.210764484,5.459755989,5.498143069,0.020776579,0.518626303
0.120849792,0.18471318,2.12497206,0.25990679,0.565515295,4.530997098,4.795947466,5.192664617,5.233214868,5.161903481,5.863997473,0.019211944,0.652318357
0.029167337,0.117715227,2.207986398,0.482208374,0.485606159,4.388076379,3.815759473,5.68243863,6.045834093,5.596389182,6.397279697,0.017454997,0.671376008
0.094401417,0.074835487,2.275410419,0.459319811,0.446095674,4.455428307,4.253086406,5.640505685,5.792246296,5.051301695,5.695227687,0.01558102,0.564289981
0.205695801,0.156318156,2.403867285,0.265472828,0.600190919,4.879609803,4.599664461,5.046811178,5.414132308,5.353990257,5.962117787,0.013731351,0.478223766
0.148360352,0.162617188,2.396564226,0.315425311,0.733010674,4.770460582,4.573751795,5.052123141,5.41464653,5.758087623,6.024041772,0.012160049,0.435489065
0.215271366,0.200882901,2.417469828,0.179726799,0.766121519,5.258622641,4.57453155,5.019625821,5.349298396,5.550737787,6.212538015,0.010966388,0.411098898
0.179943757,0.261413846,2.482200949,0.190394013,0.66120027,4.798534738,4.856066896,5.70838311,5.217895408,5.280918611,6.009361559,0.010173475,0.371987839
0.396960449,0.080808106,2.434835815,0.203364184,0.543121395,5.002575279,4.406117991,4.639761299,5.045116484,5.56202054,6.084834546,0.009749,0.269024633
0.292263998,0.235985515,2.12778387,0.105959849,0.812385713,4.781459779,5.227242887,4.618113935,4.025111601,4.864675135,5.420999765,0.009541826,0.232051917
0.228028727,0.188736084,2.3005923,0.190656904,0.755341638,4.455310012,5.009458402,5.107641298,4.454486033,4.71156216,5.323103532,0.009426089,0.258178794
0.161250543,0.205917426,2.296401703,0.32076622,0.567163843,4.579115172,5.03018864,5.466561636,4.516648849,4.659157077,5.186380744,0.009374274,0.290997975
0,0,0,0,0,0,0,0,0,0,0,0.009307891,0.288373513
0,0,0,0,0,0,0,0,0,0,0,0.0092276,0.248170931
0,0,0,0,0,0,0,0,0,0,0,0.009122015,0.206171649
0,0,0,0,0,0,0,0,0,0,0,0.008955287,0.255001325
0.277361043,0.178942057,2.456217443,0.149519955,0.750980636,4.603507172,4.647447586,4.943018369,4.847512446,5.3370727,5.70080068,0.008757686,0.289504635
0.309607239,0.210490417,2.286748913,0.120485467,0.619073281,4.677569062,4.822133724,5.046054114,5.213222165,5.363356009,5.884052191,0.008370386,0.280142243
0.12936381,0.328409627,2.16096108,0.121752291,0.76411901,4.572213367,4.729937896,5.187174186,4.494144216,5.020911373,5.553024404,0.007857656,0.278719885
0.193405816,0.267934028,2.318215537,0.15540177,0.690446861,4.374785334,4.848109949,5.257823598,4.591094625,5.029496988,5.255419298,0.007206405,0.25830963
0.170808594,0.213072808,2.416051173,0.220832376,0.673909814,4.395569134,4.884203919,5.539354587,4.97415334,5.581266936,5.508488305,0.006536552,0.279921694
0.243105934,0.272647879,2.169449971,0.063372871,0.629180532,4.163438014,4.856984581,5.7896716,4.543363222,4.550003469,5.027868484,0.005946954,0.255572677
0,0,0,0,0,0,0,0,0,0,0,0.005363201,0.271864272
0,0,0,0,0,0,0,0,0,0,0,0.004822199,0.200331217
0,0,0,0,0,0,0,0,0,0,0,0.0043024,0.202466591
0,0,0,0,0,0,0,0,0,0,0,0.003840107,0.193882479
0,0,0,0,0,0,0,0,0,0,0,0.003425603,0.223592725
0,0,0,0,0,0,0,0,0,0,0,0.003029833,0.30177138
0,0,0,0,0,0,0,0,0,0,0,0.002677403,0.296441346
0.28570204,0.146818034,2.579058702,0.141719715,0.716128398,5.193913698,4.304065168,5.080630501,6.377721826,5.466376265,5.701578577,0.002425454,0.29307949
0.16708431,0.260539877,2.357893137,0.122087957,0.790245743,4.374523142,5.598128212,5.385405993,4.382036993,4.833728772,4.988204795,0.002248426,0.23487097
0.228899,0.252649148,2.154425864,0.12287557,0.862667722,4.66716364,5.592398519,5.332647096,4.35886476,4.950307342,5.262531004,0.002116551,0.159636874
0.228675944,0.247947591,2.158002823,0.162660635,0.806532033,4.935206662,5.742382139,5.190090378,3.949710598,4.629755318,5.112624903,0.002006493,0.151540179
0,0,0,0,0,0,0,0,0,0,0,0.001874563,0.16659548
0.135989333,0.320878906,2.287031045,0.16948785,0.690650837,4.457630077,5.065486239,5.17803691,4.329896523,4.523947005,4.782331286,0.001735831,0.24382273
0,0,0,0,0,0,0,0,0,0,0,0.001654631,0.245934683
0,0,0,0,0,0,0,0,0,0,0,0.001724033,0.236017829
0,0,0,0,0,0,0,0,0,0,0,0.001941546,0.133026247
0,0,0,0,0,0,0,0,0,0,0,0.002317548,0.093779631
0,0,0,0,0,0,0,0,0,0,0,0.002857379,0.075912665
0,0,0,0,0,0,0,0,0,0,0,0.003503076,0.064288223
0,0,0,0,0,0,0,0,0,0,0,0.004206667,0.056863047
0,0,0,0,0,0,0,0,0,0,0,0.005743186,0.042254657
0.415089518,0.20889974,2.154278516,0.171521185,0.79717426,5.338072538,5.24951756,4.986079574,4.088818729,4.778283596,4.262624562,0.006399831,0.038623868
0.452701823,0.167601996,2.023129316,0.108938735,0.906808032,5.176377575,5.276738067,3.992854218,4.371147612,5.137230913,5.000205,0.006970569,0.043258305
0.450262695,0.085497396,2.001005921,0.103791123,0.833409937,6.293689346,4.586237776,4.078731441,4.645167101,5.096404731,5.973242223,0.007454061,0.046542725
0.472356228,0.143015137,1.84254802,0.013427273,0.850725605,6.093462705,4.835081567,3.676622381,4.433584948,5.350146423,6.183106422,0.007806015,0.035053232
0,0,0,0,0,0,0,0,0,0,0,0.008012716,0.033011774
0,0,0,0,0,0,0,0,0,0,0,0.008062549,0.032602727
0,0,0,0,0,0,0,0,0,0,0,0.007943378,0.029759036
0,0,0,0,0,0,0,0,0,0,0,0.007674756,0.029165332
0,0,0,0,0,0,0,0,0,0,0,0.00730745,0.02845675
0,0,0,0,0,0,0,0,0,0,0,0.006858346,0.028087334
0,0,0,0,0,0,0,0,0,0,0,0.006278033,0.024198523
0,0,0,0,0,0,0,0,0,0,0,0.005678477,0.023406122
0,0,0,0,0,0,0,0,0,0,0,0.001256468,0.012533067
0,0,0,0,0,0,0,0,0,0,0,0.001300086,0.018843623
0,0,0,0,0,0,0,0,0,0,0,0.001411093,0.02234503
0,0,0,0,0,0,0,0,0,0,0,0.001772855,0.04698839
0.135126023,0.232951079,2.498361109,0.327328069,0.885039759,4.972577248,4.774843633,5.130547796,4.909824601,5.415316709,5.732979706,0.001833088,0.096050184
0.2211094,0.172811749,2.358409773,0.20556948,0.749073064,4.892317616,4.591985684,5.063647564,5.583604212,5.419022771,5.859719982,0.001864178,0.158689151
0.061245117,0.190195313,2.178550007,0.393121111,0.762793814,4.608152986,4.183672011,4.721585989,6.267507792,5.350481987,6.343081832,0.001832927,0.18198145
0.241285208,0.200917969,2.372327496,0.235635855,0.831642681,4.597412939,5.221910163,5.025513341,4.805019962,5.15717615,5.492797983,0.001737578,0.113597416
0.30953418,0.154734538,2.34843698,0.220145224,0.849627753,5.081676781,4.808232164,4.746681547,4.639831096,5.262507969,5.516282797,0.001594125,0.094822416
0.165237482,0.242777876,2.410161935,0.267945275,0.895113613,4.729901444,5.081934598,5.218992466,3.991737745,5.033393616,4.899575597,0.00143418,0.061787698
0,0,0,0,0,0,0,0,0,0,0,0.00126344,0.037012988
0.299749349,0.308215603,2.135211461,0.071602652,0.820746361,5.429266532,5.306982676,4.944510897,3.572346886,4.81160154,4.355909348,0.001120951,0.033769646
0.575712891,0.060818685,1.729080206,0.070902428,0.953032873,6.292551041,5.074429154,4.68604511,4.007501841,5.081920743,4.495647013,0.000970656,0.03033165
0.47480306,0.146319173,1.99828557,0.12478422,0.891586393,5.741510749,4.749984861,4.837976843,3.615724817,4.634900585,4.636247978,0.000842102,0.02632933
0.353036296,0.236808269,2.199346656,0.105078215,0.7203176,5.500489295,5.267016351,4.982768774,4.178972304,4.91210872,4.690694809,0.000750045,0.02316838
0.446107933,0.132019159,2.034721217,0.121870532,0.779140279,5.957096441,5.147931559,4.499311371,4.002257654,4.78617113,4.996282807,0.000700729,0.019890011
0.523751953,0.116237305,1.856348062,0.042222835,0.746117697,5.974019074,5.291657579,4.30749858,3.863138163,4.583637655,4.861838996,0.000756936,0.016663464
0.360607096,0.257210286,2.019837277,0.105957942,0.789026744,5.39680326,5.480586529,4.10951978,3.672802985,5.087614894,5.064717889,0.000934352,0.01555009
0,0,0,0,0,0,0,0,0,0,0,0.001157829,0.010742866
0,0,0,0,0,0,0,0,0,0,0,0.001415326,0.01289372
0,0,0,0,0,0,0,0,0,0,0,0.002258431,0.015545828
0,0,0,0,0,0,0,0,0,0,0,0.002294372,0.011849454
0,0,0,0,0,0,0,0,0,0,0,0.002257111,0.012078849
0,0,0,0,0,0,0,0,0,0,0,0.001667048,0.00887188
0,0,0,0,0,0,0,0,0,0,0,7.77712E-05,0.003794855
0,0,0,0,0,0,0,0,0,0,0,0.001926845,0.003348401
0,0,0,0,0,0,0,0,0,0,0,0.002063973,0.002678721
0,0,0,0,0,0,0,0,0,0,0,0.002407195,0.134537579
0,0,0,0,0,0,0,0,0,0,0,0.002758448,0.160282331
0,0,0,0,0,0,0,0,0,0,0,0.003117753,0.143172289
0,0,0,0,0,0,0,0,0,0,0,0.003460122,0.166648878
0.071247559,0.374119467,2.301493234,0.213148987,0.782519042,4.194822848,4.978201688,5.72378552,4.542979509,4.542067141,6.088270784,0.003754792,0.206457451
0.206398728,0.22012273,2.403237234,0.231047685,0.696008361,4.40922917,4.740990945,5.333810222,4.787227403,5.166687959,5.878986699,0.003973908,0.250999561
0.153569878,0.188761574,2.402877675,0.28983207,0.588758699,4.401747187,4.17572546,5.648054321,5.588529838,5.328187923,5.510180579,0.004104899,0.294091231
0.102406594,0.271141945,2.389675336,0.226367504,0.631801882,4.247897817,4.655131267,5.764239507,5.346957581,5.383286204,5.921136783,0.004128469,0.248331311
0.317733832,0.192847765,2.406583002,0.106967816,0.681096992,4.776734928,4.730772595,5.196362674,4.675107539,4.719167074,5.348830104,0.004057355,0.21670294
0,0,0,0,0,0,0,0,0,0,0,0.003894276,0.165104823
0,0,0,0,0,0,0,0,0,0,0,0.003658343,0.118838214
0,0,0,0,0,0,0,0,0,0,0,0.003374399,0.138274352
0.205062934,0.202327474,2.289038427,0.245169256,0.669225266,4.151208258,5.152859761,5.290215751,4.359333919,4.786491964,4.871454928,0.003075657,0.188092255
0,0,0,0,0,0,0,0,0,0,0,0.002762445,0.109605327
0,0,0,0,0,0,0,0,0,0,0,0.002436243,0.081141392
0,0,0,0,0,0,0,0,0,0,0,0.001822716,0.061723017
0,0,0,0,0,0,0,0,0,0,0,0.001390658,0.059391138
0,0,0,0,0,0,0,0,0,0,0,0.001616295,0.079601468
0.259101562,0.261622416,2.106346232,0.071234125,0.807551772,5.075528596,4.992578391,5.001133345,4.421918778,5.061257623,5.48064708,0.001890726,0.136008574
0.158330427,0.285131138,2.315453142,0.193419692,0.594338004,4.536117613,5.313652243,5.443577698,4.462979789,4.930781973,5.651484255,0.002186256,0.105492892
0.209569906,0.16705485,2.545884539,0.234371125,0.615550388,4.547137514,3.944146887,4.87024045,5.482320204,5.393616438,5.723802552,0.002497693,0.199758495
0,0,0,0,0,0,0,0,0,0,0,0.002873362,0.092189141
0,0,0,0,0,0,0,0,0,0,0,0.003295943,0.06186379
0,0,0,0,0,0,0,0,0,0,0,0.003689984,0.10026945
0,0,0,0,0,0,0,0,0,0,0,0.004049298,0.08641941
0,0,0,0,0,0,0,0,0,0,0,0.004365233,0.051614718
0,0,0,0,0,0,0,0,0,0,0,0.004604212,0.047392749
0,0,0,0,0,0,0,0,0,0,0,0.004831279,0.048775349
0,0,0,0,0,0,0,0,0,0,0,0.005280344,0.054676256
0,0,0,0,0,0,0,0,0,0,0,0.006102073,0.060248361
0,0,0,0,0,0,0,0,0,0,0,0.007207506,0.078501015
0,0,0,0,0,0,0,0,0,0,0,0.008671176,0.102239868
0,0,0,0,0,0,0,0,0,0,0,0.010424086,0.137239441
0,0,0,0,0,0,0,0,0,0,0,0.012286174,0.197851126
0.405820638,0.110711751,2.164838255,0.132904993,0.788876242,5.674576199,4.863449454,4.338512778,5.204247612,5.291590339,5.617055762,0.014119732,0.263583829
0.185750326,0.176194662,2.265754351,0.211737566,0.753705999,4.904049759,4.338466774,5.252700577,5.659732784,5.586322953,6.186205904,0.015956484,0.314407018
0.103474257,0.188703681,2.368322672,0.298918042,0.682203542,4.538816549,4.573604832,5.507947142,5.696035765,5.856155296,6.448895206,0.017747067,0.450817903
0.191580666,0.216078157,2.339956165,0.195028823,0.633184531,4.746585755,4.439404718,5.169254724,5.451681495,5.582219441,6.216789171,0.019300612,0.531176233
0.195666539,0.226543252,2.400446037,0.240875143,0.610952944,4.590644624,4.732000188,5.208487319,5.162244514,5.478154325,5.935096564,0.020641236,0.64246787
0.161231283,0.194519799,2.353737102,0.283425411,0.693326266,4.666334843,4.769969431,5.323162498,5.353149687,5.523325066,6.05806752,0.021671435,0.600504315
0,0,0,0,0,0,0,0,0,0,0,0.022245869,0.548622872
0.173116557,0.120009054,2.422006349,0.296018592,0.677727928,4.669385649,4.000789352,5.305848852,6.159999393,5.418648507,6.102086611,0.022309499,0.71574473
0.196598524,0.205868924,2.446076756,0.259816902,0.661952765,4.749973337,4.597194672,4.898992352,5.199596989,5.302008458,5.796460692,0.021793263,0.590447039
0.118971067,0.257559168,2.484290578,0.290805386,0.485090166,4.603038683,4.416202661,5.51356507,5.526901648,5.448298854,5.9005717,0.020698979,0.640620531
0.156471517,0.106918945,2.420411706,0.327556226,0.585688474,4.851729637,4.292736286,5.583927333,5.284895253,5.557576901,6.076431417,0.019224549,0.592255699
0.254342913,0.117246326,2.402464191,0.236124053,0.721086703,5.321242045,4.246976252,5.104593222,5.922655591,5.736154092,6.339696688,0.017512444,0.581674333
0.040597873,0.177484176,2.322052522,0.457165275,0.588037259,4.446885679,4.367398438,5.62334067,5.512159414,5.166731209,5.770243648,0.015612246,0.545056201
0.119378581,0.152335504,2.344813171,0.326630086,0.639406784,4.50797955,4.258011234,5.321098053,5.818508991,5.308768022,5.726334536,0.013763282,0.53343379
0.173138473,0.190295772,2.534508931,0.257858253,0.622211081,4.823492395,5.032226824,5.244495955,5.130135136,5.424419476,6.134415226,0.012189833,0.378605659
0.191202304,0.260471368,2.408233637,0.152799667,0.728352613,4.809923501,4.414719885,5.17347422,5.124298465,5.755151837,6.077012788,0.010935517,0.314098933
0.378368734,0.108378499,2.42982421,0.142250946,0.668975476,5.183153555,4.750249267,5.187845364,5.247634933,5.603649676,5.998083055,0.010154624,0.273502574
0.143852051,0.267892741,2.440075035,0.146770981,0.758395956,4.490293565,4.78790251,5.317712218,4.886317211,5.447938311,5.888293892,0.009718613,0.320082286
0.246676876,0.205892963,2.369766871,0.123030563,0.719625474,4.417353294,5.113287866,5.065185038,4.340576259,5.051335004,5.212242657,0.009458782,0.249540817
0.199573317,0.261349785,2.304296361,0.159071122,0.726329608,4.365936029,4.997382746,5.45599638,4.439408967,4.941958982,5.483491774,0.009245792,0.251814013
0.312296549,0.185028212,2.20612903,0.026622872,0.730783173,4.990251779,4.875305811,5.518337409,4.315039188,5.527767022,5.825876196,0.009043228,0.219694159
0,0,0,0,0,0,0,0,0,0,0,0.008865929,0.198300611
0,0,0,0,0,0,0,0,0,0,0,0.008650307,0.187372772
0,0,0,0,0,0,0,0,0,0,0,0.008422514,0.185921907
0,0,0,0,0,0,0,0,0,0,0,0.008165097,0.200496342
0.176649207,0.293041252,2.275086038,0.155332918,0.645444137,4.522183055,4.931004329,5.296607825,4.546142849,4.712119818,5.181501632,0.007856435,0.255370091
0.220451079,0.130965402,2.142839465,0.280673745,0.611669806,4.228055643,4.812780797,5.569134082,4.85234923,4.80254003,5.06750031,0.00744893,0.290992748
0,0,0,0,0,0,0,0,0,0,0,0.006858173,0.219814806
0,0,0,0,0,0,0,0,0,0,0,0.006207572,0.212639856
0,0,0,0,0,0,0,0,0,0,0,0.005501973,0.207118214
0.135072266,0.35219043,2.21378368,0.110148237,0.540666311,3.903479683,4.957554078,5.953469991,4.626754868,4.619705188,5.075256908,0.004904895,0.214892893
0.134263858,0.366578079,2.259545264,0.079093361,0.553877429,3.786794416,4.853192593,6.267758778,4.292682222,4.575008043,4.644923099,0.004442851,0.221259423
0,0,0,0,0,0,0,0,0,0,0,0.003988616,0.192722427
0,0,0,0,0,0,0,0,0,0,0,0.003571158,0.20764601
0,0,0,0,0,0,0,0,0,0,0,0.003166568,0.289243334
0.244672128,0.161648401,2.345362278,0.167577379,0.851591233,5.373696761,4.474978937,4.933158917,5.61056847,5.529737751,6.118684871,0.002817523,0.297997907
0.217988281,0.164714627,2.15748909,0.343181858,0.57959921,4.193559537,4.817862252,5.461026589,4.986455441,5.272585352,5.674132446,0.002534685,0.304891806
0.066369629,0.166676665,2.306108929,0.361975494,0.634616834,4.381240259,4.256019192,5.523118628,6.148729239,5.313999402,5.562948657,0.002311569,0.37791456
0.140370768,0.184080241,2.470436106,0.270382186,0.74794847,4.571348238,4.258040762,4.86920473,5.812088186,4.950664574,5.664414639,0.002166957,0.326337408
0.405564779,0.05648329,2.104086903,0.110821296,0.748886788,5.551357707,4.354007522,3.959662398,4.931055765,4.425740878,5.089889824,0.002069303,0.241031848
0,0,0,0,0,0,0,0,0,0,0,0.00200492,0.169520164
0.259194336,0.170174805,2.173455113,0.188153545,0.867801593,5.013933408,5.688358188,5.273570085,3.906597066,4.863735044,4.703268635,0.001940744,0.174309883
0.273043119,0.172425506,2.224747989,0.140126755,0.837559406,5.188558189,5.2742486,5.158630623,4.520868008,5.02438531,5.268608639,0.001843876,0.204138248
0.176601834,0.239378436,2.276941945,0.180822376,0.816491597,4.90033406,5.158547259,5.113060617,4.355500634,4.41228201,4.870623158,0.001729877,0.220393057
0.127262719,0.190987374,2.418787852,0.250759087,0.719609312,4.93137495,4.406994781,5.27306985,5.688773973,5.323151129,5.754384066,0.001673738,0.297836234
0.141407878,0.198379991,2.464646677,0.300494016,0.739692958,4.988755147,5.131372352,4.69502765,5.481319229,5.437349836,5.568709731,0.001755646,0.261377562
0,0,0,0,0,0,0,0,0,0,0,0.001962545,0.167942325
0,0,0,0,0,0,0,0,0,0,0,0.002324311,0.108427865
0,0,0,0,0,0,0,0,0,0,0,0.002829701,0.092634195
0,0,0,0,0,0,0,0,0,0,0,0.003410542,0.072737143
0,0,0,0,0,0,0,0,0,0,0,0.004062082,0.060964508
0,0,0,0,0,0,0,0,0,0,0,0.004765186,0.051744035
0,0,0,0,0,0,0,0,0,0,0,0.005435521,0.047020425
0,0,0,0,0,0,0,0,0,0,0,0.006031978,0.039053023
0,0,0,0,0,0,0,0,0,0,0,0.006553356,0.038635797
0,0,0,0,0,0,0,0,0,0,0,0.006955712,0.032173366
0.405906576,0.228151042,1.924303795,0.06145867,0.68901831,5.715613832,5.141460051,4.229512513,4.277307282,5.604674955,5.939427078,0.007234582,0.034406339
0,0,0,0,0,0,0,0,0,0,0,0.007390814,0.032368885
0,0,0,0,0,0,0,0,0,0,0,0.007402588,0.028413145
0,0,0,0,0,0,0,0,0,0,0,0.007250745,0.030916406
0,0,0,0,0,0,0,0,0,0,0,0.006967883,0.030880864
0,0,0,0,0,0,0,0,0,0,0,0.006539121,0.028063016
0,0,0,0,0,0,0,0,0,0,0,0.006070875,0.03129676
0,0,0,0,0,0,0,0,0,0,0,0.005509216,0.025590693
0,0,0,0,0,0,0,0,0,0,0,0.004894087,0.026622231
0,0,0,0,0,0,0,0,0,0,0,0.004305892,0.025818429
0,0,0,0,0,0,0,0,0,0,0,0.003752571,0.025424313
0,0,0,0,0,0,0,0,0,0,0,0.003337626,0.024092049
0,0,0,0,0,0,0,0,0,0,0,0.002945211,0.020193882
0,0,0,0,0,0,0,0,0,0,0,0.002606597,0.020811093
0,0,0,0,0,0,0,0,0,0,0,0.002316433,0.020841438
0,0,0,0,0,0,0,0,0,0,0,0.002017578,0.016046263
0,0,0,0,0,0,0,0,0,0,0,0.001715956,0.014973455
0,0,0,0,0,0,0,0,0,0,0,0.001448389,0.011556623
0,0,0,0,0,0,0,0,0,0,0,0.001087294,0.012954237
0,0,0,0,0,0,0,0,0,0,0,0.00103648,0.014980406
0.045192057,0.209248047,2.442922721,0.456690823,0.888969116,5.050943732,5.15546453,5.708836913,3.672889709,5.067640543,5.016538978,0.001303823,0.037075922
0.063646105,0.308468424,2.508226358,0.357861442,0.926519475,4.307615787,5.27380995,6.036884308,3.759983103,4.940372994,5.205206931,0.001421729,0.052517203
0.081321467,0.280883641,2.303567138,0.380321994,0.849617508,4.323815389,5.406879447,5.984408281,3.89127006,4.772014098,5.101158749,0.001516706,0.084168459
0.157770284,0.229760539,2.324340925,0.254148247,0.811646797,4.77093523,5.00645066,5.137023144,4.811296338,4.98211791,5.437426247,0.001581631,0.109725905
0.213709672,0.190621926,2.385115808,0.197334541,0.813054281,4.873868419,4.680032101,5.075563351,5.410894334,5.0988116,5.78761526,0.001602674,0.107044722
0.170267392,0.249556129,2.369163817,0.221400227,0.719862703,4.983815466,4.70830604,5.092610214,4.920325518,4.809866846,5.414286665,0.001582589,0.128509677
0.130795898,0.287561849,2.422235637,0.279384195,0.681566533,4.958828717,5.31465745,5.029077664,4.89625518,4.681554809,5.545712262,0.001488999,0.154460157
0,0,0,0,0,0,0,0,0,0,0,0.001348053,0.078043333
0,0,0,0,0,0,0,0,0,0,0,0.001169807,0.047124551
0,0,0,0,0,0,0,0,0,0,0,0.00099025,0.035997576
0,0,0,0,0,0,0,0,0,0,0,0.000821537,0.028383907
0,0,0,0,0,0,0,0,0,0,0,0.000684743,0.024782805
0,0,0,0,0,0,0,0,0,0,0,0.000577503,0.020870849
0,0,0,0,0,0,0,0,0,0,0,0.000514996,0.014980121
0,0,0,0,0,0,0,0,0,0,0,0.000503038,0.017619736
0,0,0,0,0,0,0,0,0,0,0,0.000512297,0.015565045
0.497740072,0.162415771,1.731331534,0.083238836,0.890967967,5.580878764,5.253011525,4.421057314,3.449707866,4.979591936,4.479870349,0.000568967,0.014165213
0.394250217,0.199183485,1.931993002,0.031553545,0.689096341,5.567916592,4.865777513,4.100592832,3.465821574,4.780528843,4.98117737,0.000673264,0.014775901
0.526349609,0.069986979,1.787259293,0.079235306,0.550879625,5.542232967,5.105241549,4.82811023,3.635125601,4.896340144,4.578770804,0.000829659,0.015343713
0.432552083,0.116184896,2.045329735,0.123429378,0.74361124,5.430248201,5.057062626,4.358772814,3.71900928,5.383822163,4.896574815,0.000994767,0.018507936
0,0,0,0,0,0,0,0,0,0,0,0.001159267,0.023955513
0,0,0,0,0,0,0,0,0,0,0,0.001320422,0.030805236
0,0,0,0,0,0,0,0,0,0,0,0.001477284,0.024252137
0,0,0,0,0,0,0,0,0,0,0,0.001537985,0.023796255
0,0,0,0,0,0,0,0,0,0,0,0.00151562,0.012471765
0,0,0,0,0,0,0,0,0,0,0,6.96002E-05,0.004018082
0,0,0,0,0,0,0,0,0,0,0,3.79344E-05,0
0,0,0,0,0,0,0,0,0,0,0,1.31134E-05,0.002678721
0,0,0,0,0,0,0,0,0,0,0,0.00209907,0.003652802
0,0,0,0,0,0,0,0,0,0,0,0.002342724,0.105922356
0,0,0,0,0,0,0,0,0,0,0,0.002659126,0.166828518
0,0,0,0,0,0,0,0,0,0,0,0.002975698,0.160368403
0,0,0,0,0,0,0,0,0,0,0,0.003300973,0.143763
0,0,0,0,0,0,0,0,0,0,0,0.003621422,0.181846003
0.122729578,0.285139888,2.395956268,0.238568145,0.724410464,4.465576577,4.760943397,5.259180251,4.830025717,5.679300252,6.290301072,0.003868004,0.241526085
0.11557194,0.232465712,2.254056704,0.294516307,0.676593831,4.599741638,4.694674583,5.303248326,5.438080732,5.380804789,6.078429151,0.004063387,0.270682095
0.111801595,0.178073242,2.334506229,0.329810214,0.606863813,4.491211849,4.535223529,5.383290118,5.256617159,5.325333291,5.677263087,0.004156809,0.263944389
0.274041992,0.189055664,2.368636838,0.217566336,0.621418597,4.856366026,5.269233835,5.448084688,4.919931102,5.02855711,5.728742814,0.004144517,0.199254529
0,0,0,0,0,0,0,0,0,0,0,0.004029448,0.154805964
0,0,0,0,0,0,0,0,0,0,0,0.003819514,0.122400802
0,0,0,0,0,0,0,0,0,0,0,0.003542593,0.111711001
0,0,0,0,0,0,0,0,0,0,0,0.003240906,0.125966399
0.274696904,0.25599537,2.23505785,0.140831523,0.477232146,4.775277966,5.286062214,4.790319297,4.396182027,4.987642619,5.268933038,0.002918246,0.144412806
0,0,0,0,0,0,0,0,0,0,0,0.002620216,0.09507895
0,0,0,0,0,0,0,0,0,0,0,0.002320955,0.075377578
0,0,0,0,0,0,0,0,0,0,0,0.00124942,0.047700352
0,0,0,0,0,0,0,0,0,0,0,0.001308709,0.059848612
0,0,0,0,0,0,0,0,0,0,0,0.001476366,0.066215621
0.312765706,0.150892537,2.248192437,0.085261903,0.611432812,4.505380944,4.523759335,5.097376875,4.338326477,4.837426439,4.695741556,0.001729579,0.117096538
0.227744831,0.232116329,2.303951862,0.172046871,0.687537441,4.597930118,4.598375877,5.157065457,4.727195799,5.21697957,5.702516511,0.002020964,0.177476156
0.179111328,0.236584087,2.444079462,0.248012701,0.666798914,4.555722389,4.724271931,5.260193878,4.758849555,5.385767946,5.516948421,0.0023224,0.195163722
0,0,0,0,0,0,0,0,0,0,0,0.002655888,0.096311345
0,0,0,0,0,0,0,0,0,0,0,0.002996409,0.07844533
0,0,0,0,0,0,0,0,0,0,0,0.00336477,0.066532564
0,0,0,0,0,0,0,0,0,0,0,0.00371904,0.069135239
0,0,0,0,0,0,0,0,0,0,0,0.004050435,0.063071946
0,0,0,0,0,0,0,0,0,0,0,0.004335074,0.056450228
0,0,0,0,0,0,0,0,0,0,0,0.004550674,0.053637567
0,0,0,0,0,0,0,0,0,0,0,0.004795825,0.054571856
0,0,0,0,0,0,0,0,0,0,0,0.005246369,0.061198833
0,0,0,0,0,0,0,0,0,0,0,0.006054159,0.06982255
0,0,0,0,0,0,0,0,0,0,0,0.007201786,0.088076938
0,0,0,0,0,0,0,0,0,0,0,0.008723486,0.111084878
0,0,0,0,0,0,0,0,0,0,0,0.010488239,0.142271208
0,0,0,0,0,0,0,0,0,0,0,0.012294336,0.202674987
0.207717359,0.193528794,2.389264716,0.225382529,0.71450833,4.986628668,4.600110135,4.885945846,5.445791797,5.728008644,6.039305622,0.014171792,0.316470572
0.123069881,0.182701295,2.427873787,0.307876052,0.677463922,4.832881741,4.534440513,5.595198881,5.846067361,5.751576475,6.420879847,0.015998248,0.363820597
0.117840893,0.143899016,2.367512839,0.368599867,0.653354818,4.71517413,4.444206052,5.682210065,5.557442387,5.687278872,6.256654733,0.017656468,0.415405094
0.139880973,0.125754925,2.325400983,0.332558891,0.598979019,4.516803003,4.43001622,5.427352058,5.828094197,5.538789635,5.903612795,0.019120364,0.601832148
0.291668294,0.12624423,2.38036017,0.193624312,0.674473542,4.964517415,4.237124467,4.938610664,5.958616316,5.587109734,5.926713196,0.02040243,0.561893623
0.198809408,0.159501891,2.398699662,0.272173134,0.631036466,4.763542287,4.255837778,5.26667898,5.764749024,5.787400163,6.141173874,0.021310663,0.577543889
0.124632901,0.214177542,2.486725135,0.281550105,0.578042081,4.838430822,4.449393568,5.44005498,5.783659155,5.826858209,6.346807718,0.021806119,0.553104412
0.087995153,0.194425365,2.431331891,0.34202821,0.582449622,4.592885526,4.275296506,5.503189276,5.853536513,5.571489264,6.195564499,0.021801716,0.634848442
0.150296607,0.202083142,2.394984799,0.277520507,0.574517532,4.361846598,4.474389097,5.282337518,5.706194636,5.547038517,5.92715871,0.021251872,0.645798719
0.128262288,0.230417236,2.469208753,0.290349638,0.517251196,4.838148978,4.340637171,5.080389598,5.867661017,5.842607456,6.235505176,0.02018331,0.641966943
0.088248698,0.194970703,2.726995114,0.396880855,0.656350592,3.981886208,5.734033346,6.219736576,4.576307833,5.355196238,4.9637205,0.018777512,0.543499332
0.206297201,0.221598772,2.317431641,0.203462223,0.657856818,4.824611088,4.584447174,4.917612922,4.967770173,5.301458691,5.743496804,0.017129775,0.529901488
0.257347631,0.210970365,2.364303613,0.187927808,0.662580759,5.094520411,4.798112798,4.685633841,5.117945985,5.393532661,6.076634157,0.015264684,0.440284883
0.206632691,0.237749634,2.376291568,0.192148669,0.588334644,4.710650534,4.44353608,4.792339675,5.53917392,5.399900857,5.878142674,0.01352111,0.458477929
0.236636029,0.253697342,2.320465463,0.157280164,0.681098519,4.688197094,5.017688162,5.035039986,4.88491998,5.004414397,5.686188624,0.011932455,0.387526094
0.210656433,0.252176717,2.382222964,0.176412287,0.68516601,4.417810324,5.087135542,5.503402036,4.323539577,5.272103202,5.560988992,0.010741127,0.3217424
0.081081362,0.271835485,2.427449961,0.305763366,0.591379157,4.23328276,5.080192274,5.759713203,4.759723889,4.669895993,5.62478947,0.010018999,0.318347723
0.262219849,0.123250529,2.348978814,0.194897869,0.578533183,4.870114304,4.40056213,4.843046554,5.85017401,5.735965185,6.026670083,0.009561623,0.371981105
0,0,0,0,0,0,0,0,0,0,0,0.009265005,0.212900858
0,0,0,0,0,0,0,0,0,0,0,0.008993139,0.193631078
0.34445638,0.16039483,2.181257069,0.043382692,0.843712919,5.570776095,5.136773398,4.455847634,4.754334489,5.602714643,5.674972246,0.008700875,0.194720647
0,0,0,0,0,0,0,0,0,0,0,0.008402644,0.173872965
0,0,0,0,0,0,0,0,0,0,0,0.008079524,0.17395766
0,0,0,0,0,0,0,0,0,0,0,0.00774646,0.183352293
0.139351178,0.217358546,2.582907498,0.2192393,0.680664856,4.593933246,4.805234503,5.334382474,4.989504142,5.487127737,5.880456876,0.007422841,0.266620324
0.239440252,0.230296668,2.31149888,0.115697697,0.680776316,4.956330172,4.93142257,4.958678156,4.839745427,5.122331381,5.628843627,0.007036355,0.247914739
0.25010319,0.096938802,2.361383327,0.286360275,0.660854412,5.225288296,4.400075316,4.923026288,4.98709842,5.163739824,5.512252212,0.006583907,0.279463442
0,0,0,0,0,0,0,0,0,0,0,0.005996958,0.204531966
0,0,0,0,0,0,0,0,0,0,0,0.005316335,0.213558128
0,0,0,0,0,0,0,0,0,0,0,0.004650978,0.203469954
0,0,0,0,0,0,0,0,0,0,0,0.004054998,0.225022673
0,0,0,0,0,0,0,0,0,0,0,0.003665156,0.187837015
0,0,0,0,0,0,0,0,0,0,0,0.003300444,0.177447694
0.112029351,0.219590929,2.394208738,0.26284992,0.823636362,5.045436372,4.273982674,5.087774962,4.945239465,4.673064639,5.456073235,0.002945891,0.191235606
0.121832682,0.246854655,2.325541186,0.24246917,0.896889989,5.164947381,4.640842209,5.262969097,4.79949225,4.503100787,5.535469731,0.002623955,0.243506216
0.214657566,0.135150589,2.310579474,0.234579925,0.80529716,5.333358029,4.376844362,5.248062745,5.542813454,5.325738619,6.135352627,0.002337778,0.254515053
0.097794958,0.179839229,2.389435329,0.348004556,0.711105796,4.697833319,4.355424272,5.158050491,5.524897615,4.901025381,5.864883893,0.002159931,0.255543222
0.276313477,0.112051188,2.323200547,0.234386024,0.593730291,4.926817239,4.761112541,4.470070101,5.35048829,4.914977774,5.844369799,0.002025707,0.286956392
0.245980143,0.109123861,2.471323523,0.269318383,0.601916807,4.829351944,4.506115675,4.999604166,5.185724825,5.177070141,5.893779695,0.001958965,0.314383257
0.078004558,0.176274414,2.437547694,0.504370626,0.477229718,3.71880763,5.456591249,6.358538717,4.634596542,4.858743578,4.892481759,0.00192795,0.309738443
0,0,0,0,0,0,0,0,0,0,0,0.00191377,0.287659791
0.302159017,0.07784017,2.312679661,0.209382508,0.861281078,5.191258103,4.401389778,5.135097966,5.938365996,5.485993415,6.116290927,0.001883707,0.303477356
0.168087769,0.285038249,2.30078628,0.229534997,0.713934501,4.457451336,5.482711308,5.324247979,4.32779146,4.63210658,4.976185881,0.00181903,0.27781606
0,0,0,0,0,0,0,0,0,0,0,0.001738779,0.184983805
0.175060222,0.126983778,2.293662827,0.214055388,0.785659827,5.232106894,4.502755841,5.483222644,5.257986853,4.903989355,5.572161585,0.001693698,0.246728814
0.121824748,0.210223796,2.486701049,0.313285433,0.710383909,4.705305614,5.277301133,5.020920962,4.957807742,4.766530663,5.194450751,0.001758869,0.254762555
0.189181804,0.204700684,2.316237208,0.190835009,0.746388801,4.690549165,5.246463877,5.098719966,4.93012909,4.80440107,5.149256062,0.001956692,0.208220166
0.247714437,0.24830953,2.125902945,0.105518852,0.793628137,4.385435097,5.797323004,5.00074593,4.090166208,5.073444448,4.998097122,0.002284986,0.122647044
0,0,0,0,0,0,0,0,0,0,0,0.002715808,0.102586966
0,0,0,0,0,0,0,0,0,0,0,0.003243426,0.082686569
0,0,0,0,0,0,0,0,0,0,0,0.004444578,0.053505666
0,0,0,0,0,0,0,0,0,0,0,0.005031848,0.048000888
0,0,0,0,0,0,0,0,0,0,0,0.006046393,0.03806036
0,0,0,0,0,0,0,0,0,0,0,0.006377731,0.035967385
0.227495931,0.337087674,2.246034793,0.179599087,0.836003814,4.671449333,5.797324181,4.527828892,4.552227219,5.6541906,5.257568777,0.006587058,0.036737871
0,0,0,0,0,0,0,0,0,0,0,0.006720614,0.034092966
0,0,0,0,0,0,0,0,0,0,0,0.00665929,0.033847861
0,0,0,0,0,0,0,0,0,0,0,0.006481274,0.034151187
0,0,0,0,0,0,0,0,0,0,0,0.005304259,0.036809082
0,0,0,0,0,0,0,0,0,0,0,0.004763238,0.033930963
0,0,0,0,0,0,0,0,0,0,0,0.00418156,0.033180698
0,0,0,0,0,0,0,0,0,0,0,0.003634569,0.032120246
0,0,0,0,0,0,0,0,0,0,0,0.003182237,0.028289975
0,0,0,0,0,0,0,0,0,0,0,0.002813278,0.032250152
0,0,0,0,0,0,0,0,0,0,0,0.00253398,0.029081128
0,0,0,0,0,0,0,0,0,0,0,0.002279627,0.026643847
0,0,0,0,0,0,0,0,0,0,0,0.002050006,0.028559429
0,0,0,0,0,0,0,0,0,0,0,0.001791857,0.0229251
0,0,0,0,0,0,0,0,0,0,0,0.00151874,0.022208239
0,0,0,0,0,0,0,0,0,0,0,0.001286331,0.019322723
0,0,0,0,0,0,0,0,0,0,0,0.000952719,0.017124357
0,0,0,0,0,0,0,0,0,0,0,0.001078441,0.025459307
0,0,0,0,0,0,0,0,0,0,0,0.001179049,0.030202062
0.417505154,0.113484158,2.032450798,0.064294924,0.842363973,5.511225611,5.422620296,4.672762275,3.938561966,4.404541671,4.645587573,0.001267662,0.044291193
0.293312283,0.225713433,2.20324621,0.122282325,0.775733156,5.161609443,5.25503612,5.008619682,4.247951694,4.363684253,5.055839956,0.001332855,0.062647963
0.271396485,0.219165649,2.320276707,0.112578749,0.885943362,5.107443109,5.119090572,4.564520158,4.544024475,5.033643678,4.955123365,0.001342524,0.061138982
0.213967634,0.211437407,2.27973658,0.169579235,0.834170101,4.807946409,4.928130516,4.693168368,4.572434528,5.03462066,5.575186304,0.001320314,0.080833075
0,0,0,0,0,0,0,0,0,0,0,0.001237316,0.068201429
0,0,0,0,0,0,0,0,0,0,0,0.001102807,0.044638275
0,0,0,0,0,0,0,0,0,0,0,0.000943896,0.034052973
0,0,0,0,0,0,0,0,0,0,0,0.000764841,0.029924294
0,0,0,0,0,0,0,0,0,0,0,0.000599986,0.022445157
0,0,0,0,0,0,0,0,0,0,0,0.000478892,0.018770376
0,0,0,0,0,0,0,0,0,0,0,0.000395772,0.018012527
0,0,0,0,0,0,0,0,0,0,0,0.000363562,0.014959202
0,0,0,0,0,0,0,0,0,0,0,0.000367962,0.013752898
0,0,0,0,0,0,0,0,0,0,0,0.000383072,0.010410491
0,0,0,0,0,0,0,0,0,0,0,0.000401171,0.009103411
0,0,0,0,0,0,0,0,0,0,0,0.000427187,0.006701129
0,0,0,0,0,0,0,0,0,0,0,0.000476175,0.015078977
0.460729167,0.141204427,1.910108338,0.038268846,0.901687201,5.777507305,3.931049764,4.642423332,3.746235251,5.312789917,5.385883451,0.000562887,0.024722166
0,0,0,0,0,0,0,0,0,0,0,0.000675405,0.030178742
0,0,0,0,0,0,0,0,0,0,0,0.00078406,0.035322845
0,0,0,0,0,0,0,0,0,0,0,0.000894567,0.023751705
0,0,0,0,0,0,0,0,0,0,0,0.000951866,0.025682564
0,0,0,0,0,0,0,0,0,0,0,0.000958794,0.018615701
0,0,0,0,0,0,0,0,0,0,0,0.000324993,0.00510062
0,0,0,0,0,0,0,0,0,0,0,0.000265374,0.001894537
0,0,0,0,0,0,0,0,0,0,0,0.000207909,0.001207589
0,0,0,0,0,0,0,0,0,0,0,0.000108,0.004577337
0,0,0,0,0,0,0,0,0,0,0,6.69666E-05,0.005304084
0,0,0,0,0,0,0,0,0,0,0,0.002186995,0.002678721
0,0,0,0,0,0,0,0,0,0,0,0.002347976,0.004018082
0,0,0,0,0,0,0,0,0,0,0,0.002689837,0.105411509
0,0,0,0,0,0,0,0,0,0,0,0.002972099,0.135193041
0,0,0,0,0,0,0,0,0,0,0,0.003279266,0.137940416
0,0,0,0,0,0,0,0,0,0,0,0.003584548,0.153420612
0.055783203,0.372301432,2.214111278,0.139829511,0.661685702,4.014714599,5.246465802,6.155291224,4.297763765,4.712719417,5.59324261,0.003860569,0.182680153
0.149447374,0.320044705,2.311791809,0.177219039,0.696381258,4.582253925,4.962140334,5.3001348,4.489516343,5.166778094,5.96051652,0.004080812,0.228629068
0.301137251,0.216378137,2.272703385,0.099307076,0.744620391,5.526124033,4.460694356,4.494420306,5.068626572,5.457941619,5.905889533,0.004228637,0.242813131
0.26274349,0.220818034,2.242384072,0.089468493,0.749255416,5.900267828,4.365116703,3.786702657,5.018214989,5.669643915,6.108863807,0.004282513,0.196686845
0,0,0,0,0,0,0,0,0,0,0,0.004227967,0.162928745
0,0,0,0,0,0,0,0,0,0,0,0.004063682,0.141251645
0,0,0,0,0,0,0,0,0,0,0,0.003811216,0.116271232
0,0,0,0,0,0,0,0,0,0,0,0.003510324,0.107517777
0,0,0,0,0,0,0,0,0,0,0,0.003166142,0.169329748
0.293952149,0.23007194,2.338608253,0.12673962,0.537052855,5.373399639,4.826435435,4.194884181,5.234751379,5.841879279,5.790748286,0.002828394,0.238418289
0,0,0,0,0,0,0,0,0,0,0,0.002530126,0.106592629
0,0,0,0,0,0,0,0,0,0,0,0.002257438,0.068847294
0,0,0,0,0,0,0,0,0,0,0,0.001981479,0.058880905
0,0,0,0,0,0,0,0,0,0,0,0.001722671,0.053026441
0,0,0,0,0,0,0,0,0,0,0,0.001524554,0.057337385
0,0,0,0,0,0,0,0,0,0,0,0.001296064,0.049818716
0,0,0,0,0,0,0,0,0,0,0,0.001304918,0.055084041
0,0,0,0,0,0,0,0,0,0,0,0.00140574,0.068792698
0,0,0,0,0,0,0,0,0,0,0,0.001609276,0.074883203
0.228109945,0.243544108,2.432504696,0.177652729,0.547205847,5.080991373,4.380865247,4.859787122,5.524445146,5.575878978,5.730380654,0.001876577,0.163932558
0.10668986,0.247645182,2.359633411,0.277197316,0.678449819,4.503594966,4.455194968,5.543023825,5.457914186,5.339009783,6.019348618,0.002171198,0.258420972
0.113882243,0.177441406,2.500259029,0.457564734,0.551617303,4.596383393,4.209248528,5.639560446,5.524091766,4.976411,5.729194909,0.002497758,0.202102318
0,0,0,0,0,0,0,0,0,0,0,0.002842024,0.080210925
0,0,0,0,0,0,0,0,0,0,0,0.00318974,0.076555545
0,0,0,0,0,0,0,0,0,0,0,0.003524896,0.075838352
0,0,0,0,0,0,0,0,0,0,0,0.003861076,0.071098107
0,0,0,0,0,0,0,0,0,0,0,0.004172978,0.064981075
0,0,0,0,0,0,0,0,0,0,0,0.004426152,0.064588507
0,0,0,0,0,0,0,0,0,0,0,0.00463277,0.063022393
0,0,0,0,0,0,0,0,0,0,0,0.004880699,0.064272784
0,0,0,0,0,0,0,0,0,0,0,0.005301443,0.069557771
0,0,0,0,0,0,0,0,0,0,0,0.006050705,0.080347738
0,0,0,0,0,0,0,0,0,0,0,0.00724496,0.09929215
0,0,0,0,0,0,0,0,0,0,0,0.00872961,0.121564735
0,0,0,0,0,0,0,0,0,0,0,0.010393591,0.150627422
0,0,0,0,0,0,0,0,0,0,0,0.01218955,0.196480005
0.125991374,0.195803385,2.392837799,0.350822075,0.609525265,4.755064929,4.542347014,5.217186272,5.47187888,5.202207392,6.056466961,0.014015908,0.366701608
0.077519125,0.21443278,2.259517232,0.329120006,0.606963977,4.392640106,4.419712015,5.663428277,5.578000009,5.597226687,6.175084174,0.01572047,0.351927666
0.12314666,0.144504895,2.3851625,0.35883389,0.512986895,4.417443732,4.260309692,5.572065507,5.451753142,5.575993769,5.9561416,0.017232163,0.435701253
0.176338171,0.212449544,2.413544003,0.241206741,0.686156698,4.724792487,4.599446623,5.329498916,5.407728162,5.216112233,5.669740106,0.018621363,0.451831703
0.202120083,0.152954787,2.459046891,0.256233163,0.651863379,4.531032409,4.112601475,5.222282137,5.926842712,5.240039273,5.884135855,0.019753255,0.505352887
0.192750651,0.143595016,2.400333531,0.333348874,0.626417118,4.815203571,4.365025774,5.501842057,5.577430041,5.553105133,6.097398725,0.020483479,0.564809854
0.121142859,0.13391248,2.419293547,0.380650739,0.510664875,4.848422327,4.181993874,5.359262421,5.897045372,5.859961384,6.45558528,0.020845838,0.654104121
0.109434964,0.204519257,2.394120862,0.300776901,0.583376446,4.766603984,4.460392861,5.308604676,5.961983838,5.699904338,6.195680104,0.020819595,0.641589771
0.10991654,0.20205485,2.457406508,0.344459548,0.529309327,4.179440045,4.548650268,5.412286914,5.614294741,5.29192547,6.017709282,0.020213421,0.628062756
0.128125058,0.242598063,2.391294916,0.278917479,0.62203982,4.586297574,4.657609522,5.095250947,5.396134002,5.47088496,5.735523773,0.019204706,0.561376634
0,0,0,0,0,0,0,0,0,0,0,0.0178323,0.415338761
0.392427907,0.139837718,2.046649603,0.056546829,0.758891023,5.848391689,4.689403636,3.837168557,5.001037475,5.494224103,5.724117447,0.016275976,0.403836157
0.342657927,0.164646711,2.243606097,0.130422597,0.644570061,5.460047794,4.621850534,4.392026388,5.184054902,5.484971758,6.06729963,0.014649163,0.449868161
0,0,0,0,0,0,0,0,0,0,0,0.012977058,0.39434215
0.208650117,0.215027841,2.355450496,0.206288618,0.55284981,4.760503803,4.597568845,5.329622372,4.943757051,5.34768306,5.682762529,0.011510612,0.364136605
0.061577962,0.359140082,2.220658338,0.164915791,0.609682436,3.610151937,5.038826893,6.155875266,5.014401813,4.642074834,5.028713475,0.010434205,0.338229647
0.169802653,0.16583374,2.304909814,0.26680284,0.686694512,4.530563381,4.529790357,5.134327002,5.598847248,5.113485448,5.158941716,0.00973585,0.290196745
0.226234131,0.123535563,2.314586462,0.220507282,0.705723718,4.970755532,4.510146305,5.526567906,5.756018758,5.618703455,5.980336219,0.009277569,0.306180505
0,0,0,0,0,0,0,0,0,0,0,0.008971015,0.208221515
0,0,0,0,0,0,0,0,0,0,0,0.008687616,0.176349626
0.200878462,0.207004617,2.407973253,0.162983089,0.695275754,4.859941363,5.308428786,5.127955193,4.983044641,5.373690481,5.374740655,0.008344637,0.26528559
0.161267904,0.225721029,2.594237345,0.164044787,0.637892166,4.996935248,5.500376523,5.554156661,4.081725299,5.174417138,4.974392653,0.00797465,0.196277247
0.313283149,0.1416588,2.36504376,0.16743971,0.717241047,5.695978602,4.593615001,4.950161258,5.086269438,5.852365176,6.197457716,0.007574495,0.185593645
0.140055158,0.229164135,2.495268826,0.219950009,0.650498862,4.804272208,5.123000294,5.478592088,5.112909973,5.673631612,6.015153822,0.007186788,0.23177009
0.278636719,0.220178711,2.297319407,0.069711914,0.666774936,4.575319363,5.008693144,5.278909209,5.0803249,5.339626572,5.781142837,0.006794278,0.253065935
0.167368164,0.122620443,2.336998211,0.272026908,0.592537047,4.720701838,4.408051288,5.362823856,5.374006867,5.358314836,5.953030753,0.006379731,0.246710884
0.181897554,0.21624628,2.500919099,0.214984012,0.646490701,4.350595955,4.907194708,5.749728812,4.619756119,5.488852314,5.903439496,0.005905684,0.210641741
0,0,0,0,0,0,0,0,0,0,0,0.005319237,0.179747293
0.257530111,0.267278646,2.206128565,0.050222873,0.690390459,4.498689294,5.507857114,4.900141269,4.542051613,5.232000947,5.393153012,0.004652441,0.186181206
0.10831294,0.297619294,2.317255432,0.185159571,0.648748126,4.145381314,5.047408016,5.788045438,4.596737364,4.92230585,5.336478174,0.003987359,0.215362424
0.122425381,0.238056014,2.382472083,0.268340737,0.665303367,4.830146212,5.499287128,5.429159834,4.314288123,4.750597202,5.059588992,0.003427561,0.211884944
0.068120117,0.321155599,2.23768747,0.192670522,0.705810673,4.917480111,4.503902256,5.289473772,5.066963196,5.482360482,5.342344642,0.003011884,0.234214569
0,0,0,0,0,0,0,0,0,0,0,0.002716928,0.23370661
0,0,0,0,0,0,0,0,0,0,0,0.002431382,0.181494305
0,0,0,0,0,0,0,0,0,0,0,0.002175278,0.169727441
0.132862142,0.130311686,2.385197639,0.272725964,0.539454854,4.923080549,3.799316861,5.239895187,5.749398582,5.640971333,6.151252985,0.001972405,0.248689651
0.069207899,0.197399993,2.361547539,0.356026305,0.753011132,4.641844286,5.095494741,5.268193742,5.136464967,4.721604731,5.832095437,0.001854439,0.236006378
0.119542129,0.185622687,2.228217697,0.32507239,0.704894858,4.68202185,4.858593771,5.7365843,5.348700213,5.25542359,5.612461027,0.001809917,0.282992475
0.214568359,0.108570964,2.447696639,0.270303241,0.684953016,4.922036016,4.130226,5.244932183,5.833290791,5.4362589,6.048889923,0.001803209,0.356325554
0.227606608,0.0690271,2.399892247,0.331415443,0.632825769,4.499249644,4.108806521,5.55251129,6.237375736,5.851533324,6.459331065,0.001837751,0.362889652
0.099007537,0.14034668,2.388747756,0.419113414,0.630783146,4.62467573,4.118129125,5.48155272,6.256681818,5.238375434,6.051285029,0.001877615,0.413647818
0.128445313,0.159799805,2.301299848,0.329644433,0.573660736,4.656980893,4.074605244,5.425537971,6.180315357,5.521255314,5.935264581,0.001896577,0.391960883
0.087620867,0.253390158,2.35410417,0.332487483,0.676869878,4.378256787,4.733406222,5.446964725,4.924888728,4.864041616,5.517609518,0.001873174,0.297346316
0.088157959,0.306637505,2.256600763,0.194154462,0.729633598,4.687636058,4.92831338,5.674031193,3.960238442,4.315381244,4.721297637,0.001831438,0.221121355
0.187942856,0.25452977,2.276699464,0.158008167,0.807726839,4.876747641,4.670200396,4.962886729,4.437017961,4.483227974,4.994153001,0.001789378,0.202757146
0,0,0,0,0,0,0,0,0,0,0,0.00181776,0.190782805
0,0,0,0,0,0,0,0,0,0,0,0.001946068,0.230770829
0.200678711,0.305694987,1.97001266,0.066427741,0.844770711,4.693692386,5.421747088,4.986134529,4.526481807,4.616922617,5.145959854,0.002185764,0.201451226
0.19170277,0.239519265,2.220391475,0.181448373,0.83701581,4.587162554,5.6152446,5.187902456,4.489157178,5.069080965,5.553521026,0.002542074,0.180610479
0,0,0,0,0,0,0,0,0,0,0,0.00300385,0.123986013
0,0,0,0,0,0,0,0,0,0,0,0.003515942,0.074265497
0,0,0,0,0,0,0,0,0,0,0,0.004018365,0.058807912
0,0,0,0,0,0,0,0,0,0,0,0.00453653,0.053772647
0,0,0,0,0,0,0,0,0,0,0,0.005412534,0.04263466
0.359687681,0.224821144,2.073442603,0.110152176,0.60486561,5.482347396,5.48095221,4.377851228,4.151375814,5.313554466,5.382995658,0.005702047,0.042671374
0.328209229,0.244844971,2.192180798,0.136577461,0.615096806,5.207911074,5.464321584,4.40298453,3.962210909,5.221711338,5.793747693,0.005879916,0.04230351
0,0,0,0,0,0,0,0,0,0,0,0.005957502,0.038640594
0,0,0,0,0,0,0,0,0,0,0,0.005888548,0.040038185
0,0,0,0,0,0,0,0,0,0,0,0.005671308,0.036630093
0,0,0,0,0,0,0,0,0,0,0,0.004565634,0.042005709
0,0,0,0,0,0,0,0,0,0,0,0.004105342,0.043686226
0,0,0,0,0,0,0,0,0,0,0,0.003595431,0.041876916
0,0,0,0,0,0,0,0,0,0,0,0.003157525,0.03904928
0,0,0,0,0,0,0,0,0,0,0,0.00279189,0.038509846
0,0,0,0,0,0,0,0,0,0,0,0.002522424,0.038205844
0,0,0,0,0,0,0,0,0,0,0,0.002314473,0.040711246
0,0,0,0,0,0,0,0,0,0,0,0.002122751,0.037861698
0,0,0,0,0,0,0,0,0,0,0,0.001922961,0.03305086
0,0,0,0,0,0,0,0,0,0,0,0.001694167,0.030721929
0,0,0,0,0,0,0,0,0,0,0,0.0014603,0.03024591
0,0,0,0,0,0,0,0,0,0,0,0.001239728,0.026860987
0,0,0,0,0,0,0,0,0,0,0,0.00082799,0.02281548
0,0,0,0,0,0,0,0,0,0,0,0.000894886,0.022070691
0.409380208,0.119892904,1.97055983,0.052666177,0.925582682,5.704852557,5.58745724,4.729623449,3.433057165,4.339041102,4.801498878,0.00097688,0.028992609
0.340703125,0.157103679,2.117208602,0.131894823,0.679947654,5.060914815,5.684068501,5.319316626,3.802342087,3.764283985,4.664117903,0.001054285,0.032792289
0.314710286,0.18190979,2.136184664,0.06279983,0.849703246,4.866936892,5.185255766,4.675831482,4.02998206,5.024944313,5.217698567,0.001102535,0.041536281
0,0,0,0,0,0,0,0,0,0,0,0.001110334,0.033954113
0,0,0,0,0,0,0,0,0,0,0,0.001075646,0.034377719
0,0,0,0,0,0,0,0,0,0,0,0.001011559,0.032850652
0,0,0,0,0,0,0,0,0,0,0,0.000893606,0.032966136
0,0,0,0,0,0,0,0,0,0,0,0.000756155,0.028873266
0,0,0,0,0,0,0,0,0,0,0,0.000603912,0.025873083
0,0,0,0,0,0,0,0,0,0,0,0.000466662,0.023377816
0,0,0,0,0,0,0,0,0,0,0,0.000341641,0.007773863
0,0,0,0,0,0,0,0,0,0,0,0.000360753,0.008773822
0.202377387,0.318767904,2.063835692,0.135155295,0.628007633,5.021871686,5.429130037,4.255492051,4.860204557,4.89969041,5.62658151,0.00037885,0.019733135
0.24940045,0.315968868,2.126736765,0.058350096,0.871598959,5.678081231,4.837260907,4.361119596,3.838511028,4.885383714,4.767284756,0.000406254,0.034619211
0,0,0,0,0,0,0,0,0,0,0,0.000453041,0.034811655
0,0,0,0,0,0,0,0,0,0,0,0.000509678,0.003843383
0,0,0,0,0,0,0,0,0,0,0,0.000629349,0.003826745
0,0,0,0,0,0,0,0,0,0,0,0.000704521,0.00344407
0,0,0,0,0,0,0,0,0,0,0,0.000644092,0.00422956
0,0,0,0,0,0,0,0,0,0,0,0.000622957,0.012647137
0,0,0,0,0,0,0,0,0,0,0,0.000596584,0.009981182
0,0,0,0,0,0,0,0,0,0,0,0.000564028,0.008464815
0,0,0,0,0,0,0,0,0,0,0,0.000529278,0.005504692
0,0,0,0,0,0,0,0,0,0,0,0.000484915,0.005495322
0,0,0,0,0,0,0,0,0,0,0,0.000428236,0.004997814
0,0,0,0,0,0,0,0,0,0,0,0.000364366,0.004828003
0,0,0,0,0,0,0,0,0,0,0,0.000304075,0.005828181
0,0,0,0,0,0,0,0,0,0,0,0.000246919,0.004936906
0,0,0,0,0,0,0,0,0,0,0,0.000191468,0.005064687
0,0,0,0,0,0,0,0,0,0,0,0.000100117,0.006240385
0,0,0,0,0,0,0,0,0,0,0,0.002260009,0.002678721
0,0,0,0,0,0,0,0,0,0,0,0.002376548,0.002901948
0,0,0,0,0,0,0,0,0,0,0,0.002713081,0.080543902
0,0,0,0,0,0,0,0,0,0,0,0.003063981,0.109603417
0,0,0,0,0,0,0,0,0,0,0,0.003367452,0.114522861
0,0,0,0,0,0,0,0,0,0,0,0.003677211,0.125754715
0,0,0,0,0,0,0,0,0,0,0,0.003960444,0.155185193
0.209446159,0.275269466,2.361732129,0.119813261,0.708626965,4.438623805,4.918558674,5.309182868,4.718665976,5.145279605,5.703227062,0.004210425,0.221326832
0.141535645,0.290528972,2.349336904,0.209753572,0.671866016,4.376677504,4.574134886,5.323197365,5.116461846,5.145024043,5.970143378,0.004379647,0.33511589
0,0,0,0,0,0,0,0,0,0,0,0.004468217,0.210948223
0,0,0,0,0,0,0,0,0,0,0,0.00447219,0.158303706
0,0,0,0,0,0,0,0,0,0,0,0.004367609,0.136128005
0,0,0,0,0,0,0,0,0,0,0,0.004165804,0.135802911
0,0,0,0,0,0,0,0,0,0,0,0.003889217,0.115140627
0,0,0,0,0,0,0,0,0,0,0,0.003549602,0.11020688
0,0,0,0,0,0,0,0,0,0,0,0.003175831,0.133289313
0.168437138,0.232407588,2.540577439,0.308608322,0.552630465,4.904391382,4.720976386,4.537824704,5.335607714,5.697375258,6.155982216,0.002824588,0.212995528
0,0,0,0,0,0,0,0,0,0,0,0.002514066,0.128944601
0,0,0,0,0,0,0,0,0,0,0,0.00222683,0.07491791
0,0,0,0,0,0,0,0,0,0,0,0.001962951,0.061383851
0,0,0,0,0,0,0,0,0,0,0,0.00174303,0.050913341
0,0,0,0,0,0,0,0,0,0,0,0.001573898,0.049178217
0,0,0,0,0,0,0,0,0,0,0,0.001389861,0.057443634
0,0,0,0,0,0,0,0,0,0,0,0.001414422,0.070242036
0,0,0,0,0,0,0,0,0,0,0,0.001547583,0.154807386
0,0,0,0,0,0,0,0,0,0,0,0.001765582,0.192672469
0.160713976,0.251371407,2.405250837,0.20736041,0.615020023,4.610644044,4.407547417,5.062669677,5.547340821,5.429789938,6.031901,0.002021805,0.240037558
0.135371094,0.134791667,2.414847888,0.336241075,0.836750323,4.803034723,4.167937696,5.426346153,5.898183048,5.635552049,6.643437386,0.002330763,0.21596886
0,0,0,0,0,0,0,0,0,0,0,0.002664286,0.14573563
0,0,0,0,0,0,0,0,0,0,0,0.00301053,0.088013409
0,0,0,0,0,0,0,0,0,0,0,0.004341517,0.078090261
0,0,0,0,0,0,0,0,0,0,0,0.004598117,0.074847457
0,0,0,0,0,0,0,0,0,0,0,0.004805658,0.073835382
0,0,0,0,0,0,0,0,0,0,0,0.00504617,0.075425726
0,0,0,0,0,0,0,0,0,0,0,0.005422281,0.081219933
0,0,0,0,0,0,0,0,0,0,0,0.006119929,0.09203978
0,0,0,0,0,0,0,0,0,0,0,0.007222183,0.108546805
0,0,0,0,0,0,0,0,0,0,0,0.008582637,0.132545076
0,0,0,0,0,0,0,0,0,0,0,0.010166044,0.164668804
0.068708496,0.044151205,2.139596061,0.550654368,0.515085427,3.479457766,4.873686582,6.567651748,5.087942988,4.618783057,4.997208983,0.011892812,0.24744511
0.144606585,0.188395415,2.520921566,0.388264093,0.534025686,5.073890286,4.23160226,5.296734857,5.744537839,5.498041779,6.156991784,0.0135638,0.447823009
0.118637781,0.161194918,2.40743235,0.354043842,0.633211273,4.733119886,4.214353825,5.478448121,5.702040142,5.461754943,5.983717303,0.015059969,0.490543311
0.169000651,0.155353902,2.418902292,0.318737502,0.536642675,4.750901565,4.292053435,5.175339717,5.87735272,5.603199974,6.004897598,0.01649826,0.467512759
0.158928541,0.162207527,2.411458504,0.327887912,0.629516025,4.636964659,4.288138566,5.379696551,5.380065389,5.5031629,5.866366912,0.017761843,0.550689001
0.118192362,0.151023448,2.397482645,0.365998854,0.532954863,4.44823261,4.084665375,5.617510303,6.049166318,5.77727054,6.278842745,0.018679146,0.676593509
0.125859088,0.151321998,2.493852131,0.376226249,0.537792086,4.713949763,4.237229112,5.326850637,5.980758823,5.719821923,6.39128015,0.019262435,0.604535174
0.175073707,0.12847261,2.501830255,0.343008952,0.594725554,5.033725355,4.219890075,5.549610879,6.316875407,6.165926082,6.849896908,0.019508705,0.479590199
0.161663124,0.276133866,2.421393259,0.165626512,0.416628491,5.025717181,4.586534027,4.895172947,5.66202609,5.81729167,6.14182332,0.019395763,0.520614635
0.17345402,0.269656494,2.436795674,0.198446668,0.697380916,4.644295901,4.516402391,5.072756785,5.644563192,5.38711057,6.186385357,0.018801251,0.531887658
0.210804036,0.14793457,2.468725531,0.282756619,0.704268304,5.624619246,4.937309444,4.745182514,6.451997876,6.551265717,6.300042391,0.017791655,0.441958771
0.177151693,0.098307292,2.502975795,0.273838423,0.917137044,4.401860058,4.776650786,5.182586789,5.944401026,4.149565935,5.346330404,0.016557869,0.407995688
0.388002155,0.160919209,2.055587702,0.036969092,0.784195175,6.053454621,4.794502974,3.949477525,5.155738166,5.551780564,6.013109096,0.015140302,0.382826929
0.352910931,0.12496427,2.32769651,0.174195075,0.606171136,5.23243576,4.578491926,4.555418662,5.156714953,5.446230377,5.813703321,0.013753892,0.420408427
0.138784946,0.247921071,2.436704762,0.284246045,0.597585337,4.796698935,4.709912163,5.283221785,5.161289755,5.597175419,5.895597837,0.012231496,0.460232934
0.117057059,0.300780088,2.419190327,0.205322739,0.601350749,4.40826439,4.388269288,5.347437961,5.706623776,5.6539058,5.962869661,0.010935599,0.436030173
0.11329069,0.285556706,2.386992871,0.212752488,0.632311293,4.414395113,4.740281854,5.574857595,5.454388611,5.307214262,5.723754597,0.009996475,0.401097534
0.096946615,0.287356771,2.537039069,0.201629896,0.339287605,5.257497668,4.483863354,4.80982995,4.316226661,5.079447031,5.770001173,0.009297928,0.226263819
0,0,0,0,0,0,0,0,0,0,0,0.008904069,0.183473797
0,0,0,0,0,0,0,0,0,0,0,0.008614614,0.169104984
0,0,0,0,0,0,0,0,0,0,0,0.008333714,0.165309802
0.28812207,0.088383464,2.386438182,0.215015094,0.669388903,5.050590247,5.008397335,4.986434114,5.268499976,5.08732999,5.355883148,0.007974793,0.300933565
0.359154948,0.16373763,2.165555133,0.181207034,0.802277511,5.299347687,4.608910334,4.58850441,5.077529216,5.423709142,5.710421884,0.00756389,0.198112311
0.291558984,0.121766862,2.489753062,0.26694868,0.677256155,5.008364127,4.631721108,4.978961661,5.160899713,5.564187632,6.235650136,0.007181512,0.316028461
0.297117427,0.171336434,2.396844071,0.122556644,0.623169006,4.753791464,4.625581754,5.079088459,5.283728524,5.514773203,5.903173111,0.006766674,0.323715417
0.261873011,0.182543584,2.315928792,0.109927948,0.653194794,4.715127726,4.797940731,5.529572308,4.670702193,5.311260813,5.739078475,0.006372787,0.230725862
0.148721517,0.270841797,2.324475622,0.271953441,0.83720772,4.645086121,4.928799701,5.447619176,4.29942444,5.250120491,5.80107199,0.005948149,0.224950601
0.229923503,0.174612088,2.395575102,0.230173548,0.799273291,5.102764805,4.477900604,5.386474689,4.650525689,5.355226934,5.61469996,0.005450157,0.18653952
0,0,0,0,0,0,0,0,0,0,0,0.004860333,0.168732523
0.215644531,0.210595296,2.303169986,0.142896726,0.696792978,4.73442775,5.214280501,5.153785408,4.583665982,4.888165295,5.416034848,0.004183853,0.183007672
0.168087294,0.23353163,2.397394602,0.277123314,0.605699238,4.891890983,4.890204013,4.923438032,4.88951086,5.057470977,5.50654456,0.003545267,0.222312572
0.098433838,0.185542399,2.504744641,0.299194817,0.769841591,4.251684129,4.375929535,5.55023858,4.953370839,5.017238483,5.363685951,0.002958074,0.260597934
0.20030971,0.185918201,2.349830286,0.209627988,0.780758615,4.432767196,4.925903457,5.786732435,4.975605164,4.973824092,5.109367507,0.002520816,0.241229893
0,0,0,0,0,0,0,0,0,0,0,0.002250222,0.203371606
0,0,0,0,0,0,0,0,0,0,0,0.002011073,0.154015185
0,0,0,0,0,0,0,0,0,0,0,0.001807561,0.143504608
0,0,0,0,0,0,0,0,0,0,0,0.001674635,0.149258285
0.328799642,0.122412924,2.295509619,0.10072884,0.759676142,5.147642434,5.309348762,5.959226072,4.686047286,4.8995502,5.819508433,0.001626208,0.229058817
0.214588487,0.189131673,2.299181288,0.174238636,0.853914944,4.801758796,4.684847797,4.804046333,4.863408421,5.006264473,5.97264576,0.001661782,0.246556818
0.109153917,0.189783122,2.40410351,0.362717648,0.683689394,4.206027711,4.644585202,5.293606574,5.386181419,4.80265139,5.225010718,0.001758041,0.317675679
0.099962565,0.180352309,2.418670663,0.37699676,0.599282189,4.595956934,4.377387236,5.357080912,6.21864302,5.495470941,5.95229395,0.001892858,0.335383934
0.222954477,0.128933669,2.500005717,0.256388216,0.64711029,4.979327202,4.413313733,5.244667874,6.020037624,5.140943477,5.73413726,0.002024248,0.334961108
0.190213216,0.171823459,2.460666246,0.24892441,0.430537499,4.548654278,3.760844072,5.7269455,6.269510249,5.784949621,6.462981522,0.002130077,0.352472167
0.196036987,0.159998779,2.411744546,0.295482379,0.686669104,4.6339102,4.576847473,4.970882796,5.311845113,5.368177075,6.247239158,0.002158036,0.303872839
0.314703414,0.193202944,2.426793923,0.132151474,0.726391257,5.375178403,4.312627004,4.313373711,5.560386803,5.597141359,5.868820389,0.002154309,0.205106939
0,0,0,0,0,0,0,0,0,0,0,0.00211692,0.163182692
0,0,0,0,0,0,0,0,0,0,0,0.002076627,0.148180857
0,0,0,0,0,0,0,0,0,0,0,0.002107053,0.142120661
0,0,0,0,0,0,0,0,0,0,0,0.002200703,0.160500335
0.227630584,0.192054537,2.283481837,0.213525364,0.869999629,5.052300976,5.14092427,5.207281699,4.505945628,5.489344968,4.932010797,0.002427029,0.159249628
0,0,0,0,0,0,0,0,0,0,0,0.002749559,0.118473764
0,0,0,0,0,0,0,0,0,0,0,0.003130665,0.080389307
0,0,0,0,0,0,0,0,0,0,0,0.003543914,0.067555458
0,0,0,0,0,0,0,0,0,0,0,0.004002816,0.058726748
0,0,0,0,0,0,0,0,0,0,0,0.004405237,0.052291011
0,0,0,0,0,0,0,0,0,0,0,0.004712196,0.04819132
0.34022833,0.254993722,2.025312163,0.097197009,0.644603356,5.435102326,5.091495957,4.421369493,3.647401857,4.975467273,5.588108182,0.004950373,0.047753254
0.321949328,0.21349745,2.27382134,0.104340155,0.636403761,5.639829536,5.167927534,4.403923203,3.717033009,4.963989149,5.644454459,0.005091499,0.045883487
0,0,0,0,0,0,0,0,0,0,0,0.005115953,0.042900188
0,0,0,0,0,0,0,0,0,0,0,0.005075905,0.047883186
0,0,0,0,0,0,0,0,0,0,0,0.003919914,0.050522425
0,0,0,0,0,0,0,0,0,0,0,0.003573534,0.054396496
0,0,0,0,0,0,0,0,0,0,0,0.00319412,0.053478399
0,0,0,0,0,0,0,0,0,0,0,0.002871266,0.05440993
0,0,0,0,0,0,0,0,0,0,0,0.002624426,0.05200065
0,0,0,0,0,0,0,0,0,0,0,0.002448411,0.065726138
0,0,0,0,0,0,0,0,0,0,0,0.002290082,0.058135758
0,0,0,0,0,0,0,0,0,0,0,0.002119962,0.052708607
0,0,0,0,0,0,0,0,0,0,0,0.001942122,0.047748976
0,0,0,0,0,0,0,0,0,0,0,0.00174304,0.050122345
0,0,0,0,0,0,0,0,0,0,0,0.001525813,0.043260388
0,0,0,0,0,0,0,0,0,0,0,0.001297264,0.034580219
0,0,0,0,0,0,0,0,0,0,0,0.000765125,0.02244461
0.5309375,0.100528971,1.756720437,0.023008934,0.818204468,5.792909145,5.66925768,4.54124558,3.585391154,4.5138399,4.698040148,0.000792394,0.026820456
0.387724935,0.173460612,1.965381174,0.024881641,0.886243783,5.653947496,5.409397447,4.69882108,3.768527281,4.576418102,5.348444247,0.000846578,0.029599334
0.259253201,0.214318848,2.115668907,0.067067454,0.788125356,5.013019125,5.37997822,5.241005868,4.181939433,4.88223355,5.531122923,0.000897864,0.033415868
0,0,0,0,0,0,0,0,0,0,0,0.00092703,0.030073195
0,0,0,0,0,0,0,0,0,0,0,0.0009272,0.03201503
0,0,0,0,0,0,0,0,0,0,0,0.000420228,0.016714199
0,0,0,0,0,0,0,0,0,0,0,0.00035568,0.013765048
0,0,0,0,0,0,0,0,0,0,0,0.000357188,0.017345503
0,0,0,0,0,0,0,0,0,0,0,0.000380294,0.032180379
0.14870402,0.390541586,2.06160596,0.060145381,0.674688649,5.484427035,4.953789056,4.390886024,3.747934729,4.654090881,4.910321609,0.000408816,0.039228033
0,0,0,0,0,0,0,0,0,0,0,0.000432581,0.003348401
0,0,0,0,0,0,0,0,0,0,0,0.000560388,0
0,0,0,0,0,0,0,0,0,0,0,0.000557777,0.003708999
0,0,0,0,0,0,0,0,0,0,0,0.000548237,0.007221562
0,0,0,0,0,0,0,0,0,0,0,0.000536732,0.003571628
0,0,0,0,0,0,0,0,0,0,0,0,0.003013561
0,0,0,0,0,0,0,0,0,0,0,0,0
0,0,0,0,0,0,0,0,0,0,0,0.000266266,0.002678721
0,0,0,0,0,0,0,0,0,0,0,0.000234284,0.004285954
0,0,0,0,0,0,0,0,0,0,0,0.000173519,0.002678721
0,0,0,0,0,0,0,0,0,0,0,0.000130115,0.004285954
0,0,0,0,0,0,0,0,0,0,0,8.69514E-05,0.003869264
0,0,0,0,0,0,0,0,0,0,0,5.03907E-05,0.001541056
0,0,0,0,0,0,0,0,0,0,0,0.00250046,0.002678721
0,0,0,0,0,0,0,0,0,0,0,0.002777806,0.074000712
0,0,0,0,0,0,0,0,0,0,0,0.003166535,0.092865762
0,0,0,0,0,0,0,0,0,0,0,0.003534996,0.110548653
0,0,0,0,0,0,0,0,0,0,0,0.003852523,0.124766287
0,0,0,0,0,0,0,0,0,0,0,0.004143739,0.138932528
0.2565779,0.268280499,2.377244736,0.105987201,0.661363183,5.181939721,5.234556592,4.919338291,4.492657095,5.512379444,5.888982379,0.004415394,0.169526422
0.19716604,0.246441274,2.40163878,0.189718043,0.643415307,4.738138545,4.63460937,4.979670916,4.923107459,5.25816037,5.836628501,0.004624189,0.294992611
0.081685341,0.28279057,2.436982263,0.323409682,0.469297805,4.595474193,4.663166827,5.239204573,5.203880147,5.092390475,5.796894425,0.004753686,0.301514023
0.312280506,0.144020531,2.40175837,0.139455423,0.549179413,5.38483721,4.563433677,4.501377327,5.327092116,5.682940028,5.956021198,0.004766961,0.225510526
0,0,0,0,0,0,0,0,0,0,0,0.004709715,0.161443493
0,0,0,0,0,0,0,0,0,0,0,0.004554048,0.137244907
0,0,0,0,0,0,0,0,0,0,0,0.004320395,0.126718663
0,0,0,0,0,0,0,0,0,0,0,0.004011202,0.11574034
0,0,0,0,0,0,0,0,0,0,0,0.003638978,0.110187959
0,0,0,0,0,0,0,0,0,0,0,0.003256655,0.280262971
0.185732718,0.203526574,2.454399162,0.24615353,0.31601104,4.73457234,4.8446066,4.975305947,5.132452466,5.276911616,5.712856699,0.002897545,0.266005651
0,0,0,0,0,0,0,0,0,0,0,0.002549536,0.11355761
0,0,0,0,0,0,0,0,0,0,0,0.00223335,0.068164353
0,0,0,0,0,0,0,0,0,0,0,0.001980123,0.060037784
0,0,0,0,0,0,0,0,0,0,0,0.00179114,0.056717474
0,0,0,0,0,0,0,0,0,0,0,0.001653861,0.059362705
0,0,0,0,0,0,0,0,0,0,0,0.001565458,0.066034516
0,0,0,0,0,0,0,0,0,0,0,0.001525078,0.075514317
0,0,0,0,0,0,0,0,0,0,0,0.001574216,0.080662609
0,0,0,0,0,0,0,0,0,0,0,0.001719237,0.111725311
0.220287476,0.185561524,2.346061385,0.324022768,0.773291585,4.978792436,4.720481783,4.826679293,4.88285014,5.508162953,5.808522984,0.001940997,0.166197432
0.203174371,0.196806641,2.36595353,0.226639558,0.823819725,5.279937664,4.395632625,4.523140589,5.740632872,5.923571308,6.789404273,0.00219383,0.146038127
0.255178494,0.240773926,2.310387002,0.156865964,0.749118857,4.175051299,4.802590221,5.606694331,4.259278431,4.639445702,5.348479822,0.002485516,0.143729832
0,0,0,0,0,0,0,0,0,0,0,0.002802923,0.110017717
0,0,0,0,0,0,0,0,0,0,0,0.003127414,0.095984677
0,0,0,0,0,0,0,0,0,0,0,0.004468727,0.086919446
0,0,0,0,0,0,0,0,0,0,0,0.00474031,0.084894068
0,0,0,0,0,0,0,0,0,0,0,0.005189999,0.087057882
0,0,0,0,0,0,0,0,0,0,0,0.00554416,0.0925318
0,0,0,0,0,0,0,0,0,0,0,0.006138308,0.103765058
0,0,0,0,0,0,0,0,0,0,0,0.007061548,0.119066035
0,0,0,0,0,0,0,0,0,0,0,0.008286839,0.146363746
0,0,0,0,0,0,0,0,0,0,0,0.009772147,0.193078146
0.130507813,0.201831752,2.398816113,0.256154217,0.480860962,4.125475564,4.503413598,5.571994582,5.222911784,4.635019039,5.780037403,0.011322794,0.338694296
0.043163937,0.186195287,2.332909343,0.433286019,0.6473931,3.748912078,4.464533558,6.087487028,4.998694218,5.124849104,5.569049817,0.012781778,0.453707012
0.142888912,0.159710715,2.416698069,0.351943165,0.666761944,4.732009596,4.287056885,5.19850112,5.672315598,5.582547869,5.972837771,0.014156056,0.463297643
0.195361483,0.130576172,2.348795555,0.338951858,0.574950673,4.752510746,4.269443445,5.328635414,5.593635976,5.349696642,5.874553817,0.015483621,0.505017236
0.281570416,0.110344904,2.450457873,0.20273138,0.590242363,4.998640686,4.000824415,4.814080051,6.267382172,5.667485508,6.091839444,0.016550843,0.54756549
0.200460496,0.130778692,2.494634173,0.325150178,0.526832008,4.702669731,4.195626942,4.974947721,6.233774483,5.783150903,6.424779356,0.0173006,0.609203182
0.136105469,0.156221029,2.421607247,0.358202079,0.522717116,4.538046514,4.044954357,5.366519763,5.952343719,5.628925366,6.349958005,0.017764712,0.638079351
0.072474609,0.23337679,2.430334084,0.330281249,0.551163589,4.668448129,4.097985619,5.319928411,6.056030959,5.735957551,6.323868275,0.017859325,0.563294524
0.199128385,0.223171094,2.474558794,0.210653685,0.558766396,4.932515032,4.531240485,5.457421063,5.686888704,5.71536273,6.221903233,0.017688919,0.481714328
0.279659198,0.152541685,2.38530993,0.165825772,0.646924693,5.313926824,4.447277182,4.797931068,5.872936514,5.630687714,6.238966929,0.017095637,0.560048458
0.22173112,0.098953451,2.536790299,0.26468048,0.51693579,4.518596125,4.904780316,5.186438143,5.673535991,5.418237209,5.758653641,0.016188443,0.415089802
0.299104818,0.211439887,2.181037667,0.061976479,0.790606433,4.967716813,5.079286218,4.706460595,4.46668764,4.869966745,5.985835234,0.01504785,0.359089903
0.367929024,0.147970197,2.061197871,0.071259278,0.79787413,5.887512669,4.661018475,4.125541006,5.446842262,5.575691459,6.157735643,0.013824715,0.379031308
0.292949056,0.110052409,2.227653533,0.234715876,0.587049746,4.846599913,4.429636806,5.019852221,5.276272541,5.323382145,5.944269478,0.012568193,0.446826524
0.122935482,0.187843229,2.447276692,0.324887648,0.590434209,4.904772575,4.334531386,5.325574417,5.63130492,5.806361694,6.350798655,0.011299429,0.481297051
0.109311407,0.246801525,2.460287749,0.267841024,0.664156372,4.492632087,4.588102417,5.455473508,5.314659046,5.639773024,5.956683836,0.010255352,0.330529299
0,0,0,0,0,0,0,0,0,0,0,0.009400951,0.35518579
0.133966184,0.311495098,2.390518048,0.155844799,0.681080351,4.510784633,4.999333757,4.956564325,4.495294036,5.155018673,5.461056741,0.008796111,0.215004608
0.213643555,0.255019857,2.22208066,0.111613338,0.621726036,4.692074645,5.321936321,4.476404405,4.301219487,4.956841791,4.966861641,0.008438744,0.170854861
0.138481934,0.356801921,2.162618899,0.106315529,0.75809736,4.482609612,5.443077707,4.88417936,3.968463084,5.127526605,5.227021849,0.00818025,0.16836643
0.180329102,0.330167969,2.186174185,0.118148758,0.744550334,3.990617132,5.26207031,5.237315118,3.641776878,5.030706215,5.548560691,0.007919922,0.18648966
0.265017904,0.198597982,2.462006416,0.252908794,0.707507213,4.967196405,4.883091032,4.935388183,4.691214859,5.501591659,6.088015318,0.007600752,0.292429523
0.224379883,0.239697103,2.325762909,0.191428701,0.469940723,4.991662848,4.878146201,4.864225924,4.447173181,5.387253582,5.267969036,0.007242612,0.204431464
0.264451362,0.215830078,2.400260034,0.088678264,0.657639477,4.581504862,5.106060907,5.078851457,4.788880703,4.939798445,5.473706698,0.006880828,0.195489482
0,0,0,0,0,0,0,0,0,0,0,0.006496141,0.244794667
0,0,0,0,0,0,0,0,0,0,0,0.006102214,0.263914809
0.156684105,0.24663458,2.204938056,0.146795625,0.658659434,3.9938892,5.339648051,5.766764811,4.426654714,4.843220711,5.145636499,0.005678963,0.207956982
0.083861491,0.185164388,2.304514877,0.436255279,0.54332068,4.124088317,4.8366943,5.819332888,4.317206661,5.059564312,5.500402848,0.005143198,0.170752419
0,0,0,0,0,0,0,0,0,0,0,0.004548715,0.168261777
0.533093424,0.054521159,1.787215608,0.032712151,0.736110199,5.570349848,5.029466426,4.600352144,4.154691422,5.040668917,4.579241181,0.003895264,0.180316572
0,0,0,0,0,0,0,0,0,0,0,0.00324406,0.181578938
0,0,0,0,0,0,0,0,0,0,0,0.002639629,0.190106231
0,0,0,0,0,0,0,0,0,0,0,0.002178019,0.15971682
0,0,0,0,0,0,0,0,0,0,0,0.00191616,0.135453437
0,0,0,0,0,0,0,0,0,0,0,0.001699617,0.083076192
0,0,0,0,0,0,0,0,0,0,0,0.001559917,0.005893187
0,0,0,0,0,0,0,0,0,0,0,0.001475147,0.006830739
0,0,0,0,0,0,0,0,0,0,0,0.001502397,0.132801508
0.286766154,0.167378743,2.234581662,0.179787298,0.777081209,4.597511802,5.150124945,5.495900564,4.211823642,4.882640436,5.077789247,0.001666296,0.16064758
0.095398356,0.09633667,2.161947791,0.436821013,0.637723784,4.067947656,4.356386706,5.730178938,5.607590914,5.255300373,5.380355001,0.001892901,0.242959602
0.113529189,0.228085259,2.343030811,0.301441071,0.662446942,4.331750085,4.709763378,5.777795161,5.749930287,5.484996359,6.145808945,0.002136721,0.221439951
0.20587358,0.203077503,2.31225975,0.149909726,0.80915134,5.235697784,5.129403423,4.606611138,4.45311044,4.913005693,5.366301694,0.00237721,0.223104802
0.121851051,0.239290829,2.340544214,0.189381924,0.758739201,4.358606917,5.143630871,5.324997817,5.062916262,4.903957946,5.217732651,0.002556451,0.245773428
0.081451552,0.171859267,2.294111563,0.351750149,0.669952859,4.414710333,4.158427447,5.297294458,5.524271488,5.323532989,5.81218798,0.002647902,0.298589789
0.269024252,0.264997966,2.367502628,0.106710271,0.774073331,4.710369438,5.078618378,5.489316508,4.586332351,5.068085045,5.514477313,0.002659377,0.21911418
0.364053752,0.178351034,2.280769599,0.121074457,0.752863757,5.374633647,4.874696143,4.588392552,4.940220669,5.486937597,5.915060751,0.002620501,0.177655179
0.313664958,0.249824219,2.312622242,0.10421979,0.169738453,4.798792467,5.079294652,5.356376037,4.56417352,5.093851686,5.540841341,0.002536659,0.185789259
0,0,0,0,0,0,0,0,0,0,0,0.002464717,0.15707286
0,0,0,0,0,0,0,0,0,0,0,0.002423732,0.141912131
0.273983445,0.200155669,2.219127202,0.143497428,0.80148614,5.088409828,5.306531987,5.310242844,4.489648231,4.89060734,5.207129104,0.002455072,0.137527493
0.431911784,0.146840332,2.01976903,0.098587098,0.577251748,5.0900801,5.328800368,4.82678808,4.454531717,4.925264752,5.349395412,0.002592167,0.10915489
0,0,0,0,0,0,0,0,0,0,0,0.002800427,0.090626749
0,0,0,0,0,0,0,0,0,0,0,0.003093818,0.077058273
0,0,0,0,0,0,0,0,0,0,0,0.003429414,0.069259581
0,0,0,0,0,0,0,0,0,0,0,0.003750456,0.061038805
0,0,0,0,0,0,0,0,0,0,0,0.003991738,0.057845148
0.362930338,0.165366211,2.240136052,0.107730628,0.616875231,5.705008054,5.040156448,4.721489656,3.948475945,5.429181886,5.525538707,0.004186981,0.060611838
0.310883789,0.1903125,2.437477618,0.097077668,0.736616173,5.887957096,4.441178679,4.339646339,3.676431775,5.389151216,5.72404778,0.004262778,0.061824378
0,0,0,0,0,0,0,0,0,0,0,0.004252505,0.067992418
0,0,0,0,0,0,0,0,0,0,0,0.004220886,0.066600625
0,0,0,0,0,0,0,0,0,0,0,0.00408899,0.070829415
0,0,0,0,0,0,0,0,0,0,0,0.003894934,0.069747564
0,0,0,0,0,0,0,0,0,0,0,0.003655257,0.066713411
0,0,0,0,0,0,0,0,0,0,0,0.003399674,0.067092337
0,0,0,0,0,0,0,0,0,0,0,0.003135634,0.072671659
0,0,0,0,0,0,0,0,0,0,0,0.002911526,0.079188137
0,0,0,0,0,0,0,0,0,0,0,0.002727254,0.075539318
0,0,0,0,0,0,0,0,0,0,0,0.002619946,0.072186481
0,0,0,0,0,0,0,0,0,0,0,0.002527646,0.077430712
0,0,0,0,0,0,0,0,0,0,0,0.002405277,0.077330385
0,0,0,0,0,0,0,0,0,0,0,0.002240452,0.076638601
0,0,0,0,0,0,0,0,0,0,0,0.002073378,0.066513688
0,0,0,0,0,0,0,0,0,0,0,0.001881952,0.062900425
0,0,0,0,0,0,0,0,0,0,0,0.001653287,0.057801032
0,0,0,0,0,0,0,0,0,0,0,0.001412988,0.05234795
0,0,0,0,0,0,0,0,0,0,0,0.000800479,0.030109445
0,0,0,0,0,0,0,0,0,0,0,0.000769461,0.029339215
0.530844184,0.080270182,1.811798276,0.0463449,0.783187854,5.784344117,5.916458924,5.135119816,4.343871037,4.976151407,5.370050371,0.000773119,0.040814029
0.343955621,0.184106988,1.880941967,0.066767591,0.895403334,5.283125321,5.379572232,4.64200755,3.952813268,4.452908953,5.033909599,0.000798592,0.03761588
0,0,0,0,0,0,0,0,0,0,0,0.000826367,0.028852385
0,0,0,0,0,0,0,0,0,0,0,0.000839435,0.024911875
0,0,0,0,0,0,0,0,0,0,0,0.000832942,0.023959776
0,0,0,0,0,0,0,0,0,0,0,0.000800559,0.025817954
0,0,0,0,0,0,0,0,0,0,0,0.000498716,0.019010012
0,0,0,0,0,0,0,0,0,0,0,0.000427895,0.013579253
0,0,0,0,0,0,0,0,0,0,0,0.000357053,0.019327052
0.213028158,0.369483236,2.062028116,0.028568337,0.781545226,5.183522016,5.344933704,4.386333972,3.641151488,4.561752737,4.731447011,0.000380661,0.026141804
0,0,0,0,0,0,0,0,0,0,0,0.000400258,0.004152018
0,0,0,0,0,0,0,0,0,0,0,0.000411989,0.003125175
0,0,0,0,0,0,0,0,0,0,0,4.08537E-05,0.003348401
0,0,0,0,0,0,0,0,0,0,0,0.00275112,0.003482338
0,0,0,0,0,0,0,0,0,0,0,0.002926145,0.003165761
0,0,0,0,0,0,0,0,0,0,0,0.00333504,0.086944483
0,0,0,0,0,0,0,0,0,0,0,0.003736331,0.105573614
0.015028212,0.493053385,2.106562912,0.261104666,0.596208065,3.717023174,6.128245592,6.758985281,3.709043404,4.314419627,4.907486538,0.004082798,0.129182939
0.04022583,0.253551432,2.387880002,0.414909087,0.549135942,3.84992072,4.773004547,5.911442369,4.013874009,4.089348853,4.68331483,0.00441083,0.165940006
0.175535211,0.196330567,2.328356999,0.245072712,0.600579704,4.394488186,4.453082333,5.465235422,5.007920782,4.900045077,5.258608917,0.004654596,0.197822307
0.245004159,0.267202284,2.348422602,0.100064814,0.723723701,4.481708931,4.903899375,5.333946415,4.63971761,5.337304147,5.738034778,0.004895526,0.236602853
0.138924561,0.140026449,2.52034902,0.331758111,0.527964381,4.699274461,4.037012917,5.376134133,6.058314112,5.872812581,6.002232811,0.005064273,0.385653556
0.110554199,0.245434257,2.429080109,0.285660096,0.594939584,4.356996559,4.483133435,5.14312668,5.310114235,5.341111892,6.05131263,0.005136115,0.321549213
0.241931966,0.17125939,2.507800727,0.156987342,0.619921144,5.215648193,4.608937108,4.880362364,5.22909898,5.475154739,5.84224766,0.005098986,0.269618891
0.114551866,0.175055338,2.30422222,0.307541941,0.765630787,4.046233634,5.680598815,5.749602636,4.306132952,4.055595239,4.550975223,0.00495927,0.192987039
0,0,0,0,0,0,0,0,0,0,0,0.00476086,0.145249181
0,0,0,0,0,0,0,0,0,0,0,0.004488696,0.129869764
0,0,0,0,0,0,0,0,0,0,0,0.004135207,0.117468029
0,0,0,0,0,0,0,0,0,0,0,0.003746734,0.115080814
0,0,0,0,0,0,0,0,0,0,0,0.003365307,0.177642374
0.16675293,0.24147583,2.229328976,0.191017676,0.821540275,4.670343772,5.213310614,5.332321331,4.994090468,5.144282222,5.328807697,0.002981064,0.28915511
0.276045532,0.166345215,2.243318863,0.184303154,0.652522551,5.175827146,4.618221506,5.13674593,5.260661073,5.156593099,5.523567602,0.002610691,0.16375649
0,0,0,0,0,0,0,0,0,0,0,0.002291177,0.069553632
0,0,0,0,0,0,0,0,0,0,0,0.002050205,0.052076314
0,0,0,0,0,0,0,0,0,0,0,0.001881356,0.050987497
0,0,0,0,0,0,0,0,0,0,0,0.001772452,0.084915479
0,0,0,0,0,0,0,0,0,0,0,0.001710595,0.093382838
0,0,0,0,0,0,0,0,0,0,0,0.00169313,0.080585199
0,0,0,0,0,0,0,0,0,0,0,0.001752222,0.074256173
0,0,0,0,0,0,0,0,0,0,0,0.001905274,0.079986298
0.21567003,0.247987739,2.468278576,0.2435582,0.549130952,4.79838872,4.757784426,4.6113454,5.227977335,5.711192648,5.761351804,0.002123162,0.139651187
0.128032227,0.259844913,2.418663888,0.291076098,0.706498136,4.338023318,4.737018227,5.231052816,5.259896815,5.515680922,5.691118441,0.002385758,0.18633285
0.118106445,0.262383626,2.327836742,0.268722036,0.652452894,3.844586197,5.139647615,5.757705706,4.96920011,5.560830444,5.662169343,0.002639796,0.212456839
0,0,0,0,0,0,0,0,0,0,0,0.00290522,0.156344152
0,0,0,0,0,0,0,0,0,0,0,0.003199625,0.118292839
0,0,0,0,0,0,0,0,0,0,0,0.003526644,0.103576669
0,0,0,0,0,0,0,0,0,0,0,0.003871695,0.101760653
0,0,0,0,0,0,0,0,0,0,0,0.004201396,0.099092007
0,0,0,0,0,0,0,0,0,0,0,0.004524091,0.095913718
0,0,0,0,0,0,0,0,0,0,0,0.004795018,0.094389382
0,0,0,0,0,0,0,0,0,0,0,0.005224477,0.097260461
0,0,0,0,0,0,0,0,0,0,0,0.00554554,0.102558901
0,0,0,0,0,0,0,0,0,0,0,0.006039914,0.112702933
0,0,0,0,0,0,0,0,0,0,0,0.006780338,0.129743967
0,0,0,0,0,0,0,0,0,0,0,0.007846766,0.180023739
0.063307292,0.245484096,2.400103632,0.320657724,0.535082654,3.881859601,4.390475648,5.95442542,5.449714882,5.20429807,5.370827326,0.00914168,0.3178032
0.161449978,0.200724284,2.434421382,0.340254505,0.581945185,4.008873232,5.031149121,5.727062829,4.596936321,4.716348406,4.688419314,0.010467411,0.395284505
0.117859778,0.198697374,2.427134552,0.33994049,0.559176615,4.454030214,4.498847925,5.263382719,5.694613843,5.433159839,6.020729391,0.011763455,0.405696534
0.205544371,0.220763221,2.404978993,0.22427269,0.656638497,4.68096176,4.648700233,4.931953788,5.328708323,5.307070851,5.904923517,0.013034877,0.369157485
0.179952451,0.150711263,2.375866263,0.322386516,0.483823958,4.645127829,4.39291616,5.059357022,5.644245804,5.233001841,5.790049272,0.014122568,0.471897328
0.165650964,0.136884998,2.325599187,0.327254839,0.515969165,4.703771685,4.022995583,5.283805169,5.957348545,5.508952118,5.962136189,0.015070803,0.583684823
0.198068251,0.172435764,2.52449693,0.278806406,0.479733302,4.758361753,4.058068937,4.99175566,6.05173012,5.848342411,6.176830498,0.015689682,0.627990212
0.14454522,0.223366292,2.54439285,0.298462876,0.561756897,5.370261038,4.390471483,4.638636927,6.019890954,5.854634643,6.455134541,0.016029157,0.585353349
0.094561509,0.164717833,2.401718072,0.390542013,0.597855923,4.605046513,3.899632756,5.588824825,5.637804592,5.765602093,6.485323429,0.016009089,0.583286538
0.219271783,0.177242567,2.629361736,0.273479174,0.604368692,4.868734449,4.531623811,5.279971466,5.556564406,5.518907602,6.176074644,0.015725058,0.51906738
0.218964979,0.252553982,2.293510629,0.13250853,0.648500201,4.780349848,5.231813103,5.171946729,5.192728271,5.271882345,5.666719278,0.015244942,0.399313402
0,0,0,0,0,0,0,0,0,0,0,0.014358035,0.379341216
0.132039659,0.330135634,2.158361988,0.247482553,0.765392902,4.149208754,5.441426644,5.558126549,3.844728569,4.752356937,6.259741465,0.013392539,0.359701567
0.304731547,0.192611491,2.219832044,0.108538772,0.728233862,5.292799313,4.610764451,4.418073874,4.987240109,5.443987783,5.971209921,0.012298783,0.483909075
0.224492839,0.239693848,2.391376894,0.166943604,0.609138665,4.396819717,4.892456192,5.602110618,5.193285239,5.336615771,6.028007472,0.011255383,0.434081401
0.161843562,0.2494718,2.459400503,0.209677193,0.666616174,4.591687507,4.796348424,5.70208903,4.954054616,5.560442087,5.931249732,0.010301312,0.403656737
0.194288827,0.220197935,2.329520525,0.179003976,0.66491488,5.042999138,4.611881597,5.641383049,5.339602947,5.555657244,6.125413617,0.009390641,0.30658999
0.15614243,0.223577474,2.39301799,0.205781367,0.608889307,4.606050784,4.779295439,6.324566863,4.645104213,5.332317125,5.89403405,0.008650735,0.2741257
0.156312136,0.315070849,2.337768798,0.117396248,0.716091917,4.95599238,5.304673213,5.120790061,4.499009339,5.072167971,5.441390606,0.008135607,0.185651421
0,0,0,0,0,0,0,0,0,0,0,0.007850108,0.157561132
0,0,0,0,0,0,0,0,0,0,0,0.007659102,0.162744464
0.128394097,0.397678765,2.058401238,0.113170709,0.710997166,4.039534192,5.21056521,5.310023497,4.225753258,4.841061542,5.273270527,0.007480711,0.160180062
0.206506551,0.242273967,2.246285063,0.170670122,0.727834159,4.698728532,5.589367174,5.078024134,4.030526817,4.807904229,5.147132307,0.007248753,0.156645459
0.287126736,0.207179905,2.301406546,0.113473305,0.708959393,4.65115128,5.440214316,4.897292813,4.439616581,5.177913149,5.359788219,0.006972507,0.156800465
0.275768229,0.269053819,2.176907878,0.050847135,0.838457863,4.934971015,5.782419125,4.828534007,4.301872313,5.012328247,5.264314572,0.006655591,0.178413255
0,0,0,0,0,0,0,0,0,0,0,0.006316442,0.179503
0.273797472,0.202831625,2.26380196,0.099636944,0.623771623,4.266460729,4.726639683,5.414918249,4.352826928,5.158701499,5.307221914,0.005939375,0.211271044
0.263366699,0.146130371,2.413015473,0.229609991,0.693566317,4.786367526,4.281416197,5.19435218,5.30243663,5.793513517,5.798605581,0.005488896,0.249806682
0.234222006,0.171453451,2.410327427,0.227899284,0.742727926,4.967327744,4.32026875,4.840959281,4.806708068,5.882091165,5.844205678,0.004942696,0.21721286
0.222507324,0.188902181,2.466504768,0.167508151,0.618680234,4.363376305,4.43385458,5.024191141,5.791001201,5.633135021,5.903524518,0.004332258,0.192669938
0.445704753,0.044351237,1.958986577,0.056240428,0.793410078,5.830482674,5.179082871,4.368704879,4.643727791,4.80832119,5.167556584,0.003698787,0.189274701
0,0,0,0,0,0,0,0,0,0,0,0.003022643,0.184709023
0,0,0,0,0,0,0,0,0,0,0,0.002474106,0.008571908
0,0,0,0,0,0,0,0,0,0,0,0.001989948,0.010714885
0,0,0,0,0,0,0,0,0,0,0,0.001753331,0
0,0,0,0,0,0,0,0,0,0,0,0.001603912,0.002678721
0,0,0,0,0,0,0,0,0,0,0,0.001406207,0.005357442
0.385269911,0.167526584,2.037665311,0.114227175,0.761834669,5.230433111,5.383597016,4.734967162,3.990525067,4.488950849,5.300193668,0.001546774,0.04735696
0.305276693,0.082820638,2.118187997,0.200977328,0.70198996,5.11270839,4.588873923,5.375594616,3.786157489,3.800194621,5.245624185,0.001842184,0.127084525
0,0,0,0,0,0,0,0,0,0,0,0.002160943,0.14604812
0,0,0,0,0,0,0,0,0,0,0,0.002523103,0.156354993
0.102768555,0.160443251,2.02820941,0.328080948,0.610243598,4.482717673,4.717977901,5.102546016,5.168030481,5.236333191,5.434950471,0.002845421,0.199717831
0.149144113,0.274781087,2.440685775,0.234197909,0.757066629,4.513575345,4.916228273,5.399854481,4.674335612,5.106665007,5.759210484,0.003106713,0.208626226
0.166410183,0.266773546,2.0607332,0.126853338,0.766910503,4.98828721,5.005957688,4.747124434,4.080328797,4.704405541,5.150497456,0.003257236,0.223847386
0.151618381,0.268985189,2.154824547,0.175981161,0.746074696,4.849412183,4.943565001,4.983506362,3.966797461,4.857244343,5.277850161,0.003284284,0.239886858
0.265940129,0.115067233,2.272826113,0.261740091,0.723562685,4.889026463,5.131866661,4.9379172,5.014897892,5.340990062,5.403790969,0.003245359,0.231150418
0.216596951,0.227287055,2.373935262,0.177050641,0.799853971,4.985559851,4.48410972,5.236970276,4.898726632,5.299610794,6.130143603,0.003137636,0.198454494
0.101619059,0.275494792,2.396752571,0.240502311,0.552061288,4.882824466,4.478473991,5.296835512,4.651930481,5.405243784,5.467406899,0.002986652,0.181835876
0.237319801,0.164749116,2.193193155,0.18524009,0.675485787,5.243608202,4.606131954,4.78016666,5.156627987,5.241160052,5.393458094,0.002811408,0.182964693
0.218351147,0.212456959,2.240995954,0.147783224,0.802182338,4.808885694,5.278522329,5.046171165,4.410448425,4.983792885,5.261178997,0.002674119,0.176596581
0.165409071,0.254753147,2.159636104,0.101444286,0.717929778,4.767845849,5.504401127,4.742416382,4.144462903,5.03328383,4.856622934,0.002617446,0.132829591
0,0,0,0,0,0,0,0,0,0,0,0.002632748,0.110756274
0,0,0,0,0,0,0,0,0,0,0,0.002730821,0.093957055
0,0,0,0,0,0,0,0,0,0,0,0.002894511,0.083681806
0,0,0,0,0,0,0,0,0,0,0,0.003108291,0.077517025
0.31886773,0.22168023,2.079487197,0.068202408,0.543474376,5.210754673,5.112149795,4.580506205,3.899362226,4.610673686,5.013805052,0.003300994,0.079391608
0.330185818,0.213884277,1.99988639,0.130043522,0.74574999,4.885632932,5.117830147,4.93513902,4.049374888,5.007597556,5.315068861,0.003417325,0.10107136
0,0,0,0,0,0,0,0,0,0,0,0.003463707,0.091555069
0.189795736,0.142775472,2.289098901,0.310432719,0.794286823,4.558228537,4.764020473,4.983864904,5.282308132,5.269205779,5.851271689,0.00343299,0.11550399
0.050509441,0.129951172,2.332547882,0.428042707,0.652378855,3.833399415,4.390813709,5.346387923,4.761791498,5.30480963,4.808024198,0.003407654,0.101435713
0,0,0,0,0,0,0,0,0,0,0,0.003353929,0.090041328
0,0,0,0,0,0,0,0,0,0,0,0.003242493,0.095872948
0,0,0,0,0,0,0,0,0,0,0,0.003103609,0.091708075
0,0,0,0,0,0,0,0,0,0,0,0.00295316,0.093878682
0,0,0,0,0,0,0,0,0,0,0,0.002823302,0.107230857
0,0,0,0,0,0,0,0,0,0,0,0.002740788,0.1133591
0,0,0,0,0,0,0,0,0,0,0,0.002706193,0.108473539
0,0,0,0,0,0,0,0,0,0,0,0.002692466,0.093037666
0,0,0,0,0,0,0,0,0,0,0,0.002644859,0.085948288
0,0,0,0,0,0,0,0,0,0,0,0.002546938,0.087605778
0.440314128,0.241436523,1.835856287,0.090516389,0.771343253,5.103197408,5.66970377,5.63473053,3.798986018,4.466279948,4.775134361,0.002401832,0.089797105
0,0,0,0,0,0,0,0,0,0,0,0.002241975,0.087412981
0,0,0,0,0,0,0,0,0,0,0,0.002050988,0.080363951
0,0,0,0,0,0,0,0,0,0,0,0.001815055,0.081322983
0,0,0,0,0,0,0,0,0,0,0,0.001575846,0.076610824
0,0,0,0,0,0,0,0,0,0,0,0.001348631,0.05865518
0,0,0,0,0,0,0,0,0,0,0,0.000877421,0.037147897
0,0,0,0,0,0,0,0,0,0,0,0.000817371,0.034695033
0.297921007,0.216475695,2.073303587,0.07915116,0.919358339,4.944844663,5.481749197,4.736087869,3.983412723,4.881233901,5.441337079,0.000794645,0.036198917
0,0,0,0,0,0,0,0,0,0,0,0.000801353,0.030861958
0,0,0,0,0,0,0,0,0,0,0,0.000816046,0.030106636
0,0,0,0,0,0,0,0,0,0,0,0.000824459,0.030198396
0,0,0,0,0,0,0,0,0,0,0,0.000816334,0.027194539
0,0,0,0,0,0,0,0,0,0,0,0.000789929,0.024038247
0,0,0,0,0,0,0,0,0,0,0,0.000441158,0.010595661
0,0,0,0,0,0,0,0,0,0,0,0.000270326,0.002678721
0,0,0,0,0,0,0,0,0,0,0,0.000341292,0.014451325
0,0,0,0,0,0,0,0,0,0,0,0.00036448,0.014934723
0,0,0,0,0,0,0,0,0,0,0,0.00038564,0.00550626
0,0,0,0,0,0,0,0,0,0,0,0.000390171,0.003348401
0,0,0,0,0,0,0,0,0,0,0,0.002997494,0.008036164
0,0,0,0,0,0,0,0,0,0,0,0.003137332,0.003409281
0,0,0,0,0,0,0,0,0,0,0,0.003566977,0.089850982
0,0,0,0,0,0,0,0,0,0,0,0.003966185,0.102621762
0.210449761,0.369937066,2.081508494,0.080214649,0.759395393,4.436973174,5.895471215,5.873935183,3.904940943,5.128794889,5.284179866,0.004348519,0.121186899
0.086047635,0.468683268,2.102129885,0.198725382,0.661173089,4.656841815,6.387673855,5.72355175,4.235408207,5.107298831,5.580767969,0.004702592,0.194877761
0.036630859,0.237944336,2.49924918,0.499216421,0.515829381,3.883697629,4.373536468,6.433149219,4.575178504,5.088238835,5.812421083,0.005000921,0.307243079
0.09361084,0.293974528,2.285265426,0.228853656,0.608224881,4.301676017,4.732062787,5.835623601,5.014896166,5.01791949,5.739433029,0.005221607,0.337847501
0.086501169,0.265870842,2.32375732,0.264718717,0.630770667,4.520499996,4.446494211,5.215725587,5.435630717,5.281621256,5.801515284,0.005391452,0.325937832
0.053705241,0.287263649,2.345648021,0.269032701,0.635693095,4.341227537,4.589220213,5.747285319,5.006996272,5.092427722,5.733642172,0.005497797,0.347447254
0.180886424,0.138950428,2.495764997,0.269355786,0.702724701,4.890465106,4.303829863,5.081345056,5.657470887,5.864522962,6.095441137,0.005525525,0.324934237
0.242828559,0.144687066,2.476489777,0.20091985,0.634453094,5.190729133,4.394801283,4.631920302,5.473135006,5.941200972,5.974769004,0.005426877,0.333014599
0.264304199,0.087472738,2.245284109,0.167567994,0.437803647,4.847988471,4.467052594,5.138625875,5.014718041,5.773123324,5.153992057,0.005227487,0.213235682
0,0,0,0,0,0,0,0,0,0,0,0.004968745,0.153133497
0,0,0,0,0,0,0,0,0,0,0,0.004630783,0.135926279
0,0,0,0,0,0,0,0,0,0,0,0.004245305,0.118272042
0,0,0,0,0,0,0,0,0,0,0,0.003855035,0.106554232
0,0,0,0,0,0,0,0,0,0,0,0.003452046,0.112027699
0,0,0,0,0,0,0,0,0,0,0,0.003053962,0.194390833
0.198187314,0.201268136,2.394141436,0.207928562,0.679547133,4.960429762,5.270125125,4.829622933,4.721969272,4.95433907,5.960090561,0.00269385,0.108462994
0.133706351,0.318493282,2.265292329,0.180017074,0.770676425,4.481550666,5.534189902,5.354241122,4.458445988,4.618258769,5.012262615,0.002389928,0.091314109
0.288917643,0.22950651,2.116241998,0.066188817,0.79796971,4.907254583,5.224247247,5.276849413,4.340401757,4.833912212,5.099701577,0.002158743,0.069239586
0.324376036,0.17794256,2.111278973,0.110140256,0.743546476,4.952514237,5.056568666,5.088058282,4.432534971,4.812054336,5.044079114,0.002002208,0.067769622
0.095054932,0.238109131,2.328211654,0.293980142,0.790114264,4.258873083,5.29635147,5.2502231,5.135460325,4.781686351,4.818442479,0.001907478,0.175418609
0.176262207,0.187980957,2.355559728,0.178766066,0.772568346,4.809463248,4.812701598,5.138283894,5.22275117,5.458931863,5.618547291,0.001858631,0.1004503
0,0,0,0,0,0,0,0,0,0,0,0.001855963,0.08679642
0,0,0,0,0,0,0,0,0,0,0,0.00192531,0.08376075
0,0,0,0,0,0,0,0,0,0,0,0.002067385,0.124643931
0,0,0,0,0,0,0,0,0,0,0,0.002288329,0.208656601
0.196254557,0.222041884,2.531160424,0.247363334,0.625153671,4.691897956,4.481204772,5.328580844,5.181636067,5.505112875,5.830131121,0.002534699,0.243931327
0.137102522,0.282721611,2.31970361,0.239777149,0.718741932,4.044317763,5.248954177,5.831604371,4.53285205,5.070424679,5.423772288,0.002755871,0.185706911
0.292331543,0.170396932,2.369209399,0.146388845,0.615425115,5.241920531,4.301698998,4.981290661,5.216260195,5.193028346,5.297799953,0.002978895,0.174949265
0.2400625,0.171017253,2.202942599,0.247305311,0.65486997,4.9372154,4.558982801,5.639153373,4.899653327,5.113696075,5.51400497,0.003227793,0.157090159
0,0,0,0,0,0,0,0,0,0,0,0.003507115,0.131327316
0.290587836,0.12013265,2.355604869,0.178798548,0.899770328,4.790969273,4.852896184,4.936109503,4.622020543,5.141352544,5.369463255,0.003812934,0.141741675
0.288597005,0.158334147,2.293667995,0.104793389,0.906891792,4.714744568,4.722687841,5.462572038,4.64699173,5.344379604,4.628817141,0.00414351,0.133773201
0,0,0,0,0,0,0,0,0,0,0,0.004460869,0.100993806
0,0,0,0,0,0,0,0,0,0,0,0.004916955,0.102880887
0,0,0,0,0,0,0,0,0,0,0,0.005122283,0.103075299
0,0,0,0,0,0,0,0,0,0,0,0.005394511,0.111933576
0,0,0,0,0,0,0,0,0,0,0,0.005779544,0.122534151
0,0,0,0,0,0,0,0,0,0,0,0.006389318,0.140608811
0.177644314,0.181570638,2.388570184,0.37235568,0.605187108,4.086691583,5.368035674,5.867064844,4.192176302,4.844048411,5.523367266,0.007266714,0.265311194
0.136632357,0.23582871,2.382743758,0.305833344,0.645311082,4.194690919,4.899938483,5.484175975,4.609582366,5.091526711,5.871341114,0.008310666,0.408100907
0.205754304,0.190352648,2.387230356,0.236906117,0.586654067,4.589632819,4.437173721,5.467883905,5.216169493,5.481220331,5.941748,0.009458723,0.487532241
0.139979539,0.186058989,2.491397071,0.298302107,0.524807591,4.64240459,4.439643336,5.051908451,5.735059214,5.512883442,6.050994958,0.010630844,0.443759331
0.06886556,0.210333659,2.529749779,0.409225545,0.512007696,3.954684794,5.547453403,6.807215333,4.572271824,4.665972352,5.843316793,0.011706569,0.299924886
0,0,0,0,0,0,0,0,0,0,0,0.012574863,0.296519954
0.08506522,0.218585147,2.47554374,0.386736331,0.412414788,4.639972517,3.918266837,5.289688289,6.378922812,5.639567597,6.266976914,0.013375873,0.496437339
0.162828957,0.187770092,2.437164657,0.296664665,0.590104864,4.563751115,4.28703321,5.109869623,5.903460937,5.735461272,6.33194388,0.013956008,0.519694213
0.185506629,0.215665172,2.534035597,0.235275827,0.610174145,4.767442706,4.299012775,4.805096068,5.982824087,5.679960045,6.394215855,0.014122945,0.569078886
0.135891927,0.180896615,2.478321077,0.330608653,0.53940191,4.757414181,4.094526854,5.315529018,6.153344607,5.784066539,6.455858445,0.014036881,0.641079667
0.089035751,0.20920212,2.483720141,0.331481169,0.610707391,4.76567645,4.424234281,5.408355666,5.512364512,5.703328115,6.281034268,0.013685327,0.461471631
0.16369005,0.210555963,2.409739087,0.23852639,0.489931645,4.919721752,4.277723039,5.425283512,5.839869405,5.961933255,6.313969483,0.013223913,0.40694029
0.075522461,0.255711263,2.513460387,0.258117193,0.743146313,4.315787971,4.794163704,5.409335732,5.180976033,5.276402712,6.405730724,0.012487782,0.430298957
0.183882838,0.232904147,2.433755719,0.184609805,0.652069687,4.444100701,4.66452345,5.422751977,4.921830154,5.252907968,6.147420099,0.011626457,0.375024964
0.190827386,0.289632788,2.297703497,0.096703787,0.684372725,4.371855173,4.953427301,5.593176195,4.706378479,5.152549276,5.778593664,0.010781012,0.331885258
0.14681956,0.343518779,2.317827493,0.10575712,0.688506195,4.195065685,4.680063315,5.51578825,4.882717483,4.924320221,5.294429578,0.009896651,0.314543496
0.194773171,0.255918857,2.277356766,0.180780534,0.839254602,4.772323175,4.868157013,5.00822989,4.709017228,5.201793465,5.70368925,0.009151679,0.272180832
0,0,0,0,0,0,0,0,0,0,0,0.008366197,0.205169872
0.173572049,0.30733724,2.33806812,0.062258177,0.673945506,5.512142062,5.319448365,4.288463546,4.802421802,5.366633866,5.351233059,0.007759972,0.184593165
0.136790365,0.357488607,2.195662011,0.048930149,0.899901698,5.701146245,5.678950429,4.139746428,4.858704329,5.067525983,5.311139822,0.007382658,0.169583779
0,0,0,0,0,0,0,0,0,0,0,0.007149877,0.154350254
0,0,0,0,0,0,0,0,0,0,0,0.007072662,0.153068806
0,0,0,0,0,0,0,0,0,0,0,0.006968984,0.152965571
0,0,0,0,0,0,0,0,0,0,0,0.006845152,0.147439408
0,0,0,0,0,0,0,0,0,0,0,0.006663012,0.157689074
0,0,0,0,0,0,0,0,0,0,0,0.006428718,0.2302597
0,0,0,0,0,0,0,0,0,0,0,0.006153044,0.241234068
0.196854655,0.223088867,2.318174291,0.238104944,0.774632119,4.815166676,4.791314399,5.027580792,4.77192567,5.38532424,5.752501333,0.005782071,0.260818225
0.072356771,0.249602376,2.529009999,0.374081016,0.677310965,4.011112067,5.225231445,5.438428998,4.618999875,4.573310083,5.242214584,0.005332745,0.254388866
0.313618706,0.132945421,2.336820687,0.159065682,0.771216521,5.254621327,4.439493974,5.010501464,4.5392525,5.347293854,5.382875244,0.004789732,0.212523455
0.122997504,0.178481445,2.479769342,0.303666933,0.559571178,4.893457929,4.798486551,4.960441192,5.287767788,5.295406143,5.386445502,0.00418887,0.2265768
0.179384332,0.154899197,2.402994776,0.294807732,0.592950136,4.346595603,4.67496345,5.486752601,4.99635493,5.341243088,6.124530343,0.003543964,0.249000333
0.256481283,0.204542155,2.392112296,0.10587477,0.670153229,4.870752013,4.638661539,5.199020237,4.782227671,4.820102942,5.585074771,0.002881024,0.221682047
0,0,0,0,0,0,0,0,0,0,0,0.002341653,0.004687762
0,0,0,0,0,0,0,0,0,0,0,0.001923019,0.002678721
0,0,0,0,0,0,0,0,0,0,0,0.001610894,0.002678721
0,0,0,0,0,0,0,0,0,0,0,0.001743259,0.018338345
0,0,0,0,0,0,0,0,0,0,0,0.002095608,0.103694342
0,0,0,0,0,0,0,0,0,0,0,0.002511221,0.122163367
0.221323242,0.136072591,2.693053751,0.302230686,0.338164134,5.331681609,4.446250796,4.90457356,6.297019005,5.695922256,6.667201996,0.002977725,0.137571132
0.171131185,0.106074761,2.397692611,0.300064532,0.751664294,4.714710414,4.204557518,5.523191075,5.783759196,5.424137076,5.575604439,0.003394405,0.200216321
0,0,0,0,0,0,0,0,0,0,0,0.003703953,0.187775338
0.126244249,0.22572385,2.42494836,0.335438401,0.645286536,4.431407837,4.829695523,5.516516975,4.764007135,5.140796737,5.313856542,0.003928406,0.232240742
0.198202311,0.149724528,2.432719441,0.327953731,0.588563387,4.763579423,4.318316435,5.278012479,5.21610034,5.412506978,5.679252614,0.00398464,0.236371563
0.128067423,0.250269267,2.42387488,0.309318781,0.715370276,4.385770839,4.897669826,5.237569008,5.004346736,5.535215456,5.847067349,0.003974563,0.239282702
0.15195204,0.246233724,2.51695371,0.25720911,0.720915136,4.460766713,4.483263751,5.263429443,5.422131697,6.322863102,6.112854123,0.003869917,0.175222907
0,0,0,0,0,0,0,0,0,0,0,0.00366013,0.14541773
0,0,0,0,0,0,0,0,0,0,0,0.00339759,0.151370371
0.212920573,0.223123698,2.301666276,0.191013565,0.859890598,4.772019869,5.267354429,5.116310781,4.669128937,5.086804962,5.282806212,0.003125571,0.181832573
0,0,0,0,0,0,0,0,0,0,0,0.002879872,0.13937256
0,0,0,0,0,0,0,0,0,0,0,0.002686912,0.107618034
0,0,0,0,0,0,0,0,0,0,0,0.002564144,0.092661557
0,0,0,0,0,0,0,0,0,0,0,0.002520305,0.086436885
0,0,0,0,0,0,0,0,0,0,0,0.002565203,0.08115908
0,0,0,0,0,0,0,0,0,0,0,0.002664253,0.086957705
0.278604872,0.161284813,2.133140755,0.144612454,0.745060338,5.045317173,4.306059625,5.035718133,4.767278605,5.072863496,5.496093402,0.002715993,0.114545879
0.267373047,0.124940538,2.148522143,0.218022411,0.80589496,5.038825814,4.304900368,4.940508175,4.923122172,5.131579526,5.590316939,0.002725728,0.132388907
0.124614258,0.175602756,2.247367228,0.340854039,0.580571351,4.610445056,3.904495961,5.275779539,5.579954181,5.750110176,6.123937832,0.002724875,0.147451132
0,0,0,0,0,0,0,0,0,0,0,0.002699241,0.15502332
0,0,0,0,0,0,0,0,0,0,0,0.002716227,0.12325956
0.032363281,0.265041775,2.004336792,0.208737657,0.421327116,4.069887837,4.306078632,5.467529297,4.520497998,4.775087635,5.135460417,0.002683962,0.143892208
0.182054851,0.071648763,1.947750594,0.347723849,0.586146594,4.729957491,4.447655797,5.430615812,4.212652475,5.005028427,5.234871805,0.002642122,0.130407171
0.136436198,0.232843099,2.36764674,0.302504298,0.639740493,4.492979228,4.495640349,5.643678149,5.115007464,5.622740229,5.699117029,0.002607584,0.175026268
0.225798611,0.26020223,2.336549031,0.177760374,0.740071131,5.020972217,4.911166122,4.483835114,5.001515195,5.631341547,5.870126103,0.002606343,0.130025851
0.08210612,0.161708442,2.491124189,0.394026678,0.729336082,4.690919717,5.303577145,5.457446118,4.808332582,5.55051136,5.776658893,0.002655633,0.141917321
0.120861003,0.254845378,2.509014266,0.292257254,0.618247109,4.88440153,4.988906592,5.352267727,4.757573962,5.157579854,6.412596375,0.002720941,0.140740839
0.160672952,0.312687425,2.3747713,0.230843775,0.787696126,4.865683849,4.88319021,5.203991411,4.644345783,5.381964202,5.702937493,0.002753638,0.126332685
0,0,0,0,0,0,0,0,0,0,0,0.002737976,0.110557037
0,0,0,0,0,0,0,0,0,0,0,0.002665913,0.1061482
0.217421061,0.301310764,2.13620042,0.138180702,0.568265379,4.803949187,5.753325949,5.721324305,3.333279029,4.286375513,4.201320142,0.002555212,0.113744387
0.124553001,0.321653054,2.331053074,0.23283759,0.735413249,4.093026346,4.562446882,5.712456313,4.372158928,5.498159354,5.974303413,0.002409602,0.136577553
0.224069553,0.246889377,2.264874512,0.195994232,0.63101174,4.217454453,5.0751248,5.595321695,4.044309835,5.081941336,5.216707617,0.002218417,0.117737666
0,0,0,0,0,0,0,0,0,0,0,0.001992135,0.110772709
0,0,0,0,0,0,0,0,0,0,0,0.00175391,0.086555943
0,0,0,0,0,0,0,0,0,0,0,0.000971383,0.043242887
0,0,0,0,0,0,0,0,0,0,0,0.000883118,0.045852142
0,0,0,0,0,0,0,0,0,0,0,0.000837737,0.038714436
0,0,0,0,0,0,0,0,0,0,0,0.000828481,0.025015484
0,0,0,0,0,0,0,0,0,0,0,0.000434272,0.002678721
0,0,0,0,0,0,0,0,0,0,0,0.000367193,0.005237541
0,0,0,0,0,0,0,0,0,0,0,0.000305818,0.004599761
0,0,0,0,0,0,0,0,0,0,0,0.000262932,0
0,0,0,0,0,0,0,0,0,0,0,0.000238857,0.002678721
0,0,0,0,0,0,0,0,0,0,0,0.000236418,0.002678721
0,0,0,0,0,0,0,0,0,0,0,0.000249406,0
0,0,0,0,0,0,0,0,0,0,0,0.000240978,0.002678721
0,0,0,0,0,0,0,0,0,0,0,0.000290661,0.00723198
0,0,0,0,0,0,0,0,0,0,0,0.000341481,0.004018082
0,0,0,0,0,0,0,0,0,0,0,0.000370301,0.004412011
0,0,0,0,0,0,0,0,0,0,0,0.003339211,0.008860385
0,0,0,0,0,0,0,0,0,0,0,0.003729198,0.063812114
0.2430896,0.23118693,2.147681208,0.325373841,0.342378499,3.832897991,5.528894693,6.33215946,3.815482959,4.024604276,4.776821494,0.004242382,0.108458247
0,0,0,0,0,0,0,0,0,0,0,0.004637449,0.129009196
0.167816479,0.343716905,2.205757375,0.155699513,0.686554473,3.883210387,5.402939492,5.722403771,3.909658326,4.651495265,5.117059469,0.005029954,0.163474722
0,0,0,0,0,0,0,0,0,0,0,0.005347321,0.329370236
0.120951284,0.271278636,2.381276321,0.253429509,0.529787988,4.518104941,4.55997402,5.088563904,4.951547194,5.207387062,5.863548625,0.005624883,0.358162678
0.214510324,0.103830915,2.317087787,0.277860859,0.564981175,4.866717398,4.058743613,5.253647987,5.870742487,5.565301291,5.899723104,0.005801348,0.342637018
0.117891365,0.100236446,2.426380735,0.463179917,0.598206481,4.48516416,4.468181047,5.395652126,5.387409113,5.152482103,5.545284,0.005892863,0.325296137
0.071421875,0.167488363,2.395268986,0.40074712,0.49867285,4.641891995,3.883969121,5.379465821,5.948959494,5.524725774,6.148114294,0.005932094,0.412665748
0.078303339,0.216723865,2.402798914,0.307296852,0.631200327,4.519569668,4.033745976,5.146467005,5.937622312,5.71552391,6.119962973,0.005882736,0.430708836
0.252222331,0.1880236,2.3899043,0.15722506,0.710868404,5.240299934,4.347552931,4.660227889,5.496618527,5.903430247,6.098296607,0.005749105,0.394871735
0,0,0,0,0,0,0,0,0,0,0,0.005501233,0.303657434
0,0,0,0,0,0,0,0,0,0,0,0.00516907,0.242540905
0.600486654,0.004370117,1.708969071,0.127258517,0.845405501,6.18161273,4.862886429,3.884313822,3.713193297,5.190152764,5.738037944,0.004771778,0.146390286
0,0,0,0,0,0,0,0,0,0,0,0.004357319,0.127533996
0,0,0,0,0,0,0,0,0,0,0,0.003936021,0.110409662
0,0,0,0,0,0,0,0,0,0,0,0.003511499,0.094481335
0,0,0,0,0,0,0,0,0,0,0,0.003120194,0.093706366
0.145021566,0.355247803,2.147554706,0.078711952,0.7632664,4.896931514,5.584752783,4.936219722,4.408157006,4.733389393,5.740757644,0.002788235,0.076316978
0,0,0,0,0,0,0,0,0,0,0,0.002494616,0.059005342
0,0,0,0,0,0,0,0,0,0,0,0.002267699,0.05121918
0,0,0,0,0,0,0,0,0,0,0,0.002117234,0.065207272
0.396582981,0.12593967,2.017694899,0.063725674,0.787904507,5.208523323,5.098639369,5.269974172,4.656884263,4.75960285,5.215757425,0.002022741,0.121268469
0.25416904,0.216571113,2.201469275,0.126001032,0.795985635,4.687503812,5.107025864,5.342425135,4.488073856,4.770383465,5.09712968,0.001979957,0.146459478
0.209026471,0.200900435,2.209074123,0.150482626,0.728779259,4.824382395,4.71652633,5.184362501,4.924978617,4.875763492,5.591865065,0.001994171,0.12380423
0.299570894,0.207414086,2.055169996,0.099163405,0.666671565,5.404550821,4.976609647,5.041835934,4.178801494,4.664777705,5.155479155,0.002060727,0.09159245
0.355496419,0.175071126,2.032152309,0.125347067,0.629542441,5.23593061,5.224109173,5.292424661,4.31528855,4.508073443,5.352181232,0.002205606,0.086498216
0.414132813,0.129390951,2.200546997,0.137136063,0.683681267,5.631201267,4.599488074,4.555350351,5.276374751,5.137187511,5.628473181,0.002407977,0.17272716
0.282830946,0.172525861,2.366522065,0.197289437,0.663272076,5.134768009,4.339706527,4.615098526,5.332770596,5.405323393,6.130148818,0.002625871,0.234822453
0.183663086,0.235323676,2.353125665,0.225170528,0.731325713,4.716878948,4.49648088,5.090209126,5.173420457,5.199168322,5.562090196,0.002820397,0.221810539
0.212613119,0.220152995,2.374561054,0.237682301,0.738582867,4.673239046,4.725299442,5.10598467,5.304395521,5.156370682,5.946408045,0.003001953,0.255997646
0.216991464,0.115600948,2.169924754,0.305712169,0.717347864,4.931564742,4.799623403,5.27295565,5.20587847,4.815753036,5.516917937,0.003191012,0.297546557
0.132532733,0.135545519,2.394917981,0.32999712,0.663328078,4.548496445,4.095722056,5.69254701,5.685614818,5.482916133,5.894315832,0.003404131,0.27161732
0.247907206,0.162943115,2.438373954,0.227867812,0.746196154,4.793941237,4.293022819,5.032811992,5.01035019,5.12796548,5.574369393,0.003664399,0.192051059
0,0,0,0,0,0,0,0,0,0,0,0.003973022,0.136922869
0,0,0,0,0,0,0,0,0,0,0,0.004262505,0.11182769
0,0,0,0,0,0,0,0,0,0,0,0.004871164,0.114881548
0,0,0,0,0,0,0,0,0,0,0,0.005084906,0.134862654
0,0,0,0,0,0,0,0,0,0,0,0.005376216,0.151337744
0.216515164,0.230808784,2.25361588,0.17778402,0.780628048,4.950793396,5.198356042,5.043507313,4.537380417,4.918201372,5.713993569,0.005862985,0.20564978
0.128329837,0.256329753,2.424459239,0.334772056,0.498101707,4.097658321,5.118892356,5.573028547,4.449257099,4.69328934,5.885554287,0.006548929,0.274421316
0.283032634,0.144898953,2.491054165,0.24587404,0.628674797,5.025913358,4.444875792,4.623178554,5.521304295,5.638985952,6.303067704,0.007401179,0.420293273
0.30647227,0.159520162,2.347429646,0.136447386,0.529916344,5.308499333,3.900839243,4.583072137,5.959801443,5.83041314,6.084837079,0.008425528,0.420866368
0.153636133,0.214276758,2.44206798,0.269390754,0.677642111,4.483578885,4.513945415,5.216812944,5.613176291,5.531786649,5.983943303,0.00941639,0.376137308
0.145861816,0.277213077,2.424763126,0.211009217,0.699424279,4.499583244,4.851817557,5.256631392,4.64921735,5.415227486,5.735271756,0.010281356,0.392927786
0.039468497,0.220674913,2.355336284,0.414831482,0.485538982,4.190997592,4.410018249,5.760152492,5.330184228,5.247268429,6.231944832,0.010993775,0.475114219
0.018625082,0.17384318,2.311362485,0.565184729,0.175342957,4.452076942,4.510927007,5.463982761,6.21701026,5.652587474,6.636119574,0.011659202,0.472559699
0.091964518,0.142669813,2.319903327,0.433352915,0.581959883,4.215118721,4.329720924,5.650602063,5.856695225,5.883338352,6.33564049,0.012101012,0.47122284
0.088125495,0.180698738,2.444616581,0.353025454,0.54484588,4.242417286,3.958588401,5.869705897,6.01903726,5.535540866,6.410430405,0.012213529,0.609911672
0.175774114,0.192759979,2.387360501,0.22950132,0.599753298,4.900815116,4.129014424,4.917917204,6.196837998,5.723229761,6.544075109,0.012076228,0.55328956
0.08642288,0.20640533,2.380703775,0.339760926,0.67922615,4.12523905,4.492968435,5.503836116,5.087770423,5.325258185,6.035016894,0.01174007,0.465490728
0.133556858,0.275731554,2.42399477,0.210604706,0.58676558,4.511537123,4.716074335,5.148783644,5.260081518,5.487032092,6.170408591,0.011281996,0.46487478
0.093383223,0.221097288,2.365177778,0.377105187,0.60405303,4.202956255,5.020664383,5.704229497,4.942797282,5.136505715,5.648119937,0.010697168,0.411575065
0.187624734,0.277339829,2.283119118,0.172156445,0.694986904,4.634094859,4.937767679,5.318233921,4.545200914,5.188703908,5.770942225,0.010007626,0.324223685
0.147059245,0.271254123,2.420387568,0.178862902,0.628868424,4.633573713,4.557027924,5.400612164,5.595403848,5.679809254,6.273381563,0.009280667,0.329178746
0.154852808,0.214899584,2.50840177,0.252349734,0.693099356,4.838925553,4.556689224,5.438253105,5.285467436,5.651392081,6.330040434,0.008575714,0.298058844
0.194999767,0.250749395,2.329302184,0.146369143,0.727926219,4.986059308,4.672778445,4.958072697,5.411358825,5.393147392,5.90754354,0.007908706,0.270257731
0,0,0,0,0,0,0,0,0,0,0,0.007338757,0.196189053
0.224941813,0.272084961,2.20682186,0.064153402,0.803961549,5.222919792,5.203575842,4.434348397,4.374622069,5.016347095,5.219635204,0.006892396,0.178074158
0,0,0,0,0,0,0,0,0,0,0,0.006631706,0.158285341
0,0,0,0,0,0,0,0,0,0,0,0.006480944,0.137027302
0,0,0,0,0,0,0,0,0,0,0,0.006449122,0.136950483
0,0,0,0,0,0,0,0,0,0,0,0.006442561,0.147979544
0,0,0,0,0,0,0,0,0,0,0,0.006394816,0.151241213
0,0,0,0,0,0,0,0,0,0,0,0.006307415,0.145380915
0,0,0,0,0,0,0,0,0,0,0,0.006131429,0.153525305
0.171041124,0.145967701,2.376382341,0.386120718,0.825967915,4.385512475,5.20827408,5.287290295,4.552790191,4.899621626,5.496729732,0.005896932,0.244161198
0.199482617,0.200029557,2.323432982,0.218673957,0.712238682,4.355459822,4.818917301,5.28360821,4.817190528,5.215689681,5.695454988,0.005553957,0.30780831
0.163859456,0.236712077,2.382060981,0.210977606,0.702841203,4.668914035,4.670556834,5.193670881,4.744441825,5.129030797,5.792918736,0.005118692,0.292065369
0.20780599,0.366129015,2.0727189,0.072946623,0.830717224,5.382147292,5.618191202,5.260014057,4.112589936,4.043917457,4.951999426,0.004615535,0.199550545
0.100107096,0.205940104,2.377090859,0.25684572,0.570852152,5.084935856,4.62341181,5.31873405,5.523131788,5.506747699,5.919962263,0.004017948,0.269655243
0.225149231,0.158608297,2.46132571,0.24950637,0.799282039,4.592485685,4.764363531,5.161771998,4.861106202,5.458327916,5.874663591,0.003388879,0.256679668
0.307633138,0.167660807,2.421971622,0.14946456,0.73991626,4.295576584,4.996547008,5.027963853,4.206353319,5.128478313,5.615407419,0.002772923,0.228942075
0.326048503,0.166015299,2.320138641,0.121513731,0.752919987,5.018852663,4.554527855,4.254783607,4.213180232,5.191216993,5.469792855,0.002244462,0.187000476
0,0,0,0,0,0,0,0,0,0,0,0.0018349,0.080234227
0.207368164,0.315890299,2.298307802,0.118339611,0.520797028,3.912303567,5.498425364,6.233496666,4.172299623,5.3412925,5.558946431,0.001547909,0.004910989
0,0,0,0,0,0,0,0,0,0,0,0.001402356,0.003061396
0,0,0,0,0,0,0,0,0,0,0,0.001999101,0.005655078
0,0,0,0,0,0,0,0,0,0,0,0.002391872,0.014178684
0,0,0,0,0,0,0,0,0,0,0,0.002934918,0.108031288
0,0,0,0,0,0,0,0,0,0,0,0.003469769,0.119412328
0,0,0,0,0,0,0,0,0,0,0,0.003940547,0.127424551
0,0,0,0,0,0,0,0,0,0,0,0.004334519,0.180070099
0.111773184,0.190796984,2.287168,0.305281817,0.580826031,4.224546624,4.583198216,5.501523462,5.067839483,4.87054854,5.647926648,0.004618588,0.271552725
0,0,0,0,0,0,0,0,0,0,0,0.004789695,0.170734401
0.415262044,0.146228841,2.249257147,0.056290497,0.657311717,4.731600642,4.860641778,4.41703558,4.332016766,5.038997889,5.631506324,0.00479002,0.24427589
0.205058955,0.242085865,2.403637014,0.190458651,0.722973211,4.7864257,4.957152459,5.067186932,5.00600229,5.321582248,5.786305355,0.004724302,0.222351163
0.183203776,0.23766569,2.354946961,0.106112716,0.844842313,5.07927832,5.422284186,4.790222865,3.841777742,4.393478596,5.429343325,0.004505254,0.166688784
0.228496675,0.220842169,2.226423588,0.113812731,0.842243999,4.800327408,5.628903687,5.35392645,4.419042379,4.660540325,5.115632036,0.004201572,0.153422707
0.226402995,0.278805339,2.147836047,0.132042644,0.905239198,4.823278387,5.41481336,5.448757192,4.600836714,4.792572379,5.224380453,0.003828737,0.145299728
0,0,0,0,0,0,0,0,0,0,0,0.003383173,0.132232553
0,0,0,0,0,0,0,0,0,0,0,0.003009931,0.119150613
0,0,0,0,0,0,0,0,0,0,0,0.002687647,0.106494127
0,0,0,0,0,0,0,0,0,0,0,0.002418924,0.097469305
0,0,0,0,0,0,0,0,0,0,0,0.002250924,0.092548133
0,0,0,0,0,0,0,0,0,0,0,0.002193106,0.099774322
0,0,0,0,0,0,0,0,0,0,0,0.002162153,0.098432873
0,0,0,0,0,0,0,0,0,0,0,0.00213673,0.089502257
0.260417543,0.156752554,2.339600476,0.135391004,0.759243877,4.76330422,4.376010812,5.174999856,5.045674017,5.135832938,5.330995097,0.00212554,0.12930418
0.321281901,0.113490072,2.289409612,0.08062355,0.822070939,5.051854694,4.16681965,4.800658226,5.137229234,5.332196587,5.657231331,0.002134814,0.15549859
0.285460124,0.160651693,2.34638713,0.156841639,0.81952035,5.030797726,4.322401643,4.914808047,4.706554246,5.239597243,5.654054826,0.002172986,0.126073215
0.276946615,0.133544922,2.355850049,0.160793543,0.732687731,4.553706437,4.857104818,5.420447032,4.242232213,4.592597981,5.568407039,0.002235335,0.116842395
0.178354221,0.196257324,2.335443442,0.247123016,0.802677086,5.100288918,4.555504401,4.811136514,5.268277297,5.518793384,5.760606647,0.002277665,0.141466086
0.176328273,0.219990382,2.370196035,0.231997469,0.643459878,4.877125139,4.077278663,5.404575776,5.632004754,5.676635883,6.138736503,0.002352924,0.157061747
0.324948934,0.173122559,2.301135972,0.115249618,0.696544845,4.944706701,4.775627859,4.686331101,4.346300721,4.934057489,5.211999796,0.00246817,0.155902268
0,0,0,0,0,0,0,0,0,0,0,0.002606112,0.144926696
0.153097796,0.237172386,2.376958412,0.209540301,0.773812962,5.108345185,4.656886544,4.997046241,4.851811571,4.847379233,5.17880398,0.0027176,0.163913938
0.234237264,0.225053101,2.311986464,0.147242789,0.77407451,5.030664943,4.858465105,5.032064408,4.596149236,5.219957732,5.381130651,0.002783862,0.144729393
0.234514374,0.262584807,2.354251144,0.189116868,0.750154879,4.90402238,4.766503115,4.89703849,4.861372289,5.494170851,5.718823863,0.002798053,0.142637817
0.288551839,0.266827393,2.160308876,0.092671529,0.730479586,5.307802543,4.863324553,4.490114458,4.995301694,5.836588055,5.96430558,0.00276134,0.132849554
0.198468174,0.325741061,2.197229517,0.078403595,0.805513219,4.918887776,5.036636101,5.131046043,3.969369434,4.660122523,5.102790622,0.002684923,0.128495077
0.169474284,0.357034505,2.322459064,0.123588452,0.809366757,4.591576159,4.957485139,5.480082273,3.859094739,5.122459292,4.909675598,0.002553596,0.157383875
0.140424986,0.238861943,2.550532495,0.246245942,0.633857523,4.45832573,4.78903136,5.149202552,5.405695988,5.656071809,5.616920908,0.002369949,0.174840281
0,0,0,0,0,0,0,0,0,0,0,0.00215722,0.121143858
0,0,0,0,0,0,0,0,0,0,0,0.001914642,0.108926861
0,0,0,0,0,0,0,0,0,0,0,0.001658174,0.085188329
0.384430339,0.063178711,2.025774307,0.104975967,0.950378953,5.509843111,5.022595704,5.718945682,3.661395967,5.114800096,5.626324177,0.001061722,0.06459668
0.319469727,0.172583333,2.027382734,0.075863845,0.951443121,5.569820619,5.048724997,4.611966372,3.998427331,4.856747246,5.82711494,0.000946406,0.053739513
0,0,0,0,0,0,0,0,0,0,0,0.000885116,0.044958421
0,0,0,0,0,0,0,0,0,0,0,0,0.002678721
0,0,0,0,0,0,0,0,0,0,0,0.000217951,0.002678721
0,0,0,0,0,0,0,0,0,0,0,0.000236066,0.002678721
0,0,0,0,0,0,0,0,0,0,0,0.003559831,0.004018082
0,0,0,0,0,0,0,0,0,0,0,0.003828717,0.025070487
0.190859375,0.252483073,2.442117523,0.122082407,0.674206002,5.182834127,4.888740047,4.494262993,4.641186388,5.171834147,5.065533944,0.004388907,0.124833334
0.23241546,0.175119773,2.373858321,0.15718206,0.659211138,5.172706467,4.449906058,4.671230674,5.33477164,5.534914806,5.850635259,0.004922373,0.234396425
0.219857058,0.233772308,2.336734442,0.109954255,0.633587141,5.03254759,4.655588978,4.563740317,4.785752594,5.38420708,5.463637233,0.005366288,0.193173966
0.294534314,0.11931296,2.332550101,0.171996921,0.63677083,4.86561929,4.552602389,4.834866205,4.990734735,5.342622631,5.686386249,0.00571869,0.262854204
0.282756077,0.135391981,2.40946618,0.166158549,0.640380703,4.873722162,4.416117569,5.026089953,5.14764896,5.252677033,5.670021001,0.006045838,0.338233133
0.205025065,0.249488979,2.296382068,0.143254572,0.60401511,4.768094024,4.826265858,4.923541582,5.138975658,5.410135984,5.792193532,0.00626357,0.342907158
0.158376095,0.167116773,2.260127892,0.279759171,0.702046035,4.63404869,4.615423457,5.362144432,5.556582689,5.71363319,5.936929519,0.00639909,0.368925343
0.188288703,0.211815207,2.340583046,0.19766185,0.662662037,4.599464642,4.437278528,5.107744069,5.363960859,5.457265926,6.019159819,0.006400625,0.29649865
0.255717773,0.102744683,2.381476061,0.25062558,0.598884204,5.119288663,3.966767599,4.379245321,6.159655929,5.946777821,6.325221866,0.006351587,0.332813973
0.163961046,0.098865126,2.254410699,0.302750162,0.452147664,4.81447618,3.788257587,5.03921713,5.918704327,5.75334448,6.036951248,0.006221374,0.437082216
0.136694928,0.217240397,2.379627314,0.25918806,0.620304815,4.482263958,4.505314404,5.242676234,5.382707672,5.508091008,5.812957273,0.006029645,0.378540258
0.079716099,0.111739793,2.331985609,0.427623187,0.580092826,4.172135589,4.41441986,5.410097586,5.375424985,5.558950492,5.856598151,0.005741204,0.358907646
0.138659224,0.215994318,2.341210002,0.245942019,0.633114741,4.745565083,4.527909821,4.914206004,5.430688901,5.482511217,5.910200504,0.005351871,0.296044809
0.244226888,0.267631022,2.321347291,0.066026438,0.68243448,5.42440327,5.008679887,3.93833374,4.97476388,5.270368338,5.584963997,0.004920877,0.164579791
0,0,0,0,0,0,0,0,0,0,0,0.004461665,0.137367552
0,0,0,0,0,0,0,0,0,0,0,0.003983335,0.12091654
0.396601563,0.159153646,1.986253659,0.040834049,0.815064174,5.671548247,5.630184531,4.160302758,3.673446715,4.76639092,4.746283233,0.003549292,0.096328088
0.19983308,0.314631076,2.015299069,0.035932003,0.772171674,5.110921979,5.225009402,4.524378306,3.637237171,5.018765231,5.456196712,0.003182183,0.082519137
0,0,0,0,0,0,0,0,0,0,0,0.002861905,0.067817869
0,0,0,0,0,0,0,0,0,0,0,0.002578643,0.054955062
0,0,0,0,0,0,0,0,0,0,0,0.002359616,0.047223718
0,0,0,0,0,0,0,0,0,0,0,0.002204018,0.046284415
0,0,0,0,0,0,0,0,0,0,0,0.002102651,0.05254322
0.311596236,0.257221976,2.066967339,0.117259692,0.859647382,4.914006889,5.363541619,5.163375486,3.97290912,4.90135583,4.591667121,0.00206314,0.089852812
0,0,0,0,0,0,0,0,0,0,0,0.002086638,0.08173336
0.203161621,0.357844239,2.253220585,0.199170872,0.758582823,4.993324369,4.607036025,4.914138138,3.664357186,5.323390901,4.974141896,0.002160387,0.078432439
0,0,0,0,0,0,0,0,0,0,0,0.002298085,0.078513651
0,0,0,0,0,0,0,0,0,0,0,0.002479176,0.142125619
0,0,0,0,0,0,0,0,0,0,0,0.002653007,0.195709471
0.051099447,0.215780029,2.355869941,0.33809543,0.680460816,4.387236133,4.085274786,5.404099286,6.050876558,5.668063998,6.128379702,0.00281573,0.234245653
0.111345562,0.212722517,2.379547359,0.325788731,0.672462638,4.564195287,4.188103792,5.25982001,5.517149519,5.425409978,5.884086373,0.002953929,0.345543295
0.144788005,0.105186903,2.306991762,0.364135666,0.559494415,4.531187033,4.16122592,5.355970412,5.892775401,5.041108862,5.545962527,0.003078932,0.339683778
0.190708008,0.113129108,2.463608493,0.304270045,0.684082216,4.6577388,3.970514925,5.01297764,5.786141035,5.373438861,5.698122138,0.003232586,0.309280469
0.180237427,0.1146639,2.39391263,0.341505023,0.566811723,4.517605625,4.822707877,5.74680008,5.196851499,4.769464724,5.237981073,0.003445996,0.280233296
0.215934733,0.110125488,2.358300073,0.314892607,0.763616044,4.506446046,4.61627416,5.464942795,4.971550864,4.841706973,5.450047517,0.003690829,0.226514085
0.193139648,0.223572591,2.493431932,0.399935737,0.735780806,4.143407285,4.376840115,5.408813119,4.750232995,5.09382093,5.314225674,0.003952534,0.145007322
0,0,0,0,0,0,0,0,0,0,0,0.004179617,0.116459588
0,0,0,0,0,0,0,0,0,0,0,0.004369138,0.117734482
0,0,0,0,0,0,0,0,0,0,0,0.004505754,0.12747971
0,0,0,0,0,0,0,0,0,0,0,0.004660727,0.156538976
0.335076701,0.206055908,2.174439982,0.134927814,0.681981996,5.225802086,4.46919477,4.700091615,4.382652126,5.225814879,6.11169295,0.004883653,0.269166518
0.286639106,0.145264323,2.395647165,0.192671597,0.705107543,5.04309783,4.598965593,4.726653532,5.137984645,5.184433043,5.629898858,0.005205489,0.26396518
0.299492188,0.07741862,2.433971063,0.25778428,0.679904183,5.066042483,3.901867708,5.03112491,5.809255362,5.636519611,5.407595952,0.005712048,0.252274134
0.271114047,0.158484701,2.424489044,0.190527203,0.567991091,5.17017226,4.051268781,4.656435607,5.911756151,5.881542248,6.348497945,0.006418312,0.377229592
0.213629182,0.209446865,2.475795065,0.211136545,0.559383544,4.717985172,4.1338282,4.907899371,5.732409975,5.553785675,6.135428626,0.007314776,0.354030309
0.167054956,0.196498103,2.481648276,0.286374885,0.521635297,4.60118625,4.058603528,4.989552031,6.097352637,5.331518712,6.105094454,0.008131586,0.428166592
0.07712085,0.214525472,2.320443871,0.391807081,0.632772487,4.527742541,4.325671077,5.568648708,5.463745192,5.326357511,5.874014002,0.008856378,0.326772999
0.073445786,0.287300101,2.455423352,0.297676624,0.67119831,4.284637782,4.514672865,5.649139854,5.285786493,5.381778387,6.066815625,0.009490379,0.329194586
0.328464864,0.117390849,2.364209368,0.218209127,0.549592902,4.885257065,4.732915986,4.979688588,5.031465512,5.471320562,5.889702428,0.009941893,0.395091325
0.271006451,0.193287612,2.309780087,0.179140617,0.703945889,4.807898627,5.093063539,5.330718349,4.72320691,5.533462535,5.577663156,0.01032029,0.312542479
0.140223886,0.222061813,2.309993526,0.32062177,0.651113727,4.475832674,4.887590362,5.217447566,4.546799706,4.921159612,5.774822546,0.010409847,0.381286018
0.294996047,0.116183733,2.227375599,0.203180828,0.736024861,5.267561989,4.735020041,4.753303996,5.093892251,5.045853232,5.518170842,0.010337791,0.332581495
0.093157145,0.307807346,2.395229787,0.20643819,0.614474678,4.45377708,5.050279836,5.415256654,4.683208798,5.009029001,5.953649744,0.01003333,0.358984133
0,0,0,0,0,0,0,0,0,0,0,0.009609873,0.301160978
0.172872636,0.233498407,2.376214613,0.200036422,0.777055813,4.521716091,4.717126385,5.585425769,5.26672511,5.531595591,6.085379202,0.009137822,0.345672253
0.285380859,0.062000326,2.557674489,0.317355514,0.547731429,4.337035298,5.335104823,4.877562165,5.171800137,5.522562981,5.746464133,0.008521781,0.263952283
0.245444245,0.266898691,2.441789665,0.143072762,0.769022679,4.797714268,4.797634953,4.69880919,4.643877774,5.275408457,6.027558727,0.007928776,0.2525563
0.198799826,0.238873803,2.371692929,0.164890436,0.662429354,4.783421126,4.767081805,5.06223767,4.910433771,5.498679657,6.096437037,0.007317512,0.259821027
0.187122559,0.24847054,2.337610611,0.170776804,0.699281972,5.023610544,4.918628028,5.021517977,4.973679882,5.349716166,5.777733323,0.006796044,0.254627019
0,0,0,0,0,0,0,0,0,0,0,0.006410875,0.189784588
0.146055773,0.352123481,2.246452122,0.099477655,0.837201614,4.960602244,5.434722324,4.861109614,4.198224107,4.603604635,4.765130301,0.006131736,0.166277923
0.122365057,0.391204427,1.888651714,0.116283939,0.605918667,4.551882169,6.324350151,4.888898508,4.387922536,4.57407843,5.085355287,0.005961102,0.15257602
0,0,0,0,0,0,0,0,0,0,0,0.005878659,0.138522901
0,0,0,0,0,0,0,0,0,0,0,0.005892912,0.135856005
0,0,0,0,0,0,0,0,0,0,0,0.005951059,0.142283767
0,0,0,0,0,0,0,0,0,0,0,0.005961671,0.153319417
0,0,0,0,0,0,0,0,0,0,0,0.005881845,0.149917479
0,0,0,0,0,0,0,0,0,0,0,0.005734692,0.155980576
0.304570719,0.147338461,2.351336819,0.174119764,0.670944048,5.335823148,4.816518396,4.56994544,5.212164879,5.474986374,6.334926009,0.005510497,0.241697624
0.148574978,0.211647135,2.468541237,0.272372472,0.569149021,4.553287429,4.573555611,5.427615648,5.102153019,5.613856856,6.075499378,0.005228106,0.352063769
0.103829362,0.256219401,2.362253292,0.271082437,0.588893357,4.451878142,4.375434465,5.429840653,5.002465689,5.333983436,5.88618022,0.004843076,0.296674659
0,0,0,0,0,0,0,0,0,0,0,0.004366273,0.220891129
0.112904147,0.292539376,2.318089718,0.180098132,0.65252706,4.412542429,4.691942054,5.500013838,5.168838191,5.077798614,5.685370681,0.003803993,0.251815336
0.1225236,0.250150553,2.355294913,0.230784815,0.743019186,4.488633722,5.262401899,5.504610916,5.060368071,5.248630007,5.894728839,0.003200748,0.211580997
0.153777127,0.29107883,2.417922381,0.163580266,0.61529418,4.371141041,5.012598237,5.119510836,4.682279391,5.352360967,5.849742419,0.002660112,0.216923838
0.189212782,0.212697754,2.373056038,0.185987959,0.769145511,4.81697166,4.607655366,4.867112945,5.177228262,5.278710703,5.313192755,0.00216374,0.224743905
0.186991004,0.169838719,2.296543212,0.242904014,0.616703208,4.993273117,4.370625642,5.408931564,5.366281277,4.813064217,5.306092392,0.00179882,0.212963154
0,0,0,0,0,0,0,0,0,0,0,0.001518994,0.114983529
0,0,0,0,0,0,0,0,0,0,0,0.00140035,0.007857582
0,0,0,0,0,0,0,0,0,0,0,0.00279004,0.005059807
0,0,0,0,0,0,0,0,0,0,0,0.003344672,0.00375021
0,0,0,0,0,0,0,0,0,0,0,0.003922832,0.106681258
0,0,0,0,0,0,0,0,0,0,0,0.004480271,0.12957893
0,0,0,0,0,0,0,0,0,0,0,0.004985353,0.161940138
0,0,0,0,0,0,0,0,0,0,0,0.005385299,0.178771931
0,0,0,0,0,0,0,0,0,0,0,0.005648243,0.181630649
0.265281808,0.133661063,2.428274275,0.224636503,0.658823801,4.885205893,4.802521902,5.101046234,5.176897781,5.232895979,5.843954899,0.005729567,0.260094039
0.233403049,0.15140625,2.440338836,0.217933485,0.647467193,4.686191519,4.025378674,5.200114747,5.717323859,5.604747315,5.660137634,0.005671981,0.305857238
0.184764608,0.140652669,2.470010546,0.29586949,0.695386232,4.801253267,4.61574626,5.319862798,5.374028146,5.044093668,5.640005298,0.005500406,0.245113964
0.214487305,0.236406928,2.300303276,0.156975089,0.828461138,4.831904655,5.090855802,5.156110764,4.727367461,5.089277297,5.091708228,0.005174626,0.221686579
0.257149251,0.224114787,2.201833296,0.111250524,0.86269484,4.525370926,5.657302342,5.398617528,4.400038347,4.805222824,4.982894361,0.004713679,0.166903382
0,0,0,0,0,0,0,0,0,0,0,0.004145226,0.146963332
0,0,0,0,0,0,0,0,0,0,0,0.003608732,0.137784871
0,0,0,0,0,0,0,0,0,0,0,0.003108298,0.130115153
0,0,0,0,0,0,0,0,0,0,0,0.002617309,0.121038703
0,0,0,0,0,0,0,0,0,0,0,0.002247737,0.117811497
0,0,0,0,0,0,0,0,0,0,0,0.002007387,0.154510346
0,0,0,0,0,0,0,0,0,0,0,0.001848001,0.121825735
0,0,0,0,0,0,0,0,0,0,0,0.001742338,0.10200903
0,0,0,0,0,0,0,0,0,0,0,0.001705302,0.092546327
0,0,0,0,0,0,0,0,0,0,0,0.001713831,0.098767596
0.260208798,0.163623744,2.307242451,0.157996474,0.830576414,5.085050055,4.461867997,4.597220685,4.768909539,5.477468065,5.560424107,0.001777103,0.116368857
0.261445313,0.195932129,2.246034478,0.098702474,0.899148224,5.001977158,4.734124774,4.916268831,4.33366034,5.068666166,5.315480334,0.001889767,0.116357551
0.276235442,0.184404297,2.324961253,0.112424449,0.818518968,5.100678484,4.421152903,5.191427549,4.920558436,5.320408384,5.738734775,0.002015696,0.139143864
0.13836887,0.211587864,2.244627608,0.34119863,0.739589292,4.638045709,4.716558481,5.154925341,5.27754573,5.019101198,5.218568578,0.002179258,0.166491907
0.369324079,0.118523065,2.269259879,0.137070873,0.608159269,5.18744868,4.229645533,5.0438201,5.780401,5.278772746,5.501248547,0.00236604,0.174686224
0.174224609,0.176174805,2.489852651,0.284244637,0.743026738,4.795929241,4.546535122,5.298168671,5.446397412,5.157112837,5.287761533,0.002536679,0.184716107
0.170150088,0.179931757,2.420509768,0.303802559,0.729088959,4.481342218,4.789202026,5.660708236,5.17518749,5.259206342,5.714283862,0.002679543,0.241658257
0.19498435,0.172513271,2.423444812,0.276294292,0.808130043,5.059800231,4.254426984,4.903272711,5.717062148,5.821881542,6.516654492,0.002782199,0.24516821
0.158700295,0.28626853,2.332794519,0.214039394,0.813905557,4.905694471,4.480003549,5.09703937,5.109737699,5.498587393,5.980419186,0.00283144,0.21199844
0.264079793,0.232545776,2.26160957,0.108117688,0.652897867,4.765139386,4.59792608,4.838756286,5.355603457,5.641401947,5.600404889,0.00283316,0.214401982
0.227460198,0.212274429,2.241349033,0.20166304,0.737387282,4.774257489,4.908258533,5.235093344,4.820774651,5.214409769,5.642185653,0.002788327,0.205473057
0.206211842,0.266102612,2.288952832,0.191826668,0.658653184,4.760658562,5.224231806,5.177667889,4.459080782,5.210919658,5.589196059,0.002673851,0.172557004
0.124834595,0.211237589,2.470454331,0.335275161,0.694580577,4.637675487,4.810461096,5.274720751,4.521810651,5.2509927,5.90534085,0.002504874,0.185821064
0,0,0,0,0,0,0,0,0,0,0,0.002298653,0.171314602
0,0,0,0,0,0,0,0,0,0,0,0.002051776,0.138197046
0,0,0,0,0,0,0,0,0,0,0,0.00179931,0.117548055
0,0,0,0,0,0,0,0,0,0,0,0.001566357,0.089008143
0,0,0,0,0,0,0,0,0,0,0,0.001344219,0.078461127
0.260668649,0.225883937,2.162976368,0.078431511,0.817995993,4.961533983,4.865414533,4.746336948,4.214011366,5.13473702,5.807952242,0.001145378,0.077619261
0,0,0,0,0,0,0,0,0,0,0,0.001006594,0.060018341
0,0,0,0,0,0,0,0,0,0,0,0.000861694,0.036601683
0,0,0,0,0,0,0,0,0,0,0,0.000819351,0.021140776
0,0,0,0,0,0,0,0,0,0,0,0,0.003482338
0,0,0,0,0,0,0,0,0,0,0,0.003427233,0.003947589
0,0,0,0,0,0,0,0,0,0,0,0.003928787,0.030817798
0.306123047,0.177280273,2.492464551,0.275297912,0.32477338,5.2784639,5.536061049,4.53284204,5.085348845,4.377522111,4.615504682,0.004461054,0.090717504
0.213249586,0.213295602,2.443314087,0.15345246,0.722086982,5.094157829,4.623303451,4.747990259,5.290866594,5.240160235,5.827299904,0.005084758,0.140327535
0.163206613,0.226217448,2.457096913,0.245930177,0.665040266,4.613106816,4.813337967,4.791399417,5.047287029,5.476603851,5.821359986,0.005672757,0.247220257
0.093456799,0.250824265,2.421623832,0.291268593,0.607723095,4.401344606,4.669475047,5.310596387,4.740786714,5.207001861,5.655150846,0.006173495,0.224484055
0.183866812,0.177153571,2.501370251,0.280831593,0.575690555,4.366833883,4.527700019,5.560026999,4.949145425,5.097503747,5.902817084,0.006543252,0.287339525
0.137090282,0.20782214,2.407089232,0.312706355,0.643930319,4.474982209,4.458301496,5.453674018,5.120407022,5.182685455,5.870404326,0.006853627,0.316090684
0.157978973,0.191429901,2.494952127,0.283829123,0.547503027,4.548264571,4.503430631,5.139175372,5.287042955,5.682749419,6.033947986,0.007077722,0.399328941
0.238757392,0.23795105,2.390754865,0.180210322,0.739909541,4.642642572,4.988827696,5.085834374,4.769528781,5.300256342,6.099572172,0.007159633,0.324249481
0.285270725,0.2346403,2.287915125,0.087447235,0.803916538,4.871659716,4.669840574,5.507127951,4.909276446,5.207680543,6.000192563,0.007075364,0.243566659
0,0,0,0,0,0,0,0,0,0,0,0.006886104,0.228743668
0.519142253,0.003316244,1.928004236,0.086066485,0.810301818,6.444171489,4.954726398,4.690478981,5.923553467,5.269674004,5.551119805,0.0066425,0.23860202
0.344812575,0.096697341,2.381140779,0.124598615,0.608276691,5.567709382,4.16033345,4.504428322,5.931950331,5.712961353,5.986597015,0.006331214,0.391087756
0.015301107,0.063063151,2.247609352,0.517344131,0.657644839,3.13219592,4.572337389,5.465102911,4.910724163,5.373406768,5.657374382,0.005945269,0.287357213
0.169153781,0.152175564,2.374275171,0.295639944,0.457074665,4.561512704,4.468422909,5.101365576,5.431810573,5.64091301,5.995678296,0.00551892,0.262516925
0.159661097,0.228479908,2.42913174,0.17247661,0.638092423,4.388236652,4.748754121,4.936756495,5.49068136,5.341044138,5.808976816,0.005054358,0.212237578
0.329106446,0.194555339,2.281127337,0.085470304,0.666165536,5.96532197,4.217326569,4.070986808,5.885219932,6.072620559,6.276697874,0.004532381,0.157577147
0,0,0,0,0,0,0,0,0,0,0,0.004021348,0.123629815
0,0,0,0,0,0,0,0,0,0,0,0.003586755,0.099383666
0,0,0,0,0,0,0,0,0,0,0,0.002902061,0.065962246
0,0,0,0,0,0,0,0,0,0,0,0.002416299,0.050215545
0,0,0,0,0,0,0,0,0,0,0,0.002250047,0.046134034
0.305651584,0.219008789,2.21277337,0.116783424,0.759222909,4.789359113,5.50009646,5.45926555,3.939665814,4.780061066,4.440728446,0.002144232,0.057990302
0.375005348,0.219545433,1.96777045,0.091117819,0.846959479,4.863051312,5.204595821,5.190794008,4.009282103,4.46948014,4.547767792,0.002107943,0.06442002
0,0,0,0,0,0,0,0,0,0,0,0.002135722,0.059203316
0,0,0,0,0,0,0,0,0,0,0,0.00221631,0.066997989
0,0,0,0,0,0,0,0,0,0,0,0.002343477,0.075191094
0,0,0,0,0,0,0,0,0,0,0,0.002490636,0.086423565
0,0,0,0,0,0,0,0,0,0,0,0.002630447,0.099695553
0,0,0,0,0,0,0,0,0,0,0,0.002747123,0.147261408
0.230519409,0.240328674,2.342930282,0.18848507,0.661218793,4.451993536,4.516289517,4.998006426,5.334813327,5.328785393,5.648607746,0.002834717,0.263465097
0.18206227,0.164802677,2.483880089,0.267195378,0.627377592,4.725052606,4.216953965,5.323379667,5.78940272,5.310695129,5.886228274,0.00290567,0.328680582
0.236634033,0.164662191,2.358901352,0.25764102,0.689688839,4.879180068,4.333905157,5.315134662,5.221312544,5.181563437,5.589405274,0.003001708,0.290304135
0.197091096,0.149273838,2.460559751,0.286564147,0.586535583,4.582420005,4.582592941,5.648360211,5.778354076,5.646894162,6.005734641,0.003147266,0.319308082
0.173787647,0.181496193,2.44315519,0.297657886,0.736946484,4.649769508,4.610444103,5.308544929,5.194488419,5.219983158,5.661374305,0.003324727,0.31305618
0.203330349,0.169755588,2.389731321,0.19328659,0.77833991,4.407997996,4.440932065,5.370672604,5.033813725,5.230888804,5.190481226,0.003551484,0.248746731
0,0,0,0,0,0,0,0,0,0,0,0.003776174,0.192048516
0.185893555,0.241632894,2.235745066,0.196952672,0.837965266,4.684889182,4.280002639,5.51265642,4.633006245,5.344380066,5.119292513,0.003936543,0.146377291
0.140597331,0.199181152,2.196245477,0.198493935,0.65742264,4.219151571,4.854191923,5.704817223,4.507383579,4.68220802,4.729709929,0.004055974,0.167436969
0.312059807,0.165690548,2.171063513,0.097849911,0.619456579,4.732793014,4.780444004,4.954399678,4.334916505,5.006593618,5.048252127,0.004164082,0.146019526
0.305544804,0.178527314,2.139509206,0.147347057,0.742970588,5.047026212,5.113105308,4.818949602,4.312010223,4.895779317,5.468599238,0.004316265,0.183147768
0.213732688,0.173954486,2.483229199,0.271019641,0.635783787,4.730528126,4.334085424,5.045750287,5.664738623,5.525647407,6.251958257,0.004495869,0.323509703
0.228087417,0.160035955,2.417023836,0.27557716,0.648599378,4.893386136,4.607393197,4.983292628,5.923379191,5.705245243,6.390395395,0.004826376,0.322141421
0.243282122,0.173548817,2.452957526,0.253888117,0.610074214,4.796456964,4.604258241,5.046843504,5.559987648,5.523141663,6.056507717,0.005387894,0.317714734
0.244089741,0.191922972,2.401184479,0.223672643,0.553088168,4.853176249,4.431948263,5.067052117,5.694457475,5.524958915,6.206302862,0.006066643,0.310861862
0.17481385,0.207142711,2.481507673,0.275063082,0.625845321,4.73818037,4.077229785,5.090872833,5.652710489,5.60307025,6.097728014,0.00679302,0.336570316
0.15300877,0.237681047,2.29326581,0.294397598,0.765207596,4.408118725,4.886401352,5.199539216,4.834112118,4.81771156,5.557841343,0.007441992,0.308141089
0.20527493,0.249881185,2.491765553,0.236839276,0.635796909,4.841670215,4.835344667,5.182392249,5.017583738,5.497856294,6.128123368,0.007969023,0.32969804
0.486468424,0.074370443,1.97064661,0.119782423,0.793992003,5.621098506,5.390777183,4.449560296,4.606821334,4.733122778,5.027307713,0.008319026,0.287856767
0,0,0,0,0,0,0,0,0,0,0,0.008598797,0.248462675
0.311987305,0.268597005,2.0557311,0.216832721,0.917492102,4.742155671,5.554353476,4.940992415,4.349807441,4.586728036,5.900821328,0.008780711,0.251011761
0.212539877,0.193011882,2.405976197,0.072665317,0.59256171,4.67875436,5.378829301,5.690425843,3.840258092,5.003277927,5.797201336,0.008686382,0.289934153
0.243311548,0.229324544,2.28444186,0.164332597,0.666564898,4.845300014,4.718684151,4.92259115,5.053091109,5.256677637,5.862332637,0.008468649,0.311965408
0.282784831,0.210927734,2.526536359,0.127573969,0.731503629,5.136072636,5.139794707,4.209900618,4.322480559,5.809613585,6.343346119,0.00811272,0.248329584
0.261586914,0.242093506,2.370141593,0.15005336,0.747703514,4.861111824,4.799373552,4.860342632,4.565221344,5.172242825,5.593502542,0.007724421,0.252389924
0.365274658,0.16301473,2.065744587,0.020700497,0.663080483,4.948589489,5.029011682,4.42310451,4.850900531,5.318284572,5.005254999,0.007241889,0.233574361
0.249065592,0.249152507,2.278104537,0.070943229,0.644904637,4.819266391,4.865100008,5.063267875,4.653543466,5.316776049,5.528559697,0.006728924,0.225668257
0.270292318,0.20192098,2.362069995,0.151189673,0.683395742,4.657106307,4.906866652,5.385177398,4.467242065,5.30740445,5.822498822,0.006270748,0.229977052
0.172974126,0.264141217,2.468384339,0.190175885,0.731943907,4.814130967,4.878948501,5.253798497,5.110080637,5.560836942,6.138244914,0.00588461,0.235509879
0.089917603,0.220233765,2.393750458,0.370786731,0.686335476,4.721540392,4.157344751,4.878027178,5.353406012,5.743799195,6.510560289,0.005684812,0.222866223
0.152646159,0.208344075,2.451178233,0.288390365,0.699700427,4.56803354,4.722323441,5.136062634,4.995080626,5.294762731,5.411322582,0.0055345,0.248275216
0.106530699,0.325513822,2.062956961,0.192493128,0.809563058,4.543546892,5.852776293,5.004945723,4.739915233,5.078233182,5.396052952,0.005444386,0.206620897
0,0,0,0,0,0,0,0,0,0,0,0.005415255,0.142008134
0,0,0,0,0,0,0,0,0,0,0,0.005436833,0.135439109
0,0,0,0,0,0,0,0,0,0,0,0.005502063,0.147728554
0,0,0,0,0,0,0,0,0,0,0,0.005500657,0.168548041
0.229092158,0.260915799,2.364344125,0.163468159,0.675164553,4.314246154,5.201099866,5.083868663,4.605698407,4.957394183,5.296421693,0.005421367,0.183221432
0.364918416,0.180589396,2.189236203,0.044478166,0.695044227,5.267882755,4.437368233,4.345882855,4.962413855,5.400319237,5.75250823,0.00526245,0.174600666
0.288966937,0.197926897,2.287226484,0.112982595,0.688959802,5.113278781,4.415923814,4.554749432,5.087894045,5.577677426,5.623640866,0.005058031,0.26746357
0.201478597,0.211804362,2.437286926,0.169099832,0.661651132,4.851404475,4.462112832,5.218331256,5.145869503,5.585640183,6.198452187,0.004819541,0.327952276
0.160481201,0.244633057,2.403178906,0.197187499,0.728223641,4.483702235,4.591510049,5.324272111,4.937759,5.338868076,6.006289119,0.004485324,0.275591773
0.228591634,0.160333415,2.510821285,0.207881007,0.619806714,4.755564594,4.11584802,5.770475155,5.468270388,5.679329377,6.314064968,0.004039093,0.275715996
0.084739583,0.318222656,2.282540285,0.142106238,0.560294624,4.486414671,4.787886262,4.953771353,5.0137254,5.723180771,6.121842146,0.003528778,0.237693627
0.163683919,0.271285807,2.374445784,0.230205155,0.692874827,4.586513388,4.817856062,5.206743449,4.720658702,5.331590831,5.776486337,0.003016013,0.219197491
0.148506014,0.281797185,2.440843805,0.163420948,0.639473105,4.456184362,4.905513008,5.294221762,4.894444412,5.21866174,5.554207345,0.002526622,0.21581692
0.24644043,0.108455869,2.351276467,0.242131476,0.584380178,4.621548338,4.640565191,5.433760779,5.388915449,4.857269585,5.452544042,0.002099022,0.210657611
0.378154297,0.129522298,2.412008348,0.083167137,0.714240047,4.92384094,4.273462266,4.607116491,5.182817042,5.525936604,5.63776958,0.001772291,0.148925192
0.242178711,0.227157226,2.329163554,0.092660365,0.654095998,4.859510529,4.391511452,4.726492238,5.289111709,5.456964946,5.333309162,0.001515656,0.011464927
0,0,0,0,0,0,0,0,0,0,0,0.001408652,0.006110833
0,0,0,0,0,0,0,0,0,0,0,0.003857158,0.005134216
0,0,0,0,0,0,0,0,0,0,0,0.004355012,0.103322676
0.140527344,0.318189901,2.483629925,0.16094325,0.662891233,4.807255901,5.354538679,4.982860588,4.88520857,5.432745516,6.058395699,0.005038978,0.138594979
0.170165405,0.304945068,2.280782919,0.096856934,0.74791098,4.48252669,4.984330058,5.430313408,4.427942045,5.244694091,5.685594879,0.005665404,0.156619385
0,0,0,0,0,0,0,0,0,0,0,0.006175268,0.166703856
0.224407784,0.274371396,2.414867225,0.155490805,0.688235466,4.803402475,4.73061333,5.22881923,4.70411846,5.574428609,5.941068441,0.006562738,0.185425414
0.212341037,0.191958008,2.561777572,0.2990823,0.637726843,5.174172491,4.106542409,4.496119311,5.995001992,5.969930093,6.330053687,0.006732022,0.244076581
0.141189779,0.220187174,2.488215476,0.312349432,0.616799984,4.610653937,4.960051179,6.793649316,5.292861819,4.827729702,5.547906399,0.006720637,0.252572707
0,0,0,0,0,0,0,0,0,0,0,0.006570768,0.203607241
0.117359701,0.14283789,2.008953659,0.322962895,0.661760736,4.638376284,4.05400418,5.237184441,5.882510281,5.087724412,5.51610235,0.006255703,0.235836318
0.187065837,0.200267605,2.160340727,0.178865286,0.760230961,4.724056244,4.817216963,5.161757588,5.117418875,5.098400707,5.30870751,0.005754733,0.229118955
0.230806387,0.232987558,2.278194913,0.132423323,0.818494904,4.774947451,5.527678384,5.112374816,4.459194276,4.516829299,5.157737149,0.005167357,0.195054547
0,0,0,0,0,0,0,0,0,0,0,0.004475773,0.165991659
0.186306966,0.117883301,2.470805607,0.383285583,0.635602054,5.25181965,4.051885923,5.398014128,5.889493545,5.644408574,6.833895644,0.003793175,0.207509482
0.223000651,0.109306966,2.471386262,0.331534042,0.595190802,4.759121776,4.153121328,5.351813281,5.954023766,5.67924391,6.390849734,0.003125734,0.208431788
0,0,0,0,0,0,0,0,0,0,0,0.002575052,0.151867682
0,0,0,0,0,0,0,0,0,0,0,0.002158368,0.216040913
0.250074436,0.189941081,2.166514016,0.116470579,0.868142608,4.927276043,5.026563231,5.119557353,4.27125783,4.60321641,5.280721978,0.001844333,0.217424913
0.245197664,0.179515788,2.344335043,0.148204095,0.815101166,5.180593381,4.883914004,4.798443751,4.185068568,4.984479427,5.677912944,0.001625383,0.204774616
0.106651768,0.315109675,2.210530576,0.125769954,0.798223891,4.956704373,5.121929911,4.989953798,4.473110731,4.390746539,5.352217958,0.001505304,0.131364759
0.098418783,0.031170248,2.245462153,0.511170465,0.646372041,3.896311552,5.195773244,5.644364894,4.596994162,5.058067263,5.771965981,0.001481852,0.114156617
0,0,0,0,0,0,0,0,0,0,0,0.001537453,0.110736342
0,0,0,0,0,0,0,0,0,0,0,0.001669106,0.113759336
0,0,0,0,0,0,0,0,0,0,0,0.001844414,0.124644984
0.268395996,0.141310221,2.320934297,0.117429846,0.827904105,4.956188694,4.53759719,4.86415036,5.010105918,5.295565888,5.192818468,0.00205314,0.17775366
0.247234049,0.180401449,2.310784991,0.181755838,0.754580466,4.873964991,4.810516533,5.005244505,4.923736447,5.010465792,5.645702454,0.002263342,0.199419606
0.329130758,0.193605754,2.173663637,0.113285881,0.731034166,5.434908267,4.803013317,4.735386415,4.886971586,5.227789007,5.543003894,0.002456916,0.185185369
0.191900092,0.153674316,2.366433981,0.272904841,0.73426832,5.126848022,4.366074582,5.347088759,5.420105557,5.651084925,6.321135889,0.00262761,0.250184513
0.168050401,0.219899902,2.418960171,0.212613476,0.727000368,4.958482425,4.141827971,4.949979663,5.525161833,5.774220894,6.263290068,0.002757031,0.248854798
0.172978923,0.237619832,2.340017534,0.202019089,0.792027094,4.967965007,4.663233094,5.072905541,5.182063118,5.582748771,5.922769725,0.002838995,0.237724212
0.247591349,0.20906311,2.452204486,0.16303633,0.777278545,5.177389331,4.428228021,4.675103836,5.482610531,5.711380042,6.131441787,0.002881032,0.230878993
0.179372415,0.100505228,2.320033753,0.340975236,0.742189551,4.860441776,4.249000032,5.578702229,5.885363032,5.49062069,5.683266682,0.002859455,0.279991726
0.204619955,0.125250515,2.316312544,0.263174581,0.753955947,4.907171572,4.225521788,5.115262886,5.559485058,5.579603642,5.880565375,0.002767569,0.2256171
0.271808268,0.214983724,2.237131221,0.148499378,0.762262583,5.223452169,4.796457942,4.562876536,4.902719305,5.355936825,5.957496262,0.002618273,0.194240623
0.166227214,0.263504983,2.198419082,0.173709792,0.734078974,4.7456719,4.822181335,5.473957034,5.086497843,5.629644632,5.740781862,0.002415404,0.169866915
0.208186849,0.263432481,2.253470608,0.165283027,0.759727058,4.963208407,4.90462335,5.224543234,5.076795692,5.704040438,5.584750652,0.002180499,0.188443381
0.191371867,0.269145508,2.368733719,0.134511387,0.584313038,4.976807803,4.494345933,4.936444372,5.356260106,5.690128096,5.69514247,0.001941517,0.172905331
0,0,0,0,0,0,0,0,0,0,0,0.001699205,0.120145861
0.216681586,0.26001709,2.289619134,0.131581102,0.69674437,5.017306457,4.855374068,4.829446644,4.983871688,5.063552509,6.001141012,0.001445778,0.134034156
0.146021593,0.290480957,2.435640701,0.167877562,0.614487245,4.369255195,4.621490479,5.468554407,4.759512107,5.261664271,5.757058342,0.001220248,0.118464108
0,0,0,0,0,0,0,0,0,0,0,0.001060276,0.069089009
0,0,0,0,0,0,0,0,0,0,0,0.000963613,0.058286402
0,0,0,0,0,0,0,0,0,0,0,0.000870705,0.039652101
0,0,0,0,0,0,0,0,0,0,0,0,0.002678721
0,0,0,0,0,0,0,0,0,0,0,0.003904724,0.023928344
0,0,0,0,0,0,0,0,0,0,0,0.004468019,0.071874333
0.110832002,0.176612956,2.347394985,0.315184623,0.724834529,4.439354024,4.833170371,5.652555059,4.686435878,5.366489215,5.84907263,0.005136158,0.103890613
0.151941189,0.237576497,2.432218065,0.193324226,0.737663907,4.86735887,4.433900088,4.826060679,5.056738526,5.44488737,5.741002599,0.005855921,0.149415987
0.144914337,0.207430184,2.496394029,0.248210997,0.586675367,4.686692985,4.626107172,4.742221867,5.253496841,5.599330472,6.073974453,0.006531109,0.268738145
0.071055871,0.20926018,2.292665621,0.363141967,0.599695226,4.282642359,4.663652859,5.740082817,4.91352629,5.03952844,5.558024669,0.007134294,0.264671354
0.169627511,0.198484119,2.423067392,0.2284023,0.626776963,4.821706823,4.141346042,5.072194589,5.583447086,5.556914172,6.01224712,0.007532478,0.32619916
0.18464067,0.179086766,2.405868781,0.213940906,0.61511946,4.938982859,4.267606432,4.653274878,5.353070703,5.642613769,5.810803199,0.007860974,0.294412301
0.189484253,0.159288534,2.463750872,0.24658781,0.475848786,5.096579589,4.219068632,4.896243326,5.929120153,5.76847893,6.112464398,0.008047339,0.410266236
0.179726653,0.211413303,2.475472494,0.237657511,0.638434624,4.346957863,4.602946556,5.403753049,5.098318139,5.174989839,6.016111059,0.008097835,0.39405278
0.168396484,0.123099935,2.627530749,0.359796941,0.748017757,4.672918093,4.516838121,5.18642565,5.344326258,5.332597327,6.032965899,0.007943472,0.308901667
0,0,0,0,0,0,0,0,0,0,0,0.00763928,0.266293552
0,0,0,0,0,0,0,0,0,0,0,0.007270291,0.245810829
0.258564589,0.108256971,2.332623151,0.196998265,0.633255265,5.23085622,4.374683316,4.544612388,5.705846578,5.808575362,6.091537779,0.006793031,0.382504462
0.315032733,0.142144821,2.379468455,0.09370329,0.652618828,5.397638877,4.336296658,4.326699787,5.708660192,5.405125817,5.938797341,0.006274258,0.310332285
0.390366007,0.104995321,2.211543124,0.062127094,0.674494505,5.647300646,3.995082565,4.461871855,5.811495803,5.78505443,6.188842207,0.005727015,0.334185245
0.161490249,0.171153334,2.462569198,0.236493317,0.600733721,4.739148922,4.164988256,4.958548147,5.539410114,5.549848601,6.266554656,0.005165112,0.244250981
0.279207031,0.170232422,2.349878979,0.113002679,0.55730791,5.28726213,4.404755521,4.769651091,5.479940057,5.676143932,5.654487133,0.00459864,0.186134774
0.276741537,0.229106174,2.406840696,0.090940974,0.491341783,5.114338905,5.323671937,5.192157368,4.276435385,4.47813792,4.802358806,0.004072928,0.130051607
0.339892578,0.212253418,2.312753224,0.071283996,0.451195921,5.904087902,5.139959544,4.66775778,4.60553065,4.54967016,5.114388645,0.003609365,0.105471997
0,0,0,0,0,0,0,0,0,0,0,0.003223921,0.085747955
0,0,0,0,0,0,0,0,0,0,0,0.002900356,0.069426101
0,0,0,0,0,0,0,0,0,0,0,0.002422431,0.050022644
0,0,0,0,0,0,0,0,0,0,0,0.002255828,0.047948124
0.305444879,0.187128183,2.024111478,0.198544788,0.690329721,4.790887919,5.484314892,5.131604373,3.75130858,4.525152345,4.668166068,0.002156323,0.05746394
0.281697591,0.311636556,2.084946233,0.146248561,0.67132844,4.393869788,5.658777178,5.725312114,3.370401115,4.424718529,4.870055855,0.002121999,0.060998223
0,0,0,0,0,0,0,0,0,0,0,0.002154617,0.059263185
0,0,0,0,0,0,0,0,0,0,0,0.002457569,0.085332743
0,0,0,0,0,0,0,0,0,0,0,0.002565089,0.107813287
0.1310512,0.268813012,2.326271246,0.238495705,0.636319599,4.499496435,4.517395539,5.420300807,5.223302965,5.39684686,5.898396484,0.00263527,0.239537052
0.304084111,0.139558286,2.370841568,0.175001499,0.68009562,4.874429236,4.347177357,4.817214622,5.277905812,5.296805968,5.607527521,0.002673138,0.275659245
0.068274333,0.076311849,2.145218308,0.510585848,0.479996674,4.899475068,3.697777689,4.624481901,6.120621562,5.185003459,5.997567982,0.002699223,0.310776407
0.067315719,0.216243128,2.468925504,0.429004839,0.682162503,4.266882012,4.751372605,6.018243267,4.594394406,4.967534595,5.237563468,0.002728755,0.25375622
0.067852609,0.192768671,2.421682804,0.377264873,0.616678028,4.438692025,4.704880382,5.753881088,5.015869128,5.325152934,5.430777669,0.002806524,0.203317017
0.022543946,0.139711101,2.321087221,0.475110767,0.399182087,4.030244291,4.845804572,5.196849763,4.894697786,5.461328089,5.973716617,0.002921742,0.170135929
0.252380371,0.218185764,2.426606383,0.163260466,0.713006353,4.666101128,4.191358422,5.068058953,5.184005137,5.200670163,5.549781626,0.003110448,0.261426215
0.118435872,0.284773085,2.431994559,0.244313816,0.74136236,4.219204311,5.149359748,5.767035981,4.767588372,4.818785598,5.382915035,0.003299486,0.208782118
0.193460937,0.175296549,2.373951482,0.254771614,0.70652526,4.51567963,4.978723256,5.501860328,5.145394687,5.309100874,5.319036535,0.003442263,0.231031896
0.298272027,0.202301975,2.480304146,0.273485476,0.76907852,4.845059772,4.921041111,5.173728665,4.498602629,5.065566957,5.044225931,0.003540994,0.178342518
0,0,0,0,0,0,0,0,0,0,0,0.003610055,0.150036954
0.215960286,0.183551941,2.23089533,0.362188778,0.562612834,4.923691329,5.148365513,5.166396439,4.140662212,4.932650548,5.580502532,0.003702402,0.190104465
0,0,0,0,0,0,0,0,0,0,0,0.003793386,0.191379648
0.39331977,0.088501519,2.27354335,0.172373188,0.594816693,5.392153541,4.617928942,4.702450673,5.427029451,5.297307015,6.173245112,0.003993862,0.220265755
0.326719112,0.136611871,2.343690388,0.106357832,0.615556707,5.264827927,4.608918998,5.00762656,5.468479349,5.671864748,6.039214505,0.004336251,0.271010422
0.226100586,0.155838379,2.408294346,0.291156514,0.68361292,4.682552934,4.841743761,5.305761802,5.398306659,5.203127331,6.061127329,0.004816973,0.268168685
0.147547607,0.233130534,2.409952602,0.285435719,0.722565679,4.297735115,4.941358799,5.700092667,4.821673566,4.955625889,5.521802357,0.005427476,0.262060042
0.198282001,0.217577624,2.343970289,0.220108528,0.690157402,4.475222487,5.459062475,5.481861963,4.560799681,4.878634315,5.290088938,0.006010364,0.269295047
0.621777073,0.188671333,1.478436004,0.028598543,0.837830837,5.992306233,4.65235585,4.144263426,3.554624091,4.381276359,4.481638143,0.006423918,0.210660968
0.344744647,0.210855577,2.037024196,0.094990845,0.775304347,4.69966858,5.071147005,4.776942558,3.776185797,4.683161769,4.787545767,0.00671433,0.212278503
0.519741211,0.162421061,1.823363106,0.067929583,0.645388017,6.519609809,4.878360182,4.001212299,4.453248739,4.495826036,4.766943962,0.006944552,0.217805587
0.333786892,0.183980984,2.146181737,0.181712619,0.775765998,5.184409072,5.138332511,5.135584826,4.295186912,4.783768341,5.19945466,0.007128255,0.297792465
0.357552897,0.152234701,2.300118853,0.11596187,0.844340779,5.358812481,5.426695943,4.887222513,4.311884626,5.332431585,5.456485078,0.007090088,0.250205118
0.07416036,0.315921428,2.327156334,0.220798144,0.603491408,3.994437799,4.629906736,5.600515872,5.123733558,5.089429252,5.877808571,0.006948944,0.307180527
0.215262044,0.224469789,2.387172999,0.183100929,0.779136379,4.524483183,4.616490276,5.51291646,4.880155982,5.445117956,6.034567969,0.006759141,0.282682124
0.153252186,0.185553734,2.418663249,0.285138032,0.702598404,4.552177178,4.243982192,5.775970872,5.279319355,5.629760555,6.209491176,0.006470866,0.311481207
0.339277073,0.170582818,2.182906579,0.051676113,0.684204572,5.084486519,4.914466669,4.790298795,4.234393746,5.025267929,5.393425872,0.006171183,0.244450237
0.189400112,0.2165389,2.392937601,0.276665813,0.709504843,4.342969145,5.499324484,5.558738534,4.213490516,4.917235673,5.12048626,0.005783854,0.242050976
0.210748568,0.196090104,2.474141983,0.210449921,0.801775881,4.792524629,4.904214964,5.392811232,5.02903193,5.362802436,5.974915497,0.005475952,0.261908997
0.183022517,0.206881454,2.457611771,0.219087857,0.760877595,5.056840312,4.817115091,5.221459868,5.275611894,5.714471879,6.168234957,0.005287684,0.229424992
0.059483507,0.352414822,2.363457227,0.340004869,0.70354541,4.275956333,5.371864438,5.529863199,4.796061397,5.318489393,5.885941148,0.005178168,0.228877683
0.054196065,0.244399719,2.366791663,0.386393069,0.582588526,4.096906273,4.597787101,5.554228179,5.192942887,5.187511936,6.155749388,0.005119149,0.255227256
0.210304362,0.30905525,2.104730161,0.068550513,0.85583876,5.032019805,5.453694425,4.907715868,4.252216128,4.938832175,5.137434824,0.005060171,0.171389383
0,0,0,0,0,0,0,0,0,0,0,0.005043313,0.147481921
0,0,0,0,0,0,0,0,0,0,0,0.005043777,0.145445295
0.359378255,0.213386231,2.131613833,0.063129704,0.909575716,5.582561076,5.084967643,4.596780926,4.083608866,4.987671316,5.152943641,0.005057214,0.150248435
0.166739299,0.174838359,2.278727151,0.240738412,0.70427438,4.25314766,4.720750771,5.536097228,4.829887405,4.965753991,5.56473016,0.005047301,0.198247372
0.206541233,0.207011122,2.390639271,0.166612752,0.715904788,4.705006237,4.996901198,5.00493661,5.00479188,5.279312454,5.772377906,0.004943979,0.253752177
0.149615072,0.128402507,2.549302747,0.270852615,0.622145752,4.670475096,4.407593549,5.690496683,4.936035752,5.510766924,5.965292752,0.004782763,0.230796127
0.095506999,0.271994086,2.368411309,0.280507726,0.647665945,4.297825394,4.599770571,5.527481049,5.07678322,5.572101121,5.906945586,0.004561035,0.320020869
0.249673665,0.171303304,2.532178369,0.184117316,0.563456901,4.530975558,4.509557914,5.161449205,5.275001273,5.154331237,5.79868998,0.004332294,0.280479655
0.169475098,0.283319228,2.408088049,0.191034836,0.503624368,4.472746025,4.343345146,5.246746033,5.503048062,5.199889412,6.092100143,0.004040103,0.205956276
0.194868345,0.227480107,2.378688359,0.203448054,0.678384515,4.629056295,4.194521798,4.853945421,5.242347062,5.293563015,6.196297513,0.003652558,0.27256941
0.197536983,0.189032661,2.526823849,0.31998715,0.614232012,4.708215128,4.577354759,5.164964034,5.194071449,5.288213736,5.855907672,0.003229546,0.260772427
0.181289171,0.182014757,2.419349595,0.271158804,0.629648898,4.901458319,4.556963531,5.247402024,5.308826232,5.406419762,5.64276375,0.002793311,0.26067386
0.179679362,0.26396403,2.250198044,0.144827253,0.810497588,4.280764453,4.547832787,5.327445969,4.970264457,5.340809785,5.640985772,0.002380421,0.186950176
0.262587139,0.213615785,2.371172442,0.12823008,0.69637808,5.140168804,4.699804966,5.169753781,5.053816887,5.206625847,5.942111107,0.002045049,0.010432914
0.297796964,0.225363843,2.279635741,0.081982365,0.740009732,4.737182975,5.331643419,5.353910695,4.669690961,4.865632111,5.397491006,0.001765485,0.010557313
0,0,0,0,0,0,0,0,0,0,0,0.001565841,0.013208866
0,0,0,0,0,0,0,0,0,0,0,0.00422447,0.005357442
0,0,0,0,0,0,0,0,0,0,0,0.004813182,0.004748642
0,0,0,0,0,0,0,0,0,0,0,0.005584577,0.12657744
0.166873779,0.352559204,2.082278688,0.09542711,0.726412355,4.275824238,4.841268964,5.121127508,4.298501849,5.403559827,5.763309061,0.006347051,0.162442
0.263617572,0.268680013,2.125568391,0.039101836,0.729832579,4.556692882,4.979440657,4.51266518,4.653465027,5.017205379,5.576933742,0.006986365,0.194119424
0.315880534,0.188280436,2.231861424,0.121089839,0.791300099,4.990060389,4.115333766,4.646954269,5.773696631,5.509118497,5.68558389,0.007498852,0.216545531
0.242088467,0.208197992,2.350396529,0.16880212,0.702559578,4.958909282,4.291608953,5.125730703,5.364028252,5.686147341,6.290349263,0.007794986,0.251262649
0.294147678,0.238500977,2.238139153,0.065100885,0.652539499,5.169022659,5.29768761,4.865553757,4.18271476,4.50323393,5.072629472,0.00781242,0.306327564
0.270096959,0.235622442,2.222588369,0.13057023,0.749533472,5.221721854,5.035241059,4.997054832,4.506535385,4.944713661,5.751220584,0.007720305,0.225158717
0.161112468,0.151729737,2.296309748,0.382770596,0.736257489,4.961026788,4.558251306,5.123284385,5.103418172,4.997841746,5.565735549,0.007404739,0.268929457
0.163071832,0.163656684,2.42613631,0.318153791,0.713612344,4.483366807,4.212140322,5.498761167,5.861945649,5.475887626,5.569639037,0.006950836,0.296966581
0.206773682,0.200656942,2.338952856,0.220473349,0.791221439,4.716813486,4.761615723,5.496960104,4.86173252,5.201866612,5.245325886,0.006346755,0.290103514
0.143054036,0.110635091,2.207546328,0.340345135,0.700343519,4.296276307,4.98511467,5.891655564,5.385930407,5.019572687,5.548552775,0.005525426,0.237871659
0.234778454,0.172165479,2.352645804,0.220709051,0.808326027,4.906570817,5.077875572,5.091963684,4.376650772,4.899100721,5.636661284,0.004679919,0.223408024
0.1704825,0.188795517,2.424717834,0.288106881,0.725567107,4.483653104,4.657696329,5.765235114,4.985123419,4.900100178,5.847118398,0.003908705,0.35986256
0.259323324,0.148162638,2.276528239,0.252156939,0.734851704,5.09874332,5.127965405,5.517006054,5.255269975,5.38175071,5.980927363,0.00320138,0.251048747
0.150186198,0.260834473,2.397062206,0.215603403,0.670370292,5.071750802,4.358464617,5.127603001,5.16780529,5.391568333,6.161813444,0.002608442,0.240028753
0.268908138,0.19294388,2.159124526,0.146770477,0.835079319,4.830912339,5.288663466,5.204263089,4.441365292,5.215104451,5.436339583,0.002160354,0.2465624
0.333333789,0.152059115,2.123229694,0.089817198,0.832409388,5.524129028,4.725306544,4.757428408,4.492606995,5.234129229,6.141153455,0.001804434,0.219242515
0.291625642,0.150266496,2.231261483,0.136772126,0.819104523,5.218822798,4.682371033,4.891838524,4.827942586,5.171092577,5.957130494,0.001563992,0.204677529
0.262369917,0.213300531,2.222888236,0.113419406,0.811874739,5.078313745,5.139339974,4.950062481,4.400331349,4.94335479,5.511665477,0.001448056,0.180838304
0.222233073,0.194005737,2.265716444,0.154935549,0.855123373,4.918293707,5.065548333,5.207705826,4.400709746,5.006475302,5.539480815,0.001456777,0.203882843
0.28909837,0.163737292,2.212156183,0.120891472,0.825193917,5.09135561,4.766782644,4.963314494,4.739102898,5.16279001,5.814104479,0.001557493,0.187547482
0.317915639,0.151432035,2.111388903,0.096203329,0.809759746,5.264997128,4.637040138,4.956310909,4.759370835,5.110692658,5.958830451,0.00172954,0.185425648
0.241828381,0.133009324,2.342063929,0.195900687,0.877016118,5.365334502,4.241729128,5.203048246,4.402929879,4.997252056,5.840914573,0.001945351,0.223538961
0.261230469,0.158081869,2.363860507,0.168820894,0.79326144,5.27078718,4.35595879,4.687472761,4.576122761,4.805795372,5.675731749,0.002166352,0.163350536
0.196072813,0.258212521,2.244706602,0.094604769,0.735193863,4.875058861,4.599306656,4.93931022,4.829918179,5.017990836,5.632408158,0.002376044,0.195864399
0.291573449,0.145760831,2.183420114,0.089652353,0.839124866,5.154674828,4.68001939,4.90366124,4.902104909,5.160972736,5.627668998,0.002563729,0.196632791
0.135416783,0.244504162,2.401463161,0.232263402,0.692069028,5.185399371,4.432199649,5.293568096,5.740133149,5.957196695,5.908363777,0.00271344,0.221199684
0.346177572,0.151332194,2.519174032,0.174354625,0.671778312,4.847041309,4.266023368,5.432602406,5.746161818,5.648041785,5.580833703,0.002828276,0.269957429
0.130573242,0.25615625,2.424106587,0.261147322,0.602630586,4.298402575,4.609330869,5.07510705,5.118172252,5.384914792,5.528795826,0.002896392,0.238703949
0.121198874,0.201940583,2.365379083,0.320325176,0.695722995,4.696226849,4.422358162,5.286316044,5.647956164,5.482893733,5.837160153,0.002896851,0.267890452
0.119642063,0.193492703,2.44748542,0.298425413,0.716123951,4.522851437,4.360773673,5.164141804,5.557929948,5.489583075,5.814485699,0.002829258,0.266034804
0.106297506,0.257986043,2.368415148,0.262798664,0.69277225,4.559136482,4.572603837,5.258551214,5.086121563,5.522251349,6.057523027,0.002696525,0.212948992
0.10545936,0.226799755,2.191133956,0.314295487,0.679204449,4.542498203,4.469876179,5.328235651,5.309825343,5.599453536,6.145737281,0.002504406,0.220424205
0.237922945,0.236530529,2.39692005,0.172318645,0.747718707,4.746895137,4.75883945,4.918364635,5.25479795,5.205419047,5.506008165,0.002283766,0.222193059
0.143694949,0.27695054,2.453559292,0.223210644,0.68346036,4.653258632,5.060838545,5.02220489,5.16030408,5.362410587,5.518433105,0.002050271,0.156646139
0.129849345,0.271873576,2.327372142,0.203895941,0.607277093,4.697976153,4.913078502,5.101469003,5.095018811,5.541882154,5.682050485,0.001792187,0.1725189
0.157791775,0.291742946,2.304497358,0.154182507,0.636866707,4.672789725,4.699835114,4.974564056,4.896417697,5.306871212,5.597891231,0.001528556,0.140914844
0,0,0,0,0,0,0,0,0,0,0,0.001298268,0.100326414
0,0,0,0,0,0,0,0,0,0,0,0.001111727,0.087435712
0,0,0,0,0,0,0,0,0,0,0,0.000988793,0.083969709
0,0,0,0,0,0,0,0,0,0,0,0.000918381,0.069852784
0,0,0,0,0,0,0,0,0,0,0,0.000873145,0.055777813
0,0,0,0,0,0,0,0,0,0,0,0.000837455,0.045164726
0,0,0,0,0,0,0,0,0,0,0,0.000809514,0.037007085
0,0,0,0,0,0,0,0,0,0,0,0,0.002678721
0,0,0,0,0,0,0,0,0,0,0,0.004410317,0.02566686
0.097916667,0.400545654,2.198348353,0.150433348,0.800452272,3.608329728,6.265297175,5.998171598,3.887974888,4.858118624,5.270451307,0.005091914,0.074666936
0.062825928,0.350187717,2.228706309,0.202109194,0.80516801,4.336961413,4.807852348,5.292714591,4.264327054,4.92798836,5.703727196,0.005863604,0.116772314
0.075886606,0.340964418,2.28181919,0.186115774,0.802229025,4.486896856,5.087522245,4.938421655,4.584545294,5.068413239,5.813777681,0.00669104,0.142498556
0.140608424,0.232475929,2.43374855,0.221451623,0.740256398,4.691133168,4.736309549,4.994209751,5.130889471,5.533030027,5.757135142,0.007452938,0.264086167
0.073533219,0.165370861,2.296969366,0.341109887,0.710113706,4.288805651,4.806505748,5.477625784,4.904937029,5.349353702,5.3783207,0.008155391,0.331552045
0.157004304,0.155283926,2.529332391,0.31039297,0.597870168,4.681480759,4.082223236,5.299256517,6.150950909,5.624672506,6.262453039,0.008664765,0.431131314
0.225622928,0.18444987,2.371355052,0.192932912,0.569331009,5.107407099,4.335028421,4.686798079,4.992785199,5.254655372,5.587522268,0.00894503,0.299146968
0.122382061,0.240828764,2.378493534,0.232086012,0.638319482,4.839827198,4.211020339,4.999817809,5.772888074,5.654544473,6.045432208,0.009131243,0.347442997
0.234521485,0.099800212,2.532790605,0.303270317,0.507138336,4.579858661,4.171145573,5.02041477,5.32994695,5.500179559,5.875205905,0.009102793,0.499759796
0.274811757,0.165994314,2.470699057,0.19421556,0.704550197,4.684674972,4.636497102,5.104874033,5.053414948,5.412512749,6.089583153,0.008925937,0.394148097
0.279882813,0.177228074,2.474737311,0.138377381,0.649212333,4.650040339,4.246506299,5.205526722,5.633432192,5.323634369,6.035300366,0.008522625,0.414357409
0,0,0,0,0,0,0,0,0,0,0,0.008000782,0.349585152
0.245249295,0.06690077,2.336298628,0.246474174,0.552161104,5.122075955,3.81329155,5.017876854,6.32257541,6.076705496,5.97386984,0.007392879,0.357224596
0.260209016,0.180770907,2.370514758,0.148197878,0.617222535,4.909974298,4.497243412,4.968673379,5.527568669,5.568472807,5.913971837,0.006762,0.377082342
0.251482024,0.140671477,2.270736538,0.200652195,0.593991504,5.142040743,4.280646702,5.137756262,6.222709099,5.832994183,6.1712418,0.006055351,0.37809448
0,0,0,0,0,0,0,0,0,0,0,0.00531397,0.254429599
0,0,0,0,0,0,0,0,0,0,0,0.00467189,0.164587326
0.279016927,0.238822429,2.456232644,0.085311781,0.628598704,4.82799922,5.047102377,4.917781502,4.513708234,4.929431707,5.568847776,0.003620305,0.11131389
0,0,0,0,0,0,0,0,0,0,0,0.002890488,0.07419835
0,0,0,0,0,0,0,0,0,0,0,0.0026185,0.061879149
0,0,0,0,0,0,0,0,0,0,0,0.002394499,0.053785958
0,0,0,0,0,0,0,0,0,0,0,0.002230707,0.049820921
0,0,0,0,0,0,0,0,0,0,0,0.002141984,0.052227271
0.291794271,0.168657878,2.060185309,0.227381028,0.807347576,4.590338576,5.937142354,5.417130834,3.80084438,4.269149363,5.043725973,0.002111178,0.061116883
0,0,0,0,0,0,0,0,0,0,0,0.00213978,0.059511963
0,0,0,0,0,0,0,0,0,0,0,0.002201711,0.066303016
0,0,0,0,0,0,0,0,0,0,0,0.002290598,0.07521079
0,0,0,0,0,0,0,0,0,0,0,0.002391613,0.085651036
0.228508227,0.203324012,2.36971646,0.182514077,0.699857103,4.617184455,4.496269063,5.081656147,4.887226712,5.160645577,5.055779165,0.002467511,0.135486831
0.184512389,0.222447821,2.392441705,0.171318839,0.67525427,4.374282795,4.442569954,5.560643897,5.133105138,5.090260008,5.444285179,0.002501418,0.199284537
0.244288515,0.247247426,2.221904293,0.123459441,0.758761418,4.78868193,4.667571081,4.766455425,4.893534631,5.012193626,5.392839722,0.002496614,0.189909301
0.145784017,0.304562988,2.294027944,0.164969699,0.758636362,4.251425511,4.935141754,5.512948215,4.147251707,4.209249866,4.379662073,0.002485667,0.185305379
0.036758762,0.105131293,2.217384617,0.485618379,0.605505931,4.141072288,4.018083985,6.132693157,5.382791435,5.076526801,5.574694882,0.002465108,0.305375626
0,0,0,0,0,0,0,0,0,0,0,0.002479198,0.230104003
0,0,0,0,0,0,0,0,0,0,0,0.002545422,0.121427206
0,0,0,0,0,0,0,0,0,0,0,0.002649513,0.157426341
0,0,0,0,0,0,0,0,0,0,0,0.002801308,0.159128796
0.171177707,0.144573568,2.379774629,0.293431653,0.699313834,4.394639065,5.197913831,5.698380659,4.809716354,5.194648624,5.414613178,0.002916562,0.21947291
0.135019383,0.201649355,2.326586047,0.31710815,0.76172187,4.52871631,4.940922688,5.966040768,4.558816644,4.508094712,5.488390197,0.003005529,0.208431986
0.183901367,0.180291341,2.392057038,0.288270927,0.57050153,4.499324004,4.921233793,5.547376156,4.451357762,5.06559522,5.516699632,0.003037598,0.197964767
0.15168752,0.212946574,2.3030904,0.298147677,0.632048678,4.570014166,4.839617372,5.326223478,4.829372827,5.596123539,5.99773841,0.003076341,0.234657348
0.26606071,0.182150716,2.282943937,0.235890138,0.658879221,4.734223005,4.677125794,5.117410183,5.029396093,4.924784952,5.726899362,0.003143545,0.222301952
0.213625814,0.175856608,2.309939663,0.293788048,0.651105542,4.911780769,4.615747529,4.782998407,5.786104506,5.48236112,6.254134202,0.003233221,0.245380199
0.191199544,0.144261753,2.400192665,0.279317236,0.695485229,4.928930838,4.467625157,5.248514546,5.69596571,5.787496024,5.931082748,0.003416047,0.310455906
0.070335287,0.213044905,2.380645389,0.398429676,0.657331933,4.139200822,4.617988295,5.578935701,5.10614418,4.888229599,5.714226638,0.003716589,0.259444611
0.061274821,0.168108317,2.375781803,0.434518016,0.489560616,3.891469646,4.571593054,5.925115705,5.287290402,5.192915693,5.701710992,0.004198656,0.231103189
0.155600586,0.113333333,2.258097766,0.38747598,0.265993216,4.557852268,4.914113998,6.032639742,5.035724521,5.654434443,6.254439712,0.00463423,0.17764145
0,0,0,0,0,0,0,0,0,0,0,0.004973894,0.161661058
0,0,0,0,0,0,0,0,0,0,0,0.005237274,0.173861782
0.641300999,0.004475097,1.480149345,0.065943236,0.815084746,6.741037866,5.36035953,4.261496534,5.05328997,4.889211416,5.482785185,0.00540161,0.197777732
0.160939996,0.265734809,2.368576312,0.230462745,0.722337945,4.409132419,4.89975911,5.485577003,4.61026639,5.164853521,5.690962942,0.005577106,0.289488472
0.167345029,0.288988212,2.247354878,0.18413241,0.708241568,4.724745963,5.335887241,5.143268819,4.469540775,5.110130595,5.55169854,0.005617798,0.259249156
0.178992188,0.213949707,2.329752192,0.197424517,0.587592,4.463349679,4.753671914,5.559670624,5.157484558,5.523772407,5.835649693,0.005630998,0.341306499
0.22349558,0.244666855,2.390257688,0.127816642,0.728837781,4.846559016,4.546488762,5.181144752,5.067711356,5.420684595,5.940724197,0.005546915,0.2756928
0.094600152,0.263014757,2.454036633,0.286982578,0.654924333,4.435355775,4.675125702,5.25198528,5.122192919,5.608782987,5.826431918,0.005430876,0.299548613
0.218249186,0.20495638,2.363383071,0.212254069,0.750575872,4.576112568,4.837672484,4.979534489,4.664627141,5.275913292,5.968938231,0.005305107,0.255250759
0.115394369,0.24614681,2.492269146,0.27558396,0.666025232,4.27377843,4.43916179,5.570273536,5.06534884,5.485176158,6.096415329,0.005121081,0.258942976
0.223958334,0.195508627,2.314925172,0.151604704,0.871737434,5.253709018,4.41831404,5.160726547,5.803887904,5.770008982,6.483353615,0.004980031,0.26076425
0.156693966,0.241149384,2.496032118,0.25097298,0.721137071,4.879094739,4.761137301,5.160180875,4.953426342,5.654797367,5.889889704,0.004890069,0.221686805
0.208397624,0.228299967,2.393124163,0.139555339,0.732014937,4.971195382,4.26543383,4.74693501,5.104989469,5.768306703,5.93778134,0.004828134,0.290241179
0.185070676,0.245322328,2.30732,0.208151798,0.729382984,4.824497823,5.151840886,4.871280345,4.413953633,5.201349343,5.593329904,0.004790802,0.196421614
0.206628961,0.311932373,2.172442906,0.088334321,0.778151449,4.677198502,5.143471733,5.156207999,4.462383725,5.216308686,5.357029277,0.004767512,0.167591356
0.14902832,0.293564453,2.474007645,0.256025519,0.725345474,4.025038898,5.472475541,5.954640818,3.88836391,3.823728836,4.052480781,0.004734548,0.187320808
0.458486328,0.084728732,2.144329631,0.026924159,0.607573222,6.23754108,4.249647498,4.43066146,5.865573366,5.6590542,6.086856802,0.004699212,0.177263176
0.297161754,0.090116744,2.155739638,0.169178496,0.698200235,5.088887589,4.688301861,4.843491159,4.998823925,4.865565322,5.796788091,0.004649902,0.204884355
0.132475586,0.112702094,2.384041335,0.333300713,0.758343031,4.098312363,5.370983621,5.371492455,4.89644736,5.22726656,5.832928081,0.004610893,0.239624138
0.220632934,0.116245728,2.379923777,0.167131705,0.588851986,4.655183218,4.13173721,5.379995436,6.158580556,5.573538907,5.935682088,0.004489942,0.287193505
0.15492513,0.096919081,2.359012142,0.317409308,0.638239971,4.434460416,4.284261654,5.354603872,5.917526285,5.125401303,5.591001987,0.004297886,0.315610057
0.118906172,0.23120869,2.44066588,0.297999241,0.639096933,4.741032901,4.540290444,5.567492292,5.257953454,5.402608261,6.125853658,0.004070105,0.286859971
0.126535102,0.166484104,2.471045329,0.337405244,0.680813521,4.324875156,4.880473713,5.802898506,5.298184564,5.016624351,5.698992392,0.003800494,0.26133107
0.15169637,0.21268982,2.464881928,0.259592893,0.652484765,4.59534093,4.506915383,5.589095913,5.37794501,5.505442448,6.155144982,0.003557742,0.229169169
0.17196167,0.154220866,2.480961608,0.302594594,0.614181708,4.593745384,4.419342464,5.46893416,5.688242826,5.448546207,6.006308854,0.00323578,0.288465852
0.02354655,0.204696452,2.36985292,0.424968228,0.529867977,3.843372971,4.266196191,5.446731091,5.559619785,4.74699837,5.708267331,0.00290013,0.208514658
0.248042173,0.175605469,2.428908372,0.190055306,0.636200572,5.172809955,4.089720898,4.735575298,5.817855444,5.459243218,5.875110063,0.002552749,0.191566801
0.319554715,0.205403239,2.313603826,0.114985436,0.721175902,5.264141391,4.666256408,4.597422992,5.064603095,5.354896088,5.647551581,0.002242917,0.160857073
0.16818278,0.248028565,2.407558018,0.208192821,0.773228711,4.549250364,5.070374549,5.447841704,5.295096755,5.33806935,5.681959793,0.002067046,0.013702689
0,0,0,0,0,0,0,0,0,0,0,0.005333259,0.005357442
0.227139673,0.125617862,1.842886886,0.31706715,0.771986096,5.583895431,5.21565065,4.797371878,4.711294312,5.28803316,5.857343298,0.006123131,0.132097369
0,0,0,0,0,0,0,0,0,0,0,0.006998759,0.134250601
0.188467494,0.290120908,2.267545952,0.109875226,0.5560738,4.617589516,4.673027737,5.341017306,5.170786815,5.440741582,5.692521487,0.00779568,0.179428092
0.273783874,0.233466899,2.198958822,0.071033798,0.639665954,4.732232954,4.537364155,4.905676399,5.226611726,5.324847523,5.662421562,0.008400198,0.223543885
0.199731898,0.227301794,2.323963114,0.189325704,0.704648613,4.982343967,4.373839024,5.197346519,5.567185024,5.906082183,6.571726779,0.008794622,0.253908651
0.251886068,0.188651367,2.363642014,0.185843633,0.587990299,4.452767253,4.746295786,5.167153239,4.675663805,4.958658707,5.874635875,0.008926811,0.313022877
0.217357675,0.161804651,2.349409955,0.198080895,0.638715717,4.573453234,4.636351261,5.424204707,5.361232917,5.429281453,5.855474995,0.008869109,0.324482756
0.258394097,0.228716905,2.315376835,0.106919678,0.629138956,4.979168784,4.486920646,4.9233852,5.412359925,5.462112654,6.077313622,0.008627535,0.341567687
0.305461426,0.185389811,2.274122076,0.076335107,0.688632955,4.694438756,4.033369869,4.418031901,6.081140399,5.439633191,5.69719255,0.008185653,0.260484022
0,0,0,0,0,0,0,0,0,0,0,0.007540265,0.249658638
0.08475179,0.116050619,2.307194803,0.40080586,0.766745575,4.347403362,4.315177024,5.822828412,5.979355261,5.299032018,5.812139317,0.006638015,0.31588058
0.256273287,0.234427459,2.129731437,0.095459757,0.812156296,5.087621299,5.247732254,5.181158442,4.712313991,4.865779294,5.49140606,0.005705861,0.240051103
0.268467773,0.211615017,2.27825632,0.138819805,0.713351412,5.207582208,4.895385118,4.864268311,4.951719185,5.322487287,5.860041713,0.004823321,0.22800126
0.086408773,0.205531169,2.373846974,0.301915677,0.694784242,4.492455839,4.89038642,6.021716204,4.864759546,4.87824803,5.952613014,0.003963572,0.31716697
0,0,0,0,0,0,0,0,0,0,0,0.003246863,0.29534164
0.175789764,0.23875914,2.353505412,0.201912491,0.710965355,4.769290305,4.874156498,5.244033648,4.544098283,5.268502419,5.798619073,0.002697871,0.329877598
0.206350369,0.21769477,2.520638109,0.185167184,0.684895687,4.945702096,4.634982844,4.543267121,4.761536489,5.536076407,5.791734229,0.002200702,0.303259998
0.21249627,0.183177355,2.335636567,0.241083126,0.657729717,4.766447671,4.764636521,5.161025619,4.939460891,5.624689179,5.956130634,0.001807904,0.312099863
0.235615451,0.196218207,2.544792701,0.214443788,0.718951898,4.81313252,4.76369911,5.070672858,4.552716082,5.06362052,5.596770938,0.001573635,0.214513568
0.284754639,0.118849894,2.352232245,0.234746174,0.717486483,5.299610935,4.425902501,4.81858971,5.209584534,5.330959998,5.946185425,0.001488242,0.249628924
0.229986535,0.150314571,2.363834763,0.234224456,0.738497061,5.292230839,4.757144673,4.905533744,5.327957541,5.722828616,6.082186601,0.001522934,0.27840827
0.294392415,0.1981604,2.146868534,0.110679726,0.883885034,5.146445197,4.768311417,4.790869114,4.669135758,5.2148886,5.868580177,0.001651531,0.189436562
0.181673099,0.250717386,2.255853969,0.136991292,0.804960647,4.682699546,4.619120297,5.419442126,5.015531438,5.066815762,5.946877531,0.001844045,0.203341868
0.206301618,0.267283761,2.242004734,0.10045309,0.777913294,4.693790992,4.907645421,5.144946601,4.671695732,4.736291119,5.625760305,0.002063799,0.212575096
0.085157878,0.307862142,2.285390023,0.132659378,0.728310322,4.12313068,5.184646845,6.204877198,4.276038558,4.640380174,5.040007174,0.002289883,0.223563583
0,0,0,0,0,0,0,0,0,0,0,0.002492912,0.248178066
0.110793457,0.094944933,2.19463873,0.307203236,0.686320686,4.59832269,3.775610357,5.382397543,6.144453645,5.409739177,5.624075979,0.002663287,0.24312027
0.103406666,0.221636104,2.404746653,0.327279203,0.593266078,4.440208461,4.335449298,5.511703822,5.651154651,5.439777811,5.964209189,0.002797666,0.313386838
0.080563616,0.269244094,2.436838721,0.319803969,0.490081013,4.137892783,4.360046872,5.311798956,5.830213249,5.371899656,6.283313973,0.00287957,0.239824176
0.005049154,0.225751953,2.356880666,0.464430386,0.448821968,4.642516744,3.851539874,5.655412245,5.522560811,6.02941947,6.224751926,0.002896032,0.247741501
0.182602946,0.334684652,2.260663799,0.133171272,0.743815876,4.914692491,4.689589694,4.886138201,4.267442599,5.189570874,5.802208945,0.002846977,0.223932573
0.074782715,0.377009277,2.229426569,0.150662732,0.73323473,4.372206112,5.037028194,5.273964206,4.356929501,5.317072312,5.646843592,0.002723569,0.190121271
0.106649034,0.129713813,2.261547613,0.381038152,0.475501871,4.25131306,4.369517992,5.817469547,5.750134399,5.152219176,5.773289978,0.002548028,0.205539353
0,0,0,0,0,0,0,0,0,0,0,0.002340276,0.160277766
0.316404216,0.201208903,2.140335293,0.097231948,0.786804848,5.670450173,4.401170269,4.28804823,5.027701512,5.473367408,6.18953836,0.002102639,0.161725302
0.153504733,0.26775929,2.358688131,0.240906203,0.684634716,4.773280992,4.499186951,4.974071755,5.073219423,5.290251773,5.843638691,0.00184275,0.203100162
0.04612719,0.313048207,2.252471409,0.34568487,0.618507221,4.252478675,5.079129533,5.549029534,4.670152821,4.794004874,5.252940021,0.001586921,0.175909866
0.179003906,0.305687175,2.099002724,0.154842497,0.74408969,4.383857238,5.789614099,5.641167003,4.03888284,4.796154851,4.554273987,0.001350752,0.115137719
0.103284017,0.355766276,2.157275324,0.122549303,0.621248411,4.411512303,5.656213457,6.103559685,4.137354144,4.66179719,4.547126478,0.001145439,0.113031206
0.161100532,0.32307156,2.197703382,0.156918599,0.782852214,4.449324533,5.303887417,5.43612649,4.424668451,5.01462843,5.232950181,0.001004411,0.137300522
0.04535612,0.305085286,2.186262568,0.26835511,0.760268745,4.123762763,5.261674959,5.908558798,4.685698915,4.932876134,5.162053639,0.000916728,0.132960107
0.124456742,0.348352864,2.141275803,0.19594462,0.810062657,5.017394132,5.200329052,5.04959278,4.674939344,5.490853932,5.778599779,0.000861702,0.10062957
0.288855794,0.245800781,2.131169367,0.095385162,0.881853466,4.983073402,5.816769266,5.672230339,4.534606683,5.059768295,5.579839349,0.000818272,0.066692205
0.147072103,0.226177734,2.300582171,0.230926271,0.758765468,4.503645485,5.16615302,5.483104932,5.195513052,4.975921643,5.52878204,0.000782446,0.060856153
0.230639649,0.301085883,2.124364864,0.120903792,0.807443465,4.917758028,5.812337359,5.442494253,4.180755143,4.790767769,5.632124404,0.000746237,0.045606709
0,0,0,0,0,0,0,0,0,0,0,0.000693307,0.038415051
0,0,0,0,0,0,0,0,0,0,0,0.000628015,0.025406764
0,0,0,0,0,0,0,0,0,0,0,0.000554181,0.018994042
0,0,0,0,0,0,0,0,0,0,0,0,0.003296888
0,0,0,0,0,0,0,0,0,0,0,0.004934647,0.033785345
0.10328715,0.341150513,2.388236777,0.202858663,0.754272029,3.676094711,5.035867401,5.656606615,4.797280595,5.431674719,5.969956383,0.005713453,0.084930415
0.161796875,0.157697754,2.380013414,0.273170051,0.814873448,4.488582268,4.672355205,5.320265472,4.947774485,5.514214397,5.81463033,0.006626982,0.140607787
0.056825562,0.258928426,2.346121497,0.323204349,0.807764398,4.506538509,4.687524607,5.217653925,4.827844185,5.500452407,5.943344377,0.007505657,0.155384536
0.1551317,0.195451457,2.409924289,0.238011293,0.698911384,4.704130766,4.921509102,4.68002671,5.075268871,5.545386533,5.735788405,0.008408611,0.25578802
0.160147217,0.199181803,2.422976305,0.253411587,0.786560879,4.578948921,4.761828396,5.092201299,4.911697417,5.310407159,5.54804253,0.009195095,0.26952866
0.167586371,0.165741102,2.566380576,0.322023141,0.617606553,4.46168318,4.680031387,5.205890016,5.402623498,5.596903372,6.000747975,0.009760905,0.363761852
0.158102401,0.226641877,2.420733311,0.266002936,0.640230145,4.689597154,4.573191486,5.108020491,5.074897979,5.526518783,5.884596875,0.010063717,0.311743108
0.10179784,0.204285361,2.493975992,0.372117106,0.564088831,4.608124817,4.844612972,5.450041678,5.271183104,5.489202464,5.973223836,0.010192032,0.374558782
0.144882334,0.208992417,2.349336568,0.277259201,0.680291384,4.612853255,4.52904595,4.96851433,5.331387565,5.610868742,6.03404233,0.010150036,0.383606361
0.265083138,0.199415039,2.446760321,0.20342426,0.709039488,4.913600471,4.969347825,4.833683643,4.863248537,5.137416527,6.050981386,0.009894399,0.328514296
0.314998861,0.1267028,2.400058296,0.17050677,0.663323415,4.809828424,4.725443113,4.874818069,5.766411638,5.573852205,6.146548754,0.00939924,0.385742921
0.166944677,0.21500496,2.495129787,0.2496787,0.612274585,4.626863559,4.232378644,5.097862644,6.086198253,5.381339144,6.174774068,0.008747759,0.46222623
0.101152344,0.219648342,2.370216484,0.291280137,0.475005161,4.543098345,4.442986727,5.625436608,5.892089125,5.632168472,6.060506274,0.008060154,0.447916601
0.239133126,0.156762637,2.45236888,0.186952168,0.669446524,4.801407492,4.519548588,5.165875569,5.442882678,5.551832714,5.922540988,0.007307082,0.382031158
0.161036377,0.171090495,2.483500526,0.277184178,0.651846036,4.615667321,4.250773556,5.364809848,5.583035965,5.399915121,5.753696475,0.006444846,0.40319066
0.151772054,0.267218424,2.438293192,0.16127154,0.628676295,4.237917617,4.42587474,5.087618269,5.471978672,5.253963955,5.848715216,0.00557725,0.279878425
0,0,0,0,0,0,0,0,0,0,0,0.004799393,0.184254286
0,0,0,0,0,0,0,0,0,0,0,0.004148375,0.146492212
0,0,0,0,0,0,0,0,0,0,0,0.00362767,0.119332661
0,0,0,0,0,0,0,0,0,0,0,0.003218564,0.097297481
0,0,0,0,0,0,0,0,0,0,0,0.002878693,0.077438682
0,0,0,0,0,0,0,0,0,0,0,0.002575598,0.064759477
0,0,0,0,0,0,0,0,0,0,0,0.002338451,0.059728067
0,0,0,0,0,0,0,0,0,0,0,0.002178865,0.056989922
0.415280762,0.143011068,2.012134259,0.080245697,0.883398814,5.332232297,5.152152419,5.585502625,4.050574244,3.876627982,5.02248168,0.002090466,0.059110824
0.339953342,0.211665943,2.005123781,0.152965026,0.651176201,4.967930893,5.10185906,4.736417187,3.938498649,4.786251419,4.881328285,0.002061252,0.067544796
0,0,0,0,0,0,0,0,0,0,0,0.002083767,0.061712857
0,0,0,0,0,0,0,0,0,0,0,0.002142228,0.070124718
0,0,0,0,0,0,0,0,0,0,0,0.002224077,0.076467624
0,0,0,0,0,0,0,0,0,0,0,0.002302372,0.086024954
0.226556702,0.249039307,2.301421628,0.168584851,0.833462039,4.285404433,4.852603741,5.538109329,4.575679969,4.819305599,4.724735357,0.002357207,0.126818087
0.182123515,0.263086344,2.378951004,0.172630382,0.549201781,4.636980053,4.686253913,5.43380221,5.091370136,5.457198679,5.548135679,0.002380304,0.158101263
0.188948025,0.259545898,2.296611337,0.160786563,0.675138025,4.71670721,4.58487893,5.031479708,5.11838861,5.296978939,5.750175834,0.002365127,0.158155356
0,0,0,0,0,0,0,0,0,0,0,0.002313711,0.145996057
0.115227973,0.259553819,2.399267438,0.263820099,0.791318356,3.948252698,4.906123984,5.486134235,4.658242786,4.920248995,5.186905952,0.002253989,0.178178742
0.29450982,0.246993408,2.331634079,0.134901994,0.714140414,4.793586503,5.269738992,4.758425867,4.461719707,5.029905081,4.969826465,0.00220675,0.168347781
0.255744466,0.305969727,2.386771809,0.115583704,0.613444131,4.744733334,5.650212336,5.255418014,4.91866262,5.176821816,5.072342694,0.002197577,0.11496392
0,0,0,0,0,0,0,0,0,0,0,0.002226387,0.120121732
0,0,0,0,0,0,0,0,0,0,0,0.002311687,0.168476397
0.219842394,0.187450494,2.354971667,0.236100832,0.769832948,4.768381119,5.194009811,5.15682223,5.023606196,5.148165584,5.467752864,0.002410667,0.241803673
0.143270128,0.094101563,2.361564696,0.395799927,0.610409719,4.787721813,3.82446601,5.309443782,5.690065821,5.539558649,6.083049238,0.002452577,0.335711588
0.092896009,0.274095803,2.395981298,0.252994986,0.735658372,4.040464887,4.837323547,6.004174058,4.863096352,5.260512632,5.541527666,0.002472281,0.2550705
0.277331814,0.250785048,2.325372481,0.1923923,0.635009491,4.814709365,5.062337862,5.173619853,4.404741744,5.403329035,5.133710729,0.002482009,0.131349603
0.303268636,0.161441488,2.220124771,0.14050913,0.873546569,5.645789573,4.713309136,4.605852771,5.100347099,5.462338305,6.046144736,0.002544861,0.151225798
0.246299465,0.150358497,2.354859872,0.203029788,0.730313268,5.457729236,4.474467964,4.485408589,5.630888493,5.706246617,6.216013971,0.002591941,0.210207736
0.145705106,0.142916101,2.422422435,0.330707778,0.623487021,4.675895784,4.424576389,5.464739774,5.658101722,5.52198366,5.787221937,0.002693549,0.258343196
0.183807943,0.171023112,2.398291781,0.309085335,0.612854873,4.754369074,4.069317943,4.866093272,5.590922606,5.367650008,5.930646909,0.002889987,0.210007469
0.264532878,0.130672201,2.244073944,0.211397535,0.775630665,6.028559923,4.340091884,3.841717124,5.326249599,5.13296473,5.204697728,0.003151153,0.141107608
0,0,0,0,0,0,0,0,0,0,0,0.003490694,0.139920839
0,0,0,0,0,0,0,0,0,0,0,0.00375481,0.144697823
0,0,0,0,0,0,0,0,0,0,0,0.003993955,0.150650682
0,0,0,0,0,0,0,0,0,0,0,0.004131302,0.171707362
0.219286233,0.22159981,2.385201429,0.205453988,0.708158128,4.738178941,4.989191949,5.057159818,4.46666508,5.222678551,5.636153968,0.004263796,0.2479192
0.235301107,0.140385742,2.504429236,0.18768086,0.545133715,4.830664158,4.457091927,4.912353456,5.920668403,5.379843156,6.041560173,0.004438731,0.350742728
0.096724311,0.25985989,2.415010426,0.300979358,0.685308492,3.838401891,5.018878281,5.770628571,4.843929177,4.944784502,5.997113456,0.004532438,0.302805531
0.321732178,0.198733724,2.272919734,0.043244778,0.74739042,4.973282397,4.291297183,4.878296271,5.052129716,5.666406154,5.996725559,0.004605988,0.245033265
0.157011804,0.27281507,2.371742995,0.215541324,0.680867838,4.435773906,4.653039048,5.325171574,5.218769397,5.445296043,5.720318951,0.004667191,0.320843484
0,0,0,0,0,0,0,0,0,0,0,0.004738421,0.236425073
0,0,0,0,0,0,0,0,0,0,0,0.004748273,0.199252452
0,0,0,0,0,0,0,0,0,0,0,0.00471236,0.183498705
0.254806478,0.260909505,2.385123307,0.142344681,0.75549572,4.939219314,5.155028141,4.775397664,4.178759217,4.811536914,5.2057989,0.004665185,0.176624413
0,0,0,0,0,0,0,0,0,0,0,0.004623271,0.18776976
0.000425125,0,1.250089185,0.317831055,0.486494161,3.577920151,6.439717054,6.659028435,4.410273766,4.653786731,4.228616303,0.004599967,0.161715332
0.191120024,0.226110026,2.568576924,0.265072279,0.680288944,5.051172665,4.008219719,5.306056823,5.465173432,5.633819546,6.278748682,0.004569066,0.212870431
0.185459115,0.242915234,2.436567449,0.205673463,0.658307424,4.745799468,4.53363152,5.056824522,5.497461953,5.45869231,5.799212174,0.004514122,0.274742959
0.304757952,0.208662342,2.144327689,0.09476229,0.758783498,5.248526105,4.284239164,4.677469764,5.033557091,5.191794651,5.644956044,0.00442995,0.224828337
0.165287435,0.100109863,2.321387918,0.35615998,0.740065709,4.24283832,5.047376382,5.624205649,5.072501641,4.925160819,5.647302842,0.004332835,0.204032927
0.082681207,0.289328342,2.26684293,0.235854868,0.640134297,4.189025504,5.001529172,5.321859558,4.482864228,5.123489748,5.750487506,0.004231539,0.214704762
0.119257451,0.244065755,2.405582728,0.296382623,0.651029928,4.317229085,4.73952102,5.248758164,4.754923201,5.211568117,5.713503434,0.004078009,0.238512914
0.144242307,0.208075915,2.514849653,0.290341023,0.657096123,4.475701015,4.607377946,5.141976404,5.35461427,5.287006002,6.124220453,0.003864394,0.268147738
0.078631185,0.244924538,2.380496199,0.295853377,0.496201619,4.433952681,4.075244037,5.598399905,5.696943792,5.861403677,6.348138625,0.003595467,0.248674504
0.144586995,0.291828105,2.378951916,0.178964959,0.6474982,4.293144696,4.503713217,5.177309737,5.164850351,5.363353863,6.036662929,0.003310742,0.241407449
0.087671748,0.24650426,2.467002704,0.336675514,0.568097023,4.384485687,4.67937343,5.488158127,5.3892244,5.205119219,5.755877863,0.003053477,0.281240094
0.115084635,0.122653069,2.318847667,0.387186039,0.578889956,4.459923205,3.938269995,5.595245391,5.708992888,5.209094492,5.850946139,0.002818226,0.322640135
0.291673526,0.161210705,2.429400325,0.136243102,0.678649198,5.036263704,4.366697303,4.889441678,5.476251155,5.589496732,6.027115703,0.002570613,0.223843275
0.19006722,0.249184408,2.484844057,0.195974863,0.581333311,4.776209843,4.591340673,4.824903822,5.282259268,5.433108389,6.066248191,0.002340139,0.197490696
0,0,0,0,0,0,0,0,0,0,0,0.002112416,0.026530238
0,0,0,0,0,0,0,0,0,0,0,0.00200505,0.006250349
0,0,0,0,0,0,0,0,0,0,0,0.005801782,0
0.273408854,0.200679688,2.298773913,0.188694424,0.707459159,4.968490942,5.022232141,4.864479072,4.754245002,5.228435607,5.620267732,0.006589221,0.122217384
0.191202628,0.255000257,2.337434113,0.193009268,0.711413117,5.074223249,4.808833561,4.929514783,5.242470368,5.743878289,6.234672393,0.007585475,0.174268042
0.196802572,0.318611857,2.282144825,0.098387474,0.64655771,5.387132913,5.311634518,4.770457752,5.332801387,5.242443271,5.791035116,0.008475725,0.183765581
0.157769181,0.288069912,2.24850701,0.164035072,0.680332473,4.806656906,4.655941445,4.880977663,5.25951529,5.192715177,6.123910702,0.009185437,0.259667663
0.244682868,0.224260692,2.27375601,0.115706138,0.55624631,4.776339999,4.500868169,4.900692825,5.379082918,5.515293745,6.017864594,0.009684143,0.350841279
0.19913954,0.152489149,2.382243681,0.282762235,0.356900552,4.781721685,3.930503252,5.301854538,6.024625328,5.548912062,5.89932857,0.009971073,0.445961862
0.197212077,0.232770996,2.384993267,0.180430615,0.493721303,4.747883141,4.637586659,5.35883894,5.477574777,5.785148025,6.130690706,0.009958467,0.40682257
0.263631185,0.234919434,2.277722024,0.066864797,0.540016708,4.711674392,3.953548312,4.689055026,5.832079739,5.695772738,5.636647463,0.009765011,0.421111262
0.234958984,0.229791884,2.342025353,0.142559503,0.542227565,4.640784299,4.873654048,4.938635393,5.330269074,5.630975012,6.037884037,0.009339496,0.3652793
0.316255133,0.182130283,2.275686684,0.085835781,0.598392162,5.252935474,4.594769533,4.480188095,4.953762495,5.767794536,5.91091024,0.00863348,0.2878407
0.331319755,0.191861049,2.186253159,0.067750038,0.77703241,5.562876816,4.705043691,4.752267918,5.127327429,5.920299479,5.702730324,0.007761688,0.267103102
0.283792318,0.224526368,2.303310714,0.087146674,0.635110229,5.237378419,4.599701405,5.030461729,5.203365147,5.924539447,5.947487831,0.00675536,0.259469133
0,0,0,0,0,0,0,0,0,0,0,0.005725738,0.233326886
0,0,0,0,0,0,0,0,0,0,0,0.004749844,0.227188792
0.19642041,0.20474235,2.370329348,0.235139952,0.574063669,4.511208165,4.765320331,5.525291383,5.38260681,5.179476178,5.675128073,0.003969436,0.316878406
0.164060106,0.239170113,2.416407486,0.20660395,0.527998765,4.73112093,4.460946514,5.133462615,5.19301162,5.150268677,5.678952813,0.00332955,0.330684477
0.098200166,0.23098115,2.609178604,0.325344526,0.671371604,5.090404337,4.733760102,5.044014617,5.071092909,5.598734677,5.826710804,0.002698368,0.294910398
0.08688151,0.166837643,2.501874761,0.36229951,0.652872707,4.761729124,4.344726659,5.287928068,5.474770452,5.935994134,6.334571946,0.002176812,0.279653577
0.070994083,0.221335784,2.511764215,0.297106279,0.685117859,4.54049379,4.424915717,5.570232872,4.748263948,5.552815364,5.876374862,0.001817917,0.225184278
0.103426378,0.278776313,2.367295622,0.237169588,0.747653146,4.707612063,4.363922502,4.866957719,4.855931669,5.332120935,5.923758656,0.001609188,0.224032684
0.155759161,0.193760347,2.240411209,0.2745168,0.721881381,4.396981094,5.261357827,5.354833309,4.368630573,5.00092446,5.347480808,0.001547243,0.219348756
0.180295085,0.260207438,2.357581083,0.153454843,0.788637505,4.867633054,4.627106407,5.226463383,4.69538295,5.050907269,5.766014984,0.001606498,0.218555251
0.226840563,0.24921481,2.275087831,0.098957214,0.733058992,4.918619421,4.884939852,5.155353325,4.627211737,5.275127383,5.780451828,0.001753205,0.229899808
0.260959505,0.208458464,2.422590883,0.138810495,0.675521908,4.849909968,4.80716583,4.921759732,5.142626448,5.304852259,5.796901071,0.001962164,0.269392582
0.344775933,0.132681207,2.409323796,0.092004716,0.717071655,5.181638241,4.524493078,4.649318715,5.174270749,6.168767889,6.329477747,0.00219485,0.188841012
0.228320313,0.22222168,2.373200586,0.198883209,0.65204376,5.33639586,4.524747491,4.607298017,5.068570375,5.198463738,5.522215962,0.002404065,0.223467718
0.160139086,0.287798443,2.331452768,0.17309385,0.581533607,4.881219609,4.361693231,4.719435015,5.513265453,5.786698092,6.318071192,0.002583707,0.245654674
0.043335684,0.277433268,2.372939883,0.329406484,0.654940191,4.460561752,4.394644876,5.553212854,5.508829713,5.647615486,6.194567899,0.002727076,0.253724024
0.168990524,0.237901838,2.499519022,0.278359591,0.698905101,4.99793007,4.465648612,5.14149546,5.449615061,5.626654605,6.020849075,0.002812151,0.24084354
0.193250868,0.29276161,2.244665759,0.102190691,0.775854084,5.115524475,4.615245871,4.662350738,5.064731431,5.258565748,5.921581038,0.002837866,0.208370631
0.200935547,0.295012044,2.244595478,0.114059262,0.711295273,5.043723232,4.739038408,4.642189896,4.457767093,4.95230878,5.814648855,0.002800719,0.173288563
0,0,0,0,0,0,0,0,0,0,0,0.002698784,0.151091024
0,0,0,0,0,0,0,0,0,0,0,0.002548521,0.153889477
0,0,0,0,0,0,0,0,0,0,0,0.002351685,0.159163962
0.201394043,0.335242187,2.046259775,0.075787948,0.816888153,5.249271745,4.839390212,4.345812678,5.051024622,5.472819298,5.530997038,0.002112975,0.14414175
0.123272569,0.212978787,2.554062063,0.35897036,0.799764863,4.427604884,4.941672146,5.341714621,5.139794568,5.058521509,5.57571576,0.001859832,0.160125533
0.267998698,0.240689779,2.269348733,0.191640811,0.790109633,5.16338017,5.074265468,4.630207824,5.031705165,4.900323081,5.668235612,0.001613979,0.138316495
0,0,0,0,0,0,0,0,0,0,0,0.001371869,0.109924928
0,0,0,0,0,0,0,0,0,0,0,0.00116779,0.110200817
0.184035848,0.276882324,2.329295193,0.183576787,0.731466194,4.649264164,5.226000272,5.245591782,4.398586739,5.14620043,5.483895283,0.001022033,0.129930483
0.088646647,0.380595907,2.275598045,0.167700855,0.820325021,4.1056129,5.318031922,5.703333646,4.049122144,5.289102636,5.277332433,0.00091762,0.130982651
0.168645291,0.334166124,2.237691195,0.166374707,0.827691958,4.441228151,5.539318323,5.363569776,3.813468695,5.440840244,5.448917468,0.000846109,0.10665334
0.267636176,0.24827908,2.107242454,0.114511728,0.913416919,5.262152592,5.247420132,5.595002651,5.069927752,5.404375215,5.051023523,0.000796613,0.071790912
0,0,0,0,0,0,0,0,0,0,0,0.000757195,0.061192371
0.252310113,0.268614909,2.194887583,0.098128713,0.952932576,5.190383931,6.0074356,5.094082514,4.291002711,4.567063669,5.492346883,0.000713815,0.042903231
0.287953085,0.207970785,2.156664402,0.124725259,0.854878362,4.968518823,4.934722707,5.22910466,4.576522477,4.769495383,5.374261871,0.000655052,0.026093739
0.19145223,0.316811931,2.095928609,0.10020683,0.783705523,4.340046935,5.466469497,5.715231657,3.966763049,4.639075429,5.165019289,0.000586863,0.016255678
0,0,0,0,0,0,0,0,0,0,0,0.000522291,0.003125175
0,0,0,0,0,0,0,0,0,0,0,0.000473727,0.002678721
0,0,0,0,0,0,0,0,0,0,0,0,0.003571628
0.013505859,0.484972331,1.828213641,0.150190406,0.847954992,4.302146792,5.087815245,6.405375997,4.962444126,5.024483283,6.133956035,0.005400118,0.042584505
0.090593714,0.320645978,2.194836646,0.25805243,0.803669811,3.724528953,5.577754557,5.837989679,4.061040375,5.31305612,5.2983612,0.006288671,0.105764325
0.089072917,0.089173177,1.90157985,0.609443441,0.62973703,3.880426478,5.315341735,5.627944779,4.38404491,5.160727274,5.307949686,0.007304566,0.169231948
0.063926511,0.246616604,2.375847068,0.33129872,0.76440973,4.127537196,4.825709867,5.735696139,4.666407119,5.379017793,5.895018668,0.008297273,0.178629577
0.165957248,0.18800472,2.50625497,0.228270239,0.702746529,4.673638634,4.617684591,4.840860736,5.203257298,5.586230898,6.052340816,0.009271988,0.292517922
0.16304777,0.240994059,2.42580592,0.208184889,0.766597464,4.219161589,4.662125915,5.131827983,4.682627103,4.955456603,5.453736931,0.010096128,0.268795724
0.261365668,0.18847895,2.397048216,0.16372336,0.745722641,4.776770107,4.713371054,4.887243267,4.715294846,5.217573527,5.713817183,0.010736178,0.278234064
0.212504661,0.197113592,2.53310264,0.213071717,0.53984296,4.511909492,4.664853746,4.950797704,5.007509069,5.262948627,5.79543393,0.011069178,0.349985049
0.128208678,0.177258732,2.463860616,0.294733496,0.641423922,4.529017729,4.204243094,5.109048367,6.081129137,5.743779077,6.086509073,0.011188466,0.440019474
0.181337999,0.21464822,2.513418335,0.211761459,0.707704329,4.824549139,4.313636263,4.822983293,5.89610126,5.508724725,6.029155207,0.011087235,0.426681957
0.149978144,0.155892043,2.461911507,0.307820319,0.604967913,4.627818035,4.149737648,5.219959936,5.842803393,5.774527171,6.342247086,0.010753186,0.391192688
0.171452136,0.224946414,2.313321754,0.225720947,0.645089363,4.392190077,4.67731239,5.405747501,4.82063042,5.078416907,5.736300902,0.010170753,0.336319607
0.20040615,0.228910632,2.371376819,0.151150743,0.678928606,4.742520477,4.216067454,5.138541795,5.132465454,5.496402589,5.904091487,0.009451912,0.322791345
0.137932203,0.263460434,2.438259916,0.261569339,0.694505361,4.444444459,4.460628894,5.207715977,5.274937868,5.550864512,5.923800934,0.008677414,0.401336718
0.216116769,0.130812407,2.36960744,0.220305744,0.542742833,4.660931777,4.174089057,5.145011859,5.659200035,5.311756688,5.737618875,0.00779692,0.4022373
0.306555583,0.06034356,2.275810841,0.235949482,0.678098978,4.634221087,3.982681369,5.240503634,5.454614863,5.152224814,5.405990794,0.00685692,0.352988738
0.288129979,0.131564415,2.348628954,0.161850372,0.633111742,4.581090824,4.200250051,5.158690533,5.434269765,5.240150567,5.952869808,0.005901621,0.350837872
0.337799479,0.124895833,2.204642421,0.029980278,0.494655372,5.303432822,5.12586236,5.920590758,4.361272573,3.695584118,4.69814992,0.004968696,0.230060214
0,0,0,0,0,0,0,0,0,0,0,0.004185105,0.175436643
0,0,0,0,0,0,0,0,0,0,0,0.003631599,0.132629531
0,0,0,0,0,0,0,0,0,0,0,0.00320702,0.105125758
0.367271593,0.129734158,2.337930528,0.087946171,0.728760886,5.132411639,5.260888358,5.253312945,4.841518819,4.941975594,5.273658435,0.00284079,0.08954914
0,0,0,0,0,0,0,0,0,0,0,0.002510787,0.076316733
0,0,0,0,0,0,0,0,0,0,0,0.00226174,0.067990036
0,0,0,0,0,0,0,0,0,0,0,0.002086518,0.061107586
0.487250163,0.158456543,1.767210319,0.026568689,0.775760589,5.233110493,5.027194929,5.272174722,3.914203173,4.312890708,4.984216028,0.001996483,0.076536384
0,0,0,0,0,0,0,0,0,0,0,0.001968492,0.070313262
0,0,0,0,0,0,0,0,0,0,0,0.001992282,0.068383269
0.413815104,0.030808919,2.267867449,0.222898693,0.810108383,6.167066574,3.749527335,4.653296232,4.25213325,4.39646709,5.535915375,0.002060396,0.080316437
0,0,0,0,0,0,0,0,0,0,0,0.002148772,0.08115179
0,0,0,0,0,0,0,0,0,0,0,0.002231691,0.092093814
0.225951451,0.263225098,2.238559719,0.173479051,0.797555512,4.600412888,5.373694135,5.342473226,4.310898202,4.825301409,5.223100965,0.002301087,0.109322342
0,0,0,0,0,0,0,0,0,0,0,0.00234116,0.109778074
0.150191786,0.205652398,2.418499791,0.262364205,0.689086947,4.882595162,4.447027872,5.107366522,5.216607144,5.66372029,5.984131634,0.002334086,0.148712858
0,0,0,0,0,0,0,0,0,0,0,0.002274693,0.117745322
0,0,0,0,0,0,0,0,0,0,0,0.002172733,0.116029437
0,0,0,0,0,0,0,0,0,0,0,0.002062663,0.108423656
0,0,0,0,0,0,0,0,0,0,0,0.001978535,0.108121943
0.215486654,0.240302734,2.179147633,0.100641795,0.872800381,4.432017386,4.640976727,5.513458014,5.086321235,4.271933675,4.453816831,0.001923636,0.11049831
0.228093669,0.28079305,2.252481618,0.109296769,0.700016887,4.416233547,4.816063546,5.330635443,4.606446929,5.050450273,5.212607786,0.001921613,0.185238733
0.208228624,0.162122939,2.471567496,0.233799625,0.580989547,4.202350815,4.811332295,5.480528682,4.550681114,5.092820247,5.072604438,0.001952221,0.207748456
0.166301432,0.122594075,2.318868666,0.347551436,0.692180479,5.179341972,4.630409754,5.594976127,5.414577412,5.070989823,4.980620623,0.001964423,0.221688424
0.209852702,0.309983399,2.261637915,0.151132522,0.778109738,4.36872099,5.056847835,5.310265815,4.242691189,4.931929904,4.892136675,0.001965227,0.138936194
0,0,0,0,0,0,0,0,0,0,0,0.001984042,0.105854804
0.216344634,0.214598679,2.264769485,0.182776011,0.759571007,5.485849661,4.441284603,4.75278709,5.004995522,5.41976862,5.950545984,0.002027684,0.161591336
0.233735875,0.188960426,2.334687692,0.183657371,0.79621442,5.307435762,4.413429492,4.74761985,5.150584693,5.59291774,6.111991195,0.002080164,0.155470218
0.332030925,0.143668294,2.354964653,0.105307177,0.821528524,5.275549674,5.216680252,4.480064774,4.769210231,5.45568943,6.129546475,0.002153331,0.122389408
0,0,0,0,0,0,0,0,0,0,0,0.002266202,0.128566803
0,0,0,0,0,0,0,0,0,0,0,0.002410569,0.111892341
0,0,0,0,0,0,0,0,0,0,0,0.002634764,0.121998365
0,0,0,0,0,0,0,0,0,0,0,0.002867224,0.130395504
0,0,0,0,0,0,0,0,0,0,0,0.003032588,0.137312461
0.306280382,0.22324056,2.191290334,0.120335993,0.798035503,4.922843138,5.631117742,5.115654329,4.735490938,5.330102801,5.600406051,0.00316881,0.162332846
0.112764587,0.36110789,2.227719623,0.164893691,0.782174652,4.12515136,5.698344324,5.986996405,4.031806584,4.89872656,5.387563422,0.003326802,0.223333316
0.229308268,0.076463759,2.56467417,0.291094985,0.651988348,4.632669667,4.217628856,5.105550865,5.616327922,4.930100441,5.837526282,0.00356214,0.262730986
0.111005394,0.154729585,2.527989206,0.318790287,0.536954543,4.157983559,4.478683999,5.649663142,5.367257638,5.405768131,6.004937785,0.003765353,0.321775188
0.113858337,0.198979899,2.474421388,0.337197744,0.669685993,4.905910943,4.624944255,5.5190688,5.159369472,5.528051618,6.244280592,0.003975151,0.279585891
0.093849766,0.195521014,2.404515524,0.346352899,0.694529975,4.501654159,4.588278985,5.579695419,5.510423802,5.513495578,6.013353621,0.004208143,0.323479533
0.146242513,0.206207357,2.469827045,0.284569344,0.856671025,4.90293231,5.490947938,5.418737859,4.415247124,5.177382326,5.294760537,0.004400599,0.232584998
0.105197392,0.288047237,2.513942322,0.259205545,0.730633299,4.608208302,5.185038533,5.323552138,4.835315049,5.180845171,5.396630042,0.004549989,0.242206418
0.121372958,0.296543117,2.411916563,0.231299193,0.594893092,4.541349205,5.112573716,5.175178853,4.642405418,5.089712587,5.520326462,0.00462041,0.216525493
0.199939507,0.213695204,2.795694173,0.196613175,0.402155644,5.333023687,5.263878415,4.668974151,4.305642843,5.120850702,5.552174628,0.004629586,0.180827881
0.233614169,0.218278587,2.512078533,0.150692518,0.72418227,5.212562518,5.17915561,4.942873798,4.452039849,5.001811591,5.701012373,0.004605739,0.170532451
0.142077433,0.232290243,2.104884989,0.15020124,0.695676303,4.566660445,5.545549035,5.565949626,4.748464123,5.049984462,5.518720783,0.004558146,0.171720985
0.152151693,0.251815321,2.456778013,0.231413003,0.598566361,4.65596475,4.652032887,5.633443241,5.034624229,5.3840404,5.599738672,0.004479042,0.302566366
0.033248814,0.278474819,2.469666984,0.328422537,0.589005903,4.247770067,4.827863399,5.943304522,5.100204621,5.018823641,5.780020067,0.004379069,0.322063102
0.154059787,0.308414623,2.326538794,0.133760561,0.619152617,4.225203342,4.744933913,5.393962933,5.19700457,5.393404391,5.76326965,0.004259934,0.238976665
0.068047495,0.367361111,2.209258511,0.169084723,0.711327291,3.975950057,5.178431647,5.91880938,4.625259502,5.168588479,5.192580706,0.004115793,0.202217757
0.168795573,0.212222595,2.360640553,0.213719468,0.666832608,4.431128547,5.025287174,5.599879582,4.498821929,4.919402014,5.812460184,0.003953249,0.186211273
0.222479858,0.121473592,2.448398482,0.269262363,0.724178351,4.798035148,4.482096021,5.189746442,5.144666833,5.405419568,6.253688964,0.00376711,0.215044639
0.212405192,0.233538683,2.380101622,0.210487558,0.767420222,4.558541735,4.982170001,4.880252356,4.579205513,5.331835667,5.811005036,0.00351724,0.196583037
0.03263154,0.332063358,2.262119041,0.303794099,0.787198217,4.131374077,5.69487452,5.926706049,4.200522954,4.944793485,5.707389176,0.003204552,0.183236761
0.152806193,0.181089478,2.415536157,0.293190038,0.642291766,4.420573082,4.528585225,5.37993462,5.351608131,5.4733321,6.031419285,0.00288518,0.224132324
0.087801847,0.246648023,2.412126352,0.252579488,0.526568528,4.505982415,4.894690449,5.297013326,5.462006964,5.371512175,5.674036167,0.002629905,0.258470204
0.16689666,0.208592498,2.475062704,0.268117322,0.603910593,4.473516187,4.395522664,5.288516576,5.677303479,5.546180523,5.999303721,0.00245692,0.273852408
0.104575893,0.23789295,2.475943415,0.302756135,0.690816907,4.728140857,4.711555924,5.362704175,5.996284298,5.677805032,6.100544785,0.002310371,0.188942128
0,0,0,0,0,0,0,0,0,0,0,0.002131874,0.123571152
0,0,0,0,0,0,0,0,0,0,0,0.001973142,0.004018082
0,0,0,0,0,0,0,0,0,0,0,0.006061227,0.005580669
0.376084852,0.117395074,2.243041351,0.162353966,0.617251053,5.326246615,4.870126065,4.477160966,4.847169503,5.368625335,5.939711412,0.00692051,0.120735463
0.264619664,0.183195685,2.357466467,0.227631137,0.759236716,5.334245343,4.854577409,4.894547675,5.163666655,5.594796739,6.158123485,0.008014598,0.162946764
0.283805949,0.250373535,2.306281105,0.113894459,0.717321637,4.984995719,4.896456795,4.903744146,5.196658276,5.628092792,6.092255574,0.00900827,0.181985361
0.300435181,0.160678609,2.250019534,0.179548644,0.697525069,5.384601224,4.513385356,4.384146564,5.064523842,5.600193843,6.217529893,0.009789383,0.293048447
0.27499783,0.202034053,2.303218287,0.11518654,0.623146248,5.240734826,4.352383213,4.413945771,5.772187286,5.900949498,6.314668311,0.010421016,0.347830491
0.223618306,0.237594684,2.299495851,0.133154043,0.542487086,4.667022665,4.269732729,4.914206352,5.698890271,5.600907888,6.049746047,0.01080253,0.403272531
0.048917914,0.178482802,2.347668755,0.418028652,0.671103713,4.431548913,3.90346837,5.511710266,6.445080837,5.214682976,6.417114059,0.010873633,0.445818786
0.109847656,0.345480469,2.316402831,0.150985731,0.691100691,4.459301329,4.736999941,5.184252596,5.139953595,5.423768652,5.922412562,0.010710553,0.375628555
0.202502035,0.310313721,2.259244541,0.115902224,0.786713156,4.682445079,4.791599289,4.486438528,4.536073059,5.356571496,5.497077286,0.010273064,0.348288855
0.176953125,0.261533407,2.376910883,0.203598122,0.596214208,4.542605732,4.686100539,4.781519309,5.101263043,5.591531515,5.949314829,0.009583933,0.347657658
0.158080404,0.186848307,2.238635432,0.295943513,0.652545146,4.179535246,4.373982287,5.385073877,4.944379604,4.991228712,5.67911197,0.008734184,0.322189491
0,0,0,0,0,0,0,0,0,0,0,0.007694581,0.269581206
0,0,0,0,0,0,0,0,0,0,0,0.006552192,0.255982412
0.192218018,0.208187053,2.439778658,0.173803461,0.769339681,4.552458148,4.939214878,5.202481523,5.134228855,5.117608555,5.666908719,0.005543343,0.283752129
0.1888648,0.168544596,2.375422558,0.244757977,0.729412144,4.542058941,4.547722395,5.182312858,5.597686994,4.897925031,5.430662612,0.004688162,0.296180595
0,0,0,0,0,0,0,0,0,0,0,0.003941336,0.223532882
0,0,0,0,0,0,0,0,0,0,0,0.003232547,0.201622173
0.191604818,0.169256185,2.442844656,0.24468766,0.41125581,5.368441224,3.849247336,4.735660136,5.184652328,5.886711955,6.169314384,0.002621402,0.19209995
0.017513021,0.126188151,2.519616046,0.376485383,0.523203349,3.325974137,4.967890739,6.122854233,3.543677986,4.910476208,5.734213352,0.002143033,0.182353971
0,0,0,0,0,0,0,0,0,0,0,0.00179822,0.19294291
0.150895996,0.054281413,2.483823751,0.423586853,0.823569051,4.447561831,4.831139773,5.536089122,4.708528668,4.776439101,5.158703774,0.001629919,0.173984342
0.288849935,0.112830078,2.410480878,0.186417041,0.82324272,5.050826037,5.105661809,4.84168483,4.710349703,5.076654923,5.366984677,0.001601652,0.203723748
0.290048633,0.181017448,2.267434048,0.105434883,0.809182587,5.320841377,4.616093903,4.746013191,5.012896366,5.248539398,5.854029224,0.001686663,0.227808634
0.267485807,0.202860286,2.273716477,0.080818465,0.769305126,5.094097499,4.880874839,5.051172834,4.908691275,5.145236092,5.645673637,0.001863278,0.206630203
0.169906556,0.30616862,2.321220937,0.164195551,0.736481208,4.410763225,5.08887014,5.443119459,4.794720955,5.318295121,5.62975806,0.0020728,0.207818282
0.164234484,0.284903971,2.357340926,0.240169719,0.613959783,4.288104667,4.602198508,4.956294457,4.771816558,4.922644907,5.798576156,0.002275539,0.212463773
0,0,0,0,0,0,0,0,0,0,0,0.002453543,0.209709673
0.13891226,0.183728466,2.413761307,0.315639723,0.736913216,5.069308671,4.602377548,5.491724784,5.293568684,5.771451822,6.543985344,0.002596908,0.226733293
0.326090495,0.149406575,2.275645897,0.134578816,0.728670853,5.604938721,4.672036374,4.463119841,5.37997539,5.822515202,6.085126352,0.002689349,0.224146016
0.243886393,0.242883301,2.319260398,0.10327701,0.718346556,5.327455443,4.531538594,4.622907996,5.36092872,5.685725063,6.150938356,0.002727625,0.20114084
0.262979551,0.197125651,2.341732259,0.148168839,0.798576328,5.224072944,4.390304587,4.98719042,5.347687737,5.569476122,6.492064368,0.002714873,0.213217898
0.355160319,0.14315153,2.074104407,0.061908121,0.900611137,6.273589647,4.708911616,4.592358512,5.136197203,5.268304646,5.41043238,0.002638027,0.167535248
0.358564634,0.127390046,2.092296051,0.092560462,0.946017621,6.122360402,4.71308991,4.894648075,5.000379456,5.36668992,5.85770511,0.002505779,0.195184132
0.378351004,0.140537574,2.067000026,0.070385339,0.813777371,6.137759311,4.936683876,4.141778588,4.966153443,5.508181947,5.901981252,0.002318317,0.213104946
0.374141439,0.156935628,1.963511239,0.061726342,0.849213482,6.356197313,4.484493628,4.151205353,5.106090561,5.835685968,6.130555808,0.002086564,0.149966884
0.095544317,0.328296363,2.105734385,0.165408752,0.82471351,5.451180526,5.427490592,4.964352489,4.010167394,3.989052824,4.483765713,0.001853346,0.145933324
0.283350349,0.249142844,2.274413467,0.115793142,0.819753378,4.984898475,4.938636249,5.022171232,4.429934881,5.128390713,5.454921446,0.001613338,0.131407019
0,0,0,0,0,0,0,0,0,0,0,0.001380447,0.104444415
0,0,0,0,0,0,0,0,0,0,0,0.001187523,0.107624487
0.215567898,0.220634223,2.472734141,0.214686096,0.665667098,4.812581264,5.181995486,5.147610689,4.709017058,5.25273035,5.975607648,0.001040929,0.138618982
0,0,0,0,0,0,0,0,0,0,0,0.000922211,0.151613183
0,0,0,0,0,0,0,0,0,0,0,0.000836494,0.101765587
0,0,0,0,0,0,0,0,0,0,0,0.000778046,0.062194597
0,0,0,0,0,0,0,0,0,0,0,0.000732728,0.046224726
0,0,0,0,0,0,0,0,0,0,0,0.000690301,0.003826745
0,0,0,0,0,0,0,0,0,0,0,0.00066283,0.003826745
0,0,0,0,0,0,0,0,0,0,0,0,0.002678721
0,0,0,0,0,0,0,0,0,0,0,0.005747969,0.036685915
0.086410319,0.311025391,2.316041205,0.222024979,0.773738775,4.394236669,4.878104016,5.047889426,4.507849649,5.037129,5.35214445,0.006722859,0.113648205
0.043616304,0.214344308,2.242202365,0.360364121,0.689240209,3.84689085,4.70408025,5.745220814,3.897208095,4.851258993,5.068180527,0.007875979,0.16651112
0.123408203,0.176441244,2.424139915,0.302188646,0.741345871,4.620508104,4.492586941,5.342566598,5.154323655,5.671284675,5.968178856,0.008950594,0.177468715
0.196293521,0.190593509,2.48999878,0.230916063,0.757271736,4.582054732,4.521594802,5.195702001,4.991869431,5.324543289,5.974726794,0.009960422,0.248873332
0.199362502,0.169620245,2.523353541,0.227406017,0.610398222,4.493102786,4.435134562,5.077187221,5.195811525,5.350516194,5.79893311,0.010822547,0.287691265
0.285879048,0.154201908,2.513687406,0.198061386,0.690308555,4.94374983,4.327198409,4.935260664,5.253728781,5.418424,5.921148513,0.011501886,0.26335794
0.259538342,0.133045305,2.52134562,0.227482745,0.608837681,4.759904114,4.154995542,5.023157998,5.464726944,5.47265943,6.08866454,0.011903539,0.339342278
0.207972005,0.18216669,2.514884359,0.225097174,0.681004724,4.706793594,4.231029289,4.924927886,5.545848717,5.520853611,6.078504292,0.011980015,0.371546255
0.227188639,0.140877767,2.559450769,0.270497499,0.683460121,4.838996977,3.814043751,4.612468594,5.974804366,5.705106098,6.449686217,0.011839882,0.423692244
0.24424741,0.13535503,2.491091697,0.238940414,0.682168787,4.86607868,4.1826654,4.736380567,5.564244568,5.659602054,6.196737269,0.011424419,0.394875474
0.354736437,0.078856554,2.245117371,0.185694487,0.6739713,5.142567031,4.635062905,4.438621644,5.348792489,5.152584414,5.74542371,0.010822454,0.382921712
0.153676595,0.225456217,2.422726357,0.205990201,0.671278759,4.971314043,4.029205924,4.793801421,5.632022649,5.573951447,5.930074555,0.010043767,0.394793002
0,0,0,0,0,0,0,0,0,0,0,0.009141316,0.386627535
0.272243652,0.170295207,2.472620328,0.124168512,0.662035194,4.8061268,4.212978866,4.632397691,5.239591885,5.562428247,5.81185504,0.008197043,0.343619071
0.26518022,0.148377131,2.559446577,0.215057736,0.610182496,5.713900149,3.587914266,3.788394597,6.354126638,6.178306319,5.895880748,0.007231258,0.316500326
0.153613383,0.206363932,2.533867355,0.253164848,0.651499979,4.694097031,4.20792425,4.806722954,5.827353649,5.685727567,6.053161204,0.006180771,0.316528609
0.250563355,0.151507162,2.44041159,0.209824429,0.592874303,4.860287256,4.250785664,4.546572693,5.597028077,5.363136105,6.048998535,0.005131759,0.262329167
0.254635882,0.16929827,2.484125444,0.200459382,0.661920745,4.810054856,4.478340737,5.130047517,5.405645847,5.255651576,5.541148747,0.004248605,0.227061738
0,0,0,0,0,0,0,0,0,0,0,0.003611,0.149952308
0,0,0,0,0,0,0,0,0,0,0,0.003136739,0.113365228
0.411933865,0.078914388,2.180535243,0.117931655,0.830288592,5.522387952,5.468491038,4.726988534,4.742517392,4.624336571,4.888138672,0.002748974,0.096272712
0,0,0,0,0,0,0,0,0,0,0,0.002422431,0.082413841
0,0,0,0,0,0,0,0,0,0,0,0.002153291,0.088740748
0,0,0,0,0,0,0,0,0,0,0,0.001967946,0.071965802
0.335280984,0.162951438,1.980031548,0.166656884,0.697451922,5.110335139,5.278289535,5.465483308,3.740081297,4.566478599,4.979231818,0.001871367,0.084236372
0,0,0,0,0,0,0,0,0,0,0,0.001857118,0.074757047
0,0,0,0,0,0,0,0,0,0,0,0.001900839,0.080945834
0.226706706,0.137874023,2.100284777,0.289722712,0.745528551,5.299893057,4.386499357,4.871669292,6.240337563,5.745216107,6.125252795,0.002006175,0.199066881
0.157214762,0.272793918,2.293390526,0.160691468,0.721610659,4.59046042,4.865970467,5.177838522,5.408500299,5.286802977,5.544303333,0.002125772,0.146251405
0.307727376,0.186954427,2.220108022,0.166898567,0.62804853,4.792410356,5.216052055,5.254976523,4.465811068,4.888307405,5.114591289,0.002234551,0.116318262
0.174071452,0.283863119,2.314169708,0.177664595,0.829376188,4.709231019,5.159952283,5.688003123,4.744328916,5.313079953,5.856356025,0.002328287,0.106541962
0,0,0,0,0,0,0,0,0,0,0,0.002388922,0.106609981
0,0,0,0,0,0,0,0,0,0,0,0.002400985,0.105220705
0,0,0,0,0,0,0,0,0,0,0,0.002356978,0.105689632
0,0,0,0,0,0,0,0,0,0,0,0.002242269,0.103747106
0,0,0,0,0,0,0,0,0,0,0,0.002098028,0.097956977
0,0,0,0,0,0,0,0,0,0,0,0.001952951,0.09692227
0,0,0,0,0,0,0,0,0,0,0,0.001818691,0.104871626
0.09417806,0.413250326,2.220290521,0.142846404,0.834828787,3.930131495,5.301440239,5.201311231,4.957739174,4.26846379,5.600844383,0.001714768,0.136899447
0.118737793,0.245562032,2.290330034,0.341645189,0.736918941,4.091330765,5.216850996,6.159687713,4.014937,4.435719609,5.092591099,0.001656911,0.190107479
0.211904488,0.183962163,2.426119168,0.234055616,0.667554265,4.825511178,4.375024059,5.568801077,5.250609135,5.222942517,5.650857666,0.001607928,0.152903779
0.074807943,0.370448405,2.238308213,0.207557368,0.557715386,3.703436285,4.661385611,6.706068009,4.651645959,4.973974213,5.480072588,0.001597177,0.108927837
0,0,0,0,0,0,0,0,0,0,0,0.001605702,0.083513349
0.032012533,0.289105632,2.352167595,0.310406283,0.920201672,5.301517159,5.55846861,4.67323488,4.138228268,5.245083094,5.182801068,0.00163308,0.095737513
0.273399089,0.21879069,2.317619519,0.095486803,0.841205349,5.814517736,5.005857158,4.470832872,4.602876115,5.419279289,5.549985015,0.001682939,0.098735971
0.186577962,0.37782959,2.13924061,0.033382833,0.961503003,5.570696831,5.876152039,4.313803733,3.977922916,4.962873131,4.76235044,0.00172795,0.094929471
0,0,0,0,0,0,0,0,0,0,0,0.001798672,0.09655879
0,0,0,0,0,0,0,0,0,0,0,0.001899228,0.101609964
0,0,0,0,0,0,0,0,0,0,0,0.00206222,0.110910275
0,0,0,0,0,0,0,0,0,0,0,0.002225606,0.118324163
0,0,0,0,0,0,0,0,0,0,0,0.002363715,0.12991769
0.285510032,0.274815785,2.201163656,0.071291425,0.7356239,5.197532583,5.277579085,4.639041001,4.439477725,5.036178356,5.697899342,0.002507086,0.167928835
0,0,0,0,0,0,0,0,0,0,0,0.002717307,0.174541971
0.172348226,0.3075,2.438221799,0.182797967,0.635093309,4.485477641,4.867473915,5.030612901,4.742607012,4.847806707,5.678869665,0.002988006,0.195559537
0.102206055,0.24696799,2.538779566,0.309667409,0.689983194,4.167849278,4.66809351,5.548126161,5.030519001,5.19349637,5.871206216,0.003281974,0.270636806
0.212311102,0.191583563,2.480272325,0.202786766,0.661672118,4.843185471,4.457835036,4.9691354,5.437797038,5.332592547,6.058110065,0.00361021,0.320152214
0.203029437,0.173098726,2.42727968,0.253295688,0.637023857,4.851493516,4.79614644,5.139807463,5.214793175,5.680310309,5.971412369,0.003934113,0.251656261
0.107867079,0.272640517,2.544843637,0.294406268,0.714392049,4.334409503,5.11439484,5.151676611,4.571881191,5.043391852,5.560109027,0.004224689,0.270574326
0.095784415,0.245939308,2.408254428,0.287480138,0.516826963,4.057706131,4.967451377,5.461642116,5.067302985,5.208933903,5.560165432,0.00447978,0.274221969
0.143019511,0.269838664,2.525833814,0.244486864,0.691953317,4.59050424,4.921022225,5.088611454,4.71553768,5.305948958,5.408252213,0.004656623,0.295145661
0.115394268,0.312374907,2.411063725,0.21479828,0.673748719,4.548592979,5.042424843,5.244452391,4.703430695,5.161463814,5.477981862,0.004741522,0.207069944
0.158815918,0.246597937,2.412872245,0.22371989,0.768377979,4.630453706,4.992224379,5.433298011,4.650543457,5.357874805,5.897590762,0.00474689,0.21174079
0.115168108,0.334660063,2.491672634,0.234937041,0.70774443,3.947389848,5.278101189,5.746988318,4.49575474,4.902833713,5.736555125,0.004679454,0.256577692
0.093130232,0.239069708,2.387454073,0.283557522,0.577125087,4.277342411,4.842286893,5.610495955,5.309335994,5.196406565,5.890665122,0.004545382,0.285493258
0.079325448,0.268481988,2.448223896,0.273543935,0.562773991,4.062884953,4.844047414,5.616910365,5.282635398,5.431740814,5.681021459,0.004389199,0.27247086
0.142434019,0.278765901,2.41434922,0.206653916,0.658445456,4.037235755,4.680266481,5.37003298,4.696727262,5.088015923,5.450568511,0.004216773,0.220720221
0.217327836,0.287850658,2.266947729,0.042266044,0.675260519,4.516594172,4.634640018,5.076083965,4.943716632,5.141586059,5.781388389,0.004025427,0.194343818
0.208265574,0.221162795,2.310271881,0.182810452,0.74780803,4.375656843,4.84194817,5.318170786,4.540436167,5.077133671,5.560020447,0.003808477,0.181652456
0.273911654,0.214241992,2.377926426,0.184942991,0.641747271,4.766959866,5.029289999,4.838959868,4.81302156,5.338607364,5.745700121,0.003570911,0.164777306
0.147239583,0.268347982,2.435151132,0.295003619,0.775940245,5.03552103,5.409647703,5.17477715,3.903529286,4.693368077,5.185259938,0.003265565,0.162764502
0.268492513,0.223256511,2.352955207,0.128305447,0.678285085,4.738684124,4.588897568,4.855728441,5.093207306,5.435747361,5.890493381,0.00292708,0.189721045
0.307514323,0.098917318,2.391505023,0.187509521,0.641695999,4.866272426,4.095352375,4.688215554,5.597979236,5.210652113,6.028519177,0.002614402,0.209925608
0,0,0,0,0,0,0,0,0,0,0,0.002352846,0.160888674
0.05181722,0.276753608,2.341947092,0.283972969,0.488021615,4.074615722,4.942944765,5.590768417,5.149918512,5.298195263,5.638748402,0.002189643,0.18698872
0.027858615,0.289763455,2.424812427,0.326028158,0.614907491,4.045389513,5.313375354,5.845990062,4.679023961,5.519006848,5.389359236,0.002046311,0.142029726
0,0,0,0,0,0,0,0,0,0,0,0.001884852,0.002678721
0,0,0,0,0,0,0,0,0,0,0,0.001817344,0.002678721
0.181330078,0.185329102,2.313847106,0.234524373,0.690359072,5.209483659,5.386844349,5.405582249,4.422405541,4.918431652,5.329638779,0.005985406,0.006071768
0.207085612,0.285139844,2.284660698,0.130626642,0.740800471,4.821922979,4.784441092,5.331677275,4.626215744,5.34616415,5.712297795,0.007082633,0.143851392
0.188630139,0.17681786,2.464157873,0.264641915,0.725001175,4.997480026,4.203947629,5.352773981,5.606712405,5.734032371,6.547121653,0.008275244,0.239191966
0.24831729,0.153197777,2.382222916,0.220861316,0.745251572,4.87893383,4.505262698,5.632731429,5.631051804,5.789542351,6.353223971,0.009287509,0.247606984
0.215591797,0.186929579,2.315964272,0.190999831,0.667921358,4.984240174,4.48230013,4.991967897,5.188825039,5.614437111,6.03596042,0.010173969,0.263264566
0.33398546,0.187934299,2.256719675,0.059138707,0.625706763,5.613305648,4.542580455,4.439400206,5.628922383,5.758281767,6.251394113,0.010883199,0.240939262
0.345817057,0.182906901,2.201828211,0.056154482,0.667935779,5.113897403,4.48176531,4.487565657,5.57793204,5.142983059,5.876425545,0.011343673,0.304885642
0.297285776,0.208126318,2.271385818,0.09529313,0.448119675,5.439174522,4.467384233,4.581446608,5.833630139,5.765466897,6.339497368,0.01150201,0.375674725
0.176496582,0.168406576,2.403667165,0.297675781,0.544638707,4.829149038,4.093652785,5.146214237,5.802903175,5.734273672,6.253140589,0.011365862,0.450115727
0.194706421,0.283691406,2.371453484,0.135452283,0.639390591,5.638115577,4.764669247,4.726952828,5.733154468,5.763080873,6.104005441,0.010953601,0.42936521
0.128699816,0.331899957,2.242124907,0.14469022,0.651608032,4.384864206,4.938025673,5.195770006,5.391101916,5.334198733,6.10010612,0.010315355,0.345050133
0.203664605,0.239171441,2.366389462,0.1557278,0.490872273,4.784163483,4.776081713,5.110609368,5.169456573,5.365916658,5.830662028,0.009475604,0.384415869
0.213635091,0.177799262,2.457910476,0.223642956,0.543390362,4.550456564,4.485480813,4.996769035,5.583351592,5.520299037,5.759367387,0.008412147,0.353092523
0.246804865,0.181731179,2.419664993,0.181717906,0.464482825,4.863243136,4.196464474,4.748731386,5.741837274,5.901562723,5.813941652,0.007275237,0.320079223
0.15308891,0.259276211,2.354806409,0.204241124,0.744746403,4.508997596,4.818103725,5.228214303,5.066567082,5.082229791,5.415463681,0.00624983,0.316634233
0.208464239,0.193361235,2.351544189,0.178873906,0.689131106,4.835398376,5.015532826,5.219643652,4.709061801,4.834670152,5.114294086,0.005331988,0.324794096
0.28428341,0.233419448,2.279041796,0.125148818,0.615635071,5.284118143,5.414784009,5.042116734,4.829316128,4.969629483,5.012939453,0.004525991,0.272145288
0.297445253,0.246794508,2.254027068,0.056609963,0.723815895,5.140137965,5.182220611,4.833695016,4.860379799,4.861144608,4.824844986,0.003797937,0.228878691
0.323657227,0.172223307,2.381764588,0.09988976,0.442525507,5.359458566,3.883436322,4.085012913,5.724558353,5.504554749,5.49746871,0.003109874,0.213998151
0,0,0,0,0,0,0,0,0,0,0,0.002491609,0.182438311
0,0,0,0,0,0,0,0,0,0,0,0.00203406,0.207284626
0.106217991,0.235127496,2.380170178,0.400316981,0.505393731,4.12793843,5.66092507,6.177251379,4.217520455,4.59788082,5.061652045,0.001761664,0.232340219
0.270901512,0.092216616,2.355395023,0.209696322,0.847319706,5.090570695,4.379549576,4.894508739,5.660250094,5.613043249,5.922621435,0.001633952,0.258195152
0.187048871,0.22580248,2.394565892,0.189408704,0.703734327,4.805332668,4.48015255,4.935884504,4.982419263,5.13199127,5.532548435,0.001638383,0.223402419
0.172658963,0.268585612,2.189114402,0.159294755,0.725755106,4.646543108,5.024857993,5.428005929,4.414627273,5.003623508,5.086626848,0.00175577,0.234199162
0.109378631,0.275262795,2.194454777,0.20195716,0.62379864,4.804499186,5.365420951,5.205616447,4.274043856,4.924403695,4.998417721,0.001927901,0.190692142
0.061704397,0.374212979,2.197689098,0.210487809,0.688582081,4.960798415,5.138208205,5.473973426,4.019417763,4.771197677,5.365195496,0.002117941,0.196017635
0.133490835,0.309098307,2.299953868,0.178333856,0.780865227,5.319671136,4.719610787,5.18952179,4.795028668,5.090002716,5.786782631,0.002283985,0.162509514
0.155632596,0.177792535,2.429622831,0.289862081,0.708386011,5.264714722,4.627939769,4.967629695,5.210827315,5.35579795,6.255578506,0.002422576,0.226991595
0.235250108,0.149980624,2.402718528,0.224246406,0.737143957,5.321369957,4.530629694,5.10212588,5.638497767,5.769088348,6.371369064,0.002533899,0.235617154
0.162821615,0.290499024,2.446083872,0.211019021,0.817072632,4.931093466,4.393315101,4.918824124,5.370192158,6.089404941,6.514528418,0.002595808,0.174109716
0.222603353,0.338720703,2.112437775,0.062441759,0.781796031,5.872966838,4.363325131,4.586025453,5.546905124,6.088798988,6.43827827,0.002598792,0.183440396
0.242218786,0.285230939,2.212354776,0.103265121,0.81945308,5.827379491,4.324376729,4.363440805,5.365916146,5.80846213,6.405199091,0.002542626,0.165657702
0.362370877,0.136472439,2.164949937,0.101245754,0.819573239,5.652117133,4.486099084,4.331540376,5.748514513,5.489615798,5.596292536,0.002423331,0.167417394
0.343081688,0.173427282,2.145275055,0.106793824,0.735694167,5.546334478,4.257685181,4.640553316,5.308443109,5.677252422,6.378645341,0.002256808,0.190335427
0.394029948,0.158265644,2.075455867,0.077263741,0.832844986,5.720389552,4.662352867,4.537930576,4.793266198,5.242937516,5.901941426,0.002047165,0.160844109
0.172312128,0.349186082,2.039342761,0.065714556,0.81847053,5.330357718,5.111564372,4.8658896,4.953271636,5.124042511,5.443562516,0.001826616,0.148645992
0.26623849,0.297657296,2.154176741,0.068148739,0.695848088,5.393046843,4.989574692,4.541049187,4.632093872,5.279979616,5.804231916,0.001595442,0.127095032
0.335812175,0.175551758,2.121555443,0.065100264,0.796605891,6.11457934,4.66498964,4.42638286,5.042551577,5.669420103,5.658455908,0.001382411,0.136197402
0.336143741,0.206294178,2.232643131,0.075475885,0.793478812,5.221420561,4.849289,4.552787857,4.823209456,5.21018838,6.191818203,0.001208516,0.134506195
0.1294731,0.35452252,2.419315399,0.203519107,0.760737377,4.250246528,4.902592285,6.043582049,5.381495812,5.55356341,6.395922509,0.001061722,0.130625391
0.087124023,0.346820882,2.473483472,0.294203234,0.845167885,4.591139361,5.061744899,5.758256167,4.883146018,5.554456607,6.459635079,0.000937048,0.113554061
0.089013672,0.333886719,2.430175277,0.222413448,0.814895713,4.568135977,4.889909625,5.796068907,4.941250622,6.035356641,6.215132952,0.000841938,0.08639417
0,0,0,0,0,0,0,0,0,0,0,0.000769913,0.06609064
0,0,0,0,0,0,0,0,0,0,0,0.000712432,0.04773449
0,0,0,0,0,0,0,0,0,0,0,0.000671819,0.002678721
0,0,0,0,0,0,0,0,0,0,0,0,0.002678721
0,0,0,0,0,0,0,0,0,0,0,0.005946021,0.037232573
0.165015055,0.293503622,2.229173153,0.057809211,0.455133108,3.386500493,5.534439586,6.401822343,3.960998945,4.738410629,4.529340021,0.007029758,0.101130098
0.115491389,0.360660659,2.24146338,0.11557102,0.802599709,4.329423129,5.019990601,5.819038228,4.413080649,4.78732833,5.442775222,0.008256938,0.134017327
0.077108724,0.385325521,2.226830855,0.127324886,0.771777896,4.357391516,5.164716119,5.734632421,4.597387129,4.27398721,5.523386306,0.009411827,0.167151978
0.112428711,0.229818197,2.55459225,0.277886671,0.659149081,4.673596549,4.263941926,5.188669574,4.705490804,5.078634095,5.69868598,0.010423072,0.325833116
0.138538086,0.208603678,2.490599968,0.217794931,0.592821482,4.349372274,4.495331895,5.517260653,4.701628917,5.082970589,5.125775957,0.011343269,0.336595781
0,0,0,0,0,0,0,0,0,0,0,0.012040165,0.290535503
0.229789063,0.218826823,2.473219211,0.135282683,0.640499271,4.947443014,4.395163906,4.450168359,5.933463037,5.613667643,6.031080329,0.0124371,0.34302119
0.184089281,0.179349698,2.57755824,0.302325498,0.623886553,4.65768354,3.930953792,5.042228688,6.001992448,5.527929387,6.036233393,0.012525519,0.383579289
0,0,0,0,0,0,0,0,0,0,0,0.012335266,0.347598124
0.280784831,0.177818522,2.348122765,0.151295374,0.696700784,4.669905852,4.660094607,4.773911622,4.930216721,5.278641343,5.728726101,0.011898858,0.346698423
0.143706869,0.172167643,2.56300133,0.286827893,0.615741002,4.527428359,4.788197041,5.471280783,5.440357149,5.307509804,5.82279737,0.011257927,0.376459034
0.161107081,0.222126814,2.394813052,0.205741166,0.626270087,4.729727118,4.354017729,5.078684551,5.780165686,5.661454192,6.245966284,0.010409459,0.345817952
0.190199653,0.165348633,2.506886147,0.279963188,0.598665575,4.382927374,4.521073222,4.897824041,5.560976533,5.111471621,5.724740346,0.009463883,0.395895892
0.265865119,0.131644167,2.43057363,0.210641617,0.66413584,4.998576736,4.391603081,5.048362441,5.465703736,5.600254949,5.939737194,0.008521484,0.373432874
0.346097656,0.08520752,2.484983557,0.213895257,0.526426716,5.548599499,4.095996964,4.396424669,5.86391558,5.622991717,6.097502589,0.007503817,0.315468774
0.209832465,0.132724718,2.518486684,0.3108267,0.513445695,5.090297679,4.123630959,4.287781087,5.940132038,5.900322604,6.208410136,0.00637126,0.373383149
0.197972005,0.166732313,2.493788832,0.258131943,0.574701683,4.861606942,3.970713794,4.637454195,5.768369244,5.516299241,5.798592574,0.005269386,0.299484742
0.180354004,0.105365397,2.354430837,0.287579024,0.578549503,4.625756979,4.131915498,4.935429591,5.55639959,5.246297884,5.490594685,0.004310836,0.288534784
0.369663086,0.079163086,2.497830382,0.158597452,0.602546465,6.178347778,3.799077725,4.493086481,5.636450458,5.706769037,6.023971844,0.003546813,0.197139868
0.257133789,0.211684896,2.488113667,0.15486792,0.779371884,4.863647783,4.593891227,5.021598708,4.568986666,5.109086621,5.311206412,0.003018433,0.131667985
0.325743273,0.115899523,2.446444814,0.144749115,0.626686621,5.330427369,5.309554676,4.863874117,4.553532501,4.639611821,5.806122462,0.002617041,0.103758266
0,0,0,0,0,0,0,0,0,0,0,0.002295693,0.088265393
0,0,0,0,0,0,0,0,0,0,0,0.002019492,0.085115969
0,0,0,0,0,0,0,0,0,0,0,0.001834295,0.086116802
0.301996392,0.249148085,2.046872839,0.095659333,0.676411081,4.787289197,5.175718968,5.553419853,4.351478373,4.645848071,5.288979237,0.001751087,0.104291699
0,0,0,0,0,0,0,0,0,0,0,0.001765741,0.107657664
0.100540907,0.259596897,2.542586952,0.377701339,0.612532499,4.878272692,5.17336609,5.454273045,5.122707447,5.331581076,5.502717793,0.001864766,0.142056683
0.110686849,0.275330404,2.659829803,0.309481227,0.603977121,4.823644519,4.655057371,5.012327909,4.386232495,5.311036944,5.318684936,0.002006585,0.181194738
0.141829834,0.332388645,2.176355593,0.141663932,0.681251198,4.669115337,5.157021816,4.840634714,4.94872795,5.161905517,5.381485174,0.002155561,0.153356783
0,0,0,0,0,0,0,0,0,0,0,0.002305277,0.120876208
0,0,0,0,0,0,0,0,0,0,0,0.002428962,0.113379816
0,0,0,0,0,0,0,0,0,0,0,0.002521201,0.110986594
0,0,0,0,0,0,0,0,0,0,0,0.002570673,0.113594489
0,0,0,0,0,0,0,0,0,0,0,0.002550203,0.11583536
0,0,0,0,0,0,0,0,0,0,0,0.002460669,0.110026186
0,0,0,0,0,0,0,0,0,0,0,0.002304052,0.104016307
0,0,0,0,0,0,0,0,0,0,0,0.002116654,0.096282209
0,0,0,0,0,0,0,0,0,0,0,0.001916721,0.092520738
0,0,0,0,0,0,0,0,0,0,0,0.001741261,0.111559138
0,0,0,0,0,0,0,0,0,0,0,0.00158643,0.098979486
0,0,0,0,0,0,0,0,0,0,0,0.001451392,0.076764755
0,0,0,0,0,0,0,0,0,0,0,0.001371523,0.073969351
0,0,0,0,0,0,0,0,0,0,0,0.001350588,0.069198518
0,0,0,0,0,0,0,0,0,0,0,0.001348282,0.072632317
0,0,0,0,0,0,0,0,0,0,0,0.001372983,0.08022104
0.260862165,0.290236235,2.205820463,0.035490725,0.951149621,5.892150709,5.728596909,4.242432062,4.04272059,5.059061825,5.243331245,0.001382215,0.083422358
0,0,0,0,0,0,0,0,0,0,0,0.001418791,0.086415302
0,0,0,0,0,0,0,0,0,0,0,0.00150353,0.089406736
0,0,0,0,0,0,0,0,0,0,0,0.001617276,0.099355144
0,0,0,0,0,0,0,0,0,0,0,0.001761989,0.109627493
0.440200195,0.173219401,2.100718598,0.050639974,0.791429952,5.853978753,5.473718941,4.657767355,5.208322287,5.135797977,6.077142477,0.001896116,0.151212198
0.255787625,0.194627957,2.32219931,0.169747532,0.771018779,5.390348156,4.623604283,4.543684125,4.829728092,5.028264006,5.618553609,0.002072321,0.181200152
0.197318685,0.124151367,2.475418692,0.284206258,0.638602479,5.048190457,4.276341295,5.16676681,5.702799916,5.258223438,5.413503218,0.002310868,0.277366373
0.094243887,0.240883247,2.393794138,0.306368836,0.753873294,4.361370865,4.944229278,5.194239702,5.194814086,5.155904081,5.813996269,0.002623188,0.2700942
0.065452384,0.207508229,2.319699148,0.387388059,0.672180497,4.381227338,4.737164401,5.842381784,5.166916003,5.088311497,5.841440767,0.00301007,0.28894174
0.100809972,0.187602443,2.365292033,0.335455746,0.624916119,4.84452513,4.422886589,5.098918957,5.662263769,5.365318414,6.094667301,0.003412366,0.344341687
0.151920211,0.210155165,2.393322239,0.284396355,0.656348645,4.621206515,4.493496305,4.927931915,5.428678655,5.275175005,6.123689012,0.003798733,0.284461486
0.163755245,0.233468425,2.574251826,0.29974849,0.620078446,4.511616257,4.697919375,5.242618183,4.76128308,5.180068076,5.701083607,0.004174066,0.274530006
0.156555501,0.263705241,2.432289641,0.216594244,0.658228545,4.655703217,4.546413159,5.2158723,4.929663724,5.414847279,5.755357373,0.004506913,0.263504068
0,0,0,0,0,0,0,0,0,0,0,0.004746025,0.283470958
0.149919705,0.256488308,2.496143966,0.198864811,0.657067931,4.19729047,5.166697398,5.331794048,4.7747311,5.310981825,5.650396546,0.004887698,0.276172489
0.091645679,0.303210578,2.453252595,0.235708678,0.654636313,4.331233613,4.437800483,5.55090189,5.398392969,5.565261797,5.71649621,0.004934253,0.271406087
0.026601766,0.37435262,2.394433206,0.21721277,0.561576689,4.341404855,4.535089388,5.945988506,4.842483446,4.83067888,5.654547825,0.004881416,0.222969437
0,0,0,0,0,0,0,0,0,0,0,0.00474427,0.171912642
0.368539109,0.103598168,2.352488676,0.182602825,0.705171348,4.635433678,4.953216144,5.348284721,4.664684483,4.590891114,5.126557597,0.004545882,0.17021978
0,0,0,0,0,0,0,0,0,0,0,0.004316121,0.160777644
0.189634196,0.255417887,2.45609791,0.160276129,0.634165723,4.593978174,4.649332911,5.58877866,5.012058206,5.040760971,5.699665457,0.004070487,0.193175517
0.172123752,0.266351002,2.327546365,0.134719588,0.53766097,4.526688612,4.87333059,5.198461119,4.45048368,5.134775516,5.478967163,0.003799753,0.159136266
0.226197781,0.301593696,2.255097077,0.098394677,0.811531009,4.721462106,4.924100647,4.629554202,4.470532159,5.153651367,5.403453951,0.003487067,0.141522555
0.20366714,0.320793087,2.264558349,0.144883574,0.711294226,4.869935117,5.202472156,4.833760305,4.338190783,5.159462989,5.527638614,0.003147587,0.14985534
0.19251671,0.277056098,2.26535569,0.118565325,0.565172774,4.505991701,4.805220552,5.280072816,4.458763965,5.234154216,5.712535401,0.002794554,0.191613026
0.249550917,0.293974474,2.285644116,0.055090332,0.670580206,4.570204424,5.530016591,4.977586995,4.214955452,5.140291577,4.949034015,0.002453955,0.133476808
0.231591797,0.297836915,2.167721195,0.046517639,0.847892106,4.060216516,5.788555622,5.465996027,3.98848632,4.731247902,5.245322347,0.00215387,0.004018082
0.200829101,0.317416341,2.234270414,0.060227213,0.724345854,4.617749405,5.28282032,5.192267978,4.222653157,4.971427399,5.166162294,0.001944852,0.005639413
0.113621324,0.337617666,2.308534865,0.158328844,0.634835982,4.056684592,5.275823446,5.43989739,4.490458087,4.889754565,5.42448216,0.001760727,0.140660089
0.09357544,0.354729818,2.418597907,0.172868202,0.603252152,4.06314075,5.008119256,5.945994139,4.993434668,4.969842613,4.990346908,0.001638943,0.005498428
0,0,0,0,0,0,0,0,0,0,0,0.00584228,0.009375524
0.166978027,0.28673877,2.318880248,0.194418378,0.7637708,4.170924261,4.815812486,5.531253409,4.894259906,5.169690555,5.783671427,0.007035288,0.129672356
0.313637607,0.163385769,2.274613715,0.193461514,0.674522495,5.154501114,4.848182166,4.793722293,5.169316355,5.435738261,5.916715396,0.008231899,0.227312846
0.241387478,0.209251193,2.280618225,0.207051147,0.662200739,5.003197356,4.484089168,4.870646787,5.678536832,5.599629239,5.992311732,0.009288784,0.265738254
0.373157688,0.145704074,2.084875624,0.099784075,0.613072635,5.677790791,4.624460807,4.374003169,5.303071131,5.439743017,5.788085312,0.010269737,0.237873923
0,0,0,0,0,0,0,0,0,0,0,0.011048996,0.217456012
0,0,0,0,0,0,0,0,0,0,0,0.011547823,0.246497812
0.35784668,0.195465495,2.113961523,0.052515115,0.150159979,5.298497319,4.621286303,4.86569795,6.146927476,5.611305833,6.480992973,0.011777944,0.336119484
0.274985171,0.210340079,2.229746012,0.095452305,0.507780984,5.227510211,4.155114373,4.657410817,5.980467141,5.876170297,6.22304417,0.011698764,0.436318494
0.344135336,0.179732259,2.214071215,0.060805333,0.55895276,5.135933146,4.379457161,4.508041501,5.977516264,5.814550489,5.902858645,0.011345077,0.49634607
0.101575077,0.27259958,2.382454609,0.25269734,0.587172172,4.480611259,4.580904874,5.419894912,5.315677621,5.834363916,6.150218237,0.010753276,0.38442444
0.21428125,0.201257487,2.34915826,0.194619998,0.620761234,4.728812083,4.498439848,5.250140957,5.35005337,5.813226509,6.058375323,0.009909201,0.420202537
0.245377837,0.096076311,2.523999921,0.286162009,0.550935544,4.536670157,3.705254061,5.170907889,6.421592678,5.682074445,6.119421039,0.008903031,0.472717413
0,0,0,0,0,0,0,0,0,0,0,0.007851591,0.414475845
0.274802098,0.167327844,2.314046772,0.181874753,0.635911766,5.096726615,4.37029443,4.772351885,5.718288048,5.64501554,5.898911818,0.006804382,0.385505028
0.354116211,0.171354167,2.233552729,0.083154992,0.639424389,6.449812293,4.731124759,4.264162421,5.758735299,5.24985528,5.195751429,0.005852613,0.279824302
0.299222005,0.184083659,2.306335459,0.164673763,0.845431306,6.587684393,5.149925649,4.531309426,5.517569304,4.930797338,5.148474216,0.005035189,0.246342783
0.284163411,0.116717123,2.338824322,0.126657666,0.589192852,4.745230228,4.328380555,5.293635905,5.176548123,5.646844626,6.1100474,0.004279366,0.26429371
0.19989002,0.254156901,2.404451162,0.121356159,0.577524471,4.861533544,4.916844704,4.786348445,5.179498196,5.392807215,5.453290181,0.003512635,0.291411667
0,0,0,0,0,0,0,0,0,0,0,0.002808756,0.227691874
0.297749024,0.162931315,2.242427668,0.20607753,0.891235824,4.999220386,4.852465123,4.886959479,3.936132506,4.398529857,3.950953513,0.002277986,0.194497328
0.158701477,0.274745992,2.314939908,0.300682647,0.620230177,4.594577342,5.030945402,5.40389847,4.654188436,4.596834872,4.752169725,0.001905748,0.258714048
0.155197184,0.239526448,2.288287266,0.245817533,0.64116078,4.595133436,4.457280445,4.993513638,5.309923402,5.254238281,5.388425249,0.001676308,0.315095822
0.163598189,0.213599965,2.422497992,0.243114445,0.671625672,4.728605119,4.360020692,5.304388399,5.395728388,5.230550213,5.69604985,0.001588652,0.320545177
0,0,0,0,0,0,0,0,0,0,0,0.001632529,0.211247924
0.023323975,0.386883952,1.92386686,0.206765763,0.907167092,4.769850716,5.588544637,5.452216655,3.998265401,4.147807062,5.207884729,0.001757501,0.152087837
0.146459221,0.370527344,1.973298533,0.140711881,0.845198529,4.759380731,5.567540196,5.249960444,3.86715508,4.790463897,5.343206422,0.001929786,0.146584085
0.27924235,0.27542985,2.12136354,0.089378708,0.774796818,4.878489739,5.062468547,4.938054359,4.149300298,4.909871096,5.024022478,0.002088729,0.13790514
0.148876953,0.240905984,2.213903477,0.211988608,0.841364702,4.662549116,4.723015292,5.606102553,4.712577218,4.75350775,5.406213072,0.002233385,0.134537563
0.21517768,0.235227593,2.239098608,0.171851247,0.816503815,5.091748099,4.973206666,5.11790263,4.434557954,5.186159044,5.542764707,0.002367407,0.147122742
0.25106599,0.244475279,2.25296201,0.110077335,0.729606456,4.730309526,4.971408996,4.902555204,4.347400884,5.043317831,5.923944636,0.002447096,0.151901289
0,0,0,0,0,0,0,0,0,0,0,0.002461795,0.162304322
0.103621419,0.305607096,2.119391848,0.205432356,0.810339458,4.837096214,4.399753392,4.802016497,6.138907671,5.340303421,5.452746034,0.002417758,0.166929662
0.251221079,0.303257587,2.139042424,0.09130922,0.720896359,5.84306865,4.256074465,4.125397852,5.350399343,5.962556848,6.435286155,0.002316957,0.160323868
0.246786194,0.272954915,2.18513831,0.12064166,0.759448847,5.750924233,4.313185431,4.546075815,5.176263388,5.733040113,6.31296137,0.002165674,0.156444039
0.294231059,0.213651937,2.055725359,0.107068711,0.75269686,5.489363041,4.763189215,4.874475148,4.819935203,5.327851064,5.807696782,0.001990846,0.156043349
0.216407471,0.31203064,2.173204589,0.114066468,0.522017536,5.398630656,4.865600422,4.698943898,4.885505267,5.429462582,4.948312655,0.0017858,0.136568794
0.284489698,0.257940411,2.244817724,0.124802623,0.770119261,4.644203018,4.897715411,5.265267134,4.445078801,5.06550439,5.528506524,0.00157987,0.139389042
0.356245787,0.149902918,2.300609152,0.137532688,0.836141207,5.295312853,4.624796184,4.972774365,4.848776828,5.449393094,6.034502766,0.0013963,0.165128075
0.356842204,0.142296387,2.213067777,0.110555422,0.696413076,5.615861428,4.367766664,4.684999609,5.225519508,5.554306814,6.048209876,0.001237039,0.196638302
0.352032154,0.11486726,2.338791362,0.127326126,0.601816668,5.626989616,4.345915019,4.291810511,5.584017227,5.737239838,5.945199384,0.001088042,0.214919191
0.300691244,0.20111084,2.115508545,0.044156097,0.702241561,5.207633752,5.172775978,4.881159627,4.402611768,5.119301379,5.132084775,0.000957466,0.121516202
0.11799764,0.359459635,2.033463053,0.150821446,0.432493124,5.275009498,5.393541455,4.471256003,2.953618474,4.777808308,4.516137138,0.000858049,0.014572243
0,0,0,0,0,0,0,0,0,0,0,0.000768104,0.008250461
0,0,0,0,0,0,0,0,0,0,0,0.000703273,0.003683242
0,0,0,0,0,0,0,0,0,0,0,0.000663091,0.004285954
0,0,0,0,0,0,0,0,0,0,0,0,0
0,0,0,0,0,0,0,0,0,0,0,0.00599278,0.036317261
0,0,0,0,0,0,0,0,0,0,0,0.00714031,0.084605896
0,0,0,0,0,0,0,0,0,0,0,0.008399216,0.124852515
0,0,0,0,0,0,0,0,0,0,0,0.009576489,0.174096812
0.128491359,0.208564009,2.459175235,0.333027707,0.601476272,4.491052286,4.520787423,4.935720704,4.692708709,4.944724002,5.73718492,0.010661516,0.304003842
0.198272786,0.143749349,2.467601651,0.295504545,0.648875935,4.340572155,4.59164418,5.48796525,4.663409877,5.156004393,5.296711302,0.01159412,0.323568783
0.128910837,0.239264027,2.417430983,0.230985203,0.724877762,4.51360275,4.719859638,5.537494828,4.68366702,5.331845955,5.40530745,0.012264455,0.299887677
0.117772217,0.279314128,2.427635184,0.218193713,0.740242944,4.591254166,4.52571018,5.118608946,5.253740615,5.43940449,6.048939574,0.012667657,0.301188242
0.147227295,0.214067139,2.499323112,0.28822574,0.692989684,4.580473469,4.359901085,5.216760069,5.584915945,5.66688889,6.092095643,0.012770786,0.369301302
0.113853516,0.260007921,2.474194028,0.274687371,0.701149296,4.316333604,4.742448755,5.657904538,5.056696673,5.347311318,6.041685597,0.01258668,0.333195568
0.140464844,0.23174764,2.487517454,0.24888104,0.648188842,4.527391025,4.543990481,5.467480913,5.080060136,5.382723799,6.170799309,0.012148865,0.417823551
0.26991628,0.079374593,2.31526516,0.247064713,0.497249579,4.732726146,4.340046804,5.152608685,5.497673515,5.457398329,5.943603583,0.011467504,0.412023026
0,0,0,0,0,0,0,0,0,0,0,0.010604843,0.344818421
0.182942372,0.1515208,2.399970356,0.282148804,0.71022409,4.656055568,4.166574096,5.236192052,5.691887019,5.530557898,6.317103867,0.009704424,0.441483024
0.131452501,0.17510376,2.468709438,0.325537544,0.661126255,4.122006059,4.444367185,6.067802757,5.60771358,5.581071133,5.701258466,0.008749731,0.395644536
0.303179389,0.14507799,2.487777475,0.111365413,0.629704337,4.884686117,4.17985116,4.898009767,5.698809296,5.662968437,5.975630457,0.007670992,0.364120589
0.12327832,0.090356445,2.285787204,0.37296107,0.554570148,4.861522019,3.57030437,5.653310668,6.234528375,5.398490095,5.217099714,0.006516993,0.387825552
0.18336713,0.172830212,2.48251669,0.239610223,0.702639578,5.050608284,4.128897513,4.693240393,5.630170002,5.686342639,5.985652559,0.005390563,0.308449429
0.221235352,0.182200056,2.50085103,0.280059446,0.687088342,4.714866868,4.604669997,5.313062608,4.999165748,5.27190572,5.944386278,0.004337999,0.229095694
0,0,0,0,0,0,0,0,0,0,0,0.003480015,0.223830943
0,0,0,0,0,0,0,0,0,0,0,0.00289333,0.140920577
0,0,0,0,0,0,0,0,0,0,0,0.002468466,0.111519078
0,0,0,0,0,0,0,0,0,0,0,0.002134511,0.096232425
0,0,0,0,0,0,0,0,0,0,0,0.001872105,0.089817451
0,0,0,0,0,0,0,0,0,0,0,0.001715917,0.106472912
0.118036431,0.234075928,2.37294616,0.236437412,0.593517281,4.587722311,4.863245244,4.925140281,5.072387223,5.228176922,5.734328687,0.00166826,0.230545126
0.169442608,0.248866061,2.569196389,0.242347481,0.703817439,5.264800773,4.182016914,4.299461649,5.892372727,5.813186857,6.509044336,0.001742122,0.282748552
0.138489854,0.214718696,2.513856002,0.330408688,0.54386328,4.721695309,4.237493878,5.096693695,6.050432384,5.675500537,6.378519292,0.001883325,0.266377942
0.110054587,0.185000751,2.512306169,0.416331052,0.580124264,4.448275461,4.057120704,5.140988267,5.829048189,5.568726512,6.133417872,0.002050236,0.243644577
0.139906169,0.254896891,2.466920974,0.213210912,0.593567303,4.709036455,4.24557804,5.127331448,5.396966752,5.386289632,5.771367049,0.002238598,0.224196724
0.20704978,0.173679763,2.438413967,0.243737529,0.669888049,4.601825606,4.325544559,5.629810714,5.203781486,5.277296681,5.235673171,0.002437543,0.283576785
0.219306265,0.200839718,2.426676005,0.215428571,0.753662732,4.924297782,4.189469337,5.148011079,5.459389036,5.523768755,5.581535972,0.002605674,0.25148556
0.220878166,0.122096058,2.490537403,0.206138838,0.631290786,4.49260075,4.368273778,5.621830897,5.277016889,5.106818936,5.690791818,0.002742158,0.190812879
0.157180693,0.245578244,2.361503025,0.167180354,0.714028949,4.790059748,4.816379043,5.30864148,4.408042187,5.037543021,5.530703474,0.002838289,0.16140354
0,0,0,0,0,0,0,0,0,0,0,0.002874296,0.13957679
0,0,0,0,0,0,0,0,0,0,0,0.002827069,0.12913659
0,0,0,0,0,0,0,0,0,0,0,0.002674126,0.124078811
0,0,0,0,0,0,0,0,0,0,0,0.00246217,0.11002132
0,0,0,0,0,0,0,0,0,0,0,0.002232505,0.096327595
0,0,0,0,0,0,0,0,0,0,0,0.001991751,0.099744067
0,0,0,0,0,0,0,0,0,0,0,0.001737785,0.076443207
0,0,0,0,0,0,0,0,0,0,0,0.001507023,0.066684436
0,0,0,0,0,0,0,0,0,0,0,0.001343997,0.063489358
0,0,0,0,0,0,0,0,0,0,0,0.001232831,0.06380888
0,0,0,0,0,0,0,0,0,0,0,0.001176127,0.070424808
0.246272967,0.302897497,2.264527622,0.078039694,0.811014978,5.541523708,5.499905811,4.254852547,4.243439992,5.085926705,5.247106195,0.001145491,0.075641966
0.269651693,0.281988932,2.160033544,0.014086201,0.940712797,5.956273198,5.110590816,3.909896851,3.886526465,4.827912033,5.132204056,0.001126274,0.075675567
0,0,0,0,0,0,0,0,0,0,0,0.0011265,0.077513543
0,0,0,0,0,0,0,0,0,0,0,0.001175968,0.083827524
0,0,0,0,0,0,0,0,0,0,0,0.001261731,0.090062877
0,0,0,0,0,0,0,0,0,0,0,0.00139011,0.108611072
0.26041036,0.246962687,2.303167957,0.151737897,0.756485958,4.933944419,5.036588728,4.935742892,4.895097271,5.136109687,5.873746648,0.001552289,0.136100335
0.1028961,0.207841501,2.30531033,0.408079667,0.671883338,4.271142296,4.723491197,5.204900292,4.969771613,5.08207662,5.403220686,0.001743708,0.206222426
0.154744771,0.234305013,2.4537828,0.28123319,0.704924638,4.350879608,4.767891284,5.17576123,4.985263009,5.164501175,5.841124833,0.002016657,0.229910136
0.113472168,0.218586751,2.532994137,0.371951349,0.748129208,4.223068887,4.626533866,5.376717353,4.762724346,5.274878925,6.246759462,0.002381612,0.250370807
0.312789036,0.109980469,2.338064482,0.217206395,0.748490732,5.160958973,4.54963019,4.870542223,5.236308073,5.298281878,5.721183986,0.002821164,0.250793426
0.145795899,0.066601563,1.913854903,0.361349062,0.723505746,4.490102827,5.546499848,5.688162724,4.053803622,4.555064817,4.602685948,0.003274672,0.223203413
0.203766005,0.246943088,2.341630023,0.153276905,0.657875906,3.950382014,5.046999117,5.394107799,4.374200285,4.84879456,5.390380661,0.003723646,0.262289654
0.100343037,0.160924944,2.394481925,0.381256805,0.621191433,4.614011807,4.363763835,5.384675577,5.548959342,5.206963951,5.955105807,0.004162291,0.333509383
0.126525879,0.207677409,2.519763795,0.290353342,0.70557885,4.588453442,4.147594623,5.254705474,5.940141551,5.27435866,5.985160828,0.004540771,0.296282293
0,0,0,0,0,0,0,0,0,0,0,0.004811585,0.231709153
0.015753147,0.290504557,2.369534795,0.345838948,0.706432289,4.508135354,4.784357222,5.811447295,5.217287481,5.17684588,5.946157126,0.004997649,0.27608698
0.092556858,0.269792426,2.420185918,0.275408856,0.71760192,4.798488669,4.359747143,5.02746503,5.572297378,5.550605873,5.847417382,0.005075291,0.280164645
0,0,0,0,0,0,0,0,0,0,0,0.005046889,0.171732897
0,0,0,0,0,0,0,0,0,0,0,0.004919327,0.144723689
0.322214007,0.116273949,2.352423033,0.199629263,0.750452906,4.827224297,4.900496296,5.310791918,4.74129498,5.191603311,5.548769644,0.004706117,0.16825938
0,0,0,0,0,0,0,0,0,0,0,0.00444311,0.182577203
0.146532273,0.079598447,2.181310367,0.402605987,0.72192473,4.451846429,3.819651765,5.369117081,5.820945007,5.176883842,5.77828598,0.00415293,0.177468062
0.134290364,0.252294108,2.44560328,0.217936514,0.731221691,4.310134864,4.995824027,5.91874401,4.106910014,5.280365747,5.735552192,0.003817453,0.171279036
0,0,0,0,0,0,0,0,0,0,0,0.003441218,0.118824886
0.352246094,0.099513346,1.978547152,0.295944673,0.76659826,4.594381452,5.391705751,4.248718321,3.964198828,4.73726052,5.807546735,0.003064798,0.117836868
0,0,0,0,0,0,0,0,0,0,0,0.002680457,0.007851424
0,0,0,0,0,0,0,0,0,0,0,0.002385514,0.004553826
0.304592557,0.337443034,2.008471288,0.052016745,0.646923294,4.914262136,5.618123969,4.831242363,4.348419031,4.866408189,5.005352378,0.002146139,0.006547985
0,0,0,0,0,0,0,0,0,0,0,0,0.016909427
0.110711263,0.305218099,2.41685309,0.229192547,0.767247236,4.225778162,5.592846036,6.041972518,4.120208383,4.727630734,5.964656949,0.001569989,0.010026071
0.242426758,0.172884115,2.364871605,0.199188769,0.697110291,4.530464768,4.940961599,5.037012637,5.509210169,4.393925965,5.392698526,0.00149011,0.010831351
0,0,0,0,0,0,0,0,0,0,0,0.006127229,0.008036164
0.244436306,0.082383898,2.287445461,0.232582323,0.652719284,5.445006708,4.319641411,5.751036882,5.896150232,5.986097455,6.831242999,0.006911872,0.010020401
0.254088486,0.218105413,2.255015388,0.154877561,0.727593375,4.754816738,4.905317909,5.062839995,4.75066757,5.360660559,6.025367704,0.007884174,0.174204551
0.172240849,0.256264015,2.441269729,0.225061496,0.686057453,4.561980069,4.809166577,5.10000968,5.138513711,5.489594248,6.113121165,0.009040222,0.206901934
0.130590685,0.298744439,2.321893448,0.251627781,0.653939141,4.577504399,5.036289394,5.260228912,4.837984224,5.190130765,5.950636481,0.01007355,0.216937545
0,0,0,0,0,0,0,0,0,0,0,0.010855565,0.221270847
0,0,0,0,0,0,0,0,0,0,0,0.011403625,0.242432676
0,0,0,0,0,0,0,0,0,0,0,0.011687054,0.290555872
0.276660563,0.234418538,2.294579993,0.097024566,0.538448684,5.715185364,4.578653514,4.1791516,5.470306799,5.755738273,5.844273075,0.011679318,0.406238423
0.176310591,0.18152181,2.256658534,0.236380699,0.543544392,4.583211156,4.349765133,5.370949593,5.661747824,5.578830272,6.025235878,0.01139619,0.47599743
0.100020616,0.222809245,2.410242105,0.332603998,0.424688348,4.439871967,4.157319645,5.66699179,5.117670337,6.137429913,6.07640934,0.010839769,0.410615063
0.213959351,0.202798055,2.352429085,0.218502229,0.640601928,4.67160216,4.50094194,5.166416548,5.637242481,5.578806713,5.887334153,0.010057475,0.450214977
0.221843558,0.1434048,2.425896465,0.271064768,0.609318253,4.650483801,4.172418619,4.997729193,6.216212993,5.665024554,6.150094441,0.009142054,0.485350953
0.244493906,0.098239204,2.471110262,0.314327383,0.626485894,4.570105682,4.198386103,5.185796062,6.198376735,5.506464816,6.181470023,0.008149504,0.4447037
0.267939182,0.180281756,2.380694258,0.191937402,0.629742304,5.013903876,4.270891309,5.021912088,5.733165456,5.798289206,5.939881682,0.007131337,0.403631296
0.326257324,0.113305664,2.496446716,0.190791526,0.504292767,4.784832209,4.132196218,5.05531469,5.571926415,6.119972825,6.163594544,0.006213978,0.309281332
0,0,0,0,0,0,0,0,0,0,0,0.005397371,0.255766933
0.049769061,0.26051378,2.198241694,0.281243248,0.71239573,3.854359213,5.442658928,5.975105259,4.4615999,4.54079669,5.002348019,0.00460363,0.297850889
0.061162652,0.237233615,2.193515656,0.291318491,0.691221521,4.107687612,5.040817738,5.640141289,5.161811849,5.049426516,5.496431828,0.003798627,0.297617542
0.092951617,0.226060598,2.387985695,0.329543527,0.685485538,4.685668161,4.498805601,5.113472308,5.483458538,5.578874488,5.65967557,0.003082132,0.319156806
0.07558431,0.143338216,2.444878232,0.374229838,0.741457018,4.216391325,4.816233873,5.436147332,5.113243103,5.109631538,4.782023072,0.002483113,0.231207178
0.126610107,0.233681776,2.333394504,0.220504664,0.557143092,4.582117806,4.469911799,5.152184526,4.963224719,5.303947538,5.751484141,0.002017472,0.258777906
0.157965283,0.223594741,2.431470425,0.224054467,0.637746357,4.671672681,4.644857642,5.273613735,5.331655632,5.319901803,5.705436639,0.001705862,0.312388958
0.235439779,0.157516276,2.526473963,0.262878312,0.649061872,4.994360244,4.482080815,4.905797648,5.521570077,5.413781242,5.965637293,0.00154205,0.275095728
0.238429362,0.207452257,2.339275382,0.124910921,0.639252684,4.597466996,4.551809529,5.219463448,4.905157666,4.865395149,5.575609883,0.001506521,0.186384841
0.187652452,0.297770725,2.436365084,0.140627126,0.326043905,4.43599394,5.098238905,4.871597857,4.243232608,4.950665812,5.600860496,0.001582283,0.182719605
0,0,0,0,0,0,0,0,0,0,0,0.001727693,0.1280724
0,0,0,0,0,0,0,0,0,0,0,0.001884295,0.118800433
0,0,0,0,0,0,0,0,0,0,0,0.002037727,0.111027777
0,0,0,0,0,0,0,0,0,0,0,0.002179406,0.111819373
0.320140788,0.213548177,2.179281926,0.033769666,0.778566399,5.172555924,4.578721047,4.30415538,4.219951362,4.659088612,6.033292294,0.002271525,0.122650428
0.224685246,0.240342673,2.393078586,0.146802469,0.625514345,4.346132916,5.156659044,5.521925403,4.384064899,5.139067022,5.30306127,0.00229974,0.147343966
0.266704463,0.202801468,2.274202467,0.129795648,0.690213883,5.287063566,4.820189032,4.711542024,5.094360921,5.084915969,5.769243757,0.002269604,0.150292218
0.29627004,0.229877726,2.050354706,0.082214309,0.840069063,5.801694255,4.644421086,4.400482431,5.019852288,5.571571693,6.090112887,0.002186452,0.153298921
0.32006307,0.161176351,2.371591166,0.265946379,0.743240137,5.436802343,4.95994176,4.549180314,4.363427356,5.107127279,5.500967547,0.002067789,0.143826314
0.371585829,0.107081163,2.222124956,0.20453859,0.559912438,5.595684806,5.195458293,4.673285882,5.047891299,5.292324384,5.745920857,0.001924806,0.12878107
0.359902561,0.204418186,2.062498971,0.044462777,0.686257843,4.797816239,4.784448659,4.739042775,4.639733557,5.296199779,5.76801103,0.001751872,0.126518237
0.355180509,0.204322064,2.073315912,0.062820149,0.768529318,5.513105296,4.477420168,4.506973431,4.851993538,5.427166348,5.856054499,0.001575995,0.154979206
0.253578776,0.237160726,2.27729522,0.124999201,0.856728987,5.170793319,4.646695998,4.949239135,5.25195545,5.41383819,5.853593588,0.001415224,0.14181832
0.29146403,0.224827474,2.265850273,0.10104335,0.753434771,5.106647509,4.561842965,4.879465776,4.928561773,5.459044618,5.673127191,0.001258311,0.143410883
0.31242063,0.22477204,2.154383273,0.088644652,0.875917379,5.39802437,4.618991982,4.817457322,4.595579912,5.081039671,5.616699874,0.001110037,0.129602869
0.259706588,0.277536991,2.044297235,0.041412458,0.850946755,5.354617525,5.169092905,4.647178211,4.465067999,4.588236034,5.514334998,0.000985691,0.118314631
0.230741374,0.270308431,2.13281678,0.046084945,0.78676641,5.298953921,5.236256162,4.551386545,4.083438585,4.190243542,4.792356153,0.000896349,0.035522172
0,0,0,0,0,0,0,0,0,0,0,0,0.002678721
0,0,0,0,0,0,0,0,0,0,0,0.005869564,0.047311609
0,0,0,0,0,0,0,0,0,0,0,0.007023105,0.071896943
0,0,0,0,0,0,0,0,0,0,0,0.008253768,0.094437631
0.070187174,0.305333116,2.321751205,0.264127771,0.619011438,4.286422829,4.649527252,5.856524626,4.299068511,4.262345314,5.541877091,0.009478312,0.165019951
0.125257342,0.305623282,2.35377523,0.235962145,0.683762711,4.524745842,4.498259385,5.316125138,4.586131185,4.712103119,5.610119952,0.010609101,0.214245064
0.22276709,0.254378418,2.398703216,0.13108169,0.684773,4.817006934,4.299089456,4.787978071,4.509080231,5.165063143,5.1445728,0.011515075,0.19149581
0.11629893,0.264875793,2.396153833,0.205314926,0.712906703,4.313696804,4.651672609,5.665339339,4.469981942,4.929441929,5.142877348,0.012176809,0.238848435
0.152125503,0.211548739,2.482085135,0.222586958,0.600732547,4.194703956,3.946230119,5.430581754,5.445100438,5.392685522,6.179265348,0.012595471,0.310415113
0.191720688,0.131227214,2.531448624,0.273715914,0.711878406,4.485975163,4.114052975,5.170334634,5.808310126,5.434560137,5.787055816,0.012714855,0.371933374
0.200450358,0.123778971,2.4028707,0.248351344,0.744885797,4.900765157,3.775243896,5.268421048,6.18949045,6.066208297,5.890984082,0.012567813,0.395102138
0.208927104,0.218552551,2.562762176,0.230737466,0.743980794,4.293413796,4.378729019,4.856353074,5.24284675,5.321340483,5.927770153,0.012143834,0.371766699
0.224835236,0.165294909,2.411713322,0.207462846,0.692545412,4.459012732,4.435754946,5.321828228,5.059601633,5.171984157,5.91965232,0.011495883,0.397954883
0.11664388,0.145212891,2.384528015,0.320132798,0.547184076,4.142262071,4.477085328,5.692049146,6.020782638,5.147917556,5.921163201,0.010712687,0.414884803
0.277647414,0.137824048,2.32450675,0.177008759,0.651925105,5.523276664,4.142240175,4.534011713,5.887415599,5.738711613,6.177478234,0.009870216,0.464825757
0.27007554,0.115558651,2.317107052,0.20362505,0.604150743,5.030552278,3.986648128,4.597281328,6.038837044,5.758745544,5.87110125,0.008892205,0.37110504
0.233195083,0.129079063,2.448006584,0.230438168,0.622340385,4.977025299,4.339522832,4.825597784,5.688264409,5.502225473,6.036925309,0.007811419,0.409504776
0.186352539,0.205766602,2.399926129,0.213691655,0.653366517,4.487723567,4.223488753,5.011499008,5.64733169,5.558761756,5.424160019,0.006687862,0.331352903
0.229988346,0.167573177,2.417050446,0.204860671,0.601844389,5.122180448,4.4324579,4.867210525,5.615553308,5.680586112,5.858232513,0.005492153,0.289781483
0.157119373,0.135487351,2.477818972,0.339340064,0.63022172,4.159431705,4.19911273,5.694285001,5.414282058,5.248710215,5.564483498,0.004367932,0.272780296
0.221562907,0.084341634,2.319370344,0.232097931,0.530544547,4.72230424,3.598510772,5.23391819,6.284096211,5.530480504,5.420600206,0.003451332,0.285969097
0.105302409,0.241029622,2.523591254,0.295522107,0.695508556,4.359867138,4.525509119,5.03564899,5.401833272,5.552148724,5.885210347,0.002806632,0.201356135
0,0,0,0,0,0,0,0,0,0,0,0.002328587,0.127432517
0.287398817,0.239946561,2.232336472,0.056624787,0.70250538,4.336319993,5.334840745,5.530519992,4.065778623,4.569745719,5.042883029,0.001978667,0.112435698
0.292820502,0.241160753,2.27928742,0.065795952,0.760713588,4.665367176,5.433254629,5.712312276,4.016672413,4.80807893,4.955314731,0.001749928,0.10284165
0.298490307,0.230330765,2.115395899,0.0949343,0.623039006,4.968786902,5.060921298,4.664078845,4.237139563,4.952804572,5.132098681,0.001625521,0.123383805
0.178655111,0.236399089,2.372286991,0.151313801,0.663774303,4.654434596,4.768415195,5.29450613,4.70605945,5.321911511,5.785337922,0.001648409,0.162413796
0.218652196,0.207527521,2.311719338,0.127622886,0.640206352,5.111983429,5.00233777,4.869208016,4.905216786,5.200344297,6.173177936,0.001777269,0.179935795
0.203427409,0.266447754,2.327290955,0.106192167,0.82030852,4.951471502,4.639954031,4.606151599,4.951678493,5.313015377,5.948777699,0.001941368,0.289251314
0.187862305,0.262029948,2.319690907,0.120243194,0.771992787,4.913494581,4.959531069,5.200433964,4.6681162,5.473909003,5.904935086,0.002148389,0.24261008
0.163052783,0.29667378,2.270049681,0.157230328,0.711439697,5.019011094,4.505503906,4.732327267,5.21332128,5.378147611,5.974666613,0.002380556,0.186408194
0.219846505,0.136924955,2.482119709,0.233220634,0.618354647,5.096179132,4.397758782,4.934519351,5.623464846,5.529150972,6.243022153,0.002633134,0.25009815
0.116233724,0.112566732,2.21474189,0.366951231,0.573814867,4.067390136,4.411497142,5.790062581,5.614951636,5.057447885,5.33026674,0.002871071,0.223898019
0.244129964,0.082081055,2.268768589,0.271445387,0.541897631,4.523923787,4.500247955,5.480664983,5.214458296,5.253085411,5.554157174,0.003057916,0.22231886
0.177380676,0.193654785,2.250599105,0.221413068,0.713964179,4.456104059,4.760759425,5.323229693,4.62902439,5.032414142,5.551629305,0.003216872,0.168214319
0.024044596,0.193059353,2.111795399,0.442874489,0.621447758,3.631771942,5.466387272,6.643294493,3.680061221,3.452428659,4.078617692,0.003301004,0.156338892
0.325878906,0.13850586,2.498486288,0.146617973,0.700247306,5.768491507,5.020138621,3.984766379,6.013276846,5.542734623,5.543295711,0.00330607,0.145077675
0.109951172,0.304947266,2.540244271,0.197264128,0.673765431,4.736560225,4.49947449,5.206063342,4.738880837,5.33362596,5.688196552,0.003162356,0.137484729
0,0,0,0,0,0,0,0,0,0,0,0.002955756,0.122804847
0,0,0,0,0,0,0,0,0,0,0,0.002710757,0.118243094
0,0,0,0,0,0,0,0,0,0,0,0.002415982,0.09151267
0,0,0,0,0,0,0,0,0,0,0,0.002096015,0.07525468
0,0,0,0,0,0,0,0,0,0,0,0.001777161,0.067470276
0,0,0,0,0,0,0,0,0,0,0,0.001497658,0.063646345
0.494301758,0.142862956,2.13554586,0.089360837,0.521809885,5.685564041,4.953722417,4.520511031,4.338915706,5.410206914,5.59601903,0.001265522,0.06693884
0,0,0,0,0,0,0,0,0,0,0,0.001117169,0.071338106
0.26483507,0.301931423,2.171835293,0.117390674,0.81394476,5.684761842,5.324024081,4.741874913,4.008301894,4.756013652,5.186281204,0.001029171,0.065851814
0,0,0,0,0,0,0,0,0,0,0,0.000960244,0.067285991
0,0,0,0,0,0,0,0,0,0,0,0.000920399,0.073131822
0,0,0,0,0,0,0,0,0,0,0,0.000934608,0.080817603
0,0,0,0,0,0,0,0,0,0,0,0.000997234,0.095825478
0,0,0,0,0,0,0,0,0,0,0,0.001114207,0.113116181
0.226974935,0.276859375,2.309995261,0.160785064,0.769155619,4.608548015,5.429293758,4.890933651,4.405216783,4.918236661,5.279221034,0.001276092,0.145442987
0.113875613,0.246477003,2.363841603,0.300713777,0.739888523,4.331739953,4.815511661,5.383736179,4.770484623,5.263114396,5.773373702,0.001482112,0.25988941
0.200000626,0.161434044,2.502281864,0.311512613,0.756216994,4.827392515,4.743648593,5.317177967,5.255091321,5.693794819,6.312404385,0.001783898,0.281376386
0.169776205,0.213443441,2.477675645,0.241788592,0.722427725,4.920214236,4.610701603,5.316084284,5.165288022,5.464537221,6.059192211,0.002179034,0.212474125
0.227071217,0.213448893,2.424999957,0.206166118,0.750269528,5.131085959,4.761828293,4.636761107,5.166724433,5.370583322,5.839112441,0.002634691,0.261439615
0.210100241,0.20823022,2.396966168,0.216862861,0.671529591,4.679125092,5.007072897,5.081203636,4.746351498,4.870264145,5.482111493,0.003123339,0.236261768
0.030763346,0.152574056,2.354902003,0.53080627,0.652202574,4.355733529,4.614305541,5.421092987,5.316203475,5.446214676,6.012837559,0.003623634,0.221959094
0.03245298,0.128672418,2.193048553,0.536122798,0.58672464,4.467821479,4.379926403,5.529298928,5.598230647,4.939472139,5.524235361,0.004093193,0.266242968
0.082997019,0.133597776,2.357372819,0.424661502,0.552008447,4.364968763,4.211359949,5.293597623,5.689306548,5.200309459,5.747740639,0.004482005,0.317075176
0.10524859,0.194952691,2.339430113,0.336825047,0.489524888,4.505902171,4.362465024,5.295473882,5.787415934,5.30067172,5.569722178,0.00479469,0.288995442
0.194786698,0.246335321,2.424589855,0.153685596,0.737290959,4.688722444,4.471125054,4.850633163,5.042726388,5.146093867,5.786169209,0.005011583,0.238049393
0.122890282,0.251994501,2.435046635,0.249283102,0.777839949,4.389637506,4.664826446,5.564521714,5.188804997,5.693127375,5.878437117,0.005108824,0.255776654
0.270371219,0.197541316,2.352199252,0.117720481,0.7332404,4.828909264,4.476941595,5.341732474,5.112666323,5.24863421,5.558285269,0.005094163,0.177683948
0.284234328,0.191088402,2.382074733,0.171729629,0.742912384,4.227889291,4.71009905,4.791081122,4.278215506,4.941823551,5.27948004,0.004971074,0.156852466
0.215449581,0.119105179,2.343644177,0.370247472,0.77835875,4.583701127,4.673180381,5.254017797,4.90574195,4.952577942,5.104252928,0.004759436,0.19458525
0.385429222,0.04570452,2.156684522,0.191423574,0.666159687,5.433269697,4.397988021,4.552111992,5.82187805,5.689088753,5.957535539,0.004484501,0.197664777
0,0,0,0,0,0,0,0,0,0,0,0.004151683,0.162118941
0.163940267,0.196280924,2.500630595,0.235990015,0.66380111,4.265057254,4.919801569,5.49938066,4.235800657,5.290357643,5.450518441,0.003760651,0.115644171
0,0,0,0,0,0,0,0,0,0,0,0.003376086,0.008242219
0,0,0,0,0,0,0,0,0,0,0,0.002924991,0.004520342
0,0,0,0,0,0,0,0,0,0,0,0.002628169,0.004209419
0,0,0,0,0,0,0,0,0,0,0,0.006835697,0.023590028
0.283658854,0.211101888,2.232341539,0.125683417,0.76979251,5.118195519,5.014691641,4.951353973,4.441480371,5.11271823,5.585857361,0.007379327,0.014320856
0.29556648,0.170352672,2.319455582,0.183228124,0.688045043,4.956717796,4.53499127,4.970040021,5.371546466,5.590024032,6.112581215,0.008507014,0.253247145
0.19656369,0.177199206,2.409250483,0.262943594,0.668971962,4.746552196,4.649600343,5.199950216,5.628811637,5.759935056,6.173341476,0.009523865,0.333403573
0.291415701,0.141619256,2.322171317,0.201393972,0.696490049,5.453954443,4.624992871,4.601693484,5.794176165,5.860073464,6.272969085,0.010329146,0.368586216
0.308491995,0.17086046,2.299269116,0.144174613,0.650018714,5.658236841,4.519991628,4.116679985,5.816606528,5.900675935,6.087960243,0.010928686,0.363562708
0.333984782,0.117794088,2.269380127,0.161881513,0.617305393,5.506759793,4.334056512,4.730553087,6.022265255,5.931084782,6.083528533,0.011246557,0.426271299
0.272699585,0.193390299,2.33339869,0.148927099,0.63491926,5.600809448,4.246828835,4.249835849,6.123990581,5.798415154,6.205562226,0.011286643,0.443251969
0.209804455,0.270619303,2.26469886,0.146370733,0.58401131,5.1675882,4.73931287,4.55497436,5.559119633,5.587918239,6.11311689,0.011086744,0.37365679
0.190321577,0.224632662,2.376844343,0.227607569,0.687133144,4.885791595,4.487344368,5.253207826,5.336591267,5.671229986,6.315111875,0.010608239,0.432947905
0.168359049,0.162399674,2.458820881,0.310652796,0.62092378,4.672817948,4.250167885,5.371710858,5.991434405,5.810337305,6.330265369,0.009911569,0.479972867
0.227912646,0.102927198,2.452851817,0.268446794,0.601126593,4.914730353,4.045740057,5.342740697,6.321284266,5.897094096,6.023495877,0.009091245,0.412093688
0.174381135,0.140575922,2.438840964,0.314949553,0.638045687,4.480186481,4.235189234,5.330682539,6.068536474,5.886790335,6.124951803,0.008149033,0.438550333
0.264246334,0.122463422,2.438738229,0.22594551,0.597141632,5.022654248,3.995719508,5.196069451,5.886605307,5.875781423,6.358831305,0.007244377,0.464256044
0.165989083,0.228297526,2.413334906,0.20430511,0.691119824,4.835214358,4.573393382,5.078441152,5.351847575,5.400754635,6.03085147,0.006399168,0.341253352
0,0,0,0,0,0,0,0,0,0,0,0.00557959,0.264706207
0.245235392,0.214009603,2.388219659,0.217709757,0.678783844,4.521542251,5.126733005,5.496659145,4.552861687,4.53726536,4.765546732,0.00476168,0.315128661
0.103135308,0.237695313,2.411750031,0.346254938,0.629647585,4.210407635,4.375860413,5.669057061,4.920264989,4.967627327,4.990932644,0.003970298,0.338052223
0.097144141,0.258586784,2.379439637,0.275538753,0.572263565,4.60129436,4.619947109,5.183022797,5.412324057,5.461719129,5.761098697,0.003251786,0.336978023
0.033675673,0.369100206,2.274708883,0.249594457,0.589303617,4.49003908,4.336292247,5.59197777,5.347132082,5.315828368,6.200869719,0.002606151,0.25584723
0.099027274,0.279904088,2.383760951,0.271505977,0.72683583,4.543980181,4.430834808,5.450833644,5.191865023,5.356822423,6.114859905,0.00209263,0.25027329
0.093977213,0.260129232,2.365822588,0.250377925,0.616331437,4.504141855,4.925010276,5.755480933,5.242364669,4.730778551,5.554076624,0.001729556,0.228545329
0.244170837,0.160131938,2.298051366,0.195657199,0.723490542,4.860956747,4.712900762,4.995581087,5.338389665,5.095029578,5.325011905,0.001500732,0.22935988
0.182015122,0.204820668,2.376209263,0.198469025,0.77836867,5.077753988,4.748336066,4.925512037,5.684981769,5.672382425,5.731744642,0.001398275,0.2411419
0.184969076,0.248264648,2.451181115,0.165407685,0.590186242,4.368207568,5.248478621,5.218367284,4.60852133,4.801824176,4.926892915,0.001427878,0.203536489
0.067625326,0.297352295,2.458998263,0.322932424,0.648257545,3.52020105,5.341827467,5.675840616,3.809131041,3.88162452,4.593941756,0.001537564,0.135934476
0,0,0,0,0,0,0,0,0,0,0,0.00167973,0.107332759
0,0,0,0,0,0,0,0,0,0,0,0.001836972,0.102502728
0,0,0,0,0,0,0,0,0,0,0,0.001967882,0.10274456
0,0,0,0,0,0,0,0,0,0,0,0.002073569,0.105581626
0,0,0,0,0,0,0,0,0,0,0,0.002119858,0.136945546
0.286962309,0.151353004,2.329853091,0.169777102,0.704484811,4.49901105,4.877513575,5.315503891,4.252938503,4.787510838,5.558088098,0.002111716,0.152486697
0.242080404,0.220432617,2.192326466,0.133733087,0.742079034,5.038288081,4.575309475,5.344099474,4.687719917,5.523458397,6.022046065,0.002055279,0.140651713
0.318404745,0.206390381,2.203914392,0.164096516,0.713493022,5.359971725,5.053591482,4.519975338,4.365398273,4.78357242,5.673014701,0.001969873,0.124589367
0.427647816,0.133943389,2.064701178,0.042891496,0.674202532,5.292506847,4.765807921,4.759923274,4.147441967,5.147050294,5.488842747,0.001855854,0.119194866
0.407796108,0.127605911,2.075503091,0.086911118,0.778448211,5.722694005,4.666747681,4.801223849,4.786935883,5.254569603,5.840770032,0.001721774,0.132620584
0.264962333,0.175575939,2.317469396,0.202321103,0.775325044,4.992866848,4.631880366,5.160685437,4.998346187,5.460862699,6.313746543,0.001579864,0.162168441
0.241106771,0.175982777,2.195567238,0.215099941,0.763964593,5.081687852,4.461487223,5.221501291,4.89011758,5.281531139,6.102678277,0.001430933,0.157700599
0.229349656,0.215899135,2.224076419,0.15840801,0.795581213,4.912236742,4.831339725,5.175430357,4.759471748,5.336262516,5.775944429,0.001279426,0.13818979
0.17713614,0.264750072,2.265835295,0.142981682,0.935322729,4.842096312,4.843789339,5.233007276,4.513177637,4.737067981,5.393774181,0.001136466,0.13099189
0.138128662,0.312881266,2.17922841,0.136207521,0.5854771,5.348595143,4.372031972,4.745162666,3.854565501,4.935463369,5.221421495,0.001019287,0.006567187
0,0,0,0,0,0,0,0,0,0,0,0,0.02337793
0,0,0,0,0,0,0,0,0,0,0,0,0.002678721
0,0,0,0,0,0,0,0,0,0,0,0.005509987,0.049293432
0,0,0,0,0,0,0,0,0,0,0,0.006651143,0.06992062
0,0,0,0,0,0,0,0,0,0,0,0.007884332,0.086003365
0.424811198,0.032205404,2.340331589,0.092175387,0.594247868,5.719792247,4.077200234,5.056515217,5.377384543,5.384695768,6.121856213,0.009117157,0.136154316
0.258534343,0.133021795,2.330175191,0.191966158,0.599193712,4.515029201,4.219121768,5.428903,5.309173551,5.243041979,5.565615643,0.010210792,0.301193525
0.231982585,0.136369629,2.347191659,0.192519948,0.693898391,4.345701265,4.220090002,5.445319671,5.415033543,5.261019284,5.674566096,0.011118368,0.285056133
0.185439241,0.210325521,2.436984371,0.18766316,0.663990366,4.317610278,4.570420325,5.441262152,4.677671313,5.08964252,5.29798715,0.011803177,0.254804936
0.193876275,0.244605645,2.368107436,0.148003082,0.67219797,4.596347486,4.241482993,5.056470163,5.220487791,5.423499937,5.787430818,0.012222418,0.310369518
0.121010923,0.179696452,2.468128442,0.330763128,0.666840697,4.543229719,4.184389744,5.248538276,5.787800676,5.31387396,5.934597201,0.012360132,0.408804328
0.220660157,0.085303386,2.63714971,0.321090041,0.597477687,4.613179064,3.531966537,5.706569743,6.410019207,5.73917377,6.30442574,0.012271983,0.44277883
0.2139973,0.195052849,2.494092743,0.25987817,0.766995305,5.154224007,4.648759912,4.839408208,5.419086095,5.202708563,5.821135153,0.011924432,0.327833301
0.234326714,0.16940918,2.358611758,0.222826649,0.713349276,4.941275789,5.077997552,5.364076316,5.131131139,4.930535171,5.398535642,0.011375474,0.37374595
0.142022879,0.156098284,2.349053586,0.296813339,0.635628548,4.411991167,4.176474931,5.509284213,5.586960373,5.394160005,6.165533474,0.010715169,0.482894853
0.189781087,0.197081543,2.406602838,0.20816269,0.681482,5.155672553,4.143191764,4.825956342,6.011256739,5.751690102,6.16815224,0.009915187,0.427800869
0.153763951,0.151534366,2.345309146,0.251744204,0.744042064,4.75464645,4.007162886,5.132739152,6.114953416,5.688010471,6.193638538,0.008994318,0.40978223
0.169687151,0.211573893,2.453999093,0.247002507,0.678991122,4.6239699,4.391171715,5.113117465,5.728531548,5.229159926,5.889412727,0.007964046,0.4455633
0.171994066,0.237911158,2.481565034,0.173158089,0.602582528,4.633045343,4.673003779,5.016092548,5.283312302,5.469604295,6.113601639,0.006823185,0.359270667
0.233142904,0.173342063,2.479575672,0.201409843,0.70460606,5.068838217,4.128890346,4.506524731,5.74112994,5.853082039,6.017718033,0.005591905,0.319958281
0,0,0,0,0,0,0,0,0,0,0,0.004437821,0.244359365
0.121386176,0.251841363,2.528250858,0.241544856,0.66849298,4.262185951,4.550919347,5.45580097,4.949489461,5.533254729,5.771597346,0.00348355,0.24766301
0.158191732,0.238124864,2.558869569,0.191949471,0.634187599,4.572633179,4.416735018,5.471559564,5.291996683,5.613478516,6.0020488,0.002762491,0.225325408
0.171390671,0.254273856,2.43549534,0.144301394,0.545711077,4.510661002,4.47747176,5.690520989,4.621850152,5.160179002,5.791377642,0.002262127,0.152591654
0.284871148,0.236462945,2.262712066,0.062782475,0.811655824,4.452537089,4.87521105,5.361747543,4.209296545,4.491231769,4.912141522,0.001907886,0.125101503
0,0,0,0,0,0,0,0,0,0,0,0.001687749,0.111992896
0,0,0,0,0,0,0,0,0,0,0,0.00160708,0.119247241
0.189201932,0.307540148,2.215020454,0.111652417,0.36298138,4.540834447,5.261491597,4.743683616,4.13793693,4.933379928,5.407232245,0.00169441,0.168242414
0.161133084,0.205165654,2.360170508,0.181527296,0.593432656,4.911824289,4.591016319,4.732739031,5.017019654,5.398122327,6.016394032,0.00186032,0.220839087
0.240494466,0.165295573,2.64473345,0.211026288,0.636525569,5.208922357,4.095153034,4.362781626,6.173408306,6.028723991,6.324736262,0.002070515,0.280948436
0.192102265,0.188144874,2.574753553,0.230108906,0.585077523,5.093621483,4.144759724,4.633490788,6.136769182,5.885425417,6.23614987,0.002310138,0.338764615
0.121226639,0.357612496,2.300971997,0.140805271,0.625869574,4.971779259,4.502217517,4.567921351,5.720318952,5.503835527,5.846985137,0.002597984,0.211038779
0.336549886,0.076080017,2.268167469,0.137461367,0.570696676,5.495242909,3.872776099,4.579782765,6.160250493,6.125102099,6.272193976,0.002909934,0.232767267
0.224529398,0.154282395,2.36884682,0.194992733,0.715452471,4.934044885,4.67089869,5.177993499,4.965769287,5.353575721,5.97399869,0.00323293,0.178834674
0.254494713,0.164549041,2.389547838,0.180021042,0.730541349,5.243181775,4.44768511,4.821271997,5.147262203,5.499270698,6.134805455,0.003479784,0.18488611
0.136095459,0.213180664,2.288797984,0.232482982,0.731057521,4.879519357,4.566324219,5.299653006,5.29832328,5.443062067,5.970983592,0.003680346,0.193124263
0.1274242,0.317988746,2.260226969,0.126294201,0.745101015,4.633522455,5.013765131,5.368240127,4.711129414,5.241823503,5.914243885,0.003819034,0.18717226
0.209129232,0.238655098,2.344846034,0.173749023,0.770554271,4.937279779,4.898986436,4.892558254,5.19575401,5.409295605,6.02513515,0.003842878,0.168595408
0.104610126,0.314233273,2.281018069,0.193276859,0.706245916,4.144528577,5.099395005,5.559650843,4.594686533,4.846793349,5.786333928,0.00376087,0.158318738
0.316100493,0.237459077,2.248244864,0.110830331,0.58832982,5.026270168,5.103185645,4.771187195,3.945328747,4.329773,4.810189111,0.003545571,0.13590024
0,0,0,0,0,0,0,0,0,0,0,0.003290228,0.122886958
0,0,0,0,0,0,0,0,0,0,0,0.00295642,0.113776641
0,0,0,0,0,0,0,0,0,0,0,0.002596249,0.090514575
0,0,0,0,0,0,0,0,0,0,0,0.002193576,0.069682826
0,0,0,0,0,0,0,0,0,0,0,0.001782642,0.063951272
0,0,0,0,0,0,0,0,0,0,0,0.00144196,0.075240593
0,0,0,0,0,0,0,0,0,0,0,0.001183995,0.087931041
0,0,0,0,0,0,0,0,0,0,0,0.001010729,0.061863061
0,0,0,0,0,0,0,0,0,0,0,0.000888632,0.062999128
0,0,0,0,0,0,0,0,0,0,0,0.000800895,0.069073778
0.112548828,0.196869032,2.425060909,0.318570724,0.757509702,4.804350277,5.093085845,5.304938833,5.004075527,5.180350463,5.828582048,0.000774416,0.128056204
0.066023763,0.13715332,2.338755915,0.37459878,0.28556079,4.63345027,4.791233242,5.517510176,5.944654584,5.031257033,6.11766994,0.000810426,0.200993146
0,0,0,0,0,0,0,0,0,0,0,0.000904768,0.267145532
0.265405273,0.197550619,2.313122835,0.224259603,0.651927141,4.709632936,5.092155409,5.137930441,4.437407243,5.323882389,5.626081097,0.001056415,0.207912426
0.147903043,0.19643187,2.37953892,0.297505726,0.70795778,4.445939676,4.809081991,5.271197354,5.048845154,5.268403585,5.541448339,0.001269273,0.239988373
0.128353882,0.279923808,2.455763245,0.231882529,0.693985719,4.752648909,4.729885187,5.275633406,5.306904845,5.578828014,5.779036447,0.001579948,0.210918955
0.151483968,0.251197917,2.451728997,0.211816003,0.741370269,4.694545907,5.045819325,5.35206911,4.995451089,5.441332256,5.670540099,0.001960505,0.188038394
0.197429928,0.229336538,2.306509317,0.203058897,0.638545336,4.596566462,4.895829969,5.403983333,4.864922927,5.253540055,5.529345647,0.002414254,0.205837638
0.19593166,0.266231235,2.29177953,0.153608197,0.807221055,4.774871377,5.262890374,4.815254071,4.527034735,4.967344246,5.416576694,0.002934955,0.202396896
0.18797404,0.204256388,2.454535754,0.208112668,0.68999015,4.721705802,4.92994424,4.627534338,5.068505414,5.286886282,5.779949464,0.003457114,0.207284023
0.18446818,0.202484945,2.307493858,0.307286484,0.735375296,5.01550433,4.845607117,5.126872376,4.811900422,4.881153405,5.180072889,0.0039165,0.19023612
0.123219982,0.095617908,2.389481888,0.427895858,0.528695635,4.529864707,3.866039719,5.49174333,5.989590666,5.406913983,5.945252184,0.004318009,0.262376613
0.128536784,0.11282525,2.400753625,0.392749598,0.62384348,4.596820995,4.080598593,5.172631025,5.751920978,5.270111362,5.471444964,0.004659215,0.243680383
0.186988932,0.270415039,2.383131023,0.129388354,0.577349297,4.70916384,4.810842697,4.815994863,4.972763734,5.469781991,5.863336708,0.004895,0.188132725
0.173434245,0.086761068,2.59368418,0.3668697,0.759482361,4.543495715,3.745199502,4.366685331,6.214155793,5.681121826,6.086577296,0.0050039,0.147220109
0.33367806,0.14734847,2.200521972,0.144319702,0.687648544,5.328656507,4.368967944,4.450560501,5.243027985,5.671348411,6.126790261,0.005003716,0.147026756
0.118435872,0.163560733,2.350590493,0.397126993,0.734926981,3.819618881,5.114187837,5.818316034,4.13675826,4.6570439,5.019872325,0.004897711,0.188876881
0.079414786,0.25907317,2.394356135,0.292538667,0.631917037,4.212468684,4.806146377,5.589265416,4.929537886,4.973519352,5.557786859,0.004686984,0.19473521
0.192357585,0.261798154,2.409869591,0.166778956,0.743518852,4.47567134,4.960185217,5.196578094,4.397075138,5.069201269,5.425348716,0.004412341,0.173787524
0.1577771,0.360354818,2.473422735,0.147000796,0.783053007,5.05997698,5.250421479,4.753384814,4.28311839,5.266991422,6.012992084,0.004039156,0.153469872
0.145200358,0.270293945,2.296195895,0.223002291,0.844315591,4.647437897,4.777096045,5.52558592,4.67502808,5.412484753,5.605554307,0.003657233,0.043289062
0.149567057,0.346964518,2.283026502,0.148636912,0.727350725,4.128216207,5.504569292,4.893231869,4.735634744,4.444102347,5.692811012,0.006919201,0.007005886
0.226515661,0.246423476,2.319590617,0.163973029,0.721070751,4.998365727,4.761198845,5.065518747,4.810331641,5.344258217,5.839547215,0.007671449,0.181106519
0.259137288,0.229595622,2.294702497,0.132607238,0.731607491,5.230123073,4.378461653,4.557725462,5.394196391,5.794009107,6.12300142,0.008672202,0.282856508
0.274024778,0.141832299,2.36833602,0.217095984,0.75096534,5.017046017,4.475283833,4.855059582,5.539433374,5.722402355,6.229111124,0.009520868,0.373462041
0.378024251,0.129190267,2.199706923,0.11064679,0.682971057,5.938328922,4.288560754,4.136117086,5.53229211,5.691709042,6.301140606,0.010144117,0.349863676
0.198471912,0.14675944,2.403929349,0.277394727,0.653072948,4.852594589,3.874076988,5.088428386,6.511559316,5.922222682,6.277025597,0.010474383,0.473178292
0.358838274,0.136710516,2.196245455,0.126013288,0.602106021,5.592552876,4.412223455,4.326363052,5.666712063,5.634856108,6.177911723,0.010555435,0.405054008
0.509055664,0.069496745,1.966378502,0.100265337,0.720937317,5.984752929,4.807666498,3.971313065,5.533930641,5.194713664,6.064653695,0.010445891,0.399422146
0.332055845,0.113814743,2.324451554,0.209531821,0.640271525,5.276933418,4.533630252,4.817475908,5.911270569,5.508352366,6.160361608,0.010055036,0.489424633
0.178115932,0.179976516,2.409954327,0.285056997,0.638050758,4.715972049,4.478579317,5.093207916,5.703598303,5.52654769,6.169813562,0.009477461,0.521050897
0.185198568,0.149621745,2.433650721,0.290597435,0.644146023,4.652687017,3.919475539,5.211557066,6.378954379,5.76285822,5.987831982,0.008736519,0.419183886
0.180949154,0.207335352,2.423861632,0.217091784,0.613894501,4.636392884,4.286523013,5.23015348,5.774022684,5.648346117,5.87237195,0.007932715,0.444115376
0.36695638,0.075078125,2.338322726,0.155957666,0.508525692,4.958338246,3.80980511,4.949551105,5.712695569,5.788162202,6.111734837,0.007151808,0.433463716
0.065222439,0.288642578,2.286503761,0.244939154,0.700762937,4.44007055,4.639367322,5.087865452,5.880649209,5.439456065,5.850255529,0.00637245,0.419033125
0,0,0,0,0,0,0,0,0,0,0,0.005544327,0.332933912
0.100770144,0.293250996,2.345653672,0.25005539,0.623990773,4.291325688,4.571792764,5.286487376,4.998047527,5.103516866,5.483835824,0.004745562,0.353734385
0.115780925,0.263059375,2.440094939,0.266656522,0.554446724,4.583333077,4.699344647,5.483894672,5.180766358,5.479578674,5.623610063,0.00400917,0.354908779
0.140817797,0.211176166,2.524201604,0.318198522,0.526747388,4.872727101,4.154469571,5.211706909,6.013277531,5.745907047,5.978298886,0.003289017,0.324032885
0.168157928,0.24783729,2.381653402,0.20425616,0.610418234,4.45289582,4.564599949,5.073872378,5.408087446,5.415247101,5.813069733,0.002648314,0.23268965
0,0,0,0,0,0,0,0,0,0,0,0.00212352,0.198990125
0,0,0,0,0,0,0,0,0,0,0,0.001731612,0.173443446
0.277185873,0.139122721,2.229858788,0.225545332,0.79102319,4.837121487,4.443258564,5.616830031,4.918189645,5.219893654,4.631113609,0.001451164,0.171207369
0,0,0,0,0,0,0,0,0,0,0,0.001304877,0.175310346
0,0,0,0,0,0,0,0,0,0,0,0.001297277,0.147728561
0.23209961,0.346056316,2.24940127,0.160137667,0.458278401,4.804233849,5.910031513,4.853688985,3.757923536,4.830877691,5.077359677,0.001379281,0.122651965
0,0,0,0,0,0,0,0,0,0,0,0.001503797,0.102636298
0,0,0,0,0,0,0,0,0,0,0,0.001640013,0.100118945
0,0,0,0,0,0,0,0,0,0,0,0.001763444,0.100269234
0,0,0,0,0,0,0,0,0,0,0,0.001872278,0.103673749
0,0,0,0,0,0,0,0,0,0,0,0.001944976,0.112447171
0.161476562,0.124357096,2.187947595,0.365163764,0.738458243,4.52618742,4.287269986,5.506546474,5.414288616,5.030534792,5.051789594,0.00195782,0.166358043
0.252097242,0.181770981,2.342897701,0.205797672,0.697882707,4.500536073,4.585358251,5.334817827,4.993809803,5.278492938,5.594033035,0.00193364,0.135884571
0.293270232,0.256483373,2.191080146,0.065023868,0.594770423,4.611492822,4.79779591,5.624247569,4.542742161,5.679364828,5.45480222,0.001877453,0.121576919
0.348598337,0.189810458,2.133937824,0.080505843,0.697383079,5.033331806,4.933097335,4.923480408,4.639130549,5.312913288,5.376449514,0.001798605,0.119612248
0.304056071,0.21062085,2.273125655,0.131497656,0.806861322,5.018940415,4.8167725,4.971462777,4.740901804,5.478171238,5.70737634,0.001703234,0.148603744
0.202961263,0.289673611,2.11254776,0.084378751,0.92151847,4.793114916,4.796150096,5.140684672,4.326584144,4.905893866,5.822052558,0.001581934,0.150185379
0,0,0,0,0,0,0,0,0,0,0,0.00144295,0.123260069
0,0,0,0,0,0,0,0,0,0,0,0.001295263,0.109621934
0,0,0,0,0,0,0,0,0,0,0,0.001152163,0.114126794
0,0,0,0,0,0,0,0,0,0,0,0.00101598,0.005706841
0,0,0,0,0,0,0,0,0,0,0,0.000924581,0.006161059
0,0,0,0,0,0,0,0,0,0,0,0,0.005357442
0,0,0,0,0,0,0,0,0,0,0,0.004997891,0.05360337
0,0,0,0,0,0,0,0,0,0,0,0.006103401,0.072399497
0.32051161,0.227453342,2.338703884,0.090342769,0.795117133,5.382386069,4.886094402,4.509223521,4.880250315,5.229446948,5.512656172,0.007318762,0.094727915
0.208071289,0.31133138,2.357929913,0.086198554,0.638111582,5.480759621,4.155318081,4.216391861,4.88039732,5.817643762,6.468600392,0.008466663,0.117466596
0.098823242,0.256882019,2.42338922,0.287258889,0.668189434,4.249110475,4.726118639,5.638394318,4.255503926,4.942269217,5.522638999,0.009497356,0.200218511
0.258745606,0.137072754,2.521587788,0.17887341,0.588105705,5.092979044,4.222787982,4.662094516,5.821902949,5.244429326,5.801033676,0.010438053,0.247340488
0.163332816,0.210077681,2.392962927,0.231085742,0.682479042,4.520747132,4.552725188,5.414724675,4.908337342,5.240840386,5.54558515,0.011152136,0.230764203
0.213311605,0.176931722,2.451351846,0.20050383,0.590469325,4.656360239,4.171205473,4.860152102,5.976207173,5.627883247,6.012207979,0.011567355,0.32951895
0.178388768,0.175132315,2.485422849,0.274197208,0.620029784,4.596839877,3.814527536,5.120615843,6.49327248,5.777894553,5.954642408,0.011751116,0.420419887
0.174337023,0.113901832,2.403833584,0.341884223,0.60505547,4.813034509,3.604279559,4.834485897,6.199302103,5.381745866,5.720290678,0.011753948,0.446682432
0.188177316,0.120524864,2.366894282,0.320484346,0.719021573,4.793551048,4.54816086,5.112892721,5.923161583,5.773274439,6.057750395,0.011528459,0.44426041
0.186337125,0.111071251,2.543638523,0.319176178,0.621727233,4.985919851,4.062164847,5.006815258,6.355054245,5.711571041,6.186491742,0.01111968,0.466762964
0.209466298,0.138650665,2.340415726,0.273148164,0.615065683,4.49466102,4.412599379,4.988052646,5.604818953,5.211775016,5.965880964,0.010551866,0.444099882
0.287694336,0.110663737,2.311738951,0.156092508,0.646412236,5.421084762,3.882656848,4.768343163,6.076153707,5.977100027,6.453079772,0.009840796,0.430809268
0.077106662,0.139259115,2.299427244,0.44035709,0.62146067,4.311717377,4.423324939,5.575707531,5.854640122,5.053739671,5.395302749,0.009018029,0.463665889
0.10113444,0.234712999,2.559465573,0.325531241,0.524883291,4.442080856,4.606007576,5.532686313,5.757193009,5.02693967,5.802491983,0.008028401,0.409425703
0.152582574,0.287939996,2.441803545,0.195984105,0.707517861,4.431293607,4.580382204,5.065070728,5.060070813,5.350775878,5.964355826,0.00686991,0.39485129
0.188519965,0.238326172,2.408942767,0.227015383,0.599599662,4.590172422,4.559302048,5.186269677,4.721118788,5.345052556,5.81780959,0.005659377,0.300496638
0.217631585,0.175573668,2.474792227,0.193026414,0.643101923,4.77374224,4.636206168,5.537716173,5.32057101,5.309315461,5.693704651,0.004540264,0.252135532
0.111366645,0.26125651,2.625038252,0.253594001,0.767138267,4.284101894,4.898117423,5.57498455,5.237627983,5.056370934,6.281092087,0.00354657,0.276241714
0,0,0,0,0,0,0,0,0,0,0,0.00278847,0.214002592
0,0,0,0,0,0,0,0,0,0,0,0.002296475,0.168305967
0,0,0,0,0,0,0,0,0,0,0,0.001960029,0.141110273
0,0,0,0,0,0,0,0,0,0,0,0.001735565,0.119893109
0,0,0,0,0,0,0,0,0,0,0,0.001679977,0.124364758
0.174647275,0.254173642,2.396331202,0.174248784,0.602784758,4.814520265,4.700372381,4.922751972,4.667612868,5.984421219,5.680854763,0.001792424,0.160213303
0.166859945,0.241241455,2.340871332,0.196137396,0.399341402,4.655115083,4.773826495,4.915696308,4.526717872,5.239756599,5.246995539,0.002003973,0.249866835
0.130341797,0.06113878,2.189435652,0.471614373,0.664527885,4.860414187,3.886361639,5.939979116,6.183886965,5.369001428,6.084757884,0.002268399,0.320586432
0.127194878,0.096634006,2.319418672,0.371209464,0.515181271,4.715862516,3.870051779,5.467711755,6.207438389,5.641067553,6.063112426,0.002559804,0.390244047
0.204870402,0.258126628,2.256664742,0.153000515,0.667416789,5.243745245,4.442606881,4.485732917,5.787192211,5.658580743,5.825509839,0.002904811,0.206782412
0.35886556,0.124426215,2.106921581,0.122136184,0.774593202,5.51150442,4.491015264,4.526236983,5.558434149,5.625278123,6.027973541,0.003296993,0.206593457
0.137919854,0.188963962,2.350212658,0.29153005,0.730794705,4.652973957,4.487404895,5.540425323,5.569680497,5.45675694,5.906423934,0.003673751,0.304705043
0.226939407,0.245242281,2.323489323,0.125549586,0.679569632,5.127147023,4.651553566,4.713490881,4.864312095,5.541202934,6.071777111,0.003979016,0.178765153
0.143398438,0.249270834,2.372059799,0.267018757,0.623800378,4.181961805,5.853527606,6.383502126,4.041994423,3.749004036,5.034448356,0.004217638,0.173059146
0.110862255,0.307887871,2.353139609,0.209800475,0.753437892,4.910159684,4.570472946,5.398332601,4.943688195,5.505952743,6.089158288,0.004394168,0.212722515
0.207962891,0.144208984,2.452507346,0.255247533,0.628945502,5.161615616,4.005488104,4.648283088,5.675811005,5.624477816,5.866372895,0.004468442,0.295150117
0.282000209,0.206478911,2.362043269,0.088436073,0.698284803,5.005085549,4.565416596,4.599660192,4.932044621,5.390172256,6.03362694,0.004426327,0.149735106
0.228667288,0.232805694,2.360657691,0.125132448,0.799808615,4.825355931,4.48785881,5.328326756,5.062858641,5.242398132,6.116324262,0.004231587,0.140875587
0,0,0,0,0,0,0,0,0,0,0,0.003934499,0.120492547
0.154996419,0.351582357,2.24251952,0.140173463,0.82711419,4.695744479,5.013932538,4.745235836,4.563152516,4.862105846,5.539028549,0.003586528,0.116046363
0.131600884,0.316547038,2.231082448,0.100652952,0.750629075,5.021648529,5.140118013,4.691533585,4.523532395,4.66125834,5.43702743,0.003167353,0.092474076
0.206614583,0.292778571,2.252591633,0.102009362,0.780590427,5.360765998,5.340545599,4.831939193,4.529420463,4.540900528,5.483244882,0.002674415,0.083248258
0.218329535,0.228654514,2.335133843,0.096463093,0.769778345,5.301356448,4.807567802,4.56990038,4.653268483,5.081476324,5.699416677,0.002165856,0.072039553
0.169773899,0.297984077,2.238275639,0.066237956,0.798940314,5.340973551,4.834020888,4.686496888,4.880332808,4.891774337,5.586844837,0.00173488,0.065709683
0.120862793,0.30375651,2.252887912,0.108873869,0.816049721,5.041142923,4.770217437,5.189328718,4.93169058,4.97177906,5.53187303,0.001360226,0.098444872
0.179700419,0.25896464,2.331655767,0.13663215,0.843981365,5.281864017,4.819157071,4.802133605,4.918242604,5.058263842,5.69781851,0.001074259,0.119187385
0.139801284,0.333437944,2.210327973,0.083611495,0.784877529,4.956124322,5.04260462,4.721154045,4.988376964,5.133994769,5.597844947,0.000892492,0.085752618
0.230327148,0.265770833,2.258285092,0.071898449,0.832115421,5.396077025,4.905769283,4.477292985,4.589026553,5.475368416,5.615708923,0.00076008,0.101388517
0.139151837,0.272536169,2.479691123,0.173283805,0.580380879,4.883079413,4.771551887,5.058206532,4.991386387,5.616760506,5.706040184,0.000684038,0.168393641
0.097386719,0.204904405,2.362289017,0.293429269,0.578787519,4.553295148,4.341180758,5.519569115,5.508270804,5.101849111,5.275444368,0.000685915,0.332401785
0.150085144,0.179774679,2.429814639,0.270949211,0.643356476,5.152622029,4.258098856,5.008613005,5.903330915,5.662620898,5.606902353,0.000750412,0.38718947
0.165512153,0.279276801,2.360956295,0.194952493,0.668006277,4.965201348,4.755688846,4.810952259,5.199366785,5.49243126,5.891991788,0.000877958,0.221054229
0.1261171,0.256113532,2.528420984,0.254789898,0.691445103,4.816113321,4.570877304,4.955598877,5.507198212,5.610293382,5.966217316,0.001082312,0.256086182
0.205987336,0.227048844,2.480197026,0.170901818,0.700318555,4.888570493,4.692110487,4.855628056,4.924193537,5.232731481,5.785662069,0.001359783,0.159129247
0.060870497,0.236675076,2.478668538,0.406249322,0.717772873,3.967743059,5.153283636,5.358126918,5.079698791,4.976761192,5.762885908,0.001711467,0.191267012
0.056943088,0.313908149,2.41501605,0.303396764,0.58845497,4.234416124,4.908837792,5.613670531,4.85995093,4.786675251,5.708149082,0.002158032,0.196280842
0.215420431,0.230993449,2.385940999,0.160717436,0.695775242,5.217281398,4.953191396,4.752506681,4.841190159,5.450143185,6.006707735,0.00268541,0.174391153
0.266399114,0.217901392,2.265563733,0.100822016,0.768171146,5.497646561,4.62947514,4.176494323,5.094963335,5.227310836,5.952841988,0.003190277,0.174641193
0.138635639,0.292773952,2.297770521,0.191484443,0.762846878,4.95951198,4.813981335,4.749142355,4.859605614,5.438096526,6.005952126,0.003643136,0.177273894
0.143592936,0.264140249,2.368061123,0.250322611,0.71280343,4.576693913,4.853498237,5.084422822,4.732081934,5.27160642,5.652089392,0.004061152,0.187923225
0.135434299,0.315455594,2.311809352,0.143902921,0.785868661,4.858398929,4.562844242,4.736903921,4.968655611,5.23041062,5.527350878,0.004397895,0.165510701
0.193202311,0.20382487,2.45987838,0.177596583,0.621348485,5.395881832,4.213265002,4.717145741,5.619912803,5.884554684,5.865368485,0.00464285,0.137462988
0,0,0,0,0,0,0,0,0,0,0,0.004772954,0.118758343
0.531498481,0.018359918,1.890912737,0.077073622,0.734489068,5.331293662,4.953336477,4.395938655,5.356476267,5.777532419,5.944451531,0.004796002,0.131330554
0.339106446,0.130714315,2.241415077,0.18246523,0.6740469,4.580694769,4.76028093,4.966750659,4.848107286,4.827699073,5.254367307,0.004696617,0.132235782
0.161959403,0.147842262,2.41717983,0.307024182,0.67177253,4.213593168,4.449811833,5.493694212,5.065277985,5.08602276,5.83808073,0.004496412,0.149568468
0,0,0,0,0,0,0,0,0,0,0,0.004211323,0.104556418
0.064707574,0.316690538,2.392596747,0.223820078,0.764143818,4.203212023,5.421301703,5.636518167,4.391877658,5.109764808,5.749717765,0.00383251,0.114995419
0.083223018,0.298727394,2.358513656,0.211563235,0.704135114,4.139822013,5.043084429,5.625191954,4.343819751,5.155306909,5.454769671,0.003527226,0.018126013
0,0,0,0,0,0,0,0,0,0,0,0.006469209,0.006505466
0.275433248,0.218427836,2.248586556,0.136629063,0.770311068,4.835730381,5.229447573,4.919456378,4.504117174,5.146173131,5.875055443,0.006719688,0.007525931
0.235619451,0.154996079,2.26634888,0.25726098,0.714654916,4.817870259,5.090788256,5.129639692,4.715942491,5.298862652,5.603102359,0.007604667,0.216075468
0.30582188,0.140634705,2.292687724,0.185776287,0.720080878,4.944706204,4.645515546,5.19828618,5.100890384,5.447273619,6.086061747,0.008490658,0.257595788
0.322818278,0.130900798,2.288826584,0.168565733,0.641545081,5.331226587,4.191738233,4.827579159,5.497834632,5.796748459,6.330898655,0.009070763,0.301556197
0.234511969,0.207686924,2.434000032,0.218530014,0.629912639,4.946679138,4.481077786,4.763378593,5.400656553,5.612680586,6.007370115,0.009431867,0.3509974
0.231459003,0.222156097,2.389735816,0.193984746,0.583353691,5.298525586,4.220943002,4.953007337,5.581194811,5.779117009,6.438879511,0.009567294,0.355040732
0.139201823,0.299761882,2.485308933,0.222911983,0.743851208,4.831251645,4.711683416,5.313729948,4.981708992,5.270455968,6.181582785,0.009497575,0.375441505
0.265439221,0.224306525,2.333269551,0.150884095,0.592568162,5.099618635,4.28821422,4.655315599,5.181673322,5.83754307,6.018538726,0.009254902,0.399348603
0.157975689,0.245550987,2.429793895,0.242194443,0.600930621,4.50006022,4.587155163,5.237893719,5.476277637,5.310695529,6.146519968,0.008778609,0.464148438
0.147872826,0.174696951,2.414990277,0.319091151,0.581594378,4.614669671,4.470201139,5.487778766,5.279054884,5.52975292,5.859542826,0.008181639,0.443618373
0.169297011,0.207073975,2.341601581,0.303825181,0.5097023,4.680819144,4.460240958,5.269739678,5.357162391,5.028560783,6.015390933,0.007518384,0.394661382
0.207201218,0.17067127,2.508599944,0.281757881,0.463405878,4.662888284,4.385167799,5.307070524,5.189440732,5.413559407,5.905515288,0.006830148,0.392917781
0.14428135,0.094938652,2.440175392,0.425668152,0.529727583,4.763365773,3.820342477,5.247592784,5.868867746,5.45424985,5.560607319,0.00610907,0.377383142
0.181217651,0.195987854,2.421607259,0.288852278,0.557287995,4.403261024,4.713672731,5.396146923,4.876199037,4.866753843,5.597878013,0.005333774,0.353415639
0.242901803,0.127812609,2.309581003,0.335751121,0.645991071,4.727537048,4.665933776,5.207827604,5.118342861,5.149397453,5.649635053,0.004601467,0.315282185
0.191704853,0.186021134,2.585649124,0.294758985,0.573116762,4.887482432,4.232460678,5.204782986,5.836144562,5.756836671,5.809017498,0.003910377,0.304272837
0.165951272,0.211594676,2.445209415,0.300298459,0.548799569,4.957516134,4.158771121,5.02766932,5.470664451,5.576099762,5.848184498,0.003222243,0.271579167
0.151804421,0.225998165,2.351439617,0.256236363,0.674232912,4.764913808,4.550500008,4.849705609,5.456543288,5.180744648,5.575415633,0.002617095,0.218403552
0.084984131,0.230340169,2.422197074,0.413160909,0.668726452,4.215464823,4.802441396,5.43310602,4.699770093,4.878533393,5.320699506,0.002117847,0.201876746
0.142611003,0.199801107,2.43464312,0.38187759,0.635562489,3.917527419,4.716389275,5.754713082,4.272342348,4.650162983,5.181808233,0.001712167,0.166367539
0.117369141,0.277205403,2.304424402,0.26472672,0.815070213,4.257800233,5.072854734,5.473635781,4.244614279,4.250180971,4.93574425,0.001416389,0.208271788
0.044441732,0.222782738,2.307457837,0.381165797,0.747446352,4.08093593,5.183982117,6.07700227,5.102094199,5.326214492,5.042435897,0.001247658,0.211550778
0.015103516,0.177246745,2.225532494,0.400212923,0.893766222,4.297054708,5.209628785,6.067693472,4.814533126,5.304202664,5.436838174,0.001207588,0.220174113
0.043072103,0.104125163,2.098379422,0.42098405,0.902529359,4.291543424,4.767914444,5.546420992,5.4420681,5.296598435,5.575233937,0.001265547,0.150524362
0,0,0,0,0,0,0,0,0,0,0,0.001361282,0.091464626
0,0,0,0,0,0,0,0,0,0,0,0.001469093,0.085036552
0,0,0,0,0,0,0,0,0,0,0,0.001581116,0.081838207
0,0,0,0,0,0,0,0,0,0,0,0.001691607,0.090688685
0.145020345,0.139114583,2.285140499,0.366983351,0.652280818,3.954100877,5.134592295,6.532689929,4.385623128,4.094329268,4.451518983,0.001776633,0.111202039
0.492578125,0.144506022,1.854598642,0.071320368,0.826110567,4.609217562,5.580120116,5.248772964,4.233701736,4.895357251,5.907377809,0.001819967,0.128832464
0.448241916,0.157242839,2.042635737,0.040859601,0.840225807,6.116458297,5.314270059,4.594548374,4.959954262,5.31398354,5.592184703,0.001827795,0.108029599
0.16808617,0.245241583,2.360369058,0.23223807,0.661798252,4.557990138,4.40845441,4.742628404,5.340293084,5.08058301,5.963648047,0.001805205,0.146351066
0.318734927,0.140401594,2.312327718,0.154731825,0.72156508,5.001642349,4.505464655,5.159566649,5.036263352,5.251723341,5.934965937,0.001753362,0.168510423
0.313375025,0.130313376,2.258479387,0.171725901,0.796132392,5.269875797,4.708323543,5.061236262,4.907978466,5.269951334,5.964632951,0.001678402,0.14965383
0.272207303,0.189965006,2.207315199,0.125969183,0.910925865,4.868174354,4.915293853,5.163775067,4.397586137,4.952456802,5.853322089,0.00157119,0.174912638
0.285756185,0.234886068,2.273642951,0.114598971,0.82523212,4.707963657,5.291863942,4.858471215,4.522773921,5.413275468,5.526778436,0.001438628,0.122324826
0,0,0,0,0,0,0,0,0,0,0,0.001297743,0.112408762
0,0,0,0,0,0,0,0,0,0,0,0.001152623,0.118387031
0,0,0,0,0,0,0,0,0,0,0,0.00100746,0.114286916
0,0,0,0,0,0,0,0,0,0,0,0.000891922,0.012775439
0,0,0,0,0,0,0,0,0,0,0,0,0.005357442
0,0,0,0,0,0,0,0,0,0,0,0.004542842,0.008036164
0,0,0,0,0,0,0,0,0,0,0,0.005436145,0.072219643
0,0,0,0,0,0,0,0,0,0,0,0.006541325,0.102377294
0.201614932,0.273763835,2.438682508,0.143087547,0.771491751,4.977927617,4.717892941,4.921575491,4.708710172,5.391639092,5.748662302,0.007587967,0.136839115
0.134473396,0.240326483,2.463826494,0.229608743,0.643957497,4.51025706,4.501972112,5.33794353,4.626766757,5.125372123,5.855950198,0.008585461,0.241180252
0.212249,0.12862328,2.470879645,0.24419776,0.775438188,4.486002258,4.177109889,5.021055281,5.756841749,5.525675297,5.978238583,0.009532861,0.289698354
0.134769151,0.20563463,2.4661301,0.267834051,0.734559503,4.446148101,4.370536337,5.419692588,5.328572574,5.491899938,5.924849739,0.010232474,0.289789686
0.176508345,0.222437707,2.526311347,0.225536961,0.627719953,4.489159012,4.086302161,5.238823549,5.705427636,5.547577319,6.018921934,0.010687634,0.307003225
0.025606445,0.1095,2.116937157,0.526030003,0.630200987,4.169578886,3.749801302,5.259487963,6.243655777,5.029307306,5.79150523,0.010963417,0.359692614
0.025166825,0.125281576,2.021916732,0.444336993,0.506538135,4.093527481,4.080648988,5.850966662,5.823796511,5.156728164,5.35540548,0.011042207,0.369638342
0.118084798,0.152457438,2.459860502,0.359098821,0.645127194,4.700728986,4.059858301,5.27586835,5.910155034,5.631678212,6.370074308,0.01097532,0.397547201
0.18075918,0.18491543,2.449088969,0.274526526,0.718489106,4.973530488,4.360044606,4.921695769,5.803348348,5.752271559,6.233051805,0.010676984,0.380570109
0.159892277,0.188447145,2.374881214,0.253866178,0.696282434,4.330812487,4.406190479,5.434576666,5.235873461,5.437367923,6.119389565,0.010227381,0.384077905
0.214337927,0.188887623,2.350774991,0.178893948,0.734556387,5.006810387,4.073353491,5.08546365,5.663729184,5.938777334,6.215069148,0.009617804,0.404158589
0.091220111,0.16514604,2.130852745,0.389976526,0.634225506,3.894304996,4.327942594,6.2087682,5.052717388,4.507016919,4.92107995,0.008875187,0.407204914
0.168212205,0.243228224,2.404134112,0.179838188,0.684764474,4.399168942,4.302279325,5.338776359,5.51495066,5.494057652,5.828502893,0.007917468,0.417772382
0.188148058,0.199927752,2.407150287,0.220481393,0.713743378,4.796739585,4.286825985,5.148145252,5.399948425,5.473021292,5.804469374,0.006822193,0.415555588
0.193631999,0.265291179,2.398753287,0.125634032,0.734625031,4.720619822,4.801876575,5.228879482,4.515444386,5.089956653,5.821352529,0.005725828,0.298880374
0.228036748,0.197140299,2.377389712,0.124317058,0.588550301,4.890297999,4.114466945,4.990388566,5.485462414,5.587441829,5.701141377,0.004624268,0.3086253
0,0,0,0,0,0,0,0,0,0,0,0.003634023,0.238736481
0,0,0,0,0,0,0,0,0,0,0,0.002905563,0.188572861
0,0,0,0,0,0,0,0,0,0,0,0.002438236,0.159459411
0,0,0,0,0,0,0,0,0,0,0,0.002099389,0.146240159
0,0,0,0,0,0,0,0,0,0,0,0.00188121,0.137357598
0.122449545,0.409104004,2.135834084,0.069316966,0.522703751,4.483246088,6.103298008,5.075553924,4.435474426,4.672858089,5.703461707,0.001832856,0.132371105
0.156047232,0.289036038,2.253108774,0.23949579,0.60967953,5.024186188,5.027346748,4.855211684,4.51062667,5.244145747,5.464476626,0.001949749,0.182897194
0.30108038,0.196010975,2.225040687,0.133087308,0.71757297,5.625757958,4.427113763,4.451415492,5.183855321,5.896665079,6.055614156,0.002191913,0.188310036
0.245425944,0.259550618,2.275183493,0.090423891,0.666493004,5.176670265,4.491178507,4.726495159,5.364804703,5.952453256,6.026837897,0.002515881,0.233025046
0.210394131,0.198877955,2.367607668,0.187331846,0.650247392,4.78685009,4.184034237,5.494011462,5.23497946,5.584916142,5.840714633,0.00286045,0.282775347
0.138175938,0.297531467,2.176402765,0.19534302,0.657218536,4.646120047,4.706907314,5.427132682,4.820460319,5.192636618,5.505345329,0.00328336,0.205236817
0.126359992,0.30076386,2.266004053,0.149835698,0.71342768,4.661759929,4.499099233,5.195334071,5.162093365,5.372055414,5.875381921,0.003721619,0.217010913
0.261988932,0.226408585,2.265834311,0.083768767,0.746233017,5.760108056,4.260698839,4.261529324,5.467644577,5.66874125,6.228154312,0.004150834,0.21003729
0.195291084,0.201265248,2.456082379,0.211624724,0.727395071,5.415594587,4.616863153,4.878943224,5.186612148,5.675898564,6.123843717,0.004520874,0.185956792
0.137998673,0.164072516,2.442195352,0.345138988,0.668795675,4.741962421,4.426062194,5.324512404,5.257593668,5.332247246,6.156651843,0.004800465,0.23954265
0.18172154,0.213442228,2.450264758,0.258223984,0.730761097,5.014251215,4.480467552,4.938005271,5.137114457,5.486487928,6.369823654,0.005029534,0.27574968
0.228901255,0.207528399,2.424439745,0.143553323,0.724232726,5.339017537,4.513355498,4.638316901,5.373195852,5.666318195,6.250172389,0.005135715,0.207142006
0.30492327,0.149780855,2.330467957,0.117387929,0.687432382,5.22090874,4.434501665,4.557105286,5.483984998,5.646894928,6.150187782,0.005127614,0.208252947
0.1675348,0.254750279,2.350517734,0.143480166,0.728268249,5.206615454,4.40876841,4.902614168,5.203792558,5.805847142,6.107950693,0.004936189,0.176651516
0.157740598,0.280534429,2.330257122,0.163613675,0.774967031,5.036339532,4.726574337,5.292246617,4.727773579,5.437200462,5.942154863,0.004638058,0.140150069
0.154043959,0.318542091,2.298994209,0.152607179,0.725161323,4.86435227,4.871324607,5.131940305,5.03762317,5.194932704,5.71042914,0.004256057,0.114142077
0.381746419,0.313623047,1.79198816,0.066586584,0.988985651,6.293433428,4.370414972,4.658300161,4.998201847,5.24770844,6.714980602,0.003761918,0.083103782
0,0,0,0,0,0,0,0,0,0,0,0.003197403,0.069191824
0,0,0,0,0,0,0,0,0,0,0,0.002621487,0.069822893
0,0,0,0,0,0,0,0,0,0,0,0.002079786,0.065256795
0,0,0,0,0,0,0,0,0,0,0,0.001586735,0.069566836
0,0,0,0,0,0,0,0,0,0,0,0.001207939,0.141550994
0,0,0,0,0,0,0,0,0,0,0,0.000959529,0.114438286
0,0,0,0,0,0,0,0,0,0,0,0.000772462,0.088989253
0,0,0,0,0,0,0,0,0,0,0,0.000647506,0.098036037
0,0,0,0,0,0,0,0,0,0,0,0.000607487,0.142385941
0,0,0,0,0,0,0,0,0,0,0,0.000636922,0.246533022
0,0,0,0,0,0,0,0,0,0,0,0.000737156,0.158935328
0.184895721,0.195603448,2.520415849,0.251956125,0.702355309,4.655153018,4.721969903,5.030877172,5.249946835,5.618159533,5.789462312,0.000906447,0.209608533
0.145749241,0.181339518,2.519073863,0.318250472,0.658256742,4.478855372,5.456192314,5.569448451,4.660981159,5.496234337,5.554784536,0.001132632,0.159896466
0.086337484,0.296293132,2.448062843,0.296079264,0.643842911,3.97751461,4.926804542,5.625860211,4.0447376,4.354428384,5.539093535,0.001448846,0.190521783
0.063438721,0.214875488,2.516965988,0.473013282,0.64486772,4.126203798,5.240262203,5.59150137,4.618273974,5.121501528,5.841934748,0.001879796,0.184871265
0.171906516,0.251233872,2.485491445,0.279557781,0.635239807,4.830222645,4.959048959,4.943196186,4.823386054,5.321585327,5.677321811,0.002364181,0.174062596
0.187272542,0.311937256,2.527118333,0.205167581,0.496702581,4.941928282,5.021479026,5.302394554,4.539731637,4.974952162,5.116899759,0.002851456,0.125410244
0,0,0,0,0,0,0,0,0,0,0,0.003305745,0.123554076
0.10428182,0.226046143,2.427414747,0.328220749,0.747761351,4.29981449,4.896724403,5.862643689,4.883693238,5.222832158,5.867997016,0.003717336,0.15098802
0.165887045,0.255749512,2.350214101,0.169266678,0.335748975,4.60501653,4.327213526,4.696638077,6.02727741,5.732993424,6.102885068,0.00403406,0.12302265
0,0,0,0,0,0,0,0,0,0,0,0.004277519,0.108690108
0,0,0,0,0,0,0,0,0,0,0,0.004440066,0.109407535
0,0,0,0,0,0,0,0,0,0,0,0.004464573,0.098644721
0.357736979,0.100933268,2.307690819,0.128225737,0.733952375,4.882482773,4.329910624,4.919433808,4.804054701,4.839016724,5.36819092,0.004382067,0.103763424
0.340320262,0.159388647,2.247757662,0.080211496,0.735853483,5.099978342,4.512129357,4.651340265,4.59712084,5.106611091,5.616879624,0.004181731,0.11177448
0.221249892,0.232696072,2.327985716,0.140465103,0.76176086,4.87631102,4.481345232,4.9325876,4.784904206,5.311542742,5.549637413,0.003903599,0.094230366
0.094969347,0.178679606,2.303820472,0.319805706,0.503700109,3.768267465,5.157577718,5.787120119,4.511073117,4.660604537,5.108511344,0.003542848,0.062962143
0,0,0,0,0,0,0,0,0,0,0,0.003362368,0.021532797
0.022076009,0.17865804,2.007637497,0.424942372,0.904374732,5.039108336,5.006649196,5.634552121,2.386320904,5.078043163,5.405036092,0.005882903,0.007062083
0.099018555,0.226047363,2.404175411,0.292763051,0.646380573,5.063396663,5.530000567,5.469915077,3.96579209,5.323978603,6.02305302,0.00642716,0.133524466
0,0,0,0,0,0,0,0,0,0,0,0.007240125,0.159588276
0.315147331,0.188638216,2.191130907,0.133367251,0.766554695,5.090685048,4.854935553,4.862557147,4.953389439,5.011461904,5.502686875,0.007813796,0.211376019
0.337912695,0.199915234,2.158987517,0.134548167,0.740721378,5.059419036,5.0583058,4.789610333,4.707440288,5.19934094,5.367711565,0.008190812,0.254852572
0.259907924,0.229168713,2.225922974,0.166152893,0.801068092,4.969906498,5.153801586,4.888540489,4.703095019,5.355802579,5.573600239,0.008396789,0.266700317
0.278355957,0.156955675,2.323863774,0.221653204,0.753210172,5.110831443,4.631784409,4.967846833,5.098431011,5.43821761,5.87604843,0.008366658,0.300740837
0.285481596,0.16549514,2.313212692,0.215390647,0.750259235,5.04845966,4.82779425,5.218436541,5.022649131,5.229677566,5.80638365,0.008251597,0.325900192
0.24194675,0.228238593,2.285164745,0.153823119,0.705919263,4.987068988,4.597469548,4.839176632,5.314208666,5.491526832,5.830327521,0.007907917,0.369280042
0.16801369,0.281650119,2.26773304,0.165075583,0.668058342,4.444518811,4.780891382,5.169077969,4.863856584,5.044708331,5.408735669,0.007453226,0.371605639
0.121900926,0.328032459,2.32362316,0.16357174,0.466713468,4.354000592,4.832098914,5.53464881,4.456246367,4.756898863,4.895475677,0.006926598,0.316859592
0.075735763,0.251212822,2.292874591,0.334130758,0.645143064,4.219675508,5.225791897,5.790584919,4.892660762,4.641073519,5.159636846,0.006296569,0.315547739
0.13780231,0.260682745,2.289444708,0.310983048,0.540188307,4.338191636,5.071112788,5.580679313,4.571749607,4.790737022,5.568607281,0.005655297,0.30296424
0.067341037,0.382251881,2.257005138,0.222793493,0.690285418,4.389616251,5.270142787,5.503107164,4.990070323,5.101145619,5.230223881,0.004963202,0.283808888
0.148681369,0.28136339,2.438682534,0.232989823,0.622893472,4.14398099,4.66914916,5.420757811,5.199397216,5.212563386,5.346391698,0.004311191,0.299141925
0.25377785,0.159761466,2.381683203,0.240449035,0.660043894,4.679995477,4.641039404,5.157188078,5.127950211,5.047337174,5.343501051,0.003664791,0.240873445
0.173400607,0.205559896,2.681195072,0.389948121,0.650674916,4.430371622,4.891320865,4.897648175,4.394175629,5.715268731,5.413814505,0.003059027,0.214461848
0.006274414,0.16195638,1.979797637,0.648666844,0.765605487,2.615142673,4.594519556,6.212696791,4.07201612,4.355617166,4.956420362,0.00253603,0.204151646
0,0,0,0,0,0,0,0,0,0,0,0.00207763,0.155788991
0,0,0,0,0,0,0,0,0,0,0,0.001678449,0.132558671
0,0,0,0,0,0,0,0,0,0,0,0.001389522,0.13954359
0,0,0,0,0,0,0,0,0,0,0,0.001222307,0.132321841
0,0,0,0,0,0,0,0,0,0,0,0.001168039,0.11484316
0.15390067,0.114545898,2.178710312,0.37499641,0.789761151,4.118433901,4.722884076,5.79375955,4.483938813,4.390575366,5.031468996,0.001197182,0.172690671
0.06565918,0.332386068,2.241907959,0.279670826,0.530021739,4.09698379,4.325227082,5.346863627,3.20514679,3.606157362,5.043025732,0.00125705,0.089277145
0,0,0,0,0,0,0,0,0,0,0,0.001339589,0.074996205
0,0,0,0,0,0,0,0,0,0,0,0.001440581,0.073338424
0,0,0,0,0,0,0,0,0,0,0,0.001536464,0.074947243
0.225333659,0.326790365,1.96415601,0.08207832,0.43399455,5.121175408,4.841580272,4.557109952,3.895190716,4.838371634,4.334491432,0.001621786,0.090610671
0,0,0,0,0,0,0,0,0,0,0,0.001689686,0.104811269
0.35464681,0.136619466,2.282791668,0.207816012,0.94125653,4.742212892,4.738310099,5.754352868,4.565770507,5.614713073,6.163898826,0.001726819,0.103543177
0.263476766,0.1687264,2.298645644,0.192781097,0.765811718,4.671975538,4.712930024,5.35876134,5.059071906,5.066882849,5.631266281,0.00172828,0.144117278
0.250446196,0.166374938,2.420659365,0.223118084,0.674225279,5.024420244,4.460701778,5.031494637,5.389865976,5.55972229,5.795417587,0.001700352,0.18227038
0.226509731,0.229643897,2.384340172,0.165389593,0.711706936,5.042155165,4.717646953,4.700484144,4.959982345,5.542810581,5.764307628,0.001637415,0.140757392
0.317187907,0.1358353,2.346100445,0.191650712,0.722049373,4.764490667,4.713592507,4.981086503,4.631470387,5.07225359,5.489699381,0.001544639,0.149650497
0.344143519,0.193137659,2.149266244,0.090762465,0.766039913,5.03292999,4.977131029,4.539575739,4.352656381,5.203032944,5.758664138,0.001421315,0.139714896
0.141735618,0.314059393,2.282823751,0.200985443,0.8320576,5.533949576,5.122872071,4.650653005,4.067211354,5.567383154,5.689134896,0.001285215,0.13166057
0.26166569,0.250886719,2.200952343,0.133740968,0.969531409,5.701513636,4.965552026,5.067456985,4.990952611,5.634601235,6.068789309,0.001138089,0.132554676
0.190472277,0.177933214,2.290192628,0.192057972,0.935320062,4.888802141,4.942475458,5.750440677,4.531104227,4.725589623,5.947596431,0.000990262,0.133636914
0,0,0,0,0,0,0,0,0,0,0,0.000857897,0.070695586
0,0,0,0,0,0,0,0,0,0,0,0.00076764,0.005166105
0,0,0,0,0,0,0,0,0,0,0,0,0.003409281
0,0,0,0,0,0,0,0,0,0,0,0.004909645,0.005672586
0,0,0,0,0,0,0,0,0,0,0,0.005611449,0.068964092
0.139826931,0.254145508,2.495764755,0.221125414,0.696393151,3.446169168,5.965180754,6.413847764,3.514519215,3.879921238,4.192691187,0.006581457,0.118670387
0.057595378,0.32762321,2.297900125,0.243451493,0.526800768,3.885939434,4.738776743,5.844372416,4.13272838,5.159241915,5.708275449,0.007552953,0.217967552
0.195054796,0.222045139,2.46668149,0.229206342,0.747755508,4.319139389,4.30380429,5.364647909,5.13632855,5.315210692,5.618975691,0.008390123,0.248607179
0.123548503,0.223291829,2.4449252,0.264998006,0.788337453,4.395172265,4.614341229,5.487016648,5.027401729,5.488538092,5.670372567,0.009129485,0.25893115
0.196535742,0.183692708,2.41557473,0.231536247,0.6638653,4.436975706,4.122631238,4.864834287,5.811562054,5.51010062,5.916804914,0.009652979,0.320538421
0.083964681,0.158621419,2.258240053,0.459697299,0.571748823,4.147460917,4.055787349,5.609958625,5.755188686,4.99814471,5.453649056,0.01001142,0.34339001
0.009139974,0.1349375,1.829493423,0.654532388,0.511619613,3.606948477,4.202639568,5.832443595,5.349246383,4.254529119,4.513386953,0.010190129,0.331180656
0.138436523,0.101777127,2.397624339,0.377607566,0.694083926,4.501083926,4.199422538,5.552319499,6.210608006,5.336461063,6.267295361,0.010238346,0.412348317
0.193671396,0.165658892,2.418027525,0.260816539,0.780977647,4.859199661,4.024096507,5.104697084,5.899293276,6.009362161,6.049572692,0.010091982,0.346118341
0.191229112,0.255992929,2.332797523,0.172265937,0.780946883,4.724040806,4.758216881,4.751443568,4.759180519,5.364756518,5.864459753,0.009739401,0.316153327
0.20068093,0.235819499,2.371937582,0.12088898,0.742710545,4.603803746,4.232240463,5.303056484,5.108451253,5.63517538,5.999790617,0.00924316,0.350950746
0.212721535,0.241792354,2.344171493,0.088872323,0.713139822,4.726037396,4.722359684,5.313383334,5.226362526,5.471014195,5.831536598,0.008542324,0.378337893
0.178,0.219672526,2.522900947,0.202738242,0.630317095,4.782298684,4.408817609,4.623672954,5.687614632,5.786795195,5.910310121,0.007703371,0.401623603
0.177378581,0.225070313,2.5141113,0.176746636,0.646298615,4.668527776,4.266945809,4.749808192,5.659758574,5.80030899,5.90494194,0.00673688,0.368912017
0.104874209,0.103026181,2.186257137,0.362850385,0.735322301,3.975048721,4.955828224,5.988632168,4.278152108,5.127949008,5.112416838,0.005711968,0.311582797
0.205554253,0.162559787,2.376716192,0.24000789,0.615232337,4.800554631,4.530643316,4.959025156,5.51729583,5.392398878,6.121617969,0.004672744,0.311435243
0,0,0,0,0,0,0,0,0,0,0,0.003770553,0.255708155
0.102097168,0.152579753,2.448940984,0.32626942,0.677143747,4.730266422,4.420555294,5.627506316,5.32185942,5.751788139,5.965091944,0.003122771,0.215779651
0,0,0,0,0,0,0,0,0,0,0,0.002662991,0.184948737
0,0,0,0,0,0,0,0,0,0,0,0.002318215,0.157744968
0,0,0,0,0,0,0,0,0,0,0,0.002114743,0.152793166
0,0,0,0,0,0,0,0,0,0,0,0.00205968,0.155162379
0.158312012,0.376986165,2.208645992,0.036215627,0.715606274,5.059040153,5.50504489,4.81529054,4.297325915,5.142659002,5.432014179,0.002177696,0.180873117
0.137990813,0.241172056,2.465874309,0.249081519,0.522050043,4.578108834,4.107052671,5.082124584,4.97033302,5.622604926,5.944026722,0.002429965,0.22024984
0,0,0,0,0,0,0,0,0,0,0,0.002781706,0.174321167
0.117364095,0.371078288,2.344275681,0.161101685,0.409948484,4.484111756,4.675152749,4.948090106,5.10338533,5.206446409,5.849659443,0.003203835,0.22372155
0.151171061,0.320305786,2.238486968,0.09935118,0.556412896,4.971349713,4.298813366,4.734017149,5.216790222,5.421797693,5.860804901,0.003657856,0.243156997
0.120066732,0.388725857,2.213462767,0.151741562,0.630759854,5.477953315,4.954651227,4.529800286,4.372484088,4.707592934,5.229385873,0.00415216,0.174450163
0,0,0,0,0,0,0,0,0,0,0,0.00461622,0.166678714
0.305848652,0.172810968,2.296431009,0.116396147,0.612215653,5.408571482,4.392911921,4.608715755,5.661093207,5.650186532,6.230852057,0.005065196,0.180587476
0.196746641,0.197701823,2.371103752,0.220870161,0.73011959,5.090078189,4.493468011,4.817762411,5.113466829,5.521365846,6.387863761,0.005391146,0.17953553
0.128558451,0.227786255,2.469498257,0.274753799,0.755287819,5.097632147,4.540129408,4.882096611,5.147587731,5.843189992,6.514265612,0.005637583,0.179338738
0.200912109,0.210885851,2.408939629,0.172306138,0.712574909,5.68445911,4.301849457,4.656805042,5.708168618,6.051449398,6.268343624,0.005782002,0.203481845
0.050414496,0.285537652,2.552500482,0.353860415,0.573337551,4.318628967,4.426430861,5.569656637,5.405616827,5.343930933,5.988381783,0.005782685,0.213079085
0.1636216,0.261368182,2.267132488,0.158855755,0.726678026,4.918534848,4.489416914,5.023066262,4.892526229,5.318146772,5.927725368,0.005633993,0.161547684
0.234144578,0.250331101,2.304113246,0.122273135,0.775764705,5.567852812,4.664186378,4.217404533,4.941159498,5.539937967,5.926543684,0.005317958,0.137006163
0.245066732,0.212848603,2.499862567,0.204332096,0.749709548,5.464938868,4.822334349,4.836589369,5.631622726,5.807844189,5.900903783,0.004896244,0.115138997
0,0,0,0,0,0,0,0,0,0,0,0.004340936,0.080431377
0,0,0,0,0,0,0,0,0,0,0,0.003739054,0.067512554
0,0,0,0,0,0,0,0,0,0,0,0.003092444,0.056589029
0,0,0,0,0,0,0,0,0,0,0,0.002423424,0.05989331
0,0,0,0,0,0,0,0,0,0,0,0.001831823,0.063471808
0,0,0,0,0,0,0,0,0,0,0,0.00137674,0.100843864
0,0,0,0,0,0,0,0,0,0,0,0.001051232,0.072858405
0,0,0,0,0,0,0,0,0,0,0,0.000806831,0.069127435
0,0,0,0,0,0,0,0,0,0,0,0.000639481,0.064425255
0,0,0,0,0,0,0,0,0,0,0,0.000557287,0.085858979
0,0,0,0,0,0,0,0,0,0,0,0.000553521,0.225160998
0.187632162,0.186859863,2.562416199,0.259350632,0.715430015,4.82696107,4.520225269,4.781670099,5.371625441,5.380814254,5.886015248,0.000622256,0.282486861
0.200822316,0.192763046,2.502217142,0.233755385,0.722502052,4.703156746,4.696387241,5.221579309,5.078262132,5.503293849,5.656759276,0.000748795,0.19534851
0.089437391,0.354829644,2.571213873,0.298785942,0.644320082,3.651346942,4.694669922,5.717367212,4.026425819,4.18049109,5.46673892,0.000927036,0.131143924
0.110464681,0.337126262,2.51300818,0.288800638,0.623447682,4.02772513,4.694963701,5.596888617,4.009506308,4.598930501,5.506592676,0.001201709,0.143920219
0.158546007,0.223378906,2.48381576,0.300491962,0.820157682,4.454749723,5.696905852,5.413858175,4.569160879,5.178127627,5.333501418,0.001576663,0.127760382
0.097266168,0.296618924,2.5671426,0.278345587,0.697632181,4.867973142,4.693939229,5.245513969,5.130038241,5.537673659,6.281649272,0.001997845,0.126254895
0.165017802,0.303562012,2.288202803,0.093804872,0.559367436,4.368728511,5.116517585,5.268658571,4.710664712,5.139198106,5.546564199,0.002459363,0.121042327
0,0,0,0,0,0,0,0,0,0,0,0.002914247,0.17781003
0.081303168,0.213830838,2.589208621,0.389351148,0.606425102,4.300067653,4.478220061,5.285398632,5.714962314,5.181729943,5.662930533,0.003281986,0.170130621
0,0,0,0,0,0,0,0,0,0,0,0.003583662,0.098116018
0,0,0,0,0,0,0,0,0,0,0,0.003823183,0.088941014
0,0,0,0,0,0,0,0,0,0,0,0.004073271,0.003652802
0,0,0,0,0,0,0,0,0,0,0,0.004036815,0.004748642
0,0,0,0,0,0,0,0,0,0,0,0.00395325,0.074558596
0.279057617,0.154470052,2.40884521,0.161988853,0.781464726,4.795350218,4.408446324,5.181781292,4.973938334,5.228821242,5.830662537,0.003778998,0.099218344
0.247086839,0.209482422,2.434145954,0.195116815,0.655204448,4.83143264,4.989400997,5.286184416,4.477667914,5.104153051,5.945706661,0.003493551,0.102979291
0,0,0,0,0,0,0,0,0,0,0,0.00323877,0.008631435
0,0,0,0,0,0,0,0,0,0,0,0.004549914,0.002678721
0,0,0,0,0,0,0,0,0,0,0,0.005166417,0.108836119
0,0,0,0,0,0,0,0,0,0,0,0.005891886,0.150266179
0,0,0,0,0,0,0,0,0,0,0,0.006461619,0.175971281
0.12720459,0.227476128,2.393392479,0.297457428,0.712659507,5.076088478,4.800282002,4.963499943,4.825903972,5.02404357,5.474655092,0.006892623,0.205852606
0.169253472,0.300143229,2.221595937,0.209158559,0.746994585,4.226592468,5.078276098,5.583604236,4.595297777,4.855176714,5.082772599,0.007104721,0.220245187
0.225703735,0.169961548,2.533262686,0.279087681,0.655882808,5.371202342,4.369647741,4.935959518,5.644317344,5.735933237,6.176000163,0.007164518,0.277141425
0.25049667,0.100807542,2.295262576,0.271754663,0.660698334,5.519493658,4.355667481,4.638112788,6.020673303,5.535553267,6.156370814,0.007126148,0.291082416
0.157593711,0.241438112,2.25829175,0.234844952,0.709168998,4.27450961,5.242611824,5.662895439,4.600359409,4.996924771,5.533061416,0.00696131,0.276998933
0.35154655,0.140248047,2.378890172,0.15634972,0.643110085,5.127156335,4.565699041,4.623660737,4.897139055,5.368518764,5.555795169,0.006611067,0.273465295
0.211351725,0.196188464,2.482011518,0.242541979,0.652337805,4.664866039,4.33583984,5.187459836,5.466096926,5.509686793,5.483787789,0.006157749,0.320734873
0.095190197,0.151301696,2.530034962,0.444209601,0.586831439,4.556415745,4.209283394,5.693541828,5.562646346,5.419963513,5.983123961,0.005607673,0.323468322
0.206926324,0.212895074,2.563826214,0.288252436,0.586328224,4.429114493,4.254512874,5.191100446,5.433835638,5.609263074,5.668764381,0.005011101,0.285418372
0.289974916,0.139911726,2.508641485,0.270703643,0.625414048,4.703711794,3.996848606,4.979483818,5.590639991,5.249486899,5.659547115,0.00446359,0.30020427
0.260082872,0.193361138,2.452461542,0.266969732,0.702532989,4.764164463,4.422664156,5.343266487,4.956858262,5.15255185,5.540296455,0.003887302,0.289567835
0.107175367,0.235521129,2.437872012,0.340910897,0.633091791,3.89130918,4.917337829,5.260609231,4.740249135,4.785422899,5.499599262,0.003352387,0.239782472
0.141173503,0.278751628,2.625779917,0.330377324,0.656079427,3.70195663,5.127111673,6.285777807,3.864287853,4.053786874,4.825148702,0.002854354,0.191781166
0,0,0,0,0,0,0,0,0,0,0,0.002404307,0.169587565
0,0,0,0,0,0,0,0,0,0,0,0.001988897,0.140460807
0,0,0,0,0,0,0,0,0,0,0,0.001623223,0.136703371
0,0,0,0,0,0,0,0,0,0,0,0.00136756,0.120918998
0,0,0,0,0,0,0,0,0,0,0,0.001208022,0.107848777
0,0,0,0,0,0,0,0,0,0,0,0.001152426,0.099030878
0,0,0,0,0,0,0,0,0,0,0,0.001158986,0.109607312
0,0,0,0,0,0,0,0,0,0,0,0.001191511,0.077308702
0,0,0,0,0,0,0,0,0,0,0,0.001249774,0.070853743
0,0,0,0,0,0,0,0,0,0,0,0.001332405,0.068553607
0,0,0,0,0,0,0,0,0,0,0,0.001411625,0.069007318
0,0,0,0,0,0,0,0,0,0,0,0.001487457,0.07266688
0,0,0,0,0,0,0,0,0,0,0,0.001567377,0.093128569
0,0,0,0,0,0,0,0,0,0,0,0.001622241,0.124139311
0.130081278,0.12634196,2.375335729,0.415550022,0.7837116,4.554198902,4.339486435,5.047252473,5.340357661,5.179401357,5.707766965,0.001644665,0.1681019
0.254137912,0.086581489,2.298562575,0.266955367,0.656151413,4.983279907,4.088086499,5.051382234,5.933976372,5.428077737,5.609903259,0.001627629,0.224884738
0.213258789,0.18390918,2.360566822,0.297945895,0.679527162,4.431000376,5.079060602,5.691331554,4.913724852,5.196968376,5.183675301,0.001574542,0.161247334
0.293155653,0.058027208,2.338985022,0.283227606,0.745926059,5.424194127,3.879294589,4.458728974,5.97289216,5.57689256,6.599044532,0.001492589,0.205692782
0.261762085,0.165769857,2.329910213,0.188225296,0.794672515,4.520734243,4.901896984,5.427822046,4.266441852,4.94281505,5.467729047,0.00138429,0.15383395
0.223463406,0.16256307,2.291571446,0.206780935,0.766077099,5.216682598,4.828656296,5.047672798,4.829508305,5.47283562,6.000571872,0.001253217,0.147735073
0.261455983,0.154403573,2.199061698,0.145475686,0.891148462,5.529222435,4.605474684,4.936249475,5.162975305,5.405453881,5.715110315,0.001108182,0.14134493
0.268627496,0.204437283,2.271448576,0.144203814,0.933904655,5.448462371,4.959437963,5.033106895,5.024476798,6.072101104,6.389983741,0.0009642,0.120536136
0.144578155,0.324963009,2.161743876,0.131853245,0.942409715,4.946339277,4.801441913,5.207022976,4.636392875,5.056394339,5.775777654,0.000828349,0.095258801
0,0,0,0,0,0,0,0,0,0,0,0.000722725,0.005692282
0,0,0,0,0,0,0,0,0,0,0,0.005066926,0.005515014
0,0,0,0,0,0,0,0,0,0,0,0.005649826,0.006742988
0.123513455,0.340457357,2.245797138,0.138431099,0.572628628,4.216392219,4.591610233,5.778091749,4.09429123,4.78987511,5.547217051,0.006366674,0.105883353
0.203466089,0.180666893,2.515487379,0.219589884,0.702650411,4.332282147,4.357181325,5.485436017,5.286106662,5.234411631,5.553031274,0.007125712,0.262634609
0.156972087,0.200431315,2.414489346,0.244400291,0.704756126,4.475221011,4.878590769,5.459211487,4.80222266,5.04105323,5.583674014,0.007889261,0.226479464
0.228449394,0.199578951,2.398317325,0.149976936,0.705868839,4.239680618,4.14504926,5.471792955,5.386019766,5.301338031,5.293289428,0.008505816,0.287242857
0.174869291,0.215451848,2.465742459,0.223652086,0.692095044,4.573953177,4.142899683,5.292082507,5.518069818,5.363931832,5.775026487,0.008923356,0.363485915
0.129831787,0.202192302,2.478363112,0.324827382,0.691118288,4.195920904,4.543314037,5.681012595,4.8765719,5.127314279,5.566009155,0.009199502,0.35291788
0.114670097,0.257972443,2.454826541,0.263235273,0.706009696,4.129567658,4.379041784,5.491255737,5.184335452,5.093520366,5.607010704,0.009369685,0.330158078
0.185002056,0.233448979,2.466507417,0.219429942,0.732331676,4.504094928,4.55769548,5.436039485,5.215577806,5.279479428,5.735665117,0.009356197,0.373592787
0.230526181,0.269263335,2.198523568,0.070037327,0.76403243,4.825403193,4.477604438,5.038440656,5.075991782,5.325553124,5.755014443,0.009126332,0.322854993
0.177145345,0.208672201,2.392804127,0.15833636,0.728208433,4.569830969,4.607734013,5.493068338,4.80958972,5.164871538,5.54076255,0.008712551,0.301832346
0.176480408,0.212456665,2.437219213,0.204082859,0.665794363,4.829552304,4.723963242,5.052166495,5.148511305,5.545427393,5.751352653,0.008129784,0.309001121
0.199022686,0.259640425,2.227698189,0.124520558,0.617989973,4.621064562,5.261275012,5.282708599,4.282861693,4.789326851,5.118645517,0.007422104,0.309750199
0.158318942,0.244323431,2.310370237,0.202296681,0.612102708,4.666177169,4.899411355,5.114102636,5.05040549,5.060116787,5.877836808,0.006569026,0.333664662
0.211162187,0.17589433,2.337837738,0.241217942,0.658600883,4.88935774,4.649027007,5.109687272,5.199722545,5.63783716,5.785292032,0.005617763,0.354829683
0.292757736,0.155870194,2.263648271,0.118240374,0.570100915,4.932308029,4.618177277,5.277500803,5.224726389,5.524129805,5.674154885,0.004706813,0.311720207
0.321062361,0.169508851,2.196575401,0.076781118,0.693981809,5.172306864,4.371447101,5.095454531,5.235005663,5.248432789,5.4380971,0.003965717,0.253179324
0.311318951,0.174073006,2.275301567,0.099355466,0.733201841,5.27069696,4.824141763,4.820792859,5.131306459,5.704059926,5.779211879,0.003396787,0.22424764
0.337579753,0.171790365,2.173924957,0.069063578,0.622779672,5.308425446,4.557534741,4.444828418,5.28521902,5.544541114,5.815961997,0.002941866,0.191446869
0,0,0,0,0,0,0,0,0,0,0,0.002607296,0.175834378
0.532879232,0.22679362,1.681775721,0.015121514,0.837911928,4.028949976,5.358090281,5.485315919,3.365392268,3.797555804,4.214241862,0.002396551,0.170966199
0.228736015,0.286772883,2.190295427,0.072271994,0.672958533,5.273540239,5.114326636,4.671452917,4.333872667,4.738303851,5.607455753,0.002333435,0.179856955
0.151755371,0.354795329,2.186594986,0.098983261,0.683855105,5.010956548,5.135392651,4.719152063,4.747093208,5.037960388,5.732566878,0.002433367,0.213480084
0.072560131,0.267251609,2.335864732,0.281030312,0.705108119,4.2906124,4.663484829,5.413692385,4.955820127,5.193452319,5.530311392,0.002675229,0.262231
0.050103516,0.211370768,2.144749935,0.381530461,0.627426829,4.292055476,4.183953178,5.809653735,4.967510068,4.886371815,5.093659401,0.003046414,0.219401972
0.042950596,0.198920899,2.332708376,0.508607612,0.515283619,3.835779864,4.833624184,5.832634348,4.818279349,4.971706051,5.371797002,0.003517571,0.332906319
0.129211363,0.315539864,2.369663067,0.166803654,0.701057052,4.812633248,4.441711032,5.366384337,5.281039623,5.482097305,5.914409078,0.004010319,0.262602751
0.108700268,0.375995551,2.256511185,0.095136094,0.688576428,3.94752321,5.027314908,5.34388166,3.984364609,4.927203516,5.438901206,0.004528768,0.18775217
0.106085069,0.343062283,2.328110439,0.180131165,0.620679644,4.555454628,4.749562192,5.762268504,4.410580393,4.923803679,5.650226871,0.005058632,0.181545469
0.279042736,0.22941662,2.302943796,0.121110272,0.730227402,5.514121107,4.522802711,4.591832042,5.220119417,5.438517128,6.176197614,0.0055394,0.181194312
0.210822483,0.159125705,2.295342727,0.246780128,0.673357692,5.368838887,4.379860004,4.764738734,5.1662704,5.295314406,6.135200337,0.00592419,0.195851165
0.067743734,0.198166423,2.224180922,0.348017242,0.652634934,4.687519237,4.390797901,5.544030401,5.158022104,5.69975467,6.496049172,0.006180979,0.220590088
0.270976873,0.185427905,2.319743534,0.14547266,0.72657666,5.68666568,4.413269665,4.352557106,5.494768043,5.70560478,6.36199346,0.006343706,0.174612857
0.305901367,0.163987305,2.37578006,0.140445947,0.673501272,6.120941723,4.441961932,3.896499687,5.220745391,5.681345368,6.209185296,0.006361389,0.154159827
0.224446533,0.215919434,2.278478632,0.145403261,0.813309075,5.391392732,4.876229757,4.673067298,4.728734115,5.559262246,5.874400044,0.006223959,0.154591297
0.190500082,0.279135946,2.42986585,0.138110583,0.791403665,5.841149688,4.526953198,4.081869111,5.153247841,5.79918167,6.019637607,0.005905734,0.132415778
0,0,0,0,0,0,0,0,0,0,0,0.005425185,0.09705267
0,0,0,0,0,0,0,0,0,0,0,0.00486637,0.079364967
0,0,0,0,0,0,0,0,0,0,0,0.004226059,0.067685806
0,0,0,0,0,0,0,0,0,0,0,0.003503976,0.058053349
0,0,0,0,0,0,0,0,0,0,0,0.002760434,0.051901474
0,0,0,0,0,0,0,0,0,0,0,0.00210483,0.045852923
0,0,0,0,0,0,0,0,0,0,0,0.001559356,0.055495418
0,0,0,0,0,0,0,0,0,0,0,0.001145011,0.065436478
0,0,0,0,0,0,0,0,0,0,0,0.000845557,0.06834168
0,0,0,0,0,0,0,0,0,0,0,0.000646399,0.061241698
0,0,0,0,0,0,0,0,0,0,0,0.000523491,0.070921565
0.053601888,0.217366536,2.38513347,0.376102199,0.521289888,4.054534137,5.18169558,5.156996965,5.068810105,4.581708729,4.901298642,0.000491536,0.130593697
0.092912507,0.169937428,2.394356301,0.387064019,0.622368141,4.539440996,4.063865956,5.295031147,5.747965064,5.47162604,6.217183448,0.000531435,0.307093742
0.196762044,0.179010634,2.426809401,0.252198321,0.702116377,4.991168058,4.556729348,5.236247786,5.111410069,5.300118534,5.85856243,0.000622029,0.192071036
0.110486817,0.231076335,2.507860243,0.308457471,0.654848838,4.424088788,4.80737949,5.362663293,4.678748649,5.225424605,5.690725154,0.000763292,0.129179089
0.077141539,0.325398065,2.495351653,0.270103974,0.670219834,4.278114852,4.994784829,5.276726558,4.483769295,4.927111203,5.550214188,0.000967266,0.148267806
0.042350749,0.187811035,2.484363556,0.497490561,0.599475091,4.3642102,4.699125552,5.365178633,4.232736808,5.015697116,5.859726405,0.001259678,0.131665102
0.096161386,0.234826389,2.454923723,0.339054719,0.678530207,4.861846725,4.814065854,5.12112593,4.909754397,5.811438554,6.297504034,0.001619849,0.161549943
0.058229758,0.200208629,2.478678312,0.427236216,0.749754867,4.158998313,5.116024283,5.298212138,4.738163791,5.26200036,6.013544039,0.002048439,0.146426619
0.150207927,0.203905572,2.37025355,0.306958544,0.652705739,4.652872245,4.350096464,4.923201645,5.321551556,5.587852418,5.996847838,0.002451211,0.153501679
0.112428182,0.186472982,2.416008381,0.294128664,0.641956988,4.37586426,4.234500237,5.377528548,5.561477542,5.276851006,5.79968968,0.002785037,0.13053726
0,0,0,0,0,0,0,0,0,0,0,0.003069478,0.037577098
0,0,0,0,0,0,0,0,0,0,0,0.003369985,0.00375021
0,0,0,0,0,0,0,0,0,0,0,0.003636927,0.004636248
0,0,0,0,0,0,0,0,0,0,0,0.003450523,0.003869264
0,0,0,0,0,0,0,0,0,0,0,0.003279568,0.027700679
0,0,0,0,0,0,0,0,0,0,0,0.003092921,0.004096868
0,0,0,0,0,0,0,0,0,0,0,0.002940931,0.002922241
0,0,0,0,0,0,0,0,0,0,0,0.002765409,0.002678721
0,0,0,0,0,0,0,0,0,0,0,0.003439755,0.00375021
0,0,0,0,0,0,0,0,0,0,0,0.004017246,0.115912584
0,0,0,0,0,0,0,0,0,0,0,0.004608919,0.167244586
0.26293335,0.138601481,2.233936097,0.184488628,0.723099651,4.949018627,4.562812835,4.704271779,5.515699119,5.270189703,5.976237029,0.005190175,0.214835597
0.154541667,0.157133626,2.36280952,0.27598446,0.744519918,4.851970193,4.452235243,5.297971505,5.301357865,5.216511768,5.797049761,0.005592696,0.242196576
0.196703186,0.124622498,2.271600357,0.273080692,0.676856787,4.614674945,4.758283962,5.62930774,5.062493578,4.872634396,5.343060236,0.005855794,0.225802777
0.183656762,0.117097749,2.280893594,0.345901621,0.742957564,4.196157821,4.597400086,5.361783964,4.874700018,4.971281239,4.874225949,0.005974954,0.23881998
0.241809771,0.132899264,2.495495359,0.204862071,0.724863963,5.079895143,4.362270424,4.727101023,5.962478317,5.793853741,5.886909288,0.006004692,0.258115186
0.14138146,0.259995743,2.428960007,0.274375722,0.694736707,4.723831901,4.889068897,4.97756654,4.802445274,5.065457486,5.368728583,0.005910323,0.248053299
0.301271566,0.23089388,2.191212499,0.084936979,0.685693717,4.846826077,5.036425498,5.044891945,4.297360627,4.980411059,5.276537338,0.005641007,0.2115061
0.303628387,0.208943736,2.183101541,0.079105271,0.643428518,5.085216414,5.023822028,5.13619139,4.556589708,5.063210128,5.437489461,0.005246425,0.234706534
0.234239317,0.193342655,2.36045104,0.207436627,0.711452482,4.889925721,4.257670901,5.155071012,5.446551342,5.394682776,5.46670775,0.004772735,0.262900122
0.213882843,0.182705621,2.487143145,0.259642806,0.630118955,4.952667427,4.330507369,5.259159821,5.431958661,5.622762385,5.983501213,0.004288382,0.256457586
0.34007487,0.119819417,2.3690547,0.157649161,0.705521488,5.047028086,3.936932543,4.616226688,5.624111688,5.599466991,5.712460744,0.003855332,0.267820806
0.16294732,0.224154731,2.433256668,0.325853406,0.711504826,4.283113768,4.534668466,5.5043781,4.760205765,5.198408296,5.727372825,0.003413893,0.251766033
0.227351888,0.135260417,2.720282703,0.371329625,0.594804537,4.600121737,4.274514854,5.515491843,5.013098359,4.926186383,5.040829301,0.002989342,0.200660645
0,0,0,0,0,0,0,0,0,0,0,0.002604539,0.16762848
0,0,0,0,0,0,0,0,0,0,0,0.002218101,0.149136815
0,0,0,0,0,0,0,0,0,0,0,0.001868389,0.130750624
0,0,0,0,0,0,0,0,0,0,0,0.001565546,0.122453203
0,0,0,0,0,0,0,0,0,0,0,0.001336266,0.11873797
0,0,0,0,0,0,0,0,0,0,0,0.001195779,0.111209919
0,0,0,0,0,0,0,0,0,0,0,0.001145915,0.107193725
0,0,0,0,0,0,0,0,0,0,0,0.001134188,0.092286751
0,0,0,0,0,0,0,0,0,0,0,0.001147293,0.080063387
0,0,0,0,0,0,0,0,0,0,0,0.001186646,0.070705905
0,0,0,0,0,0,0,0,0,0,0,0.001246584,0.06947809
0,0,0,0,0,0,0,0,0,0,0,0.001314021,0.065530768
0,0,0,0,0,0,0,0,0,0,0,0.001380316,0.069128378
0,0,0,0,0,0,0,0,0,0,0,0.001456239,0.083740735
0,0,0,0,0,0,0,0,0,0,0,0.001511127,0.108400138
0.124523488,0.171934971,2.344020018,0.306861137,0.777666242,4.519953466,4.21348089,5.302690267,5.547825291,5.349193614,5.540922325,0.001537502,0.172553147
0.108500108,0.154981554,2.503292702,0.385266133,0.705872817,4.668710542,3.836532851,5.195239826,6.037536144,5.674825402,5.828829714,0.001529733,0.241496925
0.164257061,0.103879958,2.458014838,0.396866504,0.764343497,4.756753087,3.874044455,5.276180781,5.923448819,5.497138431,6.10812609,0.001484489,0.218924507
0.179151693,0.097489518,2.362153363,0.354055146,0.761913,4.790025246,4.08132076,5.13358351,6.008526225,5.771651406,6.138454976,0.001412853,0.233710259
0.174905273,0.20607845,2.306760746,0.217105459,0.854718913,4.790613878,4.814695319,5.015550458,4.595894102,4.755555745,5.421275095,0.00131872,0.152968204
0.155380046,0.180319417,2.322864541,0.375743229,0.931865541,4.730107926,4.761129568,5.227882532,4.76459534,4.825079968,5.592001786,0.00119596,0.136446453
0.218583752,0.163109654,2.264407584,0.195577684,0.843162396,5.017305089,4.884877537,4.926744197,4.793524078,5.384343671,5.74509275,0.001057303,0.127634349
0.163495066,0.301232353,2.162358095,0.164677457,0.96123396,4.689855409,4.758065559,5.399999678,4.708578533,4.801307223,5.410801204,0.000918571,0.10415374
0.156665969,0.356909877,2.140913496,0.103574034,0.966061743,5.299064772,5.331379763,5.210229499,4.763531838,5.496698635,5.800679147,0.000779906,0.090343899
0.257137044,0.269079939,2.236778339,0.111872826,0.948461576,5.442051368,5.105586086,4.765794839,4.620769705,5.820934662,6.237045475,0.00066134,0.010071992
0,0,0,0,0,0,0,0,0,0,0,0.000581271,0.013393606
0,0,0,0,0,0,0,0,0,0,0,0.005772946,0.018108155
0.110024957,0.090586884,2.270013456,0.332054806,0.71607612,4.212371769,5.278808932,6.172661225,4.065556521,4.677278832,4.576434871,0.006127371,0.008745237
0.095720133,0.201649007,2.379638957,0.278808996,0.708694385,4.043612115,5.058874422,5.983679473,4.326083449,4.888296887,5.054935172,0.006623365,0.135859465
0.172106445,0.194292318,2.427805553,0.212309506,0.755601224,4.315098399,4.336110282,5.011067236,5.342446459,5.603624004,5.000714594,0.007255185,0.251459609
0.172393554,0.249688368,2.330593738,0.175354808,0.730818592,4.535075954,4.390026554,5.310845884,5.232813501,5.438964673,6.033257429,0.007736991,0.28760552
0.133319906,0.199660238,2.403859673,0.268798123,0.442713279,4.244838081,4.169313606,5.913593859,5.555008374,5.195715904,5.756574899,0.008115397,0.359946368
0.095248773,0.314673353,2.453588372,0.297847102,0.629471704,4.411434834,4.575891045,5.667558033,5.064551945,4.80800156,5.557870984,0.008356837,0.333895711
0.207198532,0.247503617,2.37448061,0.171396615,0.658397416,4.443365441,4.556782948,5.844944298,5.1949748,4.815897034,5.070361621,0.008483896,0.326881441
0.192628116,0.244337255,2.335698352,0.153686312,0.741280035,4.334634222,4.730896867,5.785616841,5.229504157,5.266183155,5.538992831,0.008374614,0.377743908
0.178135959,0.235984158,2.393922798,0.177151778,0.703203369,4.744651204,4.643739363,5.088136711,5.160811039,5.487268265,5.793953371,0.008100417,0.336186962
0.322919922,0.248778483,2.243642949,0.086498098,0.608112662,4.971166154,4.516875038,4.909746866,5.115929067,4.94943887,5.484875481,0.007621998,0.305329081
0.167731934,0.217036743,2.357095938,0.245121176,0.546723642,4.516333543,4.768866491,5.259233259,5.219340068,5.230207898,5.842115924,0.007019221,0.365297808
0.123698866,0.228796522,2.386474336,0.267975199,0.636376145,4.499164571,4.96616524,5.232571811,5.273942093,5.211638808,5.793037161,0.006274641,0.365056539
0.162452799,0.136085612,2.238986973,0.344820781,0.682392472,4.466596931,4.513148167,5.26382008,5.359383411,5.010499377,5.642768402,0.005474447,0.390988291
0.151573893,0.222821674,2.408828765,0.242100788,0.611960706,4.013985805,4.641262959,5.613370028,4.827133943,4.680121877,4.96277315,0.00476302,0.316367308
0.351283203,0.16142513,2.125958672,0.06426003,0.774877258,5.672850192,4.299443424,4.709693404,5.158371246,5.14538517,5.70165151,0.004182445,0.251667457
0.298469035,0.129492086,2.243627882,0.078266839,0.633984264,4.826882199,4.033872202,5.142916944,5.57615073,5.58389166,5.603929862,0.003681113,0.278105287
0.380018718,0.115801731,2.18465287,0.060433691,0.66377792,5.357015252,4.390179838,4.422098875,5.45343475,5.481644263,5.793064306,0.003269142,0.263584727
0.17155599,0.293847656,2.400927639,0.130938586,0.631275706,4.559771419,4.664807856,5.290539066,5.147137364,4.861933768,5.141139627,0.002943559,0.219635242
0.290710261,0.229232772,2.253470769,0.083381326,0.675725987,5.468295202,5.152798352,4.421223235,4.786002388,5.18090407,5.617120747,0.002705006,0.223445711
0.28142334,0.273657227,2.284629602,0.027466298,0.744734993,5.148596525,5.726079554,4.562704116,4.760580212,4.735948146,5.765763938,0.002614304,0.198439786
0.132124928,0.371707176,2.200857588,0.079412487,0.82408158,4.912199855,5.393919634,4.63196063,4.299250225,4.74604553,5.890929567,0.002682119,0.193194997
0.14613444,0.202596029,2.529821152,0.217794883,0.52601503,4.773058892,4.025225401,4.396694899,5.662099958,5.594206989,5.579256058,0.00290277,0.219405488
0.09134668,0.163071289,2.290060988,0.381564222,0.567852417,4.612452602,3.753418148,4.956756676,5.955101609,5.576924968,6.062382388,0.003280553,0.301286914
0.036624078,0.078688151,1.89105431,0.522482939,0.659300223,4.663085749,3.961530527,5.704751164,5.772176027,5.125302375,6.039325714,0.003768871,0.439452852
0.118339301,0.255915566,2.505515759,0.277108237,0.656025878,4.906130819,4.46036003,5.056864049,5.804064756,5.574268591,6.057129888,0.004279456,0.32389448
0.199283529,0.247342448,2.407504738,0.145355059,0.550144737,4.829000509,5.037997222,5.518773806,4.626175934,5.316393769,5.256213009,0.004844727,0.22842454
0,0,0,0,0,0,0,0,0,0,0,0.005404592,0.268637546
0.205159505,0.266696038,2.269428648,0.116793781,0.690711187,4.947659111,5.037237555,4.768153732,4.993780618,5.191670637,5.69833471,0.005916574,0.216901256
0.171125488,0.294086371,2.206804963,0.076537651,0.779521186,4.988611867,4.798295478,4.927977254,4.85248365,5.533445468,6.232637644,0.006330322,0.195085802
0.206704557,0.195788281,2.286947661,0.178131476,0.712405198,5.140143554,4.430205443,5.067561707,5.292946501,5.751102061,6.230779393,0.00661656,0.196845584
0.232401181,0.150058671,2.409491044,0.229509018,0.743664609,5.427398077,4.24961249,4.700108627,5.675141684,5.806456438,6.307582628,0.006778647,0.204360895
0.173349144,0.27609282,2.401529817,0.159839869,0.622045627,5.236691237,4.494348492,4.634461846,5.440732726,5.523971472,6.23486478,0.006789275,0.207606394
0.160515185,0.280521025,2.306916429,0.162909935,0.751782692,4.926747441,4.518691326,5.052232073,4.769826616,5.341892568,6.013404404,0.006649177,0.168852568
0.195061849,0.23811849,2.354100047,0.174393856,0.850508141,5.169525146,4.080138206,5.59409225,5.591160893,5.339267731,5.769939423,0.006315382,0.137943684
0,0,0,0,0,0,0,0,0,0,0,0.005835966,0.093919013
0,0,0,0,0,0,0,0,0,0,0,0.005268282,0.079610044
0,0,0,0,0,0,0,0,0,0,0,0.004580716,0.066757235
0,0,0,0,0,0,0,0,0,0,0,0.00381562,0.058409711
0,0,0,0,0,0,0,0,0,0,0,0.003059148,0.050192724
0,0,0,0,0,0,0,0,0,0,0,0.002346261,0.045081793
0,0,0,0,0,0,0,0,0,0,0,0.001714064,0.043793391
0,0,0,0,0,0,0,0,0,0,0,0.001234177,0.05479722
0,0,0,0,0,0,0,0,0,0,0,0.000892821,0.055013037
0,0,0,0,0,0,0,0,0,0,0,0.000649126,0.05596097
0,0,0,0,0,0,0,0,0,0,0,0.000492963,0.077736862
0.189780274,0.21241862,2.684857508,0.330028423,0.622234656,4.395399183,5.248838872,4.893368692,4.569687098,4.7142542,4.533409864,0.000436926,0.080650479
0,0,0,0,0,0,0,0,0,0,0,0.000458229,0.122450208
0,0,0,0,0,0,0,0,0,0,0,0.000522126,0.09257349
0,0,0,0,0,0,0,0,0,0,0,0.000622489,0.098721565
0.215584775,0.177576846,2.39834186,0.211843841,0.671138403,4.640695087,4.905010019,5.331317221,5.045029687,4.858863277,5.225901957,0.000751262,0.142974869
0,0,0,0,0,0,0,0,0,0,0,0.000957453,0.102664405
0,0,0,0,0,0,0,0,0,0,0,0.001257457,0.08601199
0.301577962,0.20135376,2.290165101,0.115680818,0.675450537,5.426735595,4.885048449,4.53844449,4.808232576,5.547646135,5.255810082,0.001600778,0.10702578
0.235623372,0.22265625,2.247017031,0.045084209,0.611012265,4.994638014,4.594200122,4.859576958,4.841915345,5.189382017,5.61149106,0.001952906,0.066657554
0.372358561,0.139666992,2.165300538,0.083249182,0.661062136,4.993309319,4.822693849,4.685521707,4.285665858,4.946901602,5.523465026,0.0022552,0.059251688
0,0,0,0,0,0,0,0,0,0,0,0.002581886,0.006062369
0,0,0,0,0,0,0,0,0,0,0,0.003073397,0.006214633
0,0,0,0,0,0,0,0,0,0,0,0.003021581,0.006875384
0,0,0,0,0,0,0,0,0,0,0,0.001780585,0.007143256
0,0,0,0,0,0,0,0,0,0,0,0.002202991,0.003635407
0.55582194,0.116061198,1.709908471,0.042376499,0.787776438,6.20377183,4.908781424,4.279314325,3.909239516,4.696226761,4.984483406,0.002664538,0.062232068
0.207901693,0.142814779,2.213641246,0.338438455,0.59630623,4.462019837,5.122942877,5.223806107,4.898820972,4.951028872,5.945813143,0.003102755,0.103836819
0.172569661,0.146151042,2.200483043,0.287275344,0.623112682,4.368061483,4.904158175,5.338699055,4.959617758,5.112129259,5.329916811,0.003575473,0.134076217
0.203394043,0.177334961,2.480748271,0.354513971,0.654480152,5.106648463,4.619356084,5.109752417,5.679416019,5.431315845,5.979878485,0.004068523,0.146152638
0.175569797,0.148980306,2.480961349,0.374497116,0.632018731,5.037045817,4.671388631,5.342771734,5.385145709,5.704352796,6.189623594,0.004434129,0.181929555
0.204611545,0.143969184,2.381007155,0.232301446,0.830054727,4.726920625,4.868621528,5.062673529,5.012298286,5.056578408,5.668603261,0.004680551,0.192386878
0.181722819,0.165039063,2.554249502,0.252731869,0.632405989,4.967631787,3.554973543,5.394836635,5.794432759,4.823121906,5.215795875,0.004830647,0.192737677
0.163817429,0.231258719,2.454119247,0.297217883,0.635404511,4.514842962,5.058826353,4.874649776,5.139375171,5.123763029,5.634771619,0.004815835,0.190876048
0.07981486,0.322857666,2.357638976,0.372012607,0.689777324,4.248875395,5.415283829,5.248649612,4.400147871,4.771715224,5.424777091,0.004769029,0.189508089
0,0,0,0,0,0,0,0,0,0,0,0.004561879,0.162232226
0,0,0,0,0,0,0,0,0,0,0,0.004264429,0.16289528
0.268021463,0.208189947,2.213026626,0.135679238,0.753101788,5.20566142,5.254148418,4.99659296,4.562401947,5.121530894,5.618132557,0.003891746,0.184550026
0.160480754,0.201454468,2.62610904,0.379772263,0.684881521,5.246590711,4.412706383,5.097793944,5.012731888,5.239272565,6.219778359,0.003524778,0.190648588
0.248234375,0.205580566,2.339555436,0.209226893,0.688347217,5.07135883,4.919053793,5.309391457,4.815128606,5.23402487,5.728466868,0.003198968,0.211341647
0.236547038,0.171064453,2.289543601,0.284163212,0.778242858,4.389961869,4.914664403,5.522016287,4.557232961,4.654624462,4.515684187,0.002911992,0.195127118
0,0,0,0,0,0,0,0,0,0,0,0.002618496,0.171323332
0,0,0,0,0,0,0,0,0,0,0,0.002311413,0.152605378
0,0,0,0,0,0,0,0,0,0,0,0.002008238,0.140937759
0,0,0,0,0,0,0,0,0,0,0,0.001718973,0.131093249
0,0,0,0,0,0,0,0,0,0,0,0.001485374,0.117431788
0,0,0,0,0,0,0,0,0,0,0,0.001290116,0.109299143
0,0,0,0,0,0,0,0,0,0,0,0.001182791,0.10755596
0,0,0,0,0,0,0,0,0,0,0,0.001135287,0.103521201
0,0,0,0,0,0,0,0,0,0,0,0.001111149,0.087998768
0,0,0,0,0,0,0,0,0,0,0,0.001110356,0.076281779
0,0,0,0,0,0,0,0,0,0,0,0.001130153,0.069175363
0,0,0,0,0,0,0,0,0,0,0,0.001170264,0.06914043
0,0,0,0,0,0,0,0,0,0,0,0.001222779,0.06828565
0,0,0,0,0,0,0,0,0,0,0,0.001277912,0.070971132
0,0,0,0,0,0,0,0,0,0,0,0.001333083,0.097030019
0.139322713,0.192227376,2.376145807,0.270880853,0.780185534,4.567955911,4.348781228,5.391415432,5.742787823,5.456813559,5.318484023,0.00138373,0.150409066
0.233254191,0.160434774,2.410556895,0.238822432,0.690957896,4.931130491,4.2669947,4.94236622,5.998192236,5.811821371,5.992770642,0.001407262,0.171715878
0,0,0,0,0,0,0,0,0,0,0,0.00140586,0.127496293
0.290653076,0.123026937,2.357531933,0.207878693,0.473281954,4.567366749,4.9561055,5.024055257,4.04558479,4.914735004,4.862817422,0.001373404,0.172495712
0.23240153,0.116980794,2.509653917,0.321068451,0.899151076,4.64253217,4.620398685,4.880524546,4.877904475,5.285927981,5.337096482,0.00131092,0.18146814
0,0,0,0,0,0,0,0,0,0,0,0.001225547,0.125552441
0.13425765,0.326832357,2.233123974,0.173082105,0.822510204,4.926153618,5.312325406,4.657939577,4.905461252,4.842504245,5.34533661,0.001107561,0.116804562
0.193238312,0.234116133,2.275718157,0.191269206,0.902174337,5.031518777,4.833174206,4.737798315,5.012306324,5.071387512,5.579625354,0.000980119,0.157679706
0.047343547,0.367883504,2.051934977,0.17395282,0.897075575,4.206027407,5.751275949,6.026090801,4.70741494,4.350318424,5.333622828,0.000844394,0.10755264
0.109976074,0.362562663,2.170601531,0.14530455,0.907092093,4.413324434,4.848668146,5.302987712,4.326655281,4.535174054,4.997653484,0.000716643,0.090919673
0.110797933,0.408757324,2.003881053,0.084900009,0.958391454,4.840896815,5.656663328,4.917702526,4.709863842,4.543955132,5.098601982,0.000603322,0.059280299
0,0,0,0,0,0,0,0,0,0,0,0.000534969,0.00484721
0,0,0,0,0,0,0,0,0,0,0,0.005519123,0.018661758
0.080911947,0.192083496,2.301546301,0.326296377,0.676642456,3.744295689,5.352864033,6.55038318,4.04802357,4.836143744,5.069185263,0.005451083,0.014465094
0.277086589,0.057049479,2.29706536,0.273639514,0.513779149,5.07524395,4.027635097,4.53995266,5.796508598,5.678238153,6.310786653,0.00598128,0.288509056
0.0830809,0.204184338,2.316579436,0.347892698,0.710008262,4.330229315,4.288574332,5.599418163,5.696545501,5.114631763,5.660940321,0.006530699,0.306688145
0.217759196,0.221587118,2.341077595,0.174904874,0.758046304,4.458087251,4.718821183,5.691811383,5.033126406,5.175982453,5.489909209,0.006970117,0.327541308
0.116384038,0.302108513,2.346772445,0.188746162,0.697885904,4.222336233,4.865083158,5.855177452,5.139063863,5.126944167,5.589741994,0.007271093,0.367755025
0.162573039,0.268427124,2.342574997,0.188657967,0.707303466,4.176412497,4.49498608,6.243660227,4.910880178,5.441375166,5.354630753,0.007486701,0.359876006
0.145245472,0.145533558,2.307974542,0.28957415,0.6442065,4.574940654,4.416815568,5.197407398,6.075404362,6.023930387,6.115213887,0.007542787,0.404717417
0.25969521,0.219306555,2.322986453,0.131584924,0.683095015,5.088280427,4.405760608,4.169364598,5.236522408,5.604622897,5.982194041,0.007352759,0.324475505
0.149914435,0.220841471,2.388194915,0.224378248,0.622944592,4.262971716,5.343012725,5.426679032,4.695098715,5.528420499,6.013613956,0.007006528,0.334930526
0.21216814,0.175562294,2.335165646,0.230189725,0.535997744,5.020811106,4.680889126,4.801908986,5.461429022,5.688651763,6.030519084,0.006492912,0.429969644
0.164001736,0.221006728,2.383702739,0.219249857,0.53105652,4.81819609,4.432039305,4.854159236,5.57120467,5.768193817,6.030530445,0.005940344,0.363457041
0.186422612,0.200297766,2.373039294,0.212016908,0.62658052,4.655551107,4.270495823,4.941905061,5.461443214,5.384926303,5.763806572,0.00533894,0.375173216
0.151578505,0.141992188,2.336220553,0.327899933,0.627744872,4.344627082,4.124099443,5.342721909,5.343359361,4.991966357,4.904196888,0.004810662,0.334713628
0.305486462,0.144984298,2.205250941,0.156055546,0.717391219,5.096439772,4.451698626,4.863549495,5.018144334,5.268069776,5.270009518,0.004362496,0.286775955
0.288913778,0.145787354,2.35985598,0.152825092,0.660688084,5.101233688,4.659705177,4.79113057,5.209483234,5.429573144,5.578666513,0.003948014,0.301809805
0.275730174,0.196856941,2.309554117,0.147231146,0.698286732,5.132257921,4.516115793,4.400480682,5.154682704,5.462177362,5.812497545,0.00359228,0.310200965
0.112788783,0.268096284,2.409031247,0.25425499,0.708631486,4.429170621,4.896044774,5.238282578,5.148011344,5.685941977,5.857572394,0.003276106,0.287296035
0.121295795,0.326788885,2.266969255,0.143975786,0.654738983,4.649452892,5.097674657,5.206174253,4.568836189,5.213372691,5.641214438,0.003005628,0.265356959
0.158115974,0.347558076,2.11260782,0.053015928,0.740457198,4.274333726,5.305603637,5.527794502,4.486567858,4.69252248,5.298603326,0.002885009,0.215142409
0.28163916,0.233501628,2.149926624,0.047273468,0.805721496,4.961795092,5.064349454,4.98820439,4.975439584,5.203192216,5.391027772,0.002898962,0.214886298
0.225983887,0.219167318,2.335665267,0.124988372,0.805798389,4.674403208,4.518653661,5.496248758,5.230666715,5.513188839,5.855377317,0.003096791,0.248922886
0.149112305,0.182450195,2.139985998,0.265684374,0.774664854,4.663736236,4.108575416,5.796474624,5.640252507,5.305097842,5.492893684,0.003456477,0.328276068
0.025254942,0.229742986,2.270544894,0.371988956,0.628101664,4.454814529,4.332054647,5.310221277,5.684387917,5.366353268,6.154805612,0.003922392,0.411430873
0.26352909,0.158063447,2.424765681,0.212955181,0.57730958,5.014474294,4.517174537,4.806865735,5.945961865,5.485678716,6.022004767,0.004476342,0.321159922
0.131875651,0.257860189,2.375468676,0.257467824,0.661753477,4.640666643,4.395856631,5.255668926,5.100247455,5.207259381,5.447275812,0.0050581,0.296282825
0.077784947,0.232321429,2.301104089,0.350631404,0.665587113,3.918340755,4.451069849,5.761219953,5.118723712,5.055379774,5.275556368,0.005639498,0.342960161
0.286170247,0.152927897,2.451606426,0.177526775,0.73306214,5.226336545,4.447053504,4.614119077,5.543004185,5.367702579,5.870132798,0.006148784,0.228249044
0.227789388,0.249419271,2.263202228,0.086776636,0.737371541,5.271436844,4.490644552,4.695802478,5.282289499,5.486825629,5.922939487,0.006584651,0.202676459
0.19266805,0.301312154,2.173794634,0.047980823,0.782969855,5.047125261,4.44996183,4.758073822,5.699511271,5.312945932,6.221376322,0.006881813,0.167276093
0.138653158,0.188619303,2.412374644,0.274807,0.662347521,4.773616991,4.359862184,5.190157542,5.188468626,5.534310296,6.308457011,0.007033231,0.199918661
0.195966119,0.173787028,2.444312456,0.230653571,0.682406704,5.20730946,4.074160665,4.831525996,6.083499749,6.039382577,6.299028804,0.007035674,0.276433298
0.114704997,0.242911784,2.223891643,0.208187495,0.655597216,4.790846824,4.769691669,5.481448554,4.993419498,5.239987366,5.754676372,0.006878188,0.247687018
0.595872396,0.115009766,1.472473071,0.018651701,0.453390291,5.158809245,6.130356193,5.044607818,3.825716794,4.235331178,4.366247237,0.006555327,0.135618488
0,0,0,0,0,0,0,0,0,0,0,0.006096894,0.098644822
0.228967285,0.190220541,2.361300092,0.159277916,0.837297127,4.550658464,5.152354807,5.886920095,4.86867553,4.921585024,5.062083006,0.005499789,0.088549575
0,0,0,0,0,0,0,0,0,0,0,0.004787491,0.069367701
0,0,0,0,0,0,0,0,0,0,0,0.004026726,0.062114508
0,0,0,0,0,0,0,0,0,0,0,0.003253669,0.045684376
0,0,0,0,0,0,0,0,0,0,0,0.00248908,0.042017016
0,0,0,0,0,0,0,0,0,0,0,0.001819179,0.035399709
0,0,0,0,0,0,0,0,0,0,0,0.001316669,0.036462373
0,0,0,0,0,0,0,0,0,0,0,0.000922683,0.036988141
0,0,0,0,0,0,0,0,0,0,0,0.000635035,0.048749378
0,0,0,0,0,0,0,0,0,0,0,0.000459926,0.054927133
0,0,0,0,0,0,0,0,0,0,0,0.000384369,0.057567499
0,0,0,0,0,0,0,0,0,0,0,0.000386649,0.064511655
0.23112793,0.151707357,2.387989718,0.247902879,0.677396392,4.478373349,4.767986804,5.280881822,4.190982521,4.502005071,4.891316295,0.000432201,0.060430265
0.173324382,0.247631022,2.328599329,0.187163578,0.895540757,4.673615952,5.172442218,5.48698766,4.213576158,4.319114338,4.938165605,0.000501294,0.084806845
0.144560547,0.205155029,2.561682337,0.266952723,0.591770423,4.402170226,5.227875322,5.786310703,4.703001037,4.433290333,4.946413442,0.000585029,0.123232727
0.099786296,0.315226888,2.536103295,0.182698962,0.499820524,4.078175497,5.524511266,5.863626701,4.133179355,4.598653483,5.140374047,0.000717249,0.084983282
0,0,0,0,0,0,0,0,0,0,0,0.000923949,0.057892143
0,0,0,0,0,0,0,0,0,0,0,0.001190018,0.004018082
0,0,0,0,0,0,0,0,0,0,0,0.001603918,0
0,0,0,0,0,0,0,0,0,0,0,0.001898748,0.00375021
0,0,0,0,0,0,0,0,0,0,0,0,0.00663857
0,0,0,0,0,0,0,0,0,0,0,0.001153265,0.002678721
0,0,0,0,0,0,0,0,0,0,0,0.001465993,0.005059807
0,0,0,0,0,0,0,0,0,0,0,0.001770127,0.037921242
0.559991862,0.189741618,1.615006785,0.00667909,0.698855511,5.824927628,5.07976526,4.573637933,3.54565914,4.515745953,4.93207565,0.002065929,0.0476511
0,0,0,0,0,0,0,0,0,0,0,0.002374902,0.060940233
0,0,0,0,0,0,0,0,0,0,0,0.00271114,0.074531974
0,0,0,0,0,0,0,0,0,0,0,0.003045559,0.085403793
0,0,0,0,0,0,0,0,0,0,0,0.003350236,0.103410613
0,0,0,0,0,0,0,0,0,0,0,0.003552857,0.129227643
0.189074165,0.134159071,2.285356438,0.266333089,0.856826395,4.586614768,4.774033288,5.245194356,5.155108899,4.833180001,5.167600165,0.003655783,0.15447259
0.137726888,0.183145508,2.519546698,0.32120593,0.65597776,4.512067968,4.619164503,5.594732237,5.44037751,4.550558901,5.082214368,0.003652477,0.135548892
0,0,0,0,0,0,0,0,0,0,0,0.00358037,0.134979845
0,0,0,0,0,0,0,0,0,0,0,0.003504028,0.128078782
0,0,0,0,0,0,0,0,0,0,0,0.003263483,0.130066861
0.326088155,0.231158956,2.076997197,0.062369561,0.822854068,5.129213326,5.509387333,4.918692958,4.06420508,4.995984208,5.037992604,0.00301801,0.14181989
0,0,0,0,0,0,0,0,0,0,0,0.002774408,0.150215412
0.241355252,0.176312934,2.167226826,0.206423407,0.864835345,4.742246111,4.992546764,5.296305716,4.275035487,4.470378538,5.072252108,0.002586574,0.174375715
0.438737275,0.063785364,2.223924485,0.181750881,0.785131929,5.210474404,4.550484478,4.919492825,5.075387884,4.970934976,5.601263848,0.002437672,0.176740892
0,0,0,0,0,0,0,0,0,0,0,0.002239295,0.165723985
0,0,0,0,0,0,0,0,0,0,0,0.002009727,0.198570972
0.09398856,0.259381743,2.422760156,0.27116057,0.546259391,4.30634261,5.650727391,5.796658908,4.498852755,4.682086451,5.396470819,0.001775268,0.183149438
0.058993598,0.413474121,2.297615718,0.174742564,0.588887827,3.968738427,5.47958229,5.765366813,4.408292244,4.220269471,4.988850425,0.00156176,0.140114223
0.244930339,0.305927409,2.201131272,0.105997372,0.676579224,4.871529067,5.492206693,4.705814362,4.096212232,4.257700658,4.6286035,0.001385355,0.13374859
0.177874078,0.322124566,2.249835043,0.184016235,0.823942183,4.727700696,5.567692598,5.17826585,4.650198211,4.285613974,4.73087213,0.001252073,0.121839211
0.321115994,0.240384386,2.229371457,0.166302178,0.571519071,4.981709649,5.100477238,4.807234208,4.488765002,4.704992016,5.165063242,0.00117003,0.112446271
0.189509859,0.242946661,2.193207255,0.275846518,0.842483775,4.190541144,5.191879834,5.478740454,4.292530792,4.852544461,4.857487508,0.001117506,0.118818202
0.59264974,0.042006836,1.749967948,0.129446747,0.623424092,4.919098794,5.014018416,3.940205932,4.339961946,4.724276245,5.378962874,0.00108224,0.120498915
0,0,0,0,0,0,0,0,0,0,0,0.001067155,0.086277265
0,0,0,0,0,0,0,0,0,0,0,0.001075507,0.067701097
0,0,0,0,0,0,0,0,0,0,0,0.001100205,0.07366748
0.356539714,0.11546875,2.156314578,0.135467614,0.900582156,4.576037839,4.839109331,5.616324559,4.663074896,4.850768432,5.326671034,0.001135452,0.085228335
0.338141547,0.095026991,2.243554129,0.140990472,0.850518676,4.685869023,4.664119616,5.086264854,5.079455853,5.032608594,5.427628462,0.001167698,0.09399649
0.135754764,0.275106238,2.413853654,0.200714906,0.793468159,4.234793479,4.783833878,5.76163442,4.736518545,4.927256189,4.949338642,0.001201179,0.134564611
0.213526693,0.159885254,2.242420591,0.228187891,0.810796886,4.645873249,4.838541782,5.252429879,5.109913266,5.016247946,5.379186517,0.001241598,0.157679562
0.240833876,0.150091688,2.36877992,0.236838813,0.653789991,5.097238183,4.36651453,4.6221974,5.541733828,5.753725555,5.84363744,0.00126589,0.170001211
0.206722656,0.245587565,2.431680749,0.144420338,0.707475133,5.275002873,4.496201932,4.902735269,4.859061444,5.493890703,5.389805329,0.001263127,0.131019082
0.033125,0.33640625,2.545197495,0.279598711,0.595119684,4.423864543,4.622230828,5.694807172,4.441685855,5.028755069,5.269549489,0.001237473,0.1275305
0,0,0,0,0,0,0,0,0,0,0,0.001184074,0.006786094
0,0,0,0,0,0,0,0,0,0,0,0.001113281,0.007714717
0.378380534,0.248614095,2.007446029,0.086770661,0.642345001,5.611408979,5.088365376,4.973901958,4.17319727,4.854735315,5.617634655,0.000998842,0.029254649
0.109451497,0.18336263,2.338622925,0.343496326,0.838322321,4.589764555,3.89500759,5.514998793,6.083821535,5.287005901,4.916495542,0.000880345,0.17225423
0.100792282,0.301845341,2.207362194,0.183230429,0.94146828,4.437574704,5.570410093,5.541267276,4.687703232,4.557664997,4.844187882,0.000755931,0.131258776
0,0,0,0,0,0,0,0,0,0,0,0.000638079,0.111643381
0,0,0,0,0,0,0,0,0,0,0,0.000540126,0.092655914
0,0,0,0,0,0,0,0,0,0,0,0.000458272,0.003928791
0,0,0,0,0,0,0,0,0,0,0,0.000387133,0.010714885
0,0,0,0,0,0,0,0,0,0,0,0,0.072995152
0.063600261,0.103990072,2.284873275,0.449860529,0.579300923,3.986755341,4.34547317,5.789039135,5.595385909,4.6387285,5.223971546,0.004199993,0.021983988
0.095894097,0.26457833,2.395250798,0.262532838,0.65405655,4.089400688,4.890812369,5.901604714,4.794814357,5.072505556,5.64447029,0.004711366,0.237230955
0.167642687,0.237331814,2.373467769,0.210472663,0.74967872,4.444175581,4.850183276,5.859886901,5.145723124,5.17075388,5.432626446,0.005318825,0.30450837
0.172963596,0.202228054,2.451887846,0.20913814,0.720363999,4.504885475,4.292473585,5.72717383,5.495379885,5.280772492,5.943944931,0.005775105,0.32979959
0.122372233,0.30467334,2.381488525,0.170012428,0.640380431,4.203236328,4.700752384,5.41611228,5.194529045,5.017964569,5.621197367,0.006139747,0.288739795
0.084667969,0.271930339,2.513768802,0.283411221,0.242805243,4.82848978,4.245496511,4.986365557,6.015696168,5.296697974,6.291510701,0.006445114,0.301667723
0.226073405,0.156179199,2.310910939,0.18668331,0.715016632,4.606999218,4.493455828,4.760433361,5.101999164,4.965509653,5.355036378,0.006600562,0.319580148
0.186069188,0.236448666,2.361059139,0.17764134,0.718855777,4.521151871,4.798404257,5.371251916,5.074687858,5.395071922,5.867347226,0.006527145,0.314037905
0.165036272,0.2523863,2.385236459,0.199116962,0.613622457,4.605499804,5.470456362,5.496483854,4.796019571,5.233639062,6.161398547,0.006286214,0.407895562
0.368689616,0.087621419,2.294963771,0.121369476,0.533282066,5.590600383,4.062690294,4.277532292,6.360087824,5.767400944,6.051533735,0.005943204,0.456109777
0.07280599,0.1373391,2.356341459,0.437545438,0.578907532,4.286005948,3.78207185,5.4291714,6.040863633,5.48539831,5.873467743,0.005569563,0.42464325
0.192867343,0.169321714,2.431300605,0.281580945,0.648484317,4.862553887,4.503501851,5.215491272,5.363814455,5.372124641,5.73959058,0.005184889,0.399855797
0.129993373,0.156268136,2.478881119,0.328850404,0.656291221,4.795690613,4.118057063,5.64396226,5.680520024,5.610968624,6.520398813,0.004830007,0.359897199
0.23305309,0.178491359,2.361904165,0.204494526,0.739774768,4.935268131,4.163013591,5.246440557,5.748305318,5.489611926,6.051295681,0.004494325,0.331736529
0.220866157,0.247973362,2.454688328,0.151565264,0.733508857,4.658227344,4.74692741,4.850776518,4.697753141,5.728924284,5.720277568,0.004173459,0.250327258
0.286769581,0.189460512,2.329640171,0.116992617,0.728264943,5.276301613,4.412803673,4.643414603,4.992721931,5.400042057,5.707246285,0.003858336,0.284325977
0.151037376,0.342831587,2.205625007,0.087269635,0.578542329,4.773048639,5.411785408,4.95143698,4.500374642,5.096638029,5.765319261,0.003540487,0.259091073
0.099746636,0.416625705,2.232179021,0.107165899,0.739291988,4.347407579,6.015904725,5.632533312,4.181652874,4.570133358,4.426745961,0.003265442,0.24248388
0.078875326,0.422546387,2.220601678,0.092873077,0.602766076,3.923207253,5.766047895,6.119377807,3.829687018,4.228946879,4.919443667,0.00309963,0.224558642
0,0,0,0,0,0,0,0,0,0,0,0.00306784,0.228708645
0.141465658,0.291708985,2.400433624,0.137164507,0.637483954,4.689930588,4.790663481,5.478157312,5.405769765,5.042801365,5.942417443,0.003215534,0.337275199
0.141737386,0.273850586,2.432041441,0.190814063,0.715779398,4.578760347,4.880870697,5.157835454,4.896775761,5.388116142,5.719254154,0.00353232,0.292267644
0.101191723,0.306658483,2.37035103,0.218157398,0.65115292,4.372420654,4.772893341,5.313562466,5.261749433,5.263601631,5.748351973,0.003983501,0.317557207
0.09141461,0.184150761,2.355087696,0.348810245,0.588132757,4.377862467,4.462997262,5.354656715,5.602435583,5.329186616,5.677086386,0.004551557,0.386421798
0.117031483,0.281055036,2.210305403,0.189361917,0.656904573,4.487644174,4.686680287,5.76716383,5.075238023,5.444049103,5.640836277,0.005139783,0.279315681
0.237512159,0.205572342,2.356686235,0.125701994,0.725759795,4.941393891,4.765112025,5.105941543,4.984451171,5.583855492,5.679135049,0.005705863,0.292017236
0.234241469,0.252725355,2.314641531,0.079591148,0.753534329,5.058176268,4.457145596,4.434370739,5.222455303,5.631729588,5.912003686,0.006222923,0.221611495
0.217596543,0.274024723,2.220246597,0.053800701,0.725209409,5.359079414,4.421991998,4.338341225,5.33818926,5.57336806,5.958232014,0.006647975,0.182281283
0.204621247,0.229229186,2.421198185,0.178142831,0.698042941,5.406697298,4.262357933,4.510433071,5.264624378,5.345519055,6.156672365,0.006934252,0.194471423
0.14921403,0.216429362,2.477065967,0.26030811,0.715533974,4.963073152,4.343037772,5.037871206,4.68243953,5.291504639,6.16513319,0.007078291,0.206372483
0.057862185,0.173726443,2.254445975,0.40977238,0.63848767,4.085412101,4.638018054,5.820467729,4.951722678,5.071830687,5.741952871,0.007070711,0.2876611
0.121994177,0.325239981,2.329380855,0.169421608,0.729129756,4.529225644,4.928469327,5.17932669,4.631004997,4.857751078,5.270902289,0.006905317,0.216093182
0.300941298,0.186142578,2.120045612,0.161155681,0.854163257,4.842630506,4.887900313,5.207296034,4.332115471,4.651942531,5.231386463,0.006600965,0.139024679
0.250763938,0.213693922,2.224740594,0.163692397,0.810143449,5.272202053,5.276502999,4.672724621,4.172547649,4.181093823,4.974405362,0.0061493,0.115161945
0.123962673,0.378428277,2.233040771,0.142405028,0.865653769,5.433377604,5.324857275,4.370997131,3.330335846,4.428318759,5.023543695,0.005547856,0.090549478
0,0,0,0,0,0,0,0,0,0,0,0.004847178,0.070997252
0,0,0,0,0,0,0,0,0,0,0,0.004108008,0.057919842
0,0,0,0,0,0,0,0,0,0,0,0.003313883,0.047374064
0,0,0,0,0,0,0,0,0,0,0,0.000914714,0.027798971
0,0,0,0,0,0,0,0,0,0,0,0.000602474,0.018136726
0,0,0,0,0,0,0,0,0,0,0,0.000432196,0.002678721
0,0,0,0,0,0,0,0,0,0,0,0.000357174,0.002678721
0,0,0,0,0,0,0,0,0,0,0,0.000396309,0.003309009
0,0,0,0,0,0,0,0,0,0,0,0.000449353,0.047111807
0.375886556,0.126725911,2.296242157,0.11657973,0.713331856,4.972601897,4.69558866,5.008515537,5.073587841,5.248906767,5.560280561,0.000527168,0.082556749
0,0,0,0,0,0,0,0,0,0,0,0.000643791,0.048493147
0,0,0,0,0,0,0,0,0,0,0,0.000775589,0.005357442
0,0,0,0,0,0,0,0,0,0,0,0,0.004945331
0,0,0,0,0,0,0,0,0,0,0,0.000946668,0.004687762
0,0,0,0,0,0,0,0,0,0,0,0.001110938,0.020471379
0.400909831,0.310685221,1.930486881,0.014618898,0.460292207,5.111687899,5.052588105,4.631200075,3.789722979,4.541600466,4.826155543,0.001359583,0.028478348
0.458645834,0.186791993,1.841636625,0.009611141,0.904577453,5.476837456,5.103554488,4.659390897,3.424914688,3.928363562,5.525542736,0.001568648,0.033728991
0,0,0,0,0,0,0,0,0,0,0,0.001780109,0.042021614
0.216658528,0.112733073,2.180218861,0.383173349,0.699663012,4.449293614,5.027481234,5.274331105,3.934107077,4.138728404,4.671102464,0.002508688,0.084689538
0.343372803,0.106358643,2.133389577,0.188769555,0.817517193,5.490275741,4.829379812,4.772210673,4.476192832,5.304913461,5.313033253,0.002568871,0.091329274
0,0,0,0,0,0,0,0,0,0,0,0.002567678,0.092746336
0,0,0,0,0,0,0,0,0,0,0,0.002526775,0.099472832
0,0,0,0,0,0,0,0,0,0,0,0.002488755,0.09892127
0,0,0,0,0,0,0,0,0,0,0,0.002369667,0.109134234
0.29140564,0.255881348,2.092016192,0.040776067,0.761484289,5.086063706,5.398299254,4.779926993,4.012913805,4.897550166,4.95791705,0.002230027,0.117484077
0.26002238,0.291326497,2.038119612,0.039641733,0.775331006,5.085465088,5.152162343,4.539730787,4.196008057,5.136630699,5.024454653,0.00214099,0.128323117
0.237376302,0.182698161,2.409155495,0.212830888,0.675096272,5.004736573,4.417667762,5.048145861,5.552211672,5.092928946,5.476271242,0.002051768,0.17353413
0.354467954,0.117738806,2.24090755,0.130978763,0.783932035,5.062589485,4.545016342,4.837731828,5.211626778,5.451396899,5.46049977,0.001983873,0.204031008
0.305385471,0.185335015,2.379970486,0.119404344,0.805600049,4.668461059,4.825202237,5.31856892,5.285698816,5.442243804,5.63123925,0.001869727,0.160591807
0.240570611,0.233605414,2.193323462,0.148278018,0.815667869,4.36556987,5.36716714,5.229569748,4.474243328,4.927498629,4.954457422,0.001713229,0.177540923
0.305244819,0.16294732,2.260798654,0.116825244,0.739066928,4.830163732,5.244577477,4.929517975,4.534355216,5.069489479,5.362670988,0.001554916,0.188639852
0.140290411,0.156184198,2.265929066,0.37335211,0.607945922,4.406287951,4.444244214,5.537593535,5.389017114,4.590108676,5.169225812,0.001408054,0.194712782
0.036417338,0.341105347,2.311477763,0.251451122,0.648901367,3.792948511,5.199354477,6.009348169,4.279002245,4.542628094,4.891866855,0.001295452,0.172291972
0.103746494,0.286920823,2.278921128,0.209106792,0.653448131,4.268681705,4.716215853,5.566446877,4.424147505,4.731168733,4.854357499,0.001218871,0.154851117
0.137984138,0.260228604,2.459751341,0.265626765,0.745593122,4.600537479,4.872634341,5.017644357,5.021068969,5.289651936,5.707810478,0.001151396,0.183016456
0.182215576,0.144119873,2.120100569,0.331127412,0.855950074,4.800503001,4.460478276,5.480092228,5.365735203,5.14633365,5.499559015,0.001091612,0.16076849
0,0,0,0,0,0,0,0,0,0,0,0.001048003,0.12438714
0,0,0,0,0,0,0,0,0,0,0,0.00102238,0.094047797
0.33440918,0.246673177,2.005223207,0.074945504,0.926903469,4.686656713,5.599671125,4.874849558,3.630667627,4.477609813,5.415532589,0.001023996,0.080567398
0.312172671,0.209210431,1.992287663,0.07346472,0.830002568,4.506219307,5.293211348,5.37272446,3.952633242,4.870110611,5.057548218,0.001036473,0.083874816
0.503044705,0.050294054,1.872267684,0.071060795,0.822459961,5.33430934,5.162670175,4.955695133,4.502100348,4.909158846,5.658176462,0.001048163,0.082979176
0.25965332,0.153615316,2.58982558,0.246368932,0.577534707,4.642535627,4.321026355,5.193935156,5.484835535,5.268415913,5.626787573,0.001056049,0.094534424
0,0,0,0,0,0,0,0,0,0,0,0.001068077,0.06792052
0.19070516,0.279105632,2.188195952,0.188244153,0.818175496,5.069267511,5.231745467,5.052581474,3.855280697,4.914979175,4.834201306,0.001094701,0.114137776
0.147921821,0.141175404,2.246564963,0.30334266,0.788492811,4.303945522,5.025471518,6.10497134,4.847841501,5.077149759,4.914173101,0.001108046,0.137098769
0.131133898,0.27765191,2.283634962,0.181198529,0.856217832,4.494194846,5.151091615,5.787016034,4.079597572,5.05540059,5.556968093,0.001105779,0.011851312
0,0,0,0,0,0,0,0,0,0,0,0.001110055,0.015268711
0,0,0,0,0,0,0,0,0,0,0,0.00111035,0.029465933
0.222374674,0.208066406,2.155849342,0.238236992,0.839560827,4.460905254,5.413585663,4.516140342,4.533353269,4.049922109,5.06219852,0.000855262,0.023215584
0,0,0,0,0,0,0,0,0,0,0,0.000760472,0.108512309
0.005489095,0.381306967,2.002462801,0.247066704,0.473330474,3.998674661,5.389671087,6.155869127,4.649569899,4.311427772,5.27925694,0.000651092,0.101733194
0,0,0,0,0,0,0,0,0,0,0,0.000555234,0.113524255
0,0,0,0,0,0,0,0,0,0,0,0.000470121,0.105673886
0,0,0,0,0,0,0,0,0,0,0,0.000396903,0.018015119
0,0,0,0,0,0,0,0,0,0,0,0.000363504,0.009091417
0,0,0,0,0,0,0,0,0,0,0,0,0.029465933
0.057397736,0.286139594,2.263435818,0.326478031,0.630907552,3.938329026,4.610615283,6.225998203,4.789095928,4.857820223,5.974434783,0.002906223,0.011719405
0.120466919,0.245674235,2.400843981,0.203704168,0.444466808,3.987513557,4.662944257,5.872373194,5.155159406,5.066839024,5.330057427,0.003531462,0.232183113
0.137991846,0.30312376,2.328900741,0.162210434,0.643236704,4.322238763,4.847265808,5.656230589,4.785586919,5.300211597,5.696117963,0.004117389,0.193027223
0.117849935,0.225563151,2.409536781,0.235045145,0.514464463,4.218353122,4.110707581,5.246268034,5.586018533,5.562459975,6.179602713,0.004607776,0.235653823
0.080068592,0.110691732,2.252584051,0.448896444,0.683172701,4.342243322,5.13971396,5.892013507,4.432328922,4.787821106,5.337278077,0.005045749,0.20982054
0.108795129,0.291189039,2.256429856,0.205436055,0.757967345,3.963813492,4.82487134,5.805464961,4.270912336,4.784254459,5.546458255,0.005377425,0.241652471
0.253778457,0.182873194,2.340553836,0.179495807,0.700980494,4.775291949,4.656290062,5.173913668,5.115301553,5.505814124,5.867298803,0.005623436,0.279261713
0.237929732,0.180821588,2.383784606,0.191405502,0.649147418,5.095818466,4.407238822,4.618158237,5.318121868,5.697799133,5.91931363,0.005665354,0.282903967
0.201624349,0.18114605,2.447546831,0.240042759,0.546798764,4.998639409,3.905855743,4.689190261,6.066476234,5.835490696,6.072123941,0.005583431,0.419969175
0.198097389,0.151048235,2.341328123,0.25502727,0.591864788,5.079817587,4.075905759,5.06151802,6.145532195,5.578158717,6.115350068,0.005393364,0.413575419
0.130960083,0.125642954,2.301831175,0.364235176,0.482937741,4.663460024,3.914235706,5.121312722,6.125675108,5.655420495,5.884858202,0.005204967,0.448384314
0.208207096,0.164616927,2.429935974,0.243310494,0.618459007,4.948338985,4.129554353,4.87292613,5.785780284,5.78315371,6.042906246,0.005016322,0.420889171
0.20231665,0.169614176,2.437845097,0.26694388,0.531210169,5.015561557,4.240283817,4.477622697,5.896439293,5.78166523,6.337159038,0.004798266,0.411022941
0.233901458,0.155775825,2.360758073,0.210493644,0.722802702,4.892113734,4.200725185,5.211227814,5.564875239,5.774287144,6.132798453,0.004563408,0.347578038
0.219489183,0.21547789,2.46644398,0.130424494,0.718362693,4.878960602,4.162515159,4.514161027,5.700621591,6.083291375,5.89643638,0.004313705,0.29809249
0.162969099,0.244981748,2.370576654,0.186013274,0.7358154,5.149580347,4.765946725,5.094007458,5.129261945,5.936652924,5.88592881,0.004028522,0.291712153
0.086597063,0.220279948,2.162042948,0.298873362,0.634935826,4.361473981,5.10406891,5.556332893,4.930370797,5.33867335,5.438348002,0.003731588,0.323328427
0.137018899,0.347460842,2.236196591,0.117751785,0.771473436,4.376791623,5.218686959,5.478071507,4.599971144,5.413897237,5.336412338,0.003455599,0.287083491
0.206022895,0.239804796,2.294893421,0.15425505,0.751202833,4.786439252,4.615568101,5.327149423,5.027427699,5.680840782,5.934693217,0.003240531,0.302935318
0.125504472,0.201884506,2.397889847,0.297587536,0.625069306,4.271912943,4.949607928,6.025630226,5.019760822,5.304152906,5.878850843,0.003149771,0.278579989
0.101403537,0.276342448,2.411761208,0.240251093,0.559167423,4.519352168,4.789906673,5.570043383,5.262976396,5.39973009,5.896924118,0.003243713,0.315688639
0.116203909,0.235612719,2.523894958,0.260280083,0.658918515,4.625130927,4.729108333,5.276447372,5.34923233,5.826020349,6.15920904,0.0035099,0.395156224
0.066538016,0.29619595,2.388971139,0.283059862,0.612416174,4.138437983,4.973316821,5.817842335,4.999814979,5.080622693,5.821575418,0.003946309,0.319927201
0.04687972,0.162491374,2.295474641,0.437425876,0.704130968,4.161662921,4.500750318,5.721855143,5.198593308,5.016429061,5.80456821,0.004487924,0.381965851
0.234013904,0.235920991,2.336282951,0.175990045,0.604830345,4.257509687,5.218311795,5.137545202,4.13281216,5.171160136,5.076473492,0.005050741,0.29745454
0.258388672,0.038859049,2.125737236,0.401169059,0.537091535,4.356019795,4.552157402,5.572626114,4.19691956,4.920306444,5.939073205,0.005607144,0.241185289
0.216380514,0.12604187,2.406498297,0.269209351,0.781220516,4.857747413,4.602197908,4.985410355,5.262907099,5.831305809,6.002094135,0.006115518,0.239031354
0.225759239,0.199212627,2.353826062,0.152008025,0.835722965,5.73148386,4.388694682,4.456574339,5.445186538,5.930069867,6.354895839,0.006507772,0.206745531
0.203600571,0.2514519,2.384609472,0.170481236,0.656148073,5.19233885,4.73404154,4.732356973,4.563746222,5.248577473,5.855787357,0.00676368,0.208390262
0.171925564,0.251103407,2.483657216,0.25081077,0.637115044,5.143583369,4.748029864,5.112574049,4.874939537,5.287395195,5.814119617,0.006904487,0.249394478
0.247876628,0.118333984,2.171617815,0.313716067,0.775339081,4.931582838,4.493505615,5.251465321,4.78374967,4.71480155,5.426738191,0.006897199,0.197245044
0.267509946,0.238227539,2.250825811,0.110809193,0.775378691,4.938111355,4.84036537,5.194415814,4.748216894,4.976715041,5.038804379,0.006734336,0.165406682
0.195709816,0.276161567,2.367836305,0.150699741,0.836487098,4.695955889,4.983315905,5.239898245,4.305025743,4.781697339,5.382520285,0.006437906,0.118414117
0.062830404,0.155810547,2.69166353,0.447145094,0.582470654,4.073014081,4.835083008,6.65210402,4.427569032,3.969217896,4.575905204,0.005980484,0.093517862
0.257415365,0.230236003,2.165301013,0.100738712,0.863734609,5.584274233,5.606005848,4.799948901,3.705809593,4.348840535,4.546957731,0.005418059,0.0813491
0.154928928,0.133074002,2.186798142,0.358160264,0.679466066,4.645051698,4.63764435,5.344100376,4.974581063,4.995824099,5.25589474,0.004763867,0.080975114
0,0,0,0,0,0,0,0,0,0,0,0.004023992,0.056980791
0,0,0,0,0,0,0,0,0,0,0,0.001327518,0.017827834
0,0,0,0,0,0,0,0,0,0,0,0.000923028,0.002678721
0,0,0,0,0,0,0,0,0,0,0,0.000623069,0.002678721
0,0,0,0,0,0,0,0,0,0,0,0,0.006145302
0,0,0,0,0,0,0,0,0,0,0,0.000382707,0.009184187
0.088083767,0.298278537,2.185927016,0.223201112,0.83981726,4.08321478,5.604974727,6.190468431,4.469619672,4.747867922,4.6381374,0.000406449,0.011719405
0,0,0,0,0,0,0,0,0,0,0,0.00044195,0.006428931
0,0,0,0,0,0,0,0,0,0,0,0.000519213,0.002678721
0,0,0,0,0,0,0,0,0,0,0,0.000137946,0.00375021
0,0,0,0,0,0,0,0,0,0,0,0.000251722,0.002678721
0,0,0,0,0,0,0,0,0,0,0,0.000387022,0.002678721
0,0,0,0,0,0,0,0,0,0,0,0.000585953,0.003061396
0,0,0,0,0,0,0,0,0,0,0,0.00079312,0.012262478
0,0,0,0,0,0,0,0,0,0,0,0.000986616,0.021414714
0,0,0,0,0,0,0,0,0,0,0,0.001161623,0.02320636
0,0,0,0,0,0,0,0,0,0,0,0.001294834,0.025508388
0,0,0,0,0,0,0,0,0,0,0,0.001393372,0.033403193
0,0,0,0,0,0,0,0,0,0,0,0.001677252,0.061474474
0,0,0,0,0,0,0,0,0,0,0,0.001659749,0.064269529
0,0,0,0,0,0,0,0,0,0,0,0.001654888,0.070595419
0,0,0,0,0,0,0,0,0,0,0,0.001641737,0.082025864
0,0,0,0,0,0,0,0,0,0,0,0.001623243,0.099338827
0.192900228,0.328342611,2.118306472,0.085257616,0.723275416,5.000417817,5.295781928,4.856974924,4.23302092,5.131668645,5.260611528,0.001615246,0.123904449
0.219481337,0.297649197,2.279943476,0.108990904,0.603308847,5.06459701,4.945052763,4.854419817,4.58177638,5.107284397,5.316698531,0.001604901,0.143955486
0.298706055,0.198025949,2.186678339,0.140423901,0.708011803,4.761766876,5.295180048,5.459545357,3.865968862,4.497378545,5.05823837,0.001574168,0.130491
0.12038762,0.285130208,2.265016008,0.238304275,0.748577193,4.460257911,4.583782104,5.300879653,4.626897174,4.901018289,5.104595583,0.001542427,0.137348184
0.165009223,0.304859484,2.28312567,0.126607181,0.70423919,4.528644727,5.163182934,5.17521443,4.283376687,4.605580691,4.987332818,0.001450921,0.159028604
0.202142578,0.220815104,2.252867172,0.180649213,0.834579157,4.632806277,4.696994662,5.285294247,5.157975,5.078635269,5.25391596,0.001361881,0.164545569
0.181904994,0.158427269,2.450655816,0.304354061,0.608739683,4.477402474,4.512628415,5.409637183,5.512674208,5.092786874,5.277802795,0.001284392,0.231968325
0.185366573,0.219695276,2.384706581,0.227793416,0.73402418,4.698889951,4.57710361,5.156319959,5.27189175,4.999978979,5.451457666,0.001226974,0.213519997
0.127507468,0.244984011,2.369417541,0.261897951,0.695347333,4.405104048,5.122493092,5.313227657,5.141135871,5.019661987,5.367217944,0.001179068,0.188730796
0.193098397,0.26418283,2.314974441,0.174068985,0.715409231,4.289653101,4.862123019,5.390547722,5.006578661,5.0596249,5.603238965,0.001121227,0.191665559
0.175667746,0.219765111,2.316028537,0.290381805,0.674914825,4.40590802,4.751148873,5.198723457,4.869450081,4.902794797,5.706022219,0.001060332,0.172594347
0.054923706,0.335446574,2.40611854,0.360869202,0.579504618,3.931523483,5.259550974,6.051525548,4.606710002,4.808516428,5.509255931,0.001007838,0.160855688
0.12010683,0.29081395,2.483411317,0.298512885,0.563700294,4.506932589,5.07590295,5.970148163,4.586804319,4.756302709,5.07041062,0.000974484,0.11442836
0.133428277,0.398156829,2.21499641,0.123288276,0.773168461,4.499918584,5.731747124,5.759480503,4.039984425,4.63063742,4.700900051,0.00096113,0.079025144
0,0,0,0,0,0,0,0,0,0,0,0.000957898,0.075392489
0,0,0,0,0,0,0,0,0,0,0,0.000947952,0.071931551
0,0,0,0,0,0,0,0,0,0,0,0.000934493,0.02133179
0,0,0,0,0,0,0,0,0,0,0,0.000986749,0.003781724
0,0,0,0,0,0,0,0,0,0,0,0.001005455,0.008498012
0,0,0,0,0,0,0,0,0,0,0,0.001005823,0.010417249
0,0,0,0,0,0,0,0,0,0,0,0.001010158,0.03648603
0,0,0,0,0,0,0,0,0,0,0,0.000668001,0.017746528
0,0,0,0,0,0,0,0,0,0,0,0.000630241,0.081404827
0,0,0,0,0,0,0,0,0,0,0,0.000541257,0.091317056
0,0,0,0,0,0,0,0,0,0,0,0.000462876,0.076038046
0,0,0,0,0,0,0,0,0,0,0,0.000390113,0.072301396
0,0,0,0,0,0,0,0,0,0,0,0.000348269,0.007714717
0,0,0,0,0,0,0,0,0,0,0,0,0.010268431
0,0,0,0,0,0,0,0,0,0,0,0.002076762,0.005587047
0,0,0,0,0,0,0,0,0,0,0,0.002442499,0.146954776
0.178931827,0.286181641,2.227687258,0.131146518,0.657444241,4.369493297,4.984900534,5.471966292,4.587012048,5.362843118,5.728293087,0.003019146,0.178761193
0.214435832,0.23121521,2.298381531,0.139802296,0.719554757,4.510293406,5.009435784,5.487815473,4.794096738,4.88087298,5.407634303,0.003561497,0.205491178
0.155834447,0.196828056,2.328524317,0.256059661,0.678628864,4.356793019,4.729036786,5.639970237,5.215492512,5.383681404,5.620349846,0.004032011,0.239980892
0.154201142,0.175647638,2.347126535,0.262275289,0.615403996,4.282665476,4.416277384,5.520817822,5.608051121,5.396598637,5.938927022,0.004394774,0.303674947
0.18397583,0.235337779,2.380796899,0.173393975,0.672551513,4.700494868,4.344732034,4.836382968,5.351696318,5.416220535,5.940584363,0.004689645,0.282806382
0.117639228,0.251824544,2.303798443,0.22243164,0.594721543,4.686149418,4.413735213,5.160557667,5.576978957,5.394954689,5.836422746,0.004887779,0.344363147
0.151723408,0.143095535,2.377459165,0.32492686,0.661565746,4.461259965,4.268340281,5.368122245,5.966073094,5.742364304,6.014961461,0.004922364,0.382986585
0.160232265,0.189150089,2.408733869,0.311823479,0.589738412,4.640269041,4.308549484,4.867548675,5.732994236,5.473680306,5.910934442,0.004913354,0.373408775
0.086922433,0.182876558,2.324482282,0.366257986,0.569768087,4.339250943,4.430787401,5.250540495,5.643559588,5.268630564,5.677561645,0.00488194,0.351244083
0.06150689,0.213431532,2.22858754,0.349155082,0.720194412,4.279325316,4.016357099,5.628366242,5.865822553,5.346451869,5.108790427,0.004824806,0.37886183
0.189536621,0.176608236,2.409308336,0.24897066,0.703192936,4.578495514,4.233825219,4.909973598,5.725358403,5.366134471,5.975244117,0.004700704,0.347885991
0.402333822,0.082590169,2.103089794,0.116168233,0.721894473,5.134757543,4.526496077,5.092780221,5.195034444,5.402799863,5.584377194,0.004550529,0.290200672
0,0,0,0,0,0,0,0,0,0,0,0.004346949,0.255615223
0,0,0,0,0,0,0,0,0,0,0,0.004098176,0.270586681
0.051914334,0.176077745,2.147192719,0.398239336,0.729178434,4.217390243,4.736753609,5.985631251,4.991488364,5.242984454,5.366356515,0.003837235,0.393498098
0.12559073,0.220476978,2.372067562,0.243996391,0.6562832,4.402567201,4.55235564,5.589317216,5.470045822,5.441776143,5.92190263,0.003560061,0.375185195
0.146861328,0.253948812,2.34057846,0.19478535,0.748246902,4.712402499,4.687936565,4.998844814,5.241707531,5.567688525,6.119429693,0.003300542,0.314630085
0.153981024,0.248098575,2.425310541,0.182101114,0.634699689,4.423960335,4.487937086,5.150632876,5.146497706,5.288550763,5.72355777,0.003152983,0.317865548
0.083575521,0.212247721,2.389510281,0.300778839,0.688572811,4.343575966,4.300692379,5.543003734,5.164209896,5.392337346,6.178400373,0.003185788,0.328518052
0.101365741,0.318214157,2.395981525,0.211971547,0.636995333,4.334103474,4.821168615,5.601153734,5.030175611,5.208022846,5.527720436,0.003407044,0.298812594
0.23002946,0.168256999,2.301099849,0.20759764,0.646728279,4.781732357,4.742658645,5.098434311,5.585573608,5.908769858,6.114818537,0.003788976,0.305535739
0.1129672,0.237369637,2.468660848,0.23938852,0.611039692,4.369436572,4.538143096,5.577090868,5.73918491,5.61526076,5.997776866,0.004263462,0.453259929
0.114191691,0.285535278,2.217455052,0.25750944,0.565594441,4.265492827,5.187879562,5.329370454,4.61487177,4.672870226,5.259190716,0.004794972,0.248507242
0.227138672,0.166974284,2.400886106,0.19445969,0.747194584,5.468248904,4.097592175,4.405031026,5.356013358,5.96771121,6.484935164,0.005347891,0.238546334
0.267731771,0.167652995,2.375416383,0.135603891,0.830344448,5.499637485,4.33865425,4.318150062,5.353135115,5.965938711,6.362342501,0.00581219,0.242388431
0.376575405,0.20043457,2.094362821,0.081778795,0.902684874,5.32538136,5.155151874,4.418216467,4.289551347,4.696640807,5.062207294,0.006163042,0.18729786
0,0,0,0,0,0,0,0,0,0,0,0.006395735,0.179903058
0,0,0,0,0,0,0,0,0,0,0,0.00653017,0.183686597
0,0,0,0,0,0,0,0,0,0,0,0.006519134,0.161254655
0.26030229,0.241895715,2.104974606,0.164063118,0.723741299,4.857952855,5.364731371,5.328838207,4.056861802,4.7311583,4.880878627,0.006364471,0.147600949
0.193661296,0.250222982,2.185349672,0.251333954,0.793883338,4.292502761,5.439456061,5.288687885,3.626671083,4.102475912,4.364933565,0.006069168,0.109730301
0.189872233,0.322366265,2.084826729,0.045097648,0.605305453,5.514121572,5.823973676,4.741299192,4.148576806,5.252470672,5.831389676,0.005637764,0.087879975
0.151080404,0.3321722,2.085069546,0.017366955,0.733780147,5.921707773,5.333122158,4.701375926,4.108908618,5.202602995,6.008537102,0.005145541,0.076391776
0.147570801,0.353670248,2.333499766,0.116072364,0.729255338,4.652489722,5.363340497,5.745463848,5.045831084,5.060958534,5.617394686,0.00451662,0.063680786
0,0,0,0,0,0,0,0,0,0,0,0.003811143,0.048945564
0,0,0,0,0,0,0,0,0,0,0,0.001812689,0.027480095
0,0,0,0,0,0,0,0,0,0,0,0.001304281,0
0,0,0,0,0,0,0,0,0,0,0,0.000346891,0.012157273
0,0,0,0,0,0,0,0,0,0,0,0.000366916,0.003947589
0,0,0,0,0,0,0,0,0,0,0,4.89423E-05,0.004018082
0,0,0,0,0,0,0,0,0,0,0,8.33405E-05,0.003896322
0,0,0,0,0,0,0,0,0,0,0,0.000164768,0.010407411
0,0,0,0,0,0,0,0,0,0,0,0.000270107,0.011645779
0,0,0,0,0,0,0,0,0,0,0,0.000681219,0.017109331
0,0,0,0,0,0,0,0,0,0,0,0.000998592,0.024089402
0,0,0,0,0,0,0,0,0,0,0,0.001020543,0.030135824
0,0,0,0,0,0,0,0,0,0,0,0.001050988,0.030933269
0,0,0,0,0,0,0,0,0,0,0,0.001038193,0.037444455
0,0,0,0,0,0,0,0,0,0,0,0.001041147,0.040628717
0,0,0,0,0,0,0,0,0,0,0,0.001169066,0.071962967
0,0,0,0,0,0,0,0,0,0,0,0.001210954,0.079135572
0.163370972,0.331206869,2.299008437,0.145897475,0.766152094,4.78252051,4.630526833,4.985398077,4.809562616,5.282046109,5.18591284,0.001234996,0.103693255
0.228286675,0.276772642,2.236786982,0.107545047,0.67735098,5.060919113,5.240171671,4.583119942,4.421258493,5.294643945,5.362596611,0.001250931,0.11155696
0.273836399,0.229111871,2.281812019,0.108167846,0.63733869,4.778294789,4.879255151,5.150553281,4.488579179,4.901328887,4.938045397,0.001259599,0.140878154
0.114397244,0.29550076,2.469464128,0.281085652,0.830373901,4.611366759,5.387789587,5.572739065,4.844584078,5.511575897,5.696654886,0.001240775,0.153544817
0.342229492,0.090499675,2.405211497,0.197909346,0.784997595,4.738290858,4.365438906,4.979137699,5.753322216,5.590301279,5.463149397,0.001212598,0.172511904
0.271348005,0.103818824,2.202672744,0.185277759,0.786514127,4.797423365,4.457345052,5.302303195,5.858391809,5.731586856,5.435854073,0.001186007,0.239649849
0.168043801,0.183282878,2.339984347,0.29623512,0.724254786,4.484727028,4.524086158,5.240965568,5.540022681,5.250279344,5.604312337,0.001153159,0.242259637
0.176383011,0.219100206,2.42612371,0.244258016,0.683840813,4.633633789,4.487174474,5.164366338,5.509626683,5.334824592,5.813494944,0.00111522,0.218686301
0.152463844,0.325248791,2.315924522,0.221115701,0.700306969,4.048486946,5.613669634,5.186804524,4.272821005,4.81360639,5.432158964,0.001069114,0.137805795
0.023113607,0.311966146,2.378847991,0.344210367,0.493732027,3.940744877,4.717264891,6.297516704,4.765929341,4.338695228,5.82429862,0.001014563,0.165591086
0,0,0,0,0,0,0,0,0,0,0,0.000963279,0.096895902
0,0,0,0,0,0,0,0,0,0,0,0.000918849,0.073601972
0,0,0,0,0,0,0,0,0,0,0,0.000884678,0.066773235
0,0,0,0,0,0,0,0,0,0,0,0.000861796,0.063367367
0,0,0,0,0,0,0,0,0,0,0,0.000835026,0.07641974
0,0,0,0,0,0,0,0,0,0,0,0.000803835,0.058742216
0,0,0,0,0,0,0,0,0,0,0,0.000840656,0.005357442
0,0,0,0,0,0,0,0,0,0,0,0.00053961,0.012461877
0,0,0,0,0,0,0,0,0,0,0,0.000495523,0.062927103
0,0,0,0,0,0,0,0,0,0,0,0.000427547,0.074573518
0,0,0,0,0,0,0,0,0,0,0,0.000362477,0.062223243
0,0,0,0,0,0,0,0,0,0,0,0.000317334,0.007242468
0,0,0,0,0,0,0,0,0,0,0,0.000314871,0.006361963
0,0,0,0,0,0,0,0,0,0,0,0.001673475,0.0111876
0.012626953,0.214667969,2.278956727,0.392487342,0.63579268,4.332829654,5.975702047,5.460363626,4.631794453,5.832698941,5.129321694,0.001891442,0.008318134
0.278036343,0.078295037,2.346596662,0.235913832,0.548917073,4.472567513,4.433670026,5.435915593,5.008795382,4.897417805,5.471950117,0.002142248,0.058993074
0.189631915,0.230314917,2.292995725,0.155911757,0.683179814,4.215460542,4.910085272,5.712916517,4.702655046,5.081795999,5.349060667,0.00268085,0.180994074
0.193523078,0.263388843,2.351475022,0.126530997,0.627482982,4.235760312,4.98085778,5.495872269,4.609076216,5.154487255,5.643179561,0.003140874,0.194621264
0.109543806,0.246033064,2.451859553,0.281209066,0.731292152,4.229136816,4.541113922,5.66772885,5.36752132,5.286820829,5.70380285,0.003546376,0.233599545
0.109124349,0.230125325,2.411776326,0.292092405,0.807323201,4.412491941,4.496992314,5.373136044,5.808342171,5.430529523,5.701334715,0.00392066,0.272225542
0.203610888,0.261463982,2.252488951,0.153737578,0.778130615,4.820778668,4.387951483,4.87096627,4.714035185,5.010499495,5.699284189,0.004216666,0.274936383
0.042432726,0.298578288,2.496012461,0.333898489,0.758733483,3.779759785,4.873432656,5.767535349,5.119552155,4.777922422,5.877892017,0.004389236,0.316665386
0.125264021,0.244985119,2.464802917,0.255021116,0.644915109,4.638655675,4.715961099,5.546130798,5.486425851,5.336909286,6.141631348,0.004503493,0.322768706
0.16869501,0.215652088,2.266304441,0.24150666,0.733324195,4.58412107,4.931695453,4.864242865,4.966970256,5.324980787,5.570824291,0.004569958,0.264053725
0.072575567,0.256020973,2.467865174,0.27645343,0.535479727,4.275469486,4.565564224,5.167046802,4.912958298,5.372252226,6.030432497,0.004578818,0.306640505
0.282404563,0.110704013,2.327034511,0.155434746,0.678617092,4.60168288,4.03059938,4.66073267,5.596636436,5.103900351,5.401192492,0.004542873,0.324227465
0.269053096,0.192041016,2.317376743,0.129230841,0.673894828,4.646546563,4.412634863,5.386510644,5.05588053,5.081179586,5.763623224,0.004439967,0.289840175
0,0,0,0,0,0,0,0,0,0,0,0.004278655,0.243169388
0,0,0,0,0,0,0,0,0,0,0,0.004078975,0.293159636
0.110575829,0.134181315,2.289430545,0.336053938,0.695766373,4.597078464,4.817617027,5.433368971,4.985240321,5.173139215,5.328519454,0.003845418,0.302935661
0.096883582,0.247473515,2.43331472,0.286664828,0.657679988,4.559299044,4.468047814,5.484697876,5.216652705,5.350874608,5.880248414,0.003570981,0.348878343
0.139450877,0.166345564,2.492242846,0.263990807,0.65543678,4.362629605,4.217176937,5.436908313,5.550114053,5.837732241,6.202214655,0.003299648,0.443066477
0.107773828,0.206479232,2.508112027,0.29766218,0.67389226,4.627002151,4.409185963,5.367089627,5.412638409,5.469955044,6.251680508,0.003102671,0.419315529
0.067387695,0.262467094,2.427713902,0.279671866,0.662015801,4.529010729,4.178781644,5.55151533,5.515492297,5.42596094,6.226551945,0.003067344,0.390290807
0.1477608,0.218402746,2.492496744,0.241588858,0.685682115,4.536813321,4.224055688,5.617556437,5.597024394,5.568066885,6.036028324,0.003222999,0.374103465
0.22003405,0.222024414,2.389547053,0.146826216,0.715905502,4.589551501,4.554839997,4.849433289,5.450559106,5.384298997,6.056858912,0.003517769,0.296581465
0.109763902,0.232215456,2.480798972,0.276666093,0.549135327,4.533500349,4.323220046,5.376412725,5.639884896,5.690893443,6.194106838,0.003925164,0.370647487
0.138991932,0.273546782,2.414847628,0.222983164,0.703520706,4.469572438,4.774089583,5.348040879,4.886929895,5.379566099,5.738547027,0.004407881,0.273513469
0.176067437,0.146384278,2.407097475,0.316802281,0.65099019,4.741949508,4.744819453,5.291566243,5.261976371,5.734422128,5.709947864,0.004913821,0.280830449
0.324499602,0.107525861,2.241239891,0.162133854,0.610769888,5.483399881,4.240926332,4.45975861,5.469551981,4.922929684,5.545085026,0.005330407,0.273764108
0,0,0,0,0,0,0,0,0,0,0,0.005642322,0.213654473
0,0,0,0,0,0,0,0,0,0,0,0.005866828,0.163978434
0.108239746,0.347159017,2.607275447,0.2233404,0.539954355,5.39088285,5.238722116,5.370445609,4.105603606,4.201809436,4.13032347,0.005953141,0.147830142
0.287749023,0.325531684,2.052667237,0.145292054,0.384040176,5.349733219,5.198623384,4.803084522,3.717144057,4.263791546,4.500447442,0.00596429,0.139885973
0.153102214,0.24677946,2.11495014,0.259751598,0.818614211,4.58102122,5.138760155,5.729879642,3.638778669,3.998925781,4.950719881,0.005808731,0.143908374
0.203607701,0.276295573,2.171761133,0.139433047,0.738751821,4.843405136,5.5381545,5.009774855,3.855188689,4.786447908,5.00840423,0.00554378,0.103939613
0,0,0,0,0,0,0,0,0,0,0,0.005160146,0.083305302
0,0,0,0,0,0,0,0,0,0,0,0.004697873,0.068046891
0,0,0,0,0,0,0,0,0,0,0,0.004136806,0.058330741
0,0,0,0,0,0,0,0,0,0,0,0.001155448,0
0,0,0,0,0,0,0,0,0,0,0,0,0
0,0,0,0,0,0,0,0,0,0,0,3.92248E-05,0
0,0,0,0,0,0,0,0,0,0,0,0.000173829,0.007440968
0,0,0,0,0,0,0,0,0,0,0,0.000249393,0.008950017
0,0,0,0,0,0,0,0,0,0,0,0.000443745,0.013701907
0,0,0,0,0,0,0,0,0,0,0,0.000603815,0.014612339
0,0,0,0,0,0,0,0,0,0,0,0.000642557,0.014095788
0,0,0,0,0,0,0,0,0,0,0,0.000653857,0.016135506
0,0,0,0,0,0,0,0,0,0,0,0.000902612,0.047853921
0,0,0,0,0,0,0,0,0,0,0,0.000960122,0.062384769
0.242809245,0.286912435,1.994883531,0.06629931,0.842894761,4.94682616,5.001654863,5.040366292,5.00055629,5.532539606,5.80219841,0.001008826,0.089102413
0.164548921,0.271704102,2.276355302,0.214651156,0.679850819,4.615248561,4.896459185,5.231501994,4.561866906,5.088349893,5.416367099,0.00105265,0.129779285
0.166643372,0.25491333,2.341580334,0.204596434,0.797565675,4.606604118,4.801727416,4.9236007,4.620329065,5.17115533,5.356817532,0.001082717,0.120677592
0.242907715,0.157943848,2.395251523,0.223899004,0.750637474,5.113196546,4.368888104,5.163804418,5.381709972,5.541431806,5.706066695,0.001091446,0.174081586
0.165482511,0.229337047,2.306811797,0.263175629,0.7658033,4.453960637,4.830285075,5.541774509,4.71589765,4.973289078,5.737189472,0.001083624,0.155428928
0.128327521,0.358712449,2.322913827,0.152784286,0.785226753,4.097575645,4.965893805,5.620557811,4.094712193,4.892579394,5.532809402,0.001064052,0.157913124
0.185273862,0.245194605,2.286652328,0.204872819,0.659910766,4.661850709,4.725895869,5.310952433,5.060562536,5.083630751,5.756760885,0.001032045,0.199585402
0.150603841,0.292451459,2.339619151,0.16193725,0.728199525,4.58678708,5.09306191,5.469861016,4.729825767,4.840396913,5.421954144,0.000997216,0.132935802
0.283902344,0.265103841,2.284391538,0.083780397,0.786569702,5.050475526,4.98971504,5.117112744,4.885085738,5.463040543,5.43858223,0.00095027,0.094270894
0,0,0,0,0,0,0,0,0,0,0,0.000901749,0.079798227
0,0,0,0,0,0,0,0,0,0,0,0.000851043,0.075462054
0,0,0,0,0,0,0,0,0,0,0,0.000799775,0.06167423
0,0,0,0,0,0,0,0,0,0,0,0.000760698,0.022362505
0,0,0,0,0,0,0,0,0,0,0,0.000718841,0.019933388
0,0,0,0,0,0,0,0,0,0,0,0.000691008,0.016931819
0,0,0,0,0,0,0,0,0,0,0,0,0.002678721
0,0,0,0,0,0,0,0,0,0,0,0.000444035,0.003524633
0,0,0,0,0,0,0,0,0,0,0,0.000376629,0.005464591
0,0,0,0,0,0,0,0,0,0,0,0.00031365,0.023729699
0,0,0,0,0,0,0,0,0,0,0,0.000280367,0.005357442
0,0,0,0,0,0,0,0,0,0,0,0.000272363,0.002976357
0,0,0,0,0,0,0,0,0,0,0,0.001151193,0.007143256
0.199024862,0.196071167,2.358797907,0.196975928,0.649926117,4.295672631,4.805416819,5.681440745,4.677225847,4.841691326,5.585785899,0.001526754,0.015983036
0.235691325,0.116954549,2.365635113,0.267385803,0.668013735,4.341147408,4.989239723,5.418407753,4.886372551,4.856058277,5.432294175,0.002085407,0.01017914
0.160435181,0.244899699,2.343712902,0.174392749,0.657817283,4.575130867,4.673507206,5.365148909,4.833623759,5.118315749,5.342228398,0.002491091,0.016574587
0.114694198,0.314972143,2.273431223,0.179356685,0.699250342,4.265855151,4.962683235,5.381869424,4.871994772,4.959679014,5.813079183,0.002943621,0.187970105
0.225588567,0.238978115,2.421102598,0.135722513,0.588460947,4.862901112,4.724388379,4.918261711,4.821050424,4.950442053,5.569341394,0.00335116,0.231790855
0.244029523,0.247218283,2.292633244,0.102393797,0.740995398,4.935617737,4.843197118,5.008072266,5.081753959,5.383144635,5.654402541,0.003696038,0.244247196
0.124207682,0.256820801,2.387552409,0.163555948,0.776432458,4.119190919,4.5561158,5.871691674,5.44564932,5.634309411,5.689964622,0.003939721,0.263029832
0.166866862,0.244379308,2.41372983,0.195384782,0.678574793,5.13424576,4.626496532,4.869362333,5.363123242,5.530841151,5.688610105,0.004119814,0.277219888
0,0,0,0,0,0,0,0,0,0,0,0.004228684,0.214063973
0.152244059,0.275732829,2.432169659,0.185357004,0.67477351,4.612191349,4.848181397,5.49306193,4.561954841,5.34976846,5.408928901,0.004287559,0.230312197
0.217307343,0.25230957,2.268291565,0.117112448,0.812960149,4.573982673,4.633029768,5.049249028,4.872755609,5.076186921,5.487402232,0.004301444,0.250224689
0.225911052,0.275555827,2.209946085,0.06511754,0.74333082,4.706370831,4.520366177,5.585128173,4.712618217,5.137375295,5.871973753,0.004238824,0.276329423
0.264529826,0.133337403,2.577564648,0.213944455,0.699992751,5.637474082,4.477812603,4.610374361,5.879955471,6.213177219,6.265158668,0.004121707,0.3056582
0.093209044,0.109778942,2.233696607,0.378968902,0.639803981,4.403153609,4.597983989,5.703488794,5.259387303,5.367486022,5.746868491,0.003953804,0.305710538
0.095937988,0.120217443,2.231708354,0.421917447,0.688328581,4.4065797,4.678202939,5.674761778,5.119966579,5.236674601,5.404624152,0.00374308,0.482335825
0.105196878,0.175750326,2.329874771,0.324216941,0.679365099,4.463829849,4.12646718,5.581439649,5.439120554,5.418618395,5.915823088,0.003492753,0.471789584
0.108253943,0.168651259,2.41052346,0.340213122,0.658549926,4.464667383,4.401797124,5.43457873,5.193706082,5.486377637,6.21348238,0.003239009,0.497355166
0.129679769,0.15485728,2.470239701,0.359813082,0.669652282,4.608537305,4.094829941,5.518970583,5.767394997,5.590126924,6.143775172,0.003007215,0.461455049
0.110403971,0.159382921,2.39534494,0.376803539,0.608750079,4.471772909,4.319452914,5.25234406,6.062744776,5.584792058,6.200417368,0.002901852,0.43649317
0.195969354,0.227169596,2.433852405,0.171862283,0.734427826,4.425268522,4.383753402,4.591540456,5.817589274,5.173637211,5.853310261,0.002973526,0.287004721
0.176249556,0.216085316,2.376090718,0.186711567,0.693060959,4.930534764,4.029082445,4.725468045,5.459028244,5.918830113,6.021661693,0.003184487,0.297578435
0.108661458,0.174020508,2.496805446,0.335436552,0.486241469,4.700705862,4.519594133,4.78841455,6.082155919,5.81750617,6.237375569,0.003528621,0.317397549
0.174998256,0.290312268,2.329754754,0.101103646,0.684568524,4.634182449,4.66290545,5.274111616,5.245005097,5.289176562,5.485319521,0.003929684,0.263072249
0.129615704,0.200042137,2.315916109,0.293224056,0.688782513,4.624093506,4.49943765,4.899931566,5.242918233,5.582682927,6.15100303,0.004335695,0.258386378
0.235371608,0.14984632,2.251120013,0.180430854,0.798612785,5.246804498,4.58460058,4.655522717,5.42051512,5.546722886,5.587488413,0.004713528,0.289306409
0.103420139,0.120696615,2.208046107,0.337087031,0.613019747,4.633924385,4.522398068,5.662843307,5.577872415,5.229637663,5.446563721,0.005007293,0.353930307
0.191385091,0.134274089,2.255723012,0.221863108,0.588051304,4.89054122,4.593351841,5.193927664,5.458704609,4.959324968,5.721059406,0.005179692,0.238118806
0,0,0,0,0,0,0,0,0,0,0,0.005242459,0.185585108
0,0,0,0,0,0,0,0,0,0,0,0.005244389,0.12590782
0.2724207,0.244094419,2.136150512,0.163251274,0.788164308,4.674116179,5.33199909,5.152438237,3.655306687,3.933436092,4.788405521,0.005139486,0.130165126
0.392337239,0.153073568,2.081211266,0.101589711,0.745170868,5.658974957,5.469601691,4.46999861,4.350840449,4.582859695,5.393072939,0.004896047,0.112148592
0.315705838,0.184164497,2.296189302,0.139374713,0.791339517,5.280012171,5.757464687,4.67913878,3.829418401,4.528627395,5.162468592,0.004565693,0.083790193
0,0,0,0,0,0,0,0,0,0,0,0.004131734,0.06404139
0,0,0,0,0,0,0,0,0,0,0,0.003659585,0.050609127
0,0,0,0,0,0,0,0,0,0,0,0.001090373,0
0,0,0,0,0,0,0,0,0,0,0,3.44688E-05,0.005357442
0,0,0,0,0,0,0,0,0,0,0,0.000280244,0.011885051
0,0,0,0,0,0,0,0,0,0,0,0.000421235,0.010887771
0,0,0,0,0,0,0,0,0,0,0,0.000761085,0.048558987
0,0,0,0,0,0,0,0,0,0,0,0.000827967,0.065450555
0.269926514,0.215091065,2.229284986,0.167947353,0.826942309,4.698917702,5.10295127,4.97333754,4.43459062,4.914803561,5.169663084,0.000887622,0.094200509
0.158270976,0.266673788,2.423592586,0.249446193,0.665339888,4.613029405,4.973420881,5.403047755,4.985720694,5.19159957,5.461551849,0.000942178,0.09433386
0.278703975,0.154742025,2.328004182,0.206820554,0.706037951,5.051213642,4.730355223,5.063780394,5.02095769,5.406571852,5.682047976,0.000966319,0.139005115
0.187733172,0.270025688,2.441226495,0.202058146,0.727161144,4.673490954,4.911365242,5.183666592,4.640723472,5.20709746,5.697440977,0.000972189,0.139674634
0.163378537,0.307308165,2.309890032,0.188197426,0.724619089,4.924406054,5.36498231,5.23117351,4.339680051,4.891468487,5.425679703,0.000960061,0.126669332
0.173765734,0.273065864,2.42862994,0.226743748,0.743112439,4.180363576,6.06079038,5.231905421,4.464146972,4.534034967,5.493277272,0.000936226,0.121943691
0,0,0,0,0,0,0,0,0,0,0,0.00090416,0.118361903
0.118666062,0.347642299,2.199200538,0.120832319,0.749230374,4.930015836,5.383057381,5.062391537,4.429207725,5.139823164,5.470576508,0.000864189,0.121001984
0,0,0,0,0,0,0,0,0,0,0,0.00081496,0.092452159
0,0,0,0,0,0,0,0,0,0,0,0.000761422,0.074951895
0,0,0,0,0,0,0,0,0,0,0,0.000707019,0.080766507
0,0,0,0,0,0,0,0,0,0,0,0.000675607,0.006505466
0,0,0,0,0,0,0,0,0,0,0,0,0.004393103
0,0,0,0,0,0,0,0,0,0,0,0.00022997,0.003616274
0,0,0,0,0,0,0,0,0,0,0,0.001029037,0
0.025655382,0.452199436,2.016809641,0.229004683,0.583031296,4.201996068,5.311484774,5.917288661,4.397306065,4.9682133,6.268605312,0.001170406,0.007500419
0,0,0,0,0,0,0,0,0,0,0,0,0.006428931
0,0,0,0,0,0,0,0,0,0,0,0.002168731,0.005441152
0.124235026,0.281645952,2.418903001,0.200352217,0.606302567,4.394766293,4.665349386,5.225897074,4.739084303,4.968363144,5.613446658,0.002516143,0.156534113
0.201126953,0.287595145,2.217179307,0.08335645,0.718033354,4.480648128,4.903445789,4.921699585,4.552051268,5.028724001,5.611618558,0.002900495,0.17494926
0.222092123,0.23461339,2.355669709,0.141994456,0.636958777,4.384885288,4.877086377,5.058449723,4.724242175,5.080476203,5.443492816,0.003237478,0.206647621
0.163754812,0.2450472,2.357630254,0.215973995,0.744959489,4.546088517,4.840170433,5.391631069,4.612539737,5.472336896,5.773673679,0.003527486,0.241419141
0.213599643,0.24285869,2.209747793,0.166528693,0.740862434,4.858780636,4.949378201,5.081197685,4.499395386,5.20551893,5.303101807,0.003719303,0.238189612
0.287888346,0.233727865,2.190810861,0.082046121,0.764729812,4.806747611,4.826498703,4.747897541,4.833043166,5.081499684,5.514447093,0.003852867,0.193497885
0,0,0,0,0,0,0,0,0,0,0,0.003926598,0.185492883
0.304995768,0.176392741,2.303037936,0.106197713,0.797213967,4.549448085,4.838237315,4.937835383,4.921546888,4.865504372,5.222126466,0.003980381,0.218685277
0.433000081,0.075576579,2.225608509,0.061215308,0.574060765,6.436180979,4.926369473,4.366913959,6.068641544,6.580808938,6.05947806,0.003943447,0.267132544
0.355609112,0.150516803,2.250609264,0.096728495,0.792039817,6.043704691,4.763472705,4.28202919,5.799091939,6.128046274,6.083973533,0.003855986,0.265928606
0.325955575,0.167017887,2.260724943,0.082377879,0.74727254,5.721437787,4.543158246,4.641751346,5.513444766,5.765128038,5.900225683,0.00371121,0.241118718
0.068947173,0.310344122,2.533314669,0.302479928,0.617476989,4.12734208,4.495958814,5.495360579,5.234431642,4.837213789,5.801693661,0.003524924,0.30710026
0.023825923,0.210535482,2.190941007,0.381437852,0.61267037,3.830746628,4.282859809,5.772250758,5.507248486,5.18342029,5.769982334,0.003327602,0.445272065
0.075623915,0.146072049,2.20734084,0.503118355,0.618543017,4.131221136,4.442483247,5.812807083,5.535320322,4.852134685,5.195965389,0.003092737,0.388750766
0.121462403,0.081634318,2.230620616,0.407785261,0.620024245,4.345757049,3.702921152,5.729892291,5.903985337,5.338143021,5.73691041,0.002870635,0.403809971
0.04561787,0.174581706,2.230151168,0.421947906,0.611131691,4.352647763,4.339429617,5.785606677,5.694480788,5.15983344,6.009579579,0.002712988,0.402623646
0.042253069,0.230640346,2.362039442,0.367448739,0.661592169,4.228997618,4.678982032,5.812949943,5.452877402,5.373173744,5.630704675,0.00270459,0.321110935
0.164065903,0.226062234,2.409754071,0.217665957,0.522160798,4.590413194,4.320485706,5.063637928,5.345555967,5.592560524,6.039458004,0.002839082,0.30263592
0.176431478,0.24411556,2.325215662,0.142476907,0.66592215,4.680737138,4.525183678,4.952124113,5.657707965,5.392892367,6.101253056,0.00309221,0.291763502
0.254109849,0.259965376,2.24421043,0.067749376,0.748783939,5.206742016,4.858958748,4.85351582,5.188311615,5.463648937,5.871371871,0.003383437,0.202647112
0.439176432,0.075405273,1.964390858,0.03258277,0.954429174,6.120538712,4.512363672,4.415437818,3.722804368,5.389876604,5.51063621,0.003688576,0.176568261
0.270163762,0.141469977,2.362140814,0.154459509,0.795542935,5.47230638,4.26688462,4.618870281,5.405615949,5.499779986,5.980188342,0.004027128,0.183276029
0.186670697,0.131260308,2.3586041,0.262320022,0.76565945,4.637084413,4.233044826,5.268700994,5.262922804,5.169061902,5.622955718,0.004259312,0.254752841
0.158921945,0.155686733,2.519022917,0.316593409,0.667390498,4.083675983,4.753269536,5.317679358,4.777902275,5.094453122,5.345629071,0.004397217,0.198238313
0.124873047,0.266210938,2.061085792,0.220698561,0.579341361,4.275493592,5.272475392,5.267539263,3.724357039,4.96302408,6.356368244,0.004439356,0.161042063
0,0,0,0,0,0,0,0,0,0,0,0.00445144,0.127145088
0.165986837,0.280992432,2.194130665,0.19748456,0.769069611,4.923163883,4.894758444,5.084540423,4.216360498,4.515467841,5.07815899,0.004374708,0.161926588
0,0,0,0,0,0,0,0,0,0,0,0.004183807,0.122372322
0.409737956,0.15561849,2.007640945,0.039710646,0.710955593,6.402506054,5.562497437,3.60575968,4.98407948,4.59273693,5.111258984,0.003891703,0.089747708
0.19621582,0.352296821,2.153030073,0.027322697,0.797873057,5.564192037,5.835972826,4.692011684,4.432655046,5.519232492,5.509654105,0.00353455,0.068818916
0.213693848,0.305177409,2.153441169,0.010495741,0.684431299,5.749764204,6.113477409,3.973805666,3.718664169,5.704084933,6.020905674,0.003150074,0.05316656
0,0,0,0,0,0,0,0,0,0,0,0.001265359,0.017748046
0,0,0,0,0,0,0,0,0,0,0,0.001005668,0
0,0,0,0,0,0,0,0,0,0,0,0.000196235,0.01019377
0,0,0,0,0,0,0,0,0,0,0,0.000594513,0.036976139
0,0,0,0,0,0,0,0,0,0,0,0.000667605,0.051753648
0,0,0,0,0,0,0,0,0,0,0,0.000737415,0.073306238
0.302605252,0.146568468,2.545975018,0.190895145,0.83334947,5.047048162,4.703391761,5.191472739,5.368039698,5.715682328,5.763123105,0.000797988,0.097838281
0.284885835,0.156170945,2.459513331,0.240710793,0.756296078,4.889272931,4.818224771,5.253649749,4.824403248,5.300973992,5.808246124,0.000836877,0.108063941
0.221462267,0.311338162,2.234995465,0.107528166,0.800878378,4.260366772,5.813395923,5.707490921,3.981165126,4.493494227,4.939036881,0.000850061,0.075838897
0.195687392,0.320161676,2.295642586,0.130951035,0.763362158,4.476381779,4.872424503,5.612314006,4.524532437,5.083089193,5.169315934,0.000846941,0.073060749
0.197449725,0.361701932,2.176784578,0.098054745,0.801993284,4.962002496,5.966509163,4.699581067,4.011797272,4.74006333,4.472609089,0.000823977,0.070563905
0.209802912,0.318878137,2.176167171,0.088883636,0.748841162,5.008317053,5.449627009,4.673525387,4.477082545,4.886937407,5.15463647,0.000793373,0.105690977
0.117209202,0.165721571,2.393342445,0.423725336,0.74419315,3.986049751,4.576374094,5.397980928,4.630817473,4.612852534,4.524669111,0.000758419,0.144923369
0.198296305,0.170169678,2.377211257,0.27775134,0.8386191,4.235522702,4.869322926,6.026572943,4.615633965,4.422029287,4.843344748,0.000711935,0.127610335
0,0,0,0,0,0,0,0,0,0,0,0.00065729,0.117894072
0.388907878,0.284458008,2.169642736,0.08441702,0.661093815,4.651900351,6.249995589,5.13133204,3.867570579,4.327913642,4.230680227,0.000600611,0.077478368
0,0,0,0,0,0,0,0,0,0,0,0.000531615,0.003826745
0,0,0,0,0,0,0,0,0,0,0,0.000438926,0.004241309
0,0,0,0,0,0,0,0,0,0,0,0.001838484,0.004496425
0,0,0,0,0,0,0,0,0,0,0,0.002150349,0.004636248
0.185682217,0.313333333,2.116860532,0.102786735,0.776795677,4.216539138,4.959405431,5.3687601,4.372610551,4.902383479,5.130807487,0.002512066,0.006912829
0.262923029,0.14577326,2.299372621,0.15112274,0.812291197,4.606225306,4.537383768,5.36141226,4.815364951,5.097468365,5.418517059,0.002813698,0.140110641
0.237503825,0.166720134,2.339703792,0.174342517,0.614364753,4.603173003,4.660052383,5.257404617,4.969434285,5.115730542,5.601435661,0.003099316,0.202336025
0.178751356,0.220952691,2.489766221,0.19552196,0.768142387,4.952627669,4.759705464,4.656662275,5.003888468,5.127092908,5.552619576,0.003287779,0.203678029
0.289600423,0.260274252,2.168195564,0.067187935,0.83691092,4.664860725,5.446868539,5.709783077,4.306308448,5.013967216,4.93920663,0.003417965,0.194452881
0.233410127,0.292901574,2.087242978,0.054929766,0.74779687,4.530340558,4.964371524,4.817000622,4.437671412,4.800124185,5.218040114,0.003511866,0.185433436
0.236236674,0.216562602,2.210406266,0.129011038,0.818362622,4.743643854,5.020580296,5.200326674,4.858914845,5.262068141,5.123184942,0.003552473,0.198068524
0.247040609,0.209906108,2.220598931,0.106237846,0.795734303,5.179497303,4.686758041,4.978024937,4.938202377,5.407839239,5.740270991,0.003549543,0.237097803
0.209788029,0.256752834,2.211649133,0.119974556,0.73995585,4.620977491,4.916576903,5.606882516,5.071273713,5.248010572,5.340333974,0.003477053,0.217801264
0.197751411,0.286373807,2.286957129,0.057649444,0.715121805,4.807394727,4.774726291,5.089800664,5.20522999,5.63243943,5.934799997,0.003364602,0.215308417
0.225760295,0.279146729,2.199563019,0.072369409,0.584220789,4.877572939,4.766360178,5.232127391,5.120085899,5.45241778,5.62748681,0.003215768,0.222398972
0.045886794,0.319085787,2.321195637,0.313229925,0.771119332,4.380462646,4.671312768,5.300955337,4.844087092,4.829399622,5.295421013,0.003060412,0.264208558
0.042404359,0.291308284,2.316221093,0.304048585,0.702790532,4.354775203,4.425632732,5.684004693,5.299736503,5.192230202,5.818459153,0.002865862,0.325613097
0.063520251,0.203111808,2.321470068,0.372411341,0.682194462,4.245020176,4.41398311,5.848126628,5.471044741,5.354105131,5.890908637,0.002670446,0.307270337
0.047875977,0.226216146,2.287126778,0.373301307,0.660393046,4.325193155,4.343254769,5.868581581,5.309917092,5.652604914,5.942372179,0.002520932,0.279021999
0.046655635,0.271933774,2.405604078,0.351115951,0.552290495,4.492844587,4.971194536,5.604819808,5.263521615,5.263922479,5.683442507,0.002448638,0.307801748
0.17555272,0.269701335,2.299492612,0.108980016,0.664250944,4.638976181,4.79799783,4.812532341,5.325192064,5.293059281,5.707950362,0.002513856,0.236669334
0.20436018,0.268749229,2.385694628,0.092944664,0.541756047,4.858443116,4.879918331,4.767986461,5.175417514,5.434496597,5.684512364,0.002648255,0.217568063
0.135493164,0.274842122,2.468127356,0.236611233,0.754881669,5.425010085,4.791185379,4.445857644,5.031212807,5.723492503,6.236668944,0.002840088,0.175062676
0,0,0,0,0,0,0,0,0,0,0,0.003055225,0.152095812
0,0,0,0,0,0,0,0,0,0,0,0.003296612,0.135256424
0.284643555,0.243787435,2.237970124,0.032719425,0.836723025,5.2375319,4.322490186,4.387796432,4.845318079,5.594395101,6.083267987,0.003472226,0.126861755
0.110209961,0.308078451,2.289777073,0.147634273,0.909914497,4.412801874,5.184941483,5.149239278,4.010141969,5.193164551,5.424888623,0.003567494,0.137075997
0.161902049,0.217883184,2.254785464,0.181749439,0.896497839,4.940418317,5.07774999,5.113938902,4.884704712,4.877717506,5.307561275,0.003625397,0.169434065
0.209560547,0.060364583,1.954906758,0.404255475,0.62104789,3.957023792,4.861342996,5.699950457,4.72965239,4.103632882,4.382630281,0.003605803,0.187260643
0.199063353,0.227445514,2.261654199,0.15934747,0.867976988,4.679750865,4.899475634,5.094815268,4.343184488,4.758626032,5.228257,0.003586064,0.196142607
0.25137016,0.151190911,2.292831417,0.186644346,0.905035083,4.851627866,5.033791685,5.107606548,4.748162936,4.882539964,5.685346349,0.0034407,0.124521983
0.264956055,0.104782579,2.07536876,0.257817862,0.852947931,4.875602544,4.891021247,5.489601071,4.740813638,4.85900948,5.20625704,0.003232881,0.113689554
0.484587782,0.10984592,1.725867464,0.133333058,0.739188308,5.630292438,5.373832655,4.582295992,4.209538829,4.427008267,5.120952559,0.002949498,0.081433405
0.463421631,0.181572266,1.892186567,0.035626403,0.719957313,5.530304462,5.889176607,4.280120135,4.038287997,4.80561325,5.23069708,0.002634331,0.059886802
0,0,0,0,0,0,0,0,0,0,0,0.002285046,0.042165121
0,0,0,0,0,0,0,0,0,0,0,0.000153601,0.004018082
0,0,0,0,0,0,0,0,0,0,0,0.000163972,0.005357442
0,0,0,0,0,0,0,0,0,0,0,0.000178596,0.010878192
0,0,0,0,0,0,0,0,0,0,0,0.000364537,0
0,0,0,0,0,0,0,0,0,0,0,0.000380534,0.002678721
0,0,0,0,0,0,0,0,0,0,0,0.000446877,0.033130779
0,0,0,0,0,0,0,0,0,0,0,0.000521117,0.037461882
0,0,0,0,0,0,0,0,0,0,0,0.000595839,0.039842728
0,0,0,0,0,0,0,0,0,0,0,0.000654104,0.052007261
0,0,0,0,0,0,0,0,0,0,0,0.000702746,0.054059366
0,0,0,0,0,0,0,0,0,0,0,0.000722411,0.056718728
0,0,0,0,0,0,0,0,0,0,0,0.000720913,0.059585004
0,0,0,0,0,0,0,0,0,0,0,0.000704154,0.064910061
0.244205078,0.272776042,2.149747801,0.067630207,0.641267224,5.026846802,5.342487586,4.683440685,4.34628402,5.056376755,4.890935385,0.000673536,0.07282293
0.253042078,0.241906439,2.095888559,0.151115258,0.715504959,4.948413052,5.287076812,5.00261638,4.128946847,4.811033895,4.903932976,0.000643596,0.092166478
0.299457899,0.191657986,1.990028847,0.096037872,0.786178949,5.28265537,5.038189709,5.030267612,4.228732514,4.960356673,5.15514218,0.000596576,0.105679205
0.33478814,0.175767687,2.129997521,0.124025412,0.737174627,4.268076251,5.244804919,5.363411695,3.842218518,4.253349264,4.335657368,0.000544213,0.098307025
0,0,0,0,0,0,0,0,0,0,0,0.0004832,0.064490048
0,0,0,0,0,0,0,0,0,0,0,0.000422133,0.040806252
0,0,0,0,0,0,0,0,0,0,0,0.000361354,0.002678721
0,0,0,0,0,0,0,0,0,0,0,0.000308846,0.003214465
0,0,0,0,0,0,0,0,0,0,0,0,0
0,0,0,0,0,0,0,0,0,0,0,0,0.013951673
0,0,0,0,0,0,0,0,0,0,0,0.002420167,0.016860186
0.124831272,0.33152832,2.268682119,0.184642715,0.879381865,4.51976345,5.610349298,6.205384374,4.455489437,4.335630675,5.13657248,0.002506247,0.010796058
0.197494914,0.262778931,2.400071955,0.210738305,0.652505417,4.568193939,4.925500568,5.30533199,4.778863531,5.104287174,5.696148444,0.002632763,0.014317303
0.196998779,0.234710531,2.395025538,0.193679614,0.811623287,4.327236094,4.866061479,5.690070346,4.66236296,5.447699079,5.415939355,0.002797059,0.201343497
0.163159632,0.220850695,2.426258194,0.214639045,0.70739827,4.630076541,4.526183695,5.30776298,5.087865909,5.455400023,5.94035437,0.002934185,0.235560651
0.17714681,0.277751465,2.440484012,0.238655385,0.810888248,4.461058065,5.072527121,5.280120085,4.232344121,5.488335172,5.623613576,0.003006342,0.182173637
0.162019145,0.298779907,2.422354264,0.186143699,0.829042528,4.422108883,4.651655454,5.060495854,4.639472801,5.229848508,5.654286236,0.003043551,0.172479679
0.201963623,0.218771078,2.415511909,0.217243029,0.754377591,4.737514994,4.415327954,4.81601947,5.346248904,5.242495909,5.791071102,0.003062858,0.279748182
0.166282349,0.159275004,2.391601787,0.257544506,0.643543334,4.486924635,3.92824002,5.626252454,5.692774884,5.443853475,5.561067809,0.003022419,0.269317835
0.225734411,0.18917589,2.481906724,0.241841961,0.795352172,4.260230243,4.876087467,5.61770318,4.916803685,5.419731167,5.630695687,0.002934949,0.243424229
0.206185529,0.210294868,2.267225227,0.188874056,0.702321618,4.629607058,4.602465391,4.915185958,5.126165142,5.301544749,5.631211344,0.002823226,0.261040929
0.198327311,0.238030219,2.330040428,0.170888929,0.69257333,4.829793268,4.788977969,5.200532887,4.980008183,5.169086125,5.751114031,0.002705838,0.227754806
0.270803035,0.192178047,2.341009278,0.121346712,0.717121667,5.289371458,4.428359816,4.46932105,5.199189624,5.427849295,5.829315722,0.002566773,0.228911485
0.244861576,0.242826451,2.241352499,0.064078197,0.651979124,5.124553428,4.484701744,4.768644356,5.281840534,5.594991539,5.749612462,0.002422043,0.210570348
0.2696554,0.251031359,2.198241909,0.040753034,0.737858437,5.350800082,4.662358638,4.467380649,5.142183082,5.67071119,5.88309749,0.002291689,0.192453522
0.223845841,0.254871169,2.296035638,0.093369133,0.712886797,5.189224062,4.587154659,4.458556543,5.273233565,5.438900764,5.741089516,0.002214022,0.229369077
0.172424612,0.227230262,2.33545774,0.183855659,0.636469605,4.829555969,4.701691443,4.978976743,4.962980341,5.439565334,5.752979669,0.00220726,0.242022358
0.141059977,0.255897013,2.510604135,0.200263116,0.590655229,4.449950736,4.674901389,4.925367281,5.661263406,5.896545917,6.115315087,0.002256584,0.195201062
0,0,0,0,0,0,0,0,0,0,0,0.00234976,0.150575004
0,0,0,0,0,0,0,0,0,0,0,0.002472665,0.128933336
0,0,0,0,0,0,0,0,0,0,0,0.002593569,0.115569071
0,0,0,0,0,0,0,0,0,0,0,0.002725424,0.102962502
0.081517289,0.245305809,2.177285868,0.219941914,0.783543218,4.384578149,5.236519224,5.59622652,4.86230374,4.765379667,5.002982789,0.002788736,0.122734903
0.051132632,0.185775192,2.202273428,0.338885045,0.863608408,4.016076896,5.456167916,5.917272588,4.476108485,4.592026462,5.050289287,0.002818219,0.174385991
0.070868164,0.157026693,2.198693944,0.314896559,0.719782637,4.150231922,4.42977252,5.864871359,5.360361862,5.06913346,4.864335454,0.002818297,0.17058406
0.149485189,0.277964518,2.188274216,0.180360356,0.616418729,4.401705176,4.939865643,5.468543643,4.823012465,5.144032544,5.274223119,0.002811556,0.122439153
0.164851165,0.243114059,2.22547617,0.204248422,0.705335626,5.172320637,4.669670092,5.273686886,5.001326021,5.602230115,5.497434056,0.002762225,0.120270317
0.245538556,0.226779152,2.181461083,0.165375342,0.803757193,5.579750193,4.927989721,4.956231938,4.546034859,5.224976924,5.466703415,0.002603213,0.099854339
0.487264405,0.165089112,1.634637421,0.039686539,0.888708583,5.993273944,5.573515594,4.902809769,4.257853791,4.650322765,4.56921652,0.002398805,0.079478449
0.535877976,0.081429967,1.712828789,0.04936043,0.924828866,5.815092632,5.502126404,5.087553884,3.989523223,4.492583726,4.939407263,0.002124013,0.062620382
0,0,0,0,0,0,0,0,0,0,0,0.001852109,0.017590623
0,0,0,0,0,0,0,0,0,0,0,0.001497115,0.024987184
0,0,0,0,0,0,0,0,0,0,0,0.000148017,0.005803896
0,0,0,0,0,0,0,0,0,0,0,0.000148265,0.009537995
0,0,0,0,0,0,0,0,0,0,0,0.000304943,0.004464535
0,0,0,0,0,0,0,0,0,0,0,0.000320232,0.003794855
0,0,0,0,0,0,0,0,0,0,0,0.000389139,0.026971368
0,0,0,0,0,0,0,0,0,0,0,0.000456709,0.029099693
0,0,0,0,0,0,0,0,0,0,0,0.000512433,0.033224881
0,0,0,0,0,0,0,0,0,0,0,0.000561085,0.038358811
0,0,0,0,0,0,0,0,0,0,0,0.000590016,0.041043314
0,0,0,0,0,0,0,0,0,0,0,0.000592616,0.043095016
0,0,0,0,0,0,0,0,0,0,0,0.000580709,0.045138244
0,0,0,0,0,0,0,0,0,0,0,0.000553989,0.048656845
0,0,0,0,0,0,0,0,0,0,0,0.000519182,0.056913712
0,0,0,0,0,0,0,0,0,0,0,0.000481568,0.069192982
0.336823731,0.208629558,2.034503679,0.070482411,0.928406432,4.050385565,4.856773526,4.930392147,3.801782668,4.462756247,4.611658931,0.000427624,0.069965026
0,0,0,0,0,0,0,0,0,0,0,0.000370098,0.061159155
0,0,0,0,0,0,0,0,0,0,0,0.000310466,0.045831867
0,0,0,0,0,0,0,0,0,0,0,0.000260724,0.025942096
0,0,0,0,0,0,0,0,0,0,0,0.002353044,0.045835896
0.214244656,0.176197239,2.415051463,0.17608118,0.601109926,4.492031539,4.181476747,5.05410562,5.822431567,5.571054903,5.826758705,0.002305856,0.03160891
0.252111545,0.166662001,2.366390364,0.17761881,0.593823158,4.629222735,4.262680801,5.080531716,5.384817473,5.397049324,5.690014887,0.002390834,0.284560967
0.292982178,0.158642985,2.252570211,0.169109752,0.752008247,4.52512046,5.100889929,5.081544824,4.296043284,4.758269384,4.654616311,0.002458276,0.175032338
0,0,0,0,0,0,0,0,0,0,0,0.00248536,0.170796131
0.279456038,0.163733638,2.35402761,0.178741156,0.715079578,5.049597795,4.409723156,4.375318072,5.424880216,5.356044594,5.841238041,0.002534462,0.204641927
0.122263455,0.161984592,2.361784295,0.304920432,0.687256423,4.529092044,4.02160581,5.379859656,5.899373075,5.327637513,6.132829904,0.002508299,0.318586889
0.214875326,0.15186556,2.395096844,0.222186112,0.699325106,3.971197823,4.800061447,5.555675638,4.685852784,4.377885157,5.17855348,0.002456756,0.217634725
0.199787714,0.092864351,2.281894314,0.295837645,0.798096732,4.867128236,4.234840453,5.171827597,5.257851686,4.913459897,5.491602208,0.002381658,0.233474497
0.208741111,0.179572316,2.434935335,0.22938099,0.766536074,4.574335593,4.576721911,4.806731765,5.200784376,5.424402173,5.787091154,0.002298481,0.223992694
0.111317749,0.14719869,2.301913908,0.306993612,0.588637189,4.277371503,4.586999431,5.506870195,5.691687078,5.466921963,5.551872894,0.002232584,0.263453783
0.160848278,0.117655806,2.120497967,0.31619312,0.674679611,4.544684134,4.258186037,5.127753735,5.702710954,5.37679701,5.913289764,0.002131589,0.313629122
0.150196615,0.258396159,2.45048453,0.235228678,0.711675156,4.125255761,5.193363464,5.82621181,4.61419031,5.192548221,4.937189734,0.002039194,0.226176309
0.103454861,0.139265408,2.251175896,0.383101633,0.5141272,4.485814005,4.052981109,5.507508725,6.054315786,5.673183203,5.369526982,0.001953906,0.29811325
0.175513713,0.216480713,2.355235273,0.232269667,0.610390685,4.352545653,4.592169717,5.341304816,4.981279843,5.110217191,5.436122853,0.001914735,0.208930525
0.165618257,0.161252558,2.492961889,0.300637934,0.557607993,4.180528373,4.598403479,5.748419932,5.131130048,5.220048896,5.487288875,0.001911355,0.159095147
0.243657227,0.175911458,2.787473921,0.20422601,0.581469259,4.450535417,4.920630097,5.640675604,4.490476012,5.051867485,4.971104145,0.001939518,0.119463249
0,0,0,0,0,0,0,0,0,0,0,0.001969804,0.103252336
0,0,0,0,0,0,0,0,0,0,0,0.002006226,0.091979998
0,0,0,0,0,0,0,0,0,0,0,0.00207969,0.086679427
0,0,0,0,0,0,0,0,0,0,0,0.002115026,0.090779527
0.015587565,0.207061768,2.092272118,0.305280193,0.788056969,3.170095764,5.817920968,6.136679381,3.903939336,3.725481987,4.247278497,0.002134026,0.083136147
0,0,0,0,0,0,0,0,0,0,0,0.00214914,0.109972014
0,0,0,0,0,0,0,0,0,0,0,0.002169107,0.073352612
0,0,0,0,0,0,0,0,0,0,0,0.002152274,0.069342222
0.054833171,0.416691894,2.159919214,0.287300368,0.394267051,4.272151791,4.481379725,6.34006317,4.890341185,5.210562199,5.446618781,0.002043515,0.070138823
0.2279081,0.301425867,2.077427387,0.152606407,0.636052636,4.969265383,5.163902462,5.283974779,4.521769219,4.974772071,5.393926131,0.001865388,0.080148603
0,0,0,0,0,0,0,0,0,0,0,0.001650741,0.06217555
0,0,0,0,0,0,0,0,0,0,0,0.001537093,0.003125175
0,0,0,0,0,0,0,0,0,0,0,0.001194574,0.003061396
0,0,0,0,0,0,0,0,0,0,0,0.000880355,0.003348401
0,0,0,0,0,0,0,0,0,0,0,0.000679732,0.002678721
0,0,0,0,0,0,0,0,0,0,0,0.000125377,0.004870402
0,0,0,0,0,0,0,0,0,0,0,0.000133058,0.008267747
0,0,0,0,0,0,0,0,0,0,0,0.000381798,0.002678721
0,0,0,0,0,0,0,0,0,0,0,0.000446568,0.002678721
0,0,0,0,0,0,0,0,0,0,0,0.000479805,0.002678721
0,0,0,0,0,0,0,0,0,0,0,0.00047017,0.002678721
0,0,0,0,0,0,0,0,0,0,0,0.000436018,0.030178917
0,0,0,0,0,0,0,0,0,0,0,0.000402757,0.031953753
0,0,0,0,0,0,0,0,0,0,0,0.000368254,0.063496395
0.264215495,0.293501628,2.116330732,0.083081938,0.938186923,4.087338364,5.078513408,5.479017222,4.175846684,4.269694936,4.056797409,0.000317642,0.052347561
0,0,0,0,0,0,0,0,0,0,0,0.000264239,0.037039984
0.210938721,0.144435764,2.487341302,0.207209775,0.723801122,4.907276983,4.199805409,4.259681508,5.97247224,6.017806868,6.343463451,0.001818847,0.0201797
0.250079549,0.166942749,2.359190542,0.159444832,0.683038849,4.436572697,4.438956715,4.752956986,5.098705433,5.294160381,5.646130935,0.001850969,0.212215295
0.305482289,0.17097057,2.195738159,0.08727485,0.762363302,4.876945479,4.670846034,5.105489119,4.950178285,5.085824389,5.450341493,0.001904467,0.147373937
0.373572754,0.149540365,2.11637481,0.07919046,0.769506344,4.960841113,4.691039312,4.791533768,4.977387822,5.249539387,5.422402251,0.001951639,0.13324292
0.263769874,0.19722108,2.283268704,0.142234828,0.7606944,4.961489404,4.580903188,4.653315558,4.977729841,5.337719259,5.790685911,0.001978779,0.158505021
0.243022461,0.199123091,2.36626048,0.188056259,0.793935401,4.8641418,4.746366598,4.819992916,5.299874563,5.339668057,5.696085274,0.001998218,0.197821306
0.238179627,0.223565064,2.296807302,0.117669522,0.756062484,4.520790354,4.364261918,4.885301296,4.804722961,5.013894938,5.598067455,0.001968028,0.176183715
0.28633374,0.152636963,2.216765226,0.136356222,0.774152465,4.939558254,4.376699945,5.036305773,5.241058025,5.15082036,5.695156673,0.001938911,0.189955523
0.238323568,0.215019066,2.353974189,0.173777508,0.723570149,4.834225254,4.880947743,5.251500968,5.185219552,5.544834099,6.072600944,0.001896192,0.194949254
0,0,0,0,0,0,0,0,0,0,0,0.001876115,0.15821373
0.236143741,0.174308617,2.350236985,0.220177568,0.727342651,4.356251894,4.676248627,5.403498475,5.294318238,5.451507202,5.340439911,0.001829097,0.17077854
0.114479818,0.210208985,2.357594222,0.29731875,0.726220468,3.994877252,4.650609589,5.647444677,5.485752505,5.485663104,5.497050357,0.00175512,0.208295719
0.146430199,0.188518415,2.366684327,0.273423812,0.704937176,4.296619415,4.494411034,5.436575992,5.650595205,5.193735574,5.673183322,0.001675519,0.19033339
0.178244539,0.181013817,2.329253868,0.227751878,0.552065326,4.403186315,4.169638865,5.693795476,5.984058857,5.594309767,5.687735399,0.001610575,0.174745704
0.081272786,0.152522786,2.240549827,0.364651797,0.575785297,4.780939341,4.081014633,4.93509829,5.426553965,5.202301979,5.764570951,0.001593046,0.129569132
0,0,0,0,0,0,0,0,0,0,0,0.001556724,0.094280361
0,0,0,0,0,0,0,0,0,0,0,0.001540766,0.0824472
0,0,0,0,0,0,0,0,0,0,0,0.001532977,0.07416725
0,0,0,0,0,0,0,0,0,0,0,0.001552888,0.066750815
0,0,0,0,0,0,0,0,0,0,0,0.001572334,0.071338065
0,0,0,0,0,0,0,0,0,0,0,0.001583324,0.073540253
0,0,0,0,0,0,0,0,0,0,0,0.001615838,0.069459303
0,0,0,0,0,0,0,0,0,0,0,0.001619724,0.057470864
0,0,0,0,0,0,0,0,0,0,0,0.00161731,0.045532938
0,0,0,0,0,0,0,0,0,0,0,0.001530416,0.045988581
0,0,0,0,0,0,0,0,0,0,0,0.001402666,0.067854961
0.211330566,0.298029989,2.173565192,0.128183849,0.446385547,4.59240324,4.970129751,5.339590192,4.917127423,5.223772407,5.325932085,0.001229848,0.062171576
0,0,0,0,0,0,0,0,0,0,0,0.001018902,0.002678721
0,0,0,0,0,0,0,0,0,0,0,0.000853589,0.003571628
0,0,0,0,0,0,0,0,0,0,0,0.000731647,0.003571628
0,0,0,0,0,0,0,0,0,0,0,0.000106992,0.005378756
0,0,0,0,0,0,0,0,0,0,0,0.000112791,0.00801264
0,0,0,0,0,0,0,0,0,0,0,0.000115197,0.003061396
0,0,0,0,0,0,0,0,0,0,0,0.000218278,0
0,0,0,0,0,0,0,0,0,0,0,0.000267814,0.002678721
0,0,0,0,0,0,0,0,0,0,0,0.00036098,0.009375524
0,0,0,0,0,0,0,0,0,0,0,0.000317726,0.00525823
0,0,0,0,0,0,0,0,0,0,0,0.000267123,0.01258999
0,0,0,0,0,0,0,0,0,0,0,0.000222024,0.023627548
0,0,0,0,0,0,0,0,0,0,0,0.000180603,0.017289754
0.092872722,0.28208374,2.510378582,0.245821471,0.893580549,3.969152927,4.922472909,4.578508079,5.396171481,5.753600687,5.796221018,0.001290336,0.009949536
0.174152143,0.203425919,2.428519416,0.202809351,0.752135316,4.446556988,4.484927113,4.841164007,5.278993822,5.321962437,5.576773233,0.001354235,0.149773384
0.27967915,0.180360196,2.254759279,0.14075337,0.839492695,4.377097227,5.037973248,5.1971393,4.704293653,4.939090337,5.164086687,0.001421921,0.115294593
0,0,0,0,0,0,0,0,0,0,0,0.00145303,0.095496076
0.33227181,0.123399414,2.359843173,0.211575766,0.67155738,5.159598917,4.393542773,4.605991554,5.08909545,5.391114652,6.034298313,0.001481965,0.134613704
0.182627821,0.221492622,2.451538038,0.246215389,0.72494734,4.432392943,4.794048329,5.135225717,5.11944954,5.048841282,5.670149485,0.001522987,0.132922914
0.199174805,0.169892462,2.502687643,0.240079091,0.707711072,4.784860117,4.759434964,5.265772096,4.989980619,5.255137461,5.718982756,0.001539137,0.161890977
0.142302032,0.287856788,2.305366409,0.143735957,0.656085399,4.423464174,4.506551959,5.421430381,4.791010756,5.038646281,5.549565827,0.001533616,0.138999787
0.277713449,0.166753162,2.382344389,0.1649659,0.707578681,4.720964643,4.325631866,4.737771039,5.306943042,5.347237825,5.692527882,0.001530651,0.173919265
0.162218967,0.186388618,2.493385151,0.227841346,0.622156058,4.177741086,4.560837696,5.366940737,5.522419522,5.62800463,5.894722482,0.001531309,0.164378175
0.297345649,0.139688314,2.360226653,0.152779504,0.660864316,4.987774342,4.747801373,5.0995574,4.926912348,5.28667902,5.53938363,0.001516584,0.163401251
0.37999349,0.04933431,2.290646142,0.233154998,0.920363741,4.836447001,4.515098572,4.698093176,3.996646047,5.356852174,6.14615798,0.001459677,0.13947792
0,0,0,0,0,0,0,0,0,0,0,0.001381696,0.109576567
0,0,0,0,0,0,0,0,0,0,0,0.001315329,0.094688015
0.166078017,0.195142687,2.308100356,0.192644193,0.414703154,3.99538519,4.75947094,5.41936477,4.972082814,5.3725516,5.447573622,0.001266719,0.090496616
0,0,0,0,0,0,0,0,0,0,0,0.001210248,0.073176883
0,0,0,0,0,0,0,0,0,0,0,0.001154004,0.064942954
0,0,0,0,0,0,0,0,0,0,0,0.001125382,0.056803751
0,0,0,0,0,0,0,0,0,0,0,0.001106775,0.052378508
0,0,0,0,0,0,0,0,0,0,0,0.001129943,0.053491352
0,0,0,0,0,0,0,0,0,0,0,0.001149795,0.053088806
0,0,0,0,0,0,0,0,0,0,0,0.001174531,0.046626991
0,0,0,0,0,0,0,0,0,0,0,0.001179295,0.046810595
0,0,0,0,0,0,0,0,0,0,0,0.001160719,0.039594501
0,0,0,0,0,0,0,0,0,0,0,0.001120933,0.003214465
0,0,0,0,0,0,0,0,0,0,0,0.001038519,0.005759251
0.244222819,0.345585938,2.143018172,0.103719612,0.864104072,5.805184305,5.457762957,5.160314679,5.054234714,5.659185589,5.549172401,0.000918142,0.005357442
0.259535319,0.312372233,2.17381164,0.078135763,0.8040603,5.881973386,4.921482563,5.359351695,4.465804041,5.665829957,5.329760611,0.000812036,0.006181664
0,0,0,0,0,0,0,0,0,0,0,0.000768801,0.003482338
0,0,0,0,0,0,0,0,0,0,0,8.65706E-05,0.003348401
0,0,0,0,0,0,0,0,0,0,0,0.000151703,0.002678721
0,0,0,0,0,0,0,0,0,0,0,0.00017264,0.021429769
0,0,0,0,0,0,0,0,0,0,0,0.000141638,0.002678721
0.120687663,0.222492676,2.276720982,0.156907162,0.489184682,3.548704431,6.05609727,5.928573907,4.114069194,5.407919586,4.798979223,0.000867799,0.017102604
0.128897027,0.2324969,2.346993819,0.185414809,0.773179939,4.229478056,5.037800355,5.711769581,4.936331681,5.107144764,5.1272283,0.000957128,0.111836441
0.11282308,0.243242594,2.354617301,0.149219069,0.697358279,4.249670595,5.867514208,6.094419509,4.262313411,4.566852569,4.798381984,0.001018197,0.072360314
0.56617296,0.058868815,1.818992044,0.070409012,0.619114613,5.326392253,5.157955468,4.443554799,4.420418839,4.980690797,4.941741923,0.001059282,0.072060063
0.195160257,0.239594601,2.340865708,0.141895555,0.803950589,4.926017564,4.36993792,4.916453898,5.224798675,5.479316954,5.817049242,0.001089201,0.119431661
0.167262008,0.212343931,2.355305173,0.280961734,0.856524625,4.445969366,5.177778754,5.343017075,4.38771302,5.096188221,5.694759885,0.001149479,0.137318374
0.134223975,0.225169614,2.391996906,0.302303589,0.749056452,4.326258176,4.993758647,5.305315215,4.422441374,5.433573378,5.954941913,0.00118372,0.120469788
0.154587493,0.222963958,2.455388191,0.282491426,0.785322683,4.252178282,4.896935582,5.532286558,4.637562904,5.156090392,5.729687502,0.001203398,0.098197023
0.283063035,0.16362979,2.32280261,0.129792139,0.707106628,4.807496759,4.286397249,4.686033424,5.386908752,5.417330308,5.922724485,0.001212543,0.147930422
0.176669922,0.219968533,2.602717819,0.220842519,0.695271152,4.695311457,4.495783006,4.837770452,5.407295704,5.409566015,5.840741436,0.001213162,0.158459029
0,0,0,0,0,0,0,0,0,0,0,0.001207847,0.102425425
0,0,0,0,0,0,0,0,0,0,0,0.001163872,0.079116915
0,0,0,0,0,0,0,0,0,0,0,0.001103956,0.071539331
0,0,0,0,0,0,0,0,0,0,0,0.001031736,0.06529678
0,0,0,0,0,0,0,0,0,0,0,0.000965547,0.060024217
0,0,0,0,0,0,0,0,0,0,0,0.000896906,0.050385394
0,0,0,0,0,0,0,0,0,0,0,0.000835917,0.047251179
0,0,0,0,0,0,0,0,0,0,0,0.000784141,0.043233302
0,0,0,0,0,0,0,0,0,0,0,0.000759451,0.03922827
0,0,0,0,0,0,0,0,0,0,0,0.000781072,0.038985887
0,0,0,0,0,0,0,0,0,0,0,0.000811211,0.038185935
0,0,0,0,0,0,0,0,0,0,0,0.000823984,0.043999821
0,0,0,0,0,0,0,0,0,0,0,0.000824797,0.033862012
0,0,0,0,0,0,0,0,0,0,0,0.000817516,0.017516507
0,0,0,0,0,0,0,0,0,0,0,0.000935021,0.005666526
0,0,0,0,0,0,0,0,0,0,0,0,0.004687762
0,0,0,0,0,0,0,0,0,0,0,7.07137E-05,0.002678721
0,0,0,0,0,0,0,0,0,0,0,0,0.002678721
0,0,0,0,0,0,0,0,0,0,0,0.000575404,0.012628257
0.164025065,0.244373372,2.632454338,0.131652025,0.153572558,3.726753116,4.170352101,4.808813274,6.239766717,5.354008675,5.88985002,0.000665803,0.054458561
0,0,0,0,0,0,0,0,0,0,0,0.000728021,0.051057012
0,0,0,0,0,0,0,0,0,0,0,0.000775143,0.05455187
0,0,0,0,0,0,0,0,0,0,0,0.000823319,0.060642359
0.192182617,0.206298503,2.50411545,0.159483762,0.818940575,4.826442015,5.732874727,4.955515706,4.381749284,4.849694419,5.438647151,0.000862172,0.065647515
0.193612767,0.201644651,2.346107834,0.223697707,0.693422608,4.263888201,5.113576423,5.126830164,4.935428262,5.279942214,5.467048112,0.000906786,0.109971848
0.376463759,0.125820313,2.191893024,0.095882611,0.789807468,4.811288436,5.309914032,4.791071554,4.03063945,4.658849259,5.150439044,0.000926934,0.074770883
0.270770833,0.18877832,2.427003326,0.08564862,0.742003173,4.845194447,4.318056071,4.626486516,5.430396187,5.385913384,5.212453318,0.000941691,0.088592077
0.176695964,0.212288412,2.679304256,0.26291343,0.619487689,4.684829235,5.200630993,5.950789154,4.725058079,5.545450032,5.945709527,0.000932802,0.097107269
0.169448242,0.055247396,2.287230599,0.363052722,0.918246318,2.885561466,6.393597245,6.71308279,4.221341193,4.51810807,4.589709401,0.000926191,0.071539839
0,0,0,0,0,0,0,0,0,0,0,0.000900773,0.057100456
0,0,0,0,0,0,0,0,0,0,0,0.000853735,0.048698971
0,0,0,0,0,0,0,0,0,0,0,0.000794033,0.046815464
0,0,0,0,0,0,0,0,0,0,0,0.000718702,0.042293647
0,0,0,0,0,0,0,0,0,0,0,0.000657348,0.037301743
0,0,0,0,0,0,0,0,0,0,0,0.000585741,0.033112028
0,0,0,0,0,0,0,0,0,0,0,0.000540728,0.029333953
0,0,0,0,0,0,0,0,0,0,0,0.000517273,0.026829713
0,0,0,0,0,0,0,0,0,0,0,0.000526351,0.02574126
0,0,0,0,0,0,0,0,0,0,0,0.000539128,0.031868322
0,0,0,0,0,0,0,0,0,0,0,0.000540409,0.028851389
0,0,0,0,0,0,0,0,0,0,0,0.000540135,0.027265686
0,0,0,0,0,0,0,0,0,0,0,0.000565729,0.008371004
0,0,0,0,0,0,0,0,0,0,0,0.000386565,0.004209419
0,0,0,0,0,0,0,0,0,0,0,0.000393806,0.007350601
0,0,0,0,0,0,0,0,0,0,0,0.000457761,0.02597058
0,0,0,0,0,0,0,0,0,0,0,0.000518955,0.036134379
0,0,0,0,0,0,0,0,0,0,0,0.000569111,0.034198235
0,0,0,0,0,0,0,0,0,0,0,0.000609612,0.030764737
0,0,0,0,0,0,0,0,0,0,0,0.000644887,0.031131715
0.110454102,0.228157552,2.451338955,0.363213503,0.889034973,4.565751076,4.594972253,5.048418283,5.021042228,5.30475986,5.926143765,0.000684163,0.041061595
0.525374349,0.020485026,1.899913317,0.014756586,0.683761873,5.291037202,4.667563558,4.650832653,5.016040683,5.475809693,5.927540064,0.000710185,0.043744264
0,0,0,0,0,0,0,0,0,0,0,0.000714363,0.045875198
0,0,0,0,0,0,0,0,0,0,0,0.000710794,0.044639343
0,0,0,0,0,0,0,0,0,0,0,0.000702199,0.033781617
0,0,0,0,0,0,0,0,0,0,0,0.00069453,0.029419576
0,0,0,0,0,0,0,0,0,0,0,0.000662321,0.027100885
0,0,0,0,0,0,0,0,0,0,0,0.000552913,0.029755301
0,0,0,0,0,0,0,0,0,0,0,0.00039015,0.020946324
0,0,0,0,0,0,0,0,0,0,0,0.000359992,0.019784538
0,0,0,0,0,0,0,0,0,0,0,0.000336597,0.020465839
0,0,0,0,0,0,0,0,0,0,0,0.000330838,0.017959998
0,0,0,0,0,0,0,0,0,0,0,0.00033142,0.003348401
0,0,0,0,0,0,0,0,0,0,0,0.00037706,0.004209419
0,0,0,0,0,0,0,0,0,0,0,0.000277784,0.002678721
0,0,0,0,0,0,0,0,0,0,0,0.000295814,0.002678721
0,0,0,0,0,0,0,0,0,0,0,0.000357728,0.026196387
0,0,0,0,0,0,0,0,0,0,0,0.000403038,0.01969735
0,0,0,0,0,0,0,0,0,0,0,0.000444135,0.003013561
0,0,0,0,0,0,0,0,0,0,0,0.00047114,0.01676122
0,0,0,0,0,0,0,0,0,0,0,0.000511441,0.025237164
0,0,0,0,0,0,0,0,0,0,0,0.000538238,0.033736578
0.137537435,0.430094401,1.748974114,0.058155472,0.499174909,4.844584346,5.417367458,4.229087353,3.702767789,5.49544847,5.982466817,0.000550705,0.045693959
0,0,0,0,0,0,0,0,0,0,0,0.000555014,0.027719956
0,0,0,0,0,0,0,0,0,0,0,0.000556511,0.022765232
0,0,0,0,0,0,0,0,0,0,0,0.000554712,0.020662741
0,0,0,0,0,0,0,0,0,0,0,0.000534008,0.019937692
0,0,0,0,0,0,0,0,0,0,0,0.000500438,0.002678721
0,0,0,0,0,0,0,0,0,0,0,0.000472132,0.002678721
0,0,0,0,0,0,0,0,0,0,0,0.000324258,0
0,0,0,0,0,0,0,0,0,0,0,0.000269644,0.004285954
0,0,0,0,0,0,0,0,0,0,0,0.000227192,0.007653489
0,0,0,0,0,0,0,0,0,0,0,0.000218877,0.003214465
0,0,0,0,0,0,0,0,0,0,0,0.000236833,0.002678721
0,0,0,0,0,0,0,0,0,0,0,0,0
0,0,0,0,0,0,0,0,0,0,0,0,0
0,0,0,0,0,0,0,0,0,0,0,0,0
0,0,0,0,0,0,0,0,0,0,0,0,0
0,0,0,0,0,0,0,0,0,0,0,0,0.002678721
0,0,0,0,0,0,0,0,0,0,0,0,0.01517942
0,0,0,0,0,0,0,0,0,0,0,0,0.013895866
0,0,0,0,0,0,0,0,0,0,0,0,0.024190732
0,0,0,0,0,0,0,0,0,0,0,0,0.02004071
0,0,0,0,0,0,0,0,0,0,0,0,0.018232183
0,0,0,0,0,0,0,0,0,0,0,0.000479796,0.012473023
0,0,0,0,0,0,0,0,0,0,0,0.000462848,0.014035973
0,0,0,0,0,0,0,0,0,0,0,0.000444489,0.004018082
0,0,0,0,0,0,0,0,0,0,0,0,0
0,0,0,0,0,0,0,0,0,0,0,0,0.002678721
0,0,0,0,0,0,0,0,0,0,0,0,0.003348401
0,0,0,0,0,0,0,0,0,0,0,0,0.011498412
0,0,0,0,0,0,0,0,0,0,0,0,0.010488011
0,0,0,0,0,0,0,0,0,0,0,0,0.010708659
0,0,0,0,0,0,0,0,0,0,0,0,0.002678721
0,0,0,0,0,0,0,0,0,0,0,0,0.002678721
0,0,0,0,0,0,0,0,0,0,0,0,0.002678721
0,0,0,0,0,0,0,0,0,0,0,0,0.003125175
0,0,0,0,0,0,0,0,0,0,0,0,0.002678721
0,0,0,0,0,0,0,0,0,0,0,0,0.003348401
0,0,0,0,0,0,0,0,0,0,0,0,0
0,0,0,0,0,0,0,0,0,0,0,0,0
0,0,0,0,0,0,0,0,0,0,0,0,0.003896322
0,0,0,0,0,0,0,0,0,0,0,0,0.004392542
0,0,0,0,0,0,0,0,0,0,0,0,0.004063252
0,0,0,0,0,0,0,0,0,0,0,0,0.002678721
0,0,0,0,0,0,0,0,0,0,0,0,0
0,0,0,0,0,0,0,0,0,0,0,0,0.002678721
0,0,0,0,0,0,0,0,0,0,0,0,0.003348401
0,0,0,0,0,0,0,0,0,0,0,0,0.002678721
0,0,0,0,0,0,0,0,0,0,0,0,0.003165761
0,0,0,0,0,0,0,0,0,0,0,0,0.008966108
0,0,0,0,0,0,0,0,0,0,0,0,0.002678721
0,0,0,0,0,0,0,0,0,0,0,0,0.003348401
