created_at,mid,uid,text,source,pics,poiid
2025/12/21 20:10,5246384523447697,1749236824,过来看日落，效果一般 深圳·西湾红树林公园-观海平台,vivo X100s Pro,"[""https://wx2.sinaimg.cn/orj360/68433c58gy1i8is0rths7j22dc35se81.jpg"", ""https://wx3.sinaimg.cn/orj360/68433c58gy1i8is0tj5mcj22dc35s7wi.jpg"", ""https://wx3.sinaimg.cn/orj360/68433c58gy1i8is0uzg8hj22dc35shdt.jpg"", ""https://wx2.sinaimg.cn/orj360/68433c58gy1i8is0wcejpj22dc35s4qp.jpg"", ""https://wx4.sinaimg.cn/orj360/68433c58gy1i8is1d2vlsj22dc35se83.jpg"", ""https://wx3.sinaimg.cn/orj360/68433c58gy1i8is0ybhikj22dc35s7wi.jpg"", ""https://wx4.sinaimg.cn/orj360/68433c58gy1i8is110ooej22dc35snpg.jpg"", ""https://wx3.sinaimg.cn/orj360/68433c58gy1i8is1fmnipj22d035ckjn.jpg"", ""https://wx3.sinaimg.cn/orj360/68433c58gy1i8is1i74qjj22d035c1kz.jpg""]",B2094250D268ABFB419E
2025/11/30 17:02,5238727044502911,3941578510,记录周末美好时光 深圳·西湾红树林公园-观海平台,HUAWEI Pura 70 Ultra,"[""https://wx3.sinaimg.cn/orj360/eaefb70egy1i7ucj79droj235s2dcb29.jpg"", ""https://wx2.sinaimg.cn/orj360/eaefb70egy1i7uck2oxawj21w02iob2a.jpg"", ""https://wx4.sinaimg.cn/orj360/eaefb70egy1i7uckm3oe0j22dc35sqv8.jpg""]",B2094250D268ABFB419E
2025/4/11 19:02,5154320993227921,6283095485,好喜欢在海边坐着，吹着又潮又暖的海风，闻着大海的味道，看着太阳一点点落入地平线，两分钟一架的飞机飞过，天空从淡蓝变到暗红色，耳机里随机播放到伍佰的《夏夜晚风》，好多小孩儿可可爱爱 深圳·西湾红树林公园-观海平台,iPhone 13,"[""https://wx3.sinaimg.cn/orj360/006Rde9Lgy1i0d2anhtgbj31400u0k9c.jpg"", ""https://wx3.sinaimg.cn/orj360/006Rde9Lgy1i0d2amtrd7j31400u0q9f.jpg"", ""https://wx2.sinaimg.cn/orj360/006Rde9Lgy1i0d2asq7ohj31400u07f7.jpg"", ""https://wx4.sinaimg.cn/orj360/006Rde9Lgy1i0d2ev234mj30u01407f6.jpg"", ""https://wx4.sinaimg.cn/orj360/006Rde9Lgy1i0d2p6049yj31400u0aoo.jpg"", ""https://wx4.sinaimg.cn/orj360/006Rde9Lgy1i0d2p7a0dyj30u01404cv.jpg""]",B2094250D268ABFB419E
2025/11/30 9:26,5238612384023877,6322008665,分享图片 深圳·西湾红树林公园-观海平台,iPhone客户端,"[""https://wx2.sinaimg.cn/orj360/006TQvfHgy1i7tzees9fmj32c0340npe.jpg"", ""https://wx1.sinaimg.cn/orj360/006TQvfHgy1i7tzeg3ap9j32c0340x6q.jpg"", ""https://wx1.sinaimg.cn/orj360/006TQvfHgy1i7tzeh8miij32c0340hdu.jpg"", ""https://wx4.sinaimg.cn/orj360/006TQvfHgy1i7tzenme6ij32c03401l0.jpg"", ""https://wx3.sinaimg.cn/orj360/006TQvfHgy1i7tzeiswc6j33b04eohdv.jpg"", ""https://wx3.sinaimg.cn/orj360/006TQvfHgy1i7tzelivo5j32c0340hdv.jpg"", ""https://wx1.sinaimg.cn/orj360/006TQvfHgy1i7tzecljp6j32c0340x6q.jpg"", ""https://wx3.sinaimg.cn/orj360/006TQvfHgy1i7tzf6eb2pj32c03407wj.jpg"", ""https://wx4.sinaimg.cn/orj360/006TQvfHgy1i7tzf2gr0fj32c0340u0z.jpg""]",B2094250D268ABFB419E
2025/11/29 23:15,5238458571557676,1891648452,????????????｜日落时分?? 深圳·西湾红树林公园-观海平台,iPhone客户端,"[""https://wx2.sinaimg.cn/orj360/70c043c4gy1i7thq6athwj23b04eou14.jpg"", ""https://wx2.sinaimg.cn/orj360/70c043c4gy1i7thqq42j6j21r0374u0y.jpg"", ""https://wx3.sinaimg.cn/orj360/70c043c4gy1i7thr2jx04j22c03401kz.jpg"", ""https://wx2.sinaimg.cn/orj360/70c043c4gy1i7thrkge99j23402c04qp.jpg""]",B2094250D268ABFB419E
2025/11/28 23:11,5238095240760438,8004624736,那就用一颗咸蛋黄来收官11月吧～ 深圳·西湾红树林公园-观海平台,iPhone 15,"[""https://wx2.sinaimg.cn/orj360/008JIAyAgy1i7sc0w3b9yj32c0340u0x.jpg"", ""https://wx4.sinaimg.cn/orj360/008JIAyAgy1i7sc0zkvj1j32c0340u0x.jpg"", ""https://wx1.sinaimg.cn/orj360/008JIAyAgy1i7sc13go7mj32c0340qv5.jpg"", ""https://wx3.sinaimg.cn/orj360/008JIAyAgy1i7sc17b1gsj32c0340qv5.jpg"", ""https://wx3.sinaimg.cn/orj360/008JIAyAgy1i7sc1fnqfej32c0340x6p.jpg"", ""https://wx3.sinaimg.cn/orj360/008JIAyAgy1i7sc1bn7nhj32c0340u0x.jpg""]",B2094250D268ABFB419E
2025/3/15 11:51,5144428126671600,3793858507,周末小孩儿同学们相约海边搭帐篷游玩 我也正好出来走走 一晃1年多没过来了 上次过来还是傍晚 绿树红花 东临碣石以观沧海 没有惊涛拍岸但有有微浪推石 海边有两个女士在唱张雨生的大海 好应景 早起跑步?? 在想，3年5年10年的规划呢？ 深圳·西湾红树林公园-观海平台,iPhone客户端,"[""https://wx2.sinaimg.cn/orj360/e221afcbgy1hzhidd50zjj20u0140tl3.jpg"", ""https://wx3.sinaimg.cn/orj360/e221afcbgy1hzhiddrepnj21400u0tn6.jpg"", ""https://wx4.sinaimg.cn/orj360/e221afcbgy1hzhidem0jnj20u0140e2b.jpg"", ""https://wx3.sinaimg.cn/orj360/e221afcbgy1hzhidhaf8uj21400u0gzk.jpg"", ""https://wx2.sinaimg.cn/orj360/e221afcbgy1hzhidj1pugj21400u0gy6.jpg"", ""https://wx3.sinaimg.cn/orj360/e221afcbgy1hzhidla3qqj20u0140qlx.jpg""]",B2094250D268ABFB419E
2025/11/24 15:16,5236526108901420,5817325416,落日晚霞 爱自有天意 深圳·西湾红树林公园-观海平台,iPhone客户端,["https://wx4.sinaimg.cn/orj360/006lGU5igy1i7nbs6u20zj327d1nlb1m.jpg"],B2094250D268ABFB419E
2025/11/24 7:49,5236413547416902,7269992332,[拜托] 深圳·西湾红树林公园-观海平台,iPhone客户端,"[""https://wx3.sinaimg.cn/orj360/007W096Qgy1i7myu759a6j31r0340hdt.jpg"", ""https://wx3.sinaimg.cn/orj360/007W096Qgy1i7myue5w99j32c03404qq.jpg"", ""https://wx3.sinaimg.cn/orj360/007W096Qgy1i7myugum9xj32c03401ky.jpg"", ""https://wx1.sinaimg.cn/orj360/007W096Qgy1i7myumzbs2j33402c0e82.jpg"", ""https://wx4.sinaimg.cn/orj360/007W096Qgy1i7myvtsu3cj30u01hcgoy.jpg"", ""https://wx4.sinaimg.cn/orj360/007W096Qgy1i7myur7011j32c03407wi.jpg"", ""https://wx1.sinaimg.cn/orj360/007W096Qgy1i7myvzj8woj30u01hcq5z.jpg"", ""https://wx1.sinaimg.cn/orj360/007W096Qgy1i7myuunra2j32c0340u0x.jpg"", ""https://wx4.sinaimg.cn/orj360/007W096Qgy1i7myuxy5pgj32c03401ky.jpg""]",B2094250D268ABFB419E
2025/11/23 20:04,5236236300062679,5336200239,[爱慕]永远热爱?? 深圳·西湾红树林公园-观海平台,iPhone客户端,"[""https://wx1.sinaimg.cn/orj360/005P89rNgy1i7mei6ox8sj33b04eohdv.jpg"", ""https://wx1.sinaimg.cn/orj360/005P89rNgy1i7meiiqzqwj33b04eokjn.jpg"", ""https://wx1.sinaimg.cn/orj360/005P89rNgy1i7mei45j43j33b04eo4qr.jpg"", ""https://wx3.sinaimg.cn/orj360/005P89rNgy1i7meiakf0pj32c0340x6p.jpg"", ""https://wx1.sinaimg.cn/orj360/005P89rNgy1i7meindl49j34eo3b0hdu.jpg"", ""https://wx1.sinaimg.cn/orj360/005P89rNgy1i7meiw1ipbj32c03401ky.jpg""]",B2094250D268ABFB419E
2025/11/23 18:12,5236208001094013,6479603510,夕阳西下 断肠人在天涯 深圳·西湾红树林公园-观海平台,OPPO A58 5G,["https://wx3.sinaimg.cn/orj360/0074vKS2gy1i7mbafa27pj32o03k01kz.jpg"],B2094250D268ABFB419E
2025/11/23 18:11,5236207887059936,6479603510,夕阳西下 断肠人在天涯 深圳·西湾红树林公园-观海平台,OPPO A58 5G,"[""https://wx1.sinaimg.cn/orj360/0074vKS2gy1i7mb9ipre8j32o03k0u0y.jpg"", ""https://wx1.sinaimg.cn/orj360/0074vKS2gy1i7mb9m4y9ej335c2dc1ky.jpg"", ""https://wx1.sinaimg.cn/orj360/0074vKS2gy1i7mb9p1wpkj32o03k0b2a.jpg"", ""https://wx4.sinaimg.cn/orj360/0074vKS2gy1i7mb9sspmdj32o03k01kz.jpg""]",B2094250D268ABFB419E
2025/11/23 14:37,5236153976621291,6604380786,【逐日时刻】（SSS）：“你的名字深深烙印在某段时光之上，于是它被世人命名为逐日时刻。”周深 深圳·西湾红树林公园-观海平台,周深超话,"[""https://wx1.sinaimg.cn/orj360/007cXj8Kgy1i7m4z9pcbxj32c0340qv5.jpg"", ""https://wx2.sinaimg.cn/orj360/007cXj8Kgy1i7m50ejpmjj32c0340x6r.jpg"", ""https://wx4.sinaimg.cn/orj360/007cXj8Kgy1i7m50j2h8cj32c03404qs.jpg"", ""https://wx4.sinaimg.cn/orj360/007cXj8Kgy1i7m52tse3aj32c0340x6p.jpg"", ""https://wx4.sinaimg.cn/orj360/007cXj8Kgy1i7m50s63ywj32c0340b2b.jpg"", ""https://wx1.sinaimg.cn/orj360/007cXj8Kgy1i7m50vuel0j32c0340kjn.jpg"", ""https://wx3.sinaimg.cn/orj360/007cXj8Kgy1i7m50zjtt4j32c0340kjm.jpg"", ""https://wx3.sinaimg.cn/orj360/007cXj8Kgy1i7m511l5fzj32c0340x6q.jpg"", ""https://wx3.sinaimg.cn/orj360/007cXj8Kgy1i7m5166mg5j32c0340npd.jpg""]",B2094250D268ABFB419E
2025/11/22 16:55,5235826199892587,5000610079,夕阳 深圳·西湾红树林公园-观海平台,,["https://wx4.sinaimg.cn/orj360/005sq37hgy1i7l3g1y0czj635s2dc4qq08.jpg"],B2094250D268ABFB419E
2025/11/21 18:31,5235487950246324,1971392707,分享视频 深圳·西湾红树林公园-观海平台 靠谱是一种病的微博视频,微博视频号,[],B2094250D268ABFB419E
2025/11/21 17:57,5235479407497641,2950808295,谁不爱日落呢？ 深圳·西湾红树林公园-观海平台,iPhone客户端,"[""https://wx4.sinaimg.cn/orj360/afe1c2e7gy1i7jzleumqlj23402c0e81.jpg"", ""https://wx3.sinaimg.cn/orj360/afe1c2e7gy1i7jzlb8o9pj23402c01kz.jpg"", ""https://wx3.sinaimg.cn/orj360/afe1c2e7gy1i7jzkx764wj23402c0kjm.jpg"", ""https://wx3.sinaimg.cn/orj360/afe1c2e7gy1i7jzks7x65j22c0340npe.jpg""]",B2094250D268ABFB419E
2025/11/21 16:27,5235456990250979,5627472443,对未来的自己作预先承诺： 做好拒绝诱惑的准备 让改变偏好变得更难 奖励未来的自己 深圳·西湾红树林公园-观海平台,REDMI K80 Pro,["https://wx2.sinaimg.cn/orj360/0068QiEzgy1i7jx1br7c8j32dc35se82.jpg"],B2094250D268ABFB419E
2025/11/21 9:13,5235347611190935,7600001511,真好啊 深圳·西湾红树林公园-观海平台,OPPO Find X7,"[""https://wx4.sinaimg.cn/orj360/008ikPzxgy1i7jkgv9a6xj31400u0qav.jpg"", ""https://wx1.sinaimg.cn/orj360/008ikPzxgy1i7jkgzgxotj30u01hc7bq.jpg"", ""https://wx3.sinaimg.cn/orj360/008ikPzxgy1i7jkgvo86vj31400u0q9n.jpg""]",B2094250D268ABFB419E
2025/11/17 12:30,5233947719499911,1804519370,冬天的深圳太适合出门户外溜达嘞，随便走走看看海边日落?? 深圳·西湾红树林公园-观海平台,iPhone客户端,"[""https://wx3.sinaimg.cn/orj360/6b8ec7cagy1i7f3ifgtk8j22c0340e84.jpg"", ""https://wx2.sinaimg.cn/orj360/6b8ec7cagy1i7f3ici5z2j22c0340qv5.jpg"", ""https://wx4.sinaimg.cn/orj360/6b8ec7cagy1i7f3ibgyayj22c0340kjm.jpg"", ""https://wx3.sinaimg.cn/orj360/6b8ec7cagy1i7f3iiim1hj22c0340npd.jpg"", ""https://wx1.sinaimg.cn/orj360/6b8ec7cagy1i7f3ik1fq1j210o1cwe56.jpg"", ""https://wx2.sinaimg.cn/orj360/6b8ec7cagy1i7f3igigrij22c03407wi.jpg"", ""https://wx1.sinaimg.cn/orj360/6b8ec7cagy1i7f3ihdyjjj21ai1q0dyd.jpg"", ""https://wx2.sinaimg.cn/orj360/6b8ec7cagy1i7f3ije4ykj22c0340kjl.jpg"", ""https://wx4.sinaimg.cn/orj360/6b8ec7cagy1i7f3igyil4j216i1ko4gn.jpg""]",B2094250D268ABFB419E
2025/11/15 17:58,5233305515724226,2525535331,来看日落，看了个寂寞。人生也是如此，期待太高，反而会更失落，降低期待值和需求感，也许是打开幸福感的密码。身边的风景 深圳·西湾红树林公园-观海平台,HUAWEI Mate 50 Pro,"[""https://wx1.sinaimg.cn/orj360/96889c63gy1i7d1vqkwvhj21400u00vv.jpg"", ""https://wx1.sinaimg.cn/orj360/96889c63gy1i7d1vr9zauj21400u0gra.jpg""]",B2094250D268ABFB419E
2025/11/15 13:46,5233241981192429,5286797363,生活不再是一地鸡毛 而是猫毛满天飞[太阳][太阳][太阳] 深圳·西湾红树林公园-观海平台,iPhone客户端,"[""https://wx2.sinaimg.cn/orj360/005LMRvdgy1i7culqm4c2j33b04eoe87.jpg"", ""https://wx1.sinaimg.cn/orj360/005LMRvdgy1i7cum9ju2xj33b04eo1l2.jpg"", ""https://wx3.sinaimg.cn/orj360/005LMRvdgy1i7cuknt4rij33b04eo4qt.jpg"", ""https://wx1.sinaimg.cn/orj360/005LMRvdgy1i7cumx2ew9j33b04eoqva.jpg"", ""https://wx3.sinaimg.cn/orj360/005LMRvdgy1i7cunbtdjhj33b04eou11.jpg"", ""https://wx1.sinaimg.cn/orj360/005LMRvdgy1i7cunfzbzyj33b04eo1l2.jpg""]",B2094250D268ABFB419E
2025/11/9 21:57,5231191298935637,1120967107,第三弹落日大海 还捕捉到稀有的波音747 深圳·西湾红树林公园-观海平台,HUAWEI Mate 40 Pro,"[""https://wx3.sinaimg.cn/orj360/42d099c3gy1i76b3b9fqqj21400u0tg9.jpg"", ""https://wx3.sinaimg.cn/orj360/42d099c3gy1i76b3xm0bzj21400u0tek.jpg"", ""https://wx1.sinaimg.cn/orj360/42d099c3gy1i76b3ah3eaj21400u0acf.jpg"", ""https://wx1.sinaimg.cn/orj360/42d099c3gy1i76b3d039mj21400u0qau.jpg"", ""https://wx3.sinaimg.cn/orj360/42d099c3gy1i76b3cdjktj21400u0ae7.jpg"", ""https://wx3.sinaimg.cn/orj360/42d099c3gy1i76b3er4n3j20u0140ag4.jpg"", ""https://wx1.sinaimg.cn/orj360/42d099c3gy1i76b3djaqaj21400u0afw.jpg"", ""https://wx4.sinaimg.cn/orj360/42d099c3gy1i76b3e620oj21830u0aek.jpg"", ""https://wx4.sinaimg.cn/orj360/42d099c3gy1i76b3fdoi7j20u0140jxn.jpg""]",B2094250D268ABFB419E
2025/11/9 21:21,5231182192054728,1931016882,红树林的日落??每次都惊艳到我了，好绝。 深圳·西湾红树林公园-观海平台,iPhone客户端,"[""https://wx3.sinaimg.cn/orj360/7318fab2gy1i76a2hzuzzj21r03404qq.jpg"", ""https://wx1.sinaimg.cn/orj360/7318fab2gy1i76a2lqx1zj21r0340b2a.jpg"", ""https://wx4.sinaimg.cn/orj360/7318fab2gy1i76a2p617qj21r0340x6p.jpg"", ""https://wx3.sinaimg.cn/orj360/7318fab2gy1i76a2smqr3j21r0340hdu.jpg"", ""https://wx2.sinaimg.cn/orj360/7318fab2gy1i76a2toxo5j21r03401ky.jpg"", ""https://wx4.sinaimg.cn/orj360/7318fab2gy1i76a2xbz50j21r0340x4y.jpg"", ""https://wx3.sinaimg.cn/orj360/7318fab2gy1i76a2yz9fej21r0340u0x.jpg"", ""https://wx2.sinaimg.cn/orj360/7318fab2gy1i76a30bg3cj21r03404qq.jpg"", ""https://wx4.sinaimg.cn/orj360/7318fab2gy1i76a34irbaj21r03401l0.jpg""]",B2094250D268ABFB419E
2025/11/12 15:08,5232175583596696,6557153190,漂亮饭，法式之吻年度最佳 深圳·公鸡和龙(南海玫瑰花园一期店),iPhone客户端,"[""https://wx3.sinaimg.cn/orj360/0079L95kgy1i79g54q336j33b04eonpg.jpg"", ""https://wx4.sinaimg.cn/orj360/0079L95kgy1i79g56d4tbj33b04eoqv8.jpg"", ""https://wx4.sinaimg.cn/orj360/0079L95kgy1i79g57srzbj34eo3b01l0.jpg"", ""https://wx4.sinaimg.cn/orj360/0079L95kgy1i79g5966xrj34eo3b07wk.jpg"", ""https://wx3.sinaimg.cn/orj360/0079L95kgy1i79g5392qej31o0280hdt.jpg"", ""https://wx3.sinaimg.cn/orj360/0079L95kgy1i79g5alsa5j33b04eokjo.jpg""]",B2094751D36DABFF4192
2024/11/6 14:16,5097716455834969,7621556049,【自由写手寻求合作】 本人从事音乐行业多年，擅长音乐评论、演出统筹及推广、品牌定制歌单制作、音乐线上推广、长音频节目等内容。 同时涉猎电影和戏剧评论及两性情感关系和时尚文化方面的写作。 如有以上内容的需求，欢迎大家前来邀稿！ 谢谢大家一直以来关注与支持?? 深圳·公鸡和龙(南海玫瑰花园一期店),iPhone客户端,["https://wx1.sinaimg.cn/orj360/008jNgTngy1hvchm1xxa2j30u00u0gsm.jpg"],B2094751D36DABFF4192
2024/11/3 21:46,5096742583012174,5571859585,终于打卡公鸡和龙??好喝好吃??土豆泥特别好吃[色] 深圳·公鸡和龙(南海玫瑰花园一期店),微博轻享版,"[""https://wx2.sinaimg.cn/orj360/00654XcZgy1hv9dvpkbrej32dc35sqv7.jpg"", ""https://wx1.sinaimg.cn/orj360/00654XcZgy1hv9dvql0dcj32dc35s1kz.jpg"", ""https://wx4.sinaimg.cn/orj360/00654XcZgy1hv9dvrtsgej32dc35su0y.jpg"", ""https://wx1.sinaimg.cn/orj360/00654XcZgy1hv9dwb4hetj32dc35sqv6.jpg"", ""https://wx1.sinaimg.cn/orj360/00654XcZgy1hv9dwee9h0j32dc35sb2b.jpg"", ""https://wx3.sinaimg.cn/orj360/00654XcZgy1hv9dwp10qyj32dc35snpe.jpg"", ""https://wx3.sinaimg.cn/orj360/00654XcZgy1hv9dwsfu1mj32dc35skjm.jpg"", ""https://wx3.sinaimg.cn/orj360/00654XcZgy1hv9dwtlnboj32dc35sx6q.jpg"", ""https://wx2.sinaimg.cn/orj360/00654XcZgy1hv9dwuimvlj31mo268u0x.jpg""]",B2094751D36DABFF4192
2024/10/29 18:49,5094886129015630,7621556049,昨天听了非常不错，北上广特供，大家要惜福！ 深圳·公鸡和龙(南海玫瑰花园一期店),iPhone客户端,["https://wx3.sinaimg.cn/orj360/008jNgTngy1hv3goljr1yj30zk1bfb2a.jpg"],B2094751D36DABFF4192
2024/10/28 21:57,5094571155655027,7621556049,Ivoris 巡演在即，歡迎大家前去觀演！ 深圳·公鸡和龙(南海玫瑰花园一期店),iPhone客户端,["https://wx2.sinaimg.cn/orj360/008jNgTngy1hv2gi4sx5pj30wg19wqd9.jpg"],B2094751D36DABFF4192
2024/10/13 22:06,5089137500098264,1790492654,20241011.蛇口 公鸡和龙 法餐 大名鼎鼎的 公鸡和龙 法式餐厅 油封鸭腿，苹果可丽饼 《吃什么补什么》 《热饼配雪糕是“热力学不稳定系统》 我还是忍不住瞎聊、满嘴跑火车 半年没有拍吃饭视频了，如今重拾，我都快不会拍了…… 但是，戒酒8个月，现在状态肯定比之前好，尤其比去年（指2023年）好！ ...全文,微博视频号,[],B2094751D36DABFF4192
2024/10/4 21:00,5085859257520924,1719608001,今天的满意给sungooi还有公鸡和龙 永远可以相信法国人的色感和味觉[赞] 流感疫苗打好 真真充实的一整天 深圳·公鸡和龙(南海玫瑰花园一期店),iPhone客户端,"[""https://wx3.sinaimg.cn/orj360/667f22c1gy1huant69hoej20u01407br.jpg"", ""https://wx2.sinaimg.cn/orj360/667f22c1gy1huant6wx5nj20u0140tm2.jpg"", ""https://wx2.sinaimg.cn/orj360/667f22c1gy1huansjhklgj20u0140qcw.jpg"", ""https://wx4.sinaimg.cn/orj360/667f22c1gy1huansjwuywj20u0140n5o.jpg"", ""https://wx1.sinaimg.cn/orj360/667f22c1gy1huanskx388j20u0140qd1.jpg"", ""https://wx4.sinaimg.cn/orj360/667f22c1gy1huansi6h17j20u0140qbf.jpg""]",B2094751D36DABFF4192
2024/9/21 20:53,5081146478298969,6590016739,周末 吃点贵货[干饭人][干饭人] 深圳·公鸡和龙(南海玫瑰花园一期店),iPhone客户端,"[""https://wx3.sinaimg.cn/orj360/007bZ2ozgy1htvmpgw5xhj32c0340npd.jpg"", ""https://wx1.sinaimg.cn/orj360/007bZ2ozgy1htvmpiovw9j32c03407wi.jpg"", ""https://wx2.sinaimg.cn/orj360/007bZ2ozgy1htvmptip0zj33402c0npe.jpg""]",B2094751D36DABFF4192
2024/7/24 11:40,5059626410968956,6943098543,简直想不到比公鸡和龙更直白的法餐厅名字???? 深圳·公鸡和龙(南海玫瑰花园一期店),iPhone客户端,"[""https://wx2.sinaimg.cn/orj360/007zSx6ngy1hryyqte0h0j30u0140ncc.jpg"", ""https://wx2.sinaimg.cn/orj360/007zSx6ngy1hryyqtt8gxj30u0140k1t.jpg"", ""https://wx2.sinaimg.cn/orj360/007zSx6ngy1hryyqua2q1j30u0140dqm.jpg"", ""https://wx1.sinaimg.cn/orj360/007zSx6ngy1hryyqv5fssj31400u0anb.jpg"", ""https://wx1.sinaimg.cn/orj360/007zSx6ngy1hryyqvzlx0j31400u0dpr.jpg"", ""https://wx2.sinaimg.cn/orj360/007zSx6ngy1hryyqwno7aj30u0140qcn.jpg"", ""https://wx3.sinaimg.cn/orj360/007zSx6ngy1hryyqxca2zj31400u013n.jpg"", ""https://wx4.sinaimg.cn/orj360/007zSx6ngy1hryyqyhqrhj30u0140qfi.jpg"", ""https://wx2.sinaimg.cn/orj360/007zSx6ngy1hryz4w9p2wj30u0140tkg.jpg""]",B2094751D36DABFF4192
2024/5/25 23:29,5038061794101668,6341308305,2023.12.24 平安夜！！ 深圳·公鸡和龙(南海玫瑰花园一期店),iPhone客户端,"[""https://wx4.sinaimg.cn/orj360/006V9tYdgy1hq26gnpu2xj32c0340qv5.jpg"", ""https://wx4.sinaimg.cn/orj360/006V9tYdgy1hq26i8zt55j32c0340qv7.jpg"", ""https://wx4.sinaimg.cn/orj360/006V9tYdgy1hq26gqf63sj32c0340qv5.jpg"", ""https://wx1.sinaimg.cn/orj360/006V9tYdgy1hq26gkztixj32c0340x6q.jpg"", ""https://wx3.sinaimg.cn/orj360/006V9tYdgy1hq26h12b90j33402c0x6r.jpg"", ""https://wx1.sinaimg.cn/orj360/006V9tYdgy1hq26gsurf8j32c0340hdu.jpg"", ""https://wx4.sinaimg.cn/orj360/006V9tYdgy1hq26h7usq5j32c0340b2a.jpg"", ""https://wx4.sinaimg.cn/orj360/006V9tYdgy1hq26hy7zl1j32c0340npg.jpg"", ""https://wx3.sinaimg.cn/orj360/006V9tYdgy1hq26hnmes6j32c0340x6q.jpg""]",B2094751D36DABFF4192
2024/5/25 21:27,5038030952071300,6114716146,错峰过节 深圳·公鸡和龙(南海玫瑰花园一期店),iPhone 13,"[""https://wx4.sinaimg.cn/orj360/006FOIZYgy1hq22xgic76j33402c0b2b.jpg"", ""https://wx3.sinaimg.cn/orj360/006FOIZYgy1hq22xe2k12j33402c01kz.jpg"", ""https://wx2.sinaimg.cn/orj360/006FOIZYgy1hq22xis9pvj32wu26mx6p.jpg"", ""https://wx2.sinaimg.cn/orj360/006FOIZYgy1hq22xjzjohj33402c0hdu.jpg""]",B2094751D36DABFF4192
2024/4/29 17:59,5028556505876743,6089177343,都在说支付很赚钱，到底怎么样才能在pos机这个行业里做到月入10万呢？ 深圳·公鸡和龙(南海玫瑰花园一期店),Redmi K60,["https://wx4.sinaimg.cn/orj360/006E5zbNgy1hp7uult3t2j30u01cjthi.jpg"],B2094751D36DABFF4192
2024/4/27 20:24,5027868356120885,1704682963,好像是我第七次来这家店吃饭了。。。不得不说他们家的牛扒是真的柔软多汁[good]，好好吃，就是量少一丢丢。。。不过加了salade也免得我再加前菜。。。牛扒是medium，五成熟。。。不过焦糖炖蛋质量下降了。。。图二更诱惑的是美女哦。。。[嘻嘻] 深圳·公鸡和龙(南海玫瑰花园一期店),iPhone 14(紫色),"[""https://wx1.sinaimg.cn/orj360/659b65d3gy1hp5nno25axj20u0140gv3.jpg"", ""https://wx2.sinaimg.cn/orj360/659b65d3gy1hp5nnokjz0j20u0140wpr.jpg"", ""https://wx3.sinaimg.cn/orj360/659b65d3gy1hp5nnp2kwkj21400u0dnx.jpg"", ""https://wx2.sinaimg.cn/orj360/659b65d3gy1hp5nnnjiavj20u0140dry.jpg""]",B2094751D36DABFF4192
2024/4/26 17:29,5027461744040936,7415900696,好酒好餐[给你小心心][揣手] 万年不（需要）换菜单的公鸡和龙[干饭人] 一直都出品稳定就很珍贵…～ 不过就是只能隔半年才念想一回了 深圳·公鸡和龙(南海玫瑰花园一期店),iPhone 15 Pro Max,"[""https://wx1.sinaimg.cn/orj360/0085Smxygy1hp4cui75vtj33b04eonpf.jpg"", ""https://wx4.sinaimg.cn/orj360/0085Smxygy1hp4cucwetoj32ub42i4qr.jpg"", ""https://wx1.sinaimg.cn/orj360/0085Smxygy1hp4cujy8rpj33b04eox6r.jpg"", ""https://wx4.sinaimg.cn/orj360/0085Smxygy1hp4cv3s1z7j30nl0vcwnf.jpg"", ""https://wx1.sinaimg.cn/orj360/0085Smxygy1hp4culdbnrj33b04eou0z.jpg"", ""https://wx2.sinaimg.cn/orj360/0085Smxygy1hp4cubpozfj326m2wtx6p.jpg"", ""https://wx2.sinaimg.cn/orj360/0085Smxygy1hp4cueoqw0j33b04eoe84.jpg"", ""https://wx2.sinaimg.cn/orj360/0085Smxygy1hp4cunf53aj33b04eokjn.jpg"", ""https://wx2.sinaimg.cn/orj360/0085Smxygy1hp4cupen5yj33b04eohdw.jpg""]",B2094751D36DABFF4192
2024/2/5 20:06,4998147877118191,5536049214,如果我富有，我一天一个油封鸭腿 深圳·公鸡和龙(南海玫瑰花园一期店),iPhone客户端,["https://wx3.sinaimg.cn/orj360/0062EHimgy1hmiugkcg15j33b04eo4qs.jpg"],B2094751D36DABFF4192
2023/12/12 20:35,4978223768668962,7415900696,除了万年不更新菜单，真的挑不出毛病，每隔一阵就会无比念想他家的红椒羊芝士（没拍），一口入魂～ 啊！12月真好～??[给你小心心] 深圳·公鸡和龙(南海玫瑰花园一期店),iPhone 15 Pro Max,"[""https://wx3.sinaimg.cn/orj360/0085Smxygy1hkr5zsbgl5j30u0140n6f.jpg"", ""https://wx3.sinaimg.cn/orj360/0085Smxygy1hkr5zst295j30u0140qar.jpg"", ""https://wx1.sinaimg.cn/orj360/0085Smxygy1hkr5ztlt30j30u0140tfs.jpg"", ""https://wx1.sinaimg.cn/orj360/0085Smxygy1hkra3ywkqpj30u0140th6.jpg""]",B2094751D36DABFF4192
2023/12/9 21:34,4977151633526149,6234908901,保持一颗探索的心，定会发现新的精彩。 深圳·公鸡和龙(南海玫瑰花园一期店),iPhone 11 Pro Max,"[""https://wx3.sinaimg.cn/orj360/006NX2CNgy1hknv25u6qyj33402bmu0y.jpg"", ""https://wx1.sinaimg.cn/orj360/006NX2CNgy1hknv28ayhfj33402a7b2a.jpg"", ""https://wx2.sinaimg.cn/orj360/006NX2CNgy1hknv29qaoxj32z322jkjl.jpg"", ""https://wx2.sinaimg.cn/orj360/006NX2CNgy1hknv2bcz22j33402c0x6q.jpg"", ""https://wx3.sinaimg.cn/orj360/006NX2CNgy1hknv2f7kf2j32c03401kz.jpg"", ""https://wx3.sinaimg.cn/orj360/006NX2CNgy1hknv2h2laej33402c0e82.jpg"", ""https://wx1.sinaimg.cn/orj360/006NX2CNgy1hknv2ixxduj33402c0e82.jpg"", ""https://wx3.sinaimg.cn/orj360/006NX2CNgy1hknv2ktoomj33402c0e82.jpg"", ""https://wx4.sinaimg.cn/orj360/006NX2CNgy1hknv2mvzw5j33402c07wi.jpg""]",B2094751D36DABFF4192
2023/11/25 16:28,4972001094539263,3991138192,Happy hour 深圳·公鸡和龙(南海玫瑰花园一期店),iPhone客户端,["https://wx1.sinaimg.cn/orj360/ede3ef90gy1hk7fjsy41fj22c0340npf.jpg"],B2094751D36DABFF4192
2023/9/3 0:23,4941680018198511,5078666712,偷拍特斯拉女士的镜子 深圳·公鸡和龙(南海玫瑰花园一期店),iPhone客户端,["https://wx2.sinaimg.cn/orj360/005xHzdegy1hhip7coswij32c0340kjm.jpg"],B2094751D36DABFF4192
2023/8/17 8:20,4935639591553759,3076122757,昨天的餐厅 普通 但是老板一直过来找我们说话给评价 能看得出 是真的在专心营业了 深圳·公鸡和龙(南海玫瑰花园一期店),iPhone客户端,"[""https://wx3.sinaimg.cn/orj360/b759e885gy1hgzfgwcszvj20u0140wrk.jpg"", ""https://wx4.sinaimg.cn/orj360/b759e885gy1hgzfgwtumgj20u0140qkv.jpg""]",B2094751D36DABFF4192
2023/7/25 14:12,4927393275839100,2168534747,好久没吃到那么惊喜的法国菜 每道菜真的戳中我 服务员小姐姐真的特别好 下次要带朋友去吃 才可以多点一些 不枉我跑来蛇口 深圳·公鸡和龙(南海玫瑰花园一期店),iPhone客户端,"[""https://wx3.sinaimg.cn/orj360/814136dbgy1hg94d04tx7j20u01hcgv3.jpg"", ""https://wx4.sinaimg.cn/orj360/814136dbgy1hg94czg4qhj20u01hctih.jpg"", ""https://wx3.sinaimg.cn/orj360/814136dbgy1hg94d0qbktj21hc0u0am5.jpg"", ""https://wx3.sinaimg.cn/orj360/814136dbgy1hg94d1ajq9j21hc0u0qef.jpg""]",B2094751D36DABFF4192
2023/7/24 6:58,4926921643132748,1862479467,[哈欠]给自己放个假 深圳·公鸡和龙(南海玫瑰花园一期店),iPhone客户端,"[""https://wx1.sinaimg.cn/orj360/6f032e6bgy1hg7m7s8j8rj22c02c0x6p.jpg"", ""https://wx4.sinaimg.cn/orj360/6f032e6bgy1hg7m7ujf5oj22bz2bze82.jpg"", ""https://wx1.sinaimg.cn/orj360/6f032e6bgy1hg7m7qif08j22ay2ayb2a.jpg"", ""https://wx3.sinaimg.cn/orj360/6f032e6bgy1hg7m7wp5yfj22bz2bze82.jpg""]",B2094751D36DABFF4192
2023/6/12 0:43,4911606888139929,1745724743,找一个能让彼此的生活过得更快乐的人，而非单纯地找一个能够一起生活的人，承蒙李哥我最近还不赖～ 深圳·公鸡和龙(南海玫瑰花园一期店),iPhone 14 Pro,"[""https://wx1.sinaimg.cn/orj360/680da547gy1heuedjuluvj20u01ip1kx.jpg"", ""https://wx1.sinaimg.cn/orj360/680da547gy1heuei9ni53j22c0340e82.jpg"", ""https://wx4.sinaimg.cn/orj360/680da547gy1heueibalo0j23402c0x6q.jpg"", ""https://wx3.sinaimg.cn/orj360/680da547gy1heuedpuwfhj21o0280qv6.jpg"", ""https://wx2.sinaimg.cn/orj360/680da547gy1heuedrv7x5j21d62yke82.jpg"", ""https://wx4.sinaimg.cn/orj360/680da547gy1heuedmxw5lj21902804qq.jpg"", ""https://wx1.sinaimg.cn/orj360/680da547gy1heuedlfxkpj20sx1fe4qp.jpg"", ""https://wx1.sinaimg.cn/orj360/680da547gy1heuedwz3igj20r71cd1f1.jpg"", ""https://wx3.sinaimg.cn/orj360/680da547gy1heupz5o9v0j2197197hdt.jpg""]",B2094751D36DABFF4192
2023/5/20 16:21,4903508039437205,1901403902,第一次吃蜗牛??记录 美美哒晚餐 深圳·公鸡和龙(南海玫瑰花园一期店),iPhone客户端,"[""https://wx3.sinaimg.cn/orj360/71551efegy1he4x6qlifqj20rx0jgtdw.jpg"", ""https://wx1.sinaimg.cn/orj360/71551efegy1he4x6setkkj21400u0agq.jpg"", ""https://wx3.sinaimg.cn/orj360/71551efegy1he4x6tm6wvj20u00kg0xi.jpg"", ""https://wx1.sinaimg.cn/orj360/71551efegy1he4x6vh466j20mi0u0ag1.jpg"", ""https://wx4.sinaimg.cn/orj360/71551efegy1he4x6ow4r3j21400u0n7f.jpg"", ""https://wx4.sinaimg.cn/orj360/71551efegy1he4x6xh826j20u0140ahk.jpg""]",B2094751D36DABFF4192
2023/4/26 23:59,4894926120681639,7415900696,[赢牛奶][锦鲤附体][馋嘴]晚上好！ 深圳·公鸡和龙(南海玫瑰花园一期店),iPhone 13 Pro Max,"[""https://wx4.sinaimg.cn/orj360/0085Smxygy1hddjkfjj23j31n326sb18.jpg"", ""https://wx4.sinaimg.cn/orj360/0085Smxygy1hddjkev00cj32yo1o0b2a.jpg"", ""https://wx4.sinaimg.cn/orj360/0085Smxygy1hddjk6cztwj322y2rx4qp.jpg"", ""https://wx1.sinaimg.cn/orj360/0085Smxygy1hddjkc4gm5j32c0340e82.jpg"", ""https://wx3.sinaimg.cn/orj360/0085Smxygy1hddjk7benwj320k2orqv5.jpg"", ""https://wx2.sinaimg.cn/orj360/0085Smxygy1hddjk8qvpyj32c03401kz.jpg"", ""https://wx4.sinaimg.cn/orj360/0085Smxygy1hddjkgx9r8j32c0340kjm.jpg"", ""https://wx1.sinaimg.cn/orj360/0085Smxygy1hddjqcy492j32c0340npe.jpg"", ""https://wx3.sinaimg.cn/orj360/0085Smxygy1hddjk582vnj32c0340kjm.jpg""]",B2094751D36DABFF4192
2023/4/22 23:40,4893471691507933,6479076351,今天恨不得带糊辣椒蘸水[可乐] 深圳·公鸡和龙(南海玫瑰花园一期店),iPhone客户端,"[""https://wx4.sinaimg.cn/orj360/0074txJtgy1hd8whttj1fj30ty12l7bs.jpg"", ""https://wx4.sinaimg.cn/orj360/0074txJtgy1hd8wija1lhj30sl13xqdm.jpg"", ""https://wx3.sinaimg.cn/orj360/0074txJtgy1hd8wj576a3j30ty12ntbi.jpg"", ""https://wx1.sinaimg.cn/orj360/0074txJtgy1hd8wj5pbcyj30ty12pgpl.jpg""]",B2094751D36DABFF4192
2023/4/17 21:06,4891621058944356,2285156760,趁着生日来探店法餐，现场真的好热闹好有氛围，一看都是回头客，菜品和分量都很棒，推荐！希望今年万事顺遂[锦鲤附体][锦鲤附体][锦鲤附体][蛋糕][蛋糕][蛋糕](年底我老公生日就带着儿子一起来[团圆兔][团圆兔][团圆兔]) 深圳·公鸡和龙(南海玫瑰花园一期店),iPhone,"[""https://wx1.sinaimg.cn/orj360/8834b998gy1hd2ztq65p0j23402c01ky.jpg"", ""https://wx3.sinaimg.cn/orj360/8834b998gy1hd2zql285jj22c0340x6p.jpg"", ""https://wx4.sinaimg.cn/orj360/8834b998gy1hd2zqjqmucj22c0340u0x.jpg"", ""https://wx4.sinaimg.cn/orj360/8834b998gy1hd2zvd6rvpj20tu13u11a.jpg"", ""https://wx4.sinaimg.cn/orj360/8834b998gy1hd2zvh1qn5j20tu13ugue.jpg"", ""https://wx4.sinaimg.cn/orj360/8834b998gy1hd2zvkxs7jj20tu13uqbs.jpg"", ""https://wx4.sinaimg.cn/orj360/8834b998gy1hd2ztnj8rdj22c0340b2b.jpg"", ""https://wx3.sinaimg.cn/orj360/8834b998gy1hd2zshi4pvj22c0340x6p.jpg"", ""https://wx4.sinaimg.cn/orj360/8834b998gy1hd2zsix9sdj22c0340qv5.jpg""]",B2094751D36DABFF4192
2022/12/27 13:12,4851276779104598,5767177491,生活碎片 到点要吃饭?? 深圳·公鸡和龙(南海玫瑰花园一期店),生活碎片超话,"[""https://wx4.sinaimg.cn/orj360/006iiujNgy1h9iajkoymyj325w2vvu0x.jpg"", ""https://wx2.sinaimg.cn/orj360/006iiujNgy1h9iajyg471j31y02lcx6q.jpg"", ""https://wx2.sinaimg.cn/orj360/006iiujNgy1h9iajjm0yqj32482sohdu.jpg"", ""https://wx1.sinaimg.cn/orj360/006iiujNgy1h9iajr1f52j329w316npr.jpg"", ""https://wx4.sinaimg.cn/orj360/006iiujNgy1h9iajlp5mwj326t2x3x6q.jpg"", ""https://wx2.sinaimg.cn/orj360/006iiujNgy1h9iajiey89j328x2yjhe7.jpg"", ""https://wx2.sinaimg.cn/orj360/006iiujNgy1h9iajsj0ukj32392sckjm.jpg"", ""https://wx3.sinaimg.cn/orj360/006iiujNgy1h9iajvmf1sj32y327knpe.jpg"", ""https://wx2.sinaimg.cn/orj360/006iiujNgy1h9iajtmv9kj328a2z2x6p.jpg""]",B2094751D36DABFF4192
2022/7/22 19:09,4794109228748816,1245676092,疫情所困，两点一线了整个星期 终于和闺蜜出来放风喽~~ 工作日大中午在沿海公路游荡 意外包场了名字浮夸的法餐馆【公鸡和龙】，高卢味还带点中世纪文学想象（法文名就朴素多了，La Maison） 本周终于圆满?? ?? 工作日豪华午餐 深圳·公鸡和龙(南海玫瑰花园一期店),HUAWEI P40 5G,"[""https://wx1.sinaimg.cn/orj360/4a3f823cgy1h4fwxtsmsdj22dc35sqv6.jpg"", ""https://wx4.sinaimg.cn/orj360/4a3f823cgy1h4fwxn3xwkj235s2dchdu.jpg"", ""https://wx1.sinaimg.cn/orj360/4a3f823cgy1h4fwxqpmfgj22dc35se82.jpg"", ""https://wx4.sinaimg.cn/orj360/4a3f823cgy1h4fwxs1vi4j22dc35sb2a.jpg"", ""https://wx2.sinaimg.cn/orj360/4a3f823cgy1h4fwxwmby0j22dc35su0y.jpg""]",B2094751D36DABFF4192
2022/6/18 16:01,4781740609243915,1772983167,美食｜深圳 LA MAISON公鸡和龙 深圳评分超高的法餐 外国人超多 但 好像就 真的 一般般 有机会就去再试一次！ 深圳·公鸡和龙(南海玫瑰花园一期店),iPhone客户端,"[""https://wx2.sinaimg.cn/orj360/69ad937fgy1h3cgf93bm0j2140140jzb.jpg"", ""https://wx2.sinaimg.cn/orj360/69ad937fgy1h3cgf8jkmvj2140140tgs.jpg""]",B2094751D36DABFF4192
2022/5/31 1:26,4774997627765499,1864035964,下午七点多，看着亮亮的天空，才意识到夏天已经在身边了，这让我回想起七月的Galveston，那个晚上九点才下山的太阳。 LA MAISON 蜗牛味道蛮nice #开胃菜里的洋芝士有点难以入口 深圳·公鸡和龙(南海玫瑰花园一期店),iPhone客户端,"[""https://wx1.sinaimg.cn/orj360/6f1aee7cgy1h2qy02p1szj22qo2204qr.jpg"", ""https://wx4.sinaimg.cn/orj360/6f1aee7cgy1h2qy04e5rgj22qo220u0y.jpg"", ""https://wx1.sinaimg.cn/orj360/6f1aee7cgy1h2qy05x5jbj22qo2207wj.jpg"", ""https://wx1.sinaimg.cn/orj360/6f1aee7cgy1h2qy072bxgj21w01w04qq.jpg"", ""https://wx1.sinaimg.cn/orj360/6f1aee7cgy1h2qy08cka0j21w01w07wi.jpg"", ""https://wx4.sinaimg.cn/orj360/6f1aee7cgy1h2qy09joxdj21w01w01ky.jpg"", ""https://wx3.sinaimg.cn/orj360/6f1aee7cgy1h2qy0axf0gj21w01w04qq.jpg"", ""https://wx3.sinaimg.cn/orj360/6f1aee7cgy1h2qy0c4098j21w01w0x6p.jpg"", ""https://wx3.sinaimg.cn/orj360/6f1aee7cgy1h2qy01kb8gj22qo1ji7wh.jpg""]",B2094751D36DABFF4192
2022/4/17 23:24,4759384209493683,7415900696,天天过年！（公鸡和龙好吃 深圳·公鸡和龙(南海玫瑰花园一期店),iPhone 13 Pro Max,"[""https://wx3.sinaimg.cn/orj360/0085Smxygy1h1d3gvmhndj32c0340u0y.jpg"", ""https://wx2.sinaimg.cn/orj360/0085Smxygy1h1d3h3kviuj32c03404qr.jpg"", ""https://wx1.sinaimg.cn/orj360/0085Smxygy1h1d3h6pnsej32c03404qr.jpg"", ""https://wx2.sinaimg.cn/orj360/0085Smxygy1h1d3how6u8j32yo1o0e81.jpg"", ""https://wx4.sinaimg.cn/orj360/0085Smxygy1h1d3dm2xn5j32c0340qv6.jpg"", ""https://wx4.sinaimg.cn/orj360/0085Smxygy1h1d3dqx9n1j32c0340npe.jpg"", ""https://wx4.sinaimg.cn/orj360/0085Smxygy1h1d3du57ymj32c0340qv6.jpg"", ""https://wx3.sinaimg.cn/orj360/0085Smxygy1h1d3dwtqspj32c0340u0x.jpg"", ""https://wx4.sinaimg.cn/orj360/0085Smxygy1h1d3fuhnuij32c0340qv6.jpg""]",B2094751D36DABFF4192
2022/4/9 15:06,4756359658345440,2532268874,TGIF 快乐周五 一起看落日呀 深圳·公鸡和龙(南海玫瑰花园一期店),iPhone客户端,"[""https://wx4.sinaimg.cn/orj360/96ef5b4agy1h13hehegndj21400u0jw5.jpg"", ""https://wx4.sinaimg.cn/orj360/96ef5b4agy1h13hedpnwqj21400u0qag.jpg"", ""https://wx3.sinaimg.cn/orj360/96ef5b4agy1h13hee6ro6j21400u0te1.jpg"", ""https://wx3.sinaimg.cn/orj360/96ef5b4agy1h13heen9g8j20u0140qae.jpg"", ""https://wx4.sinaimg.cn/orj360/96ef5b4agy1h13hefnxatj21400u07ao.jpg"", ""https://wx1.sinaimg.cn/orj360/96ef5b4agy1h13heg5tkej21400u0wm5.jpg"", ""https://wx3.sinaimg.cn/orj360/96ef5b4agy1h13hed6vzqj20u0140wme.jpg"", ""https://wx2.sinaimg.cn/orj360/96ef5b4agy1h13hef7dcuj20u01407ds.jpg"", ""https://wx4.sinaimg.cn/orj360/96ef5b4agy1h13hegjq60j20u0140dlt.jpg""]",B2094751D36DABFF4192
2022/2/15 19:54,4737225612597189,7415236460,???? ?????????????? 深圳·公鸡和龙(南海玫瑰花园一期店),iPhone客户端,"[""https://wx2.sinaimg.cn/orj360/0085PzK4gy1gzefxvtvk8j30vn0u00z2.jpg"", ""https://wx3.sinaimg.cn/orj360/0085PzK4gy1gzefxx3sz5j31400u0134.jpg"", ""https://wx2.sinaimg.cn/orj360/0085PzK4gy1gzefxz78v2j31400u049e.jpg"", ""https://wx1.sinaimg.cn/orj360/0085PzK4gy1gzefxzwmxjj30s70pvtcg.jpg""]",B2094751D36DABFF4192
2022/2/12 20:11,4736142773588883,3248991355,年后首跑！ 深圳·公鸡和龙(南海玫瑰花园一期店) ED13的微博视频,微博视频号,[],B2094751D36DABFF4192
2022/2/7 13:38,4734231864939930,1964862941,红椒羊芝士，惊艳啊[憧憬] 深圳·公鸡和龙(南海玫瑰花园一期店),iPhone客户端,["https://wx1.sinaimg.cn/orj360/751d6dddgy1gz4w4qlm8aj228u2zt4qr.jpg"],B2094751D36DABFF4192
2022/1/7 12:58,4722987947002061,1611755172,深圳蛇口老外最爱排队的法国菜餐厅 —————-公鸡和龙???? 788元 猜猜看 火火除了法国蜗牛?? 还点了些啥?? 法国菜深圳美食深圳蛇口2022新年焕新季公鸡和龙法国蜗牛 深圳·公鸡和龙(南海玫瑰花园一期店) 我是唐火火的微博视频,iPhone客户端,[],B2094751D36DABFF4192
2021/12/10 22:21,4712982569290199,1924619243,可丽饼好惊艳 别的就是平平无奇的好吃 店名可爱 拍照技术越来越差了 三周年快乐啦 深圳·公鸡和龙(南海玫瑰花园一期店),iPhone XS,"[""https://wx2.sinaimg.cn/orj360/72b75bebgy1gx93lazeiij22c02c04qr.jpg"", ""https://wx3.sinaimg.cn/orj360/72b75bebgy1gx93lbz5hyj22c02c0qv6.jpg"", ""https://wx1.sinaimg.cn/orj360/72b75bebgy1gx93ld0q7hj22c02c0hdv.jpg"", ""https://wx1.sinaimg.cn/orj360/72b75bebgy1gx93leboihj22c02c0x6r.jpg"", ""https://wx4.sinaimg.cn/orj360/72b75bebgy1gx93l9zik3j20v91vokjl.jpg""]",B2094751D36DABFF4192
2021/10/11 12:03,4691083785142951,7347921523,好吃的法餐[求关注] 深圳·公鸡和龙(南海玫瑰花园一期店),iPhone 11 Pro Max,"[""https://wx1.sinaimg.cn/orj360/0081h83hgy1gvb8mnhgg2j61zk1hnqv502.jpg"", ""https://wx4.sinaimg.cn/orj360/0081h83hgy1gvb8mq5pfej63402c0qv602.jpg"", ""https://wx2.sinaimg.cn/orj360/0081h83hgy1gvb8mo69emj61n50x2dse02.jpg"", ""https://wx4.sinaimg.cn/orj360/0081h83hgy1gvb8mvftpqj63402c07wj02.jpg"", ""https://wx4.sinaimg.cn/orj360/0081h83hgy1gvb8msohnoj62c0340u0y02.jpg"", ""https://wx1.sinaimg.cn/orj360/0081h83hgy1gvb8mkq6w4j62ps1j0npd02.jpg""]",B2094751D36DABFF4192
2021/10/5 23:38,4689084478655475,3795264007,救命我太爱吃千层面了！！! btw这家油封鸭腿好惊艳! 外皮酥脆肉质软烂入味!! 土豆泥顺滑带奶香味!! 餐前面包也好赞好用心!! 好想喝酒酒可惜我不能[泪][泪][泪] 深圳·公鸡和龙(南海玫瑰花园一期店),????Android,"[""https://wx1.sinaimg.cn/orj360/0048QxxBly1gv4uxmyqquj61jk2bcx6p02.jpg"", ""https://wx2.sinaimg.cn/orj360/e2372207ly1gv4uxnzf5aj22bc1jk4qp.jpg"", ""https://wx1.sinaimg.cn/orj360/0048QxxBly1gv4uxwjehtj63sw2iox6r02.jpg"", ""https://wx4.sinaimg.cn/orj360/0048QxxBly1gv4uxp7u63j6227340x6p02.jpg"", ""https://wx1.sinaimg.cn/orj360/0048QxxBly1gv4uxst97xj6227340b2a02.jpg"", ""https://wx3.sinaimg.cn/orj360/e2372207ly1gv4uxu0z2rj22273404qq.jpg"", ""https://wx2.sinaimg.cn/orj360/0048QxxBly1gv4uxz4ajij63sw2iob2b02.jpg"", ""https://wx4.sinaimg.cn/orj360/e2372207ly1gv4uy1ei83j23sw2io1ky.jpg"", ""https://wx2.sinaimg.cn/orj360/0048QxxBly1gv4uxr5wvyj63402277wh02.jpg""]",B2094751D36DABFF4192
2021/9/19 14:19,4683145465039784,5979237789,今天这顿饭吃得也太幸福了，点单的牛排做错了，送了我们一个菜单没有的甜点。虽然大众点评才4.4，但我觉得是做到了4.65左右。每一道菜都好吃，招牌烤鸭腿我不是很喜欢，但肉嫩皮酥的口感也是值得一试。前菜塔塔、芝士意面特别值得推荐！深圳目前最喜欢的法餐，一句话总结就是：量大价低味道好。 ...全文,iPhone客户端,"[""https://wx4.sinaimg.cn/orj360/006wEgTbgy1gulwqhkwhij63402c07wi02.jpg"", ""https://wx1.sinaimg.cn/orj360/006wEgTbgy1gulwqk68y9j63402c04qq02.jpg"", ""https://wx4.sinaimg.cn/orj360/006wEgTbgy1gulwqf2lkdj63402c0b2a02.jpg"", ""https://wx3.sinaimg.cn/orj360/006wEgTbgy1gulwqcooq9j63402c0b2a02.jpg"", ""https://wx2.sinaimg.cn/orj360/006wEgTbgy1gulwqpny35j63402c0e8202.jpg"", ""https://wx4.sinaimg.cn/orj360/006wEgTbgy1gulwqmym8rj63402c0b2a02.jpg"", ""https://wx2.sinaimg.cn/orj360/006wEgTbgy1gulwqvojtyj63402c0kjm02.jpg"", ""https://wx4.sinaimg.cn/orj360/006wEgTbgy1gulwuxq9bcj63402c01kz02.jpg"", ""https://wx1.sinaimg.cn/orj360/006wEgTbgy1gulwu9fvnzj62c03404qq02.jpg""]",B2094751D36DABFF4192
2021/9/15 21:56,4681811060593097,2847876467,感谢明童鞋的法餐[嘻嘻][嘻嘻][嘻嘻][嘻嘻] 深圳·公鸡和龙(南海玫瑰花园一期店),HUAWEI Mate30 Pro 5G,"[""https://wx3.sinaimg.cn/orj360/0036JoLpgy1guhnmhxypqj61400u0wi502.jpg"", ""https://wx1.sinaimg.cn/orj360/0036JoLpgy1guhnmio9wtj61400u046602.jpg"", ""https://wx4.sinaimg.cn/orj360/0036JoLpgy1guhnmja0caj61400u0q9302.jpg"", ""https://wx4.sinaimg.cn/orj360/0036JoLpgy1guhnmjzvqvj61400u0jwu02.jpg"", ""https://wx1.sinaimg.cn/orj360/0036JoLpgy1guhnmn12o9j61400u00zm02.jpg"", ""https://wx3.sinaimg.cn/orj360/0036JoLpgy1guhnmnmq5sj61400u0dmv02.jpg"", ""https://wx3.sinaimg.cn/orj360/0036JoLpgy1guhnmo6wxdj61400u0jvv02.jpg"", ""https://wx4.sinaimg.cn/orj360/0036JoLpgy1guhnnn1cquj61400u0ter02.jpg""]",B2094751D36DABFF4192
2021/9/6 17:52,4678488227843283,5290513921,自己出去玩 难过的是一个人啥也吃不了，只能含泪点一份最爱千层面?? （p6是昨天的饭 *吃饱了在蛇口真没啥好逛的 深圳·公鸡和龙(南海玫瑰花园一期店),iPhone 12,"[""https://wx3.sinaimg.cn/orj360/005M2slHgy1gu6w8kbfiyj61o0280b2902.jpg"", ""https://wx2.sinaimg.cn/orj360/005M2slHgy1gu6w8l1zyej60wi0wiq7v02.jpg"", ""https://wx2.sinaimg.cn/orj360/005M2slHgy1gu7204ts2oj60tu1am16d02.jpg"", ""https://wx1.sinaimg.cn/orj360/005M2slHgy1gu71wwjb7ej63402c0e8402.jpg"", ""https://wx2.sinaimg.cn/orj360/005M2slHgy1gu71wrjbu1j62c0340hdw02.jpg"", ""https://wx4.sinaimg.cn/orj360/005M2slHgy1gu71ytid6ej60xc2usu0x02.jpg""]",B2094751D36DABFF4192
2021/8/28 0:52,4674969982733006,2680816262,分享图片 深圳·公鸡和龙(南海玫瑰花园一期店),iPhone客户端,"[""https://wx2.sinaimg.cn/orj360/9fca0286gy1gtvtzdudkjj22c04o0hdw.jpg"", ""https://wx2.sinaimg.cn/orj360/9fca0286gy1gtvtzgyheej23404o0kjq.jpg"", ""https://wx1.sinaimg.cn/orj360/9fca0286gy1gtvtzf6qr8j22c04o0u0z.jpg"", ""https://wx1.sinaimg.cn/orj360/9fca0286gy1gtvtzbde2gj22c0700kjn.jpg"", ""https://wx3.sinaimg.cn/orj360/9fca0286gy1gtvtzkwu9uj23402c0npf.jpg"", ""https://wx1.sinaimg.cn/orj360/9fca0286gy1gtvtzc8cp5j21sc1sc1kx.jpg""]",B2094751D36DABFF4192
2021/4/10 15:05,4624450249818210,2039806775,今天假装在法国吃正宗的可丽饼 (Crepe) ，浓浓的大孔奶酪配上巴黎白火腿和一颗鸡蛋，饼皮薄薄脆脆的，口感绝了。焦糖炖蛋，上面的焦糖薄而脆，用小勺子一碰就碎，里面很滑嫩，甜度也刚好~Au revoir ?????? 深圳美食美食 深圳·公鸡和龙(南海玫瑰花园一期店),三星android智能手机,"[""https://wx1.sinaimg.cn/orj360/7994fb37gy1gp6jhlyx1vj21400u0q8u.jpg"", ""https://wx2.sinaimg.cn/orj360/7994fb37gy1gp6omy3jqpj21400u0493.jpg"", ""https://wx1.sinaimg.cn/orj360/7994fb37gy1gp6jhnx3isj21400u0n9r.jpg"", ""https://wx1.sinaimg.cn/orj360/7994fb37gy1gp6okwwun9j20u0140gsp.jpg"", ""https://wx3.sinaimg.cn/orj360/7994fb37gy1gp6jhoqickj20u014048t.jpg"", ""https://wx4.sinaimg.cn/orj360/7994fb37gy1gp6omzasogj21400u0qbb.jpg""]",B2094751D36DABFF4192
2020/7/18 21:25,4528150803384256,7263776516,分享图片 深圳·公鸡和龙(南海玫瑰花园一期店),iPhone客户端,["https://wx1.sinaimg.cn/orj360/007VA45Kgy1ggvg1kbsaoj31400u048o.jpg"],B2094751D36DABFF4192
2020/5/24 12:51,4508089975701424,1763527231,分享图片 深圳·公鸡和龙(南海玫瑰花园一期店),iPhone,"[""https://wx1.sinaimg.cn/orj360/691d4a3fgy1gf3g2s5334j23402c0x6r.jpg"", ""https://wx3.sinaimg.cn/orj360/691d4a3fgy1gf3g2qeri6j23402c0b2c.jpg"", ""https://wx3.sinaimg.cn/orj360/691d4a3fgy1gf3g2tjdrjj22c03407wj.jpg"", ""https://wx2.sinaimg.cn/orj360/691d4a3fgy1gf3g2utccsj22c0340u0y.jpg"", ""https://wx3.sinaimg.cn/orj360/691d4a3fgy1gf3g2vi6eaj217d1ltkd9.jpg"", ""https://wx1.sinaimg.cn/orj360/691d4a3fgy1gf3g2wod37j23402c0x6q.jpg""]",B2094751D36DABFF4192
2020/3/14 14:55,4482391798400985,7144861406,????????????????｜公鸡和龙/ LA MAISON ?? 突然非常想吃「公鸡和龙」——好吃不贵的????餐厅，很受外国客人欢迎。 趁不堵车跑来蛇口。是的，好吃的又在蛇口。望海路的沿街商铺，莫兰迪蓝的店招上，印着我们并不知道涵义的店名。 ????“LA MAISON就像是广东中部一部分的法 ...全文,深圳美食超话,"[""https://wx3.sinaimg.cn/orj360/007Nx6Q6gy1gctgks1twjj33402c04qr.jpg"", ""https://wx2.sinaimg.cn/orj360/007Nx6Q6gy1gctekoijhej33402c0u0z.jpg"", ""https://wx2.sinaimg.cn/orj360/007Nx6Q6gy1gctekhjg53j33402c0u0z.jpg"", ""https://wx2.sinaimg.cn/orj360/007Nx6Q6gy1gctenr3kuxj33402c0x6r.jpg"", ""https://wx1.sinaimg.cn/orj360/007Nx6Q6gy1gctel8vnnfj33402c0hdx.jpg"", ""https://wx3.sinaimg.cn/orj360/007Nx6Q6gy1gctekuxob8j33402c0kjm.jpg"", ""https://wx4.sinaimg.cn/orj360/007Nx6Q6gy1gctekzv2plj32bc2bcx6q.jpg"", ""https://wx3.sinaimg.cn/orj360/007Nx6Q6gy1gctemb9ca3j32bc1qie81.jpg"", ""https://wx3.sinaimg.cn/orj360/007Nx6Q6gy1gctelenswnj33402c0x6r.jpg""]",B2094751D36DABFF4192
2019/7/27 1:02,4398470456395320,5496048659,虽然岁月总是匆匆的催人老 深圳·公鸡和龙(南海玫瑰花园一期店),iPhone客户端,["https://wx3.sinaimg.cn/orj360/005ZWRk7gy1g5dqezblonj30u0140gop.jpg"],B2094751D36DABFF4192
2018/11/11 14:49,4305182525430434,1793932737,很好吃的brunch！ 深圳·公鸡和龙(南海玫瑰花园一期店),iPhone客户端,["https://wx3.sinaimg.cn/orj360/6aed3dc1gy1fx44hptsncj20qo0zkk3h.jpg"],B2094751D36DABFF4192
2018/5/12 14:22,4238858755448108,2639354313,居然在沙拉里发现了紫苏，哭唧唧，勾起了小时候吃螺的记忆。想MAMA 深圳·公鸡和龙(南海玫瑰花园一期店),iPhone客户端,"[""https://wx3.sinaimg.cn/orj360/9d5159c9gy1fr8j9fnym3j21kw1kw7mc.jpg"", ""https://wx2.sinaimg.cn/orj360/9d5159c9gy1fr8j9eo9upj21kw1kwh12.jpg""]",B2094751D36DABFF4192
2018/3/3 20:08,4213578690850504,2717962032,是时候吃顿大餐啦~ 深圳·公鸡和龙(南海玫瑰花园一期店),iPhone客户端,"[""https://wx2.sinaimg.cn/orj360/a200cf30gy1fozvu4lf51j20qo0qo7aj.jpg"", ""https://wx1.sinaimg.cn/orj360/a200cf30gy1fozvu9olhlj20qo0qoqbb.jpg"", ""https://wx1.sinaimg.cn/orj360/a200cf30gy1fozvug882hj20qo0qodo7.jpg"", ""https://wx4.sinaimg.cn/orj360/a200cf30gy1fozvuz6ujej20qo0qogsj.jpg"", ""https://wx3.sinaimg.cn/orj360/a200cf30gy1fozvv5t2slj20qo0qojxt.jpg"", ""https://wx3.sinaimg.cn/orj360/a200cf30gy1fozvvam7fvj20qo0qoahu.jpg"", ""https://wx1.sinaimg.cn/orj360/a200cf30gy1fozvw6wc91j20qo0qo7bl.jpg"", ""https://wx4.sinaimg.cn/orj360/a200cf30gy1fozvwlppdxj20qo0qogtk.jpg"", ""https://wx1.sinaimg.cn/orj360/a200cf30gy1fozvwscsswj20qo0qo7cw.jpg""]",B2094751D36DABFF4192
2025/12/20 11:03,5245884544843842,2243672171,天气真好[太阳] 深圳·海上世界双玺花园,iPhone客户端,"[""https://wx4.sinaimg.cn/orj360/85bbb86bgy1i8h6lmwg7jj22c03401kz.jpg"", ""https://wx4.sinaimg.cn/orj360/85bbb86bgy1i8h6low5o9j22dc35s7wj.jpg"", ""https://wx3.sinaimg.cn/orj360/85bbb86bgy1i8h6lngjn1j235s2dcb2a.jpg"", ""https://wx2.sinaimg.cn/orj360/85bbb86bgy1i8h6ln7y4pj22dc35s1ky.jpg""]",B2094751D36DABFF4192
2025/12/23 15:06,5247032793235587,5406371712,绕不开解不开广东的缘儿~ 深圳,vivo X300,"[""https://wx2.sinaimg.cn/orj360/005TSAfKgy1i8kuhx487sj32dc35cb2b.jpg"", ""https://wx4.sinaimg.cn/orj360/005TSAfKgy1i8kui00a58j335c2dce84.jpg"", ""https://wx3.sinaimg.cn/orj360/005TSAfKgy1i8kui2bkugj32dc35skjn.jpg""]",B2094751D36DABFF4192
2025/12/20 22:46,5246061417598283,2136697994,体验啦深圳湾连廊可以从保利丝滑走到万象城12然后到人才公园[打call][打call]南山中心区已经把海岸城万象城人才公园连成一片了，周末来这一片玩的人可真多[色][色] 深圳·深圳湾万象城-二期,iPhone,"[""https://wx4.sinaimg.cn/orj360/7f5b6c8agy1i8hqty18tmj20u01fmws9.jpg"", ""https://wx1.sinaimg.cn/orj360/7f5b6c8agy1i8hqu0fnztj22bx2yk1kz.jpg"", ""https://wx1.sinaimg.cn/orj360/7f5b6c8agy1i8hqtx30s1j229l30mkjn.jpg"", ""https://wx4.sinaimg.cn/orj360/7f5b6c8agy1i8hque335ej23402c0hdv.jpg""]",B2094751D36DABFF4192
2025/12/21 22:08,5246414339709447,3966915670,爬了個小山?? 深圳·南山观景台,iPhone客户端,"[""https://wx4.sinaimg.cn/orj360/ec725456gy1i8ivgns0puj22c0340x6p.jpg"", ""https://wx1.sinaimg.cn/orj360/ec725456gy1i8ivgo6jiaj20ws17o12k.jpg"", ""https://wx1.sinaimg.cn/orj360/ec725456gy1i8ivgnqg5aj20ws17ogz9.jpg"", ""https://wx3.sinaimg.cn/orj360/ec725456gy1i8ivgogljzj21401hcdjc.jpg""]",B2094751D36DABFF4192
2025/12/22 9:05,5246579720060998,2020627305,每次拍照只有cookie最乖巧[太开心] 好多年没扎双马尾，也好久没戴美瞳，被朋友说我像小丑的女朋友[开摆] 深圳·鲸山别墅,iPhone 16 Pro,"[""https://wx4.sinaimg.cn/orj360/78705369gy1i8jeabs7a7j21l416u7wi.jpg"", ""https://wx1.sinaimg.cn/orj360/78705369gy1i8jeevejrdj20xi18o1be.jpg"", ""https://wx4.sinaimg.cn/orj360/78705369gy1i8jeacscsmj21401hcgzn.jpg"", ""https://wx3.sinaimg.cn/orj360/78705369gy1i8jecswexvj22c03404qq.jpg"", ""https://wx4.sinaimg.cn/orj360/78705369gy1i8jea2frwlj22c0340b2b.jpg"", ""https://wx2.sinaimg.cn/orj360/78705369gy1i8jecxb9ylj23b04eonpf.jpg"", ""https://wx2.sinaimg.cn/orj360/78705369gy1i8jedotp2rj23b04eoqvb.jpg"", ""https://wx3.sinaimg.cn/orj360/78705369gy1i8jef8vw7vj21b41q77wh.jpg"", ""https://wx2.sinaimg.cn/orj360/78705369gy1i8jefbxb27j22c0340qv6.jpg""]",B2094751D36DABFF4192
2025/12/22 21:20,5246764529746021,1952790913,深圳湾步行大街 深圳·深圳湾步行大街,iPhone 15 Pro Max,"[""https://wx4.sinaimg.cn/orj360/74653981gy1i8jzmldoewj22vc25iu10.jpg"", ""https://wx4.sinaimg.cn/orj360/74653981gy1i8jzldnve8j229m30uu0y.jpg"", ""https://wx4.sinaimg.cn/orj360/74653981gy1i8jznq7t8pj22h94eo1l1.jpg"", ""https://wx1.sinaimg.cn/orj360/74653981gy1i8jzmkzartj21r03401ky.jpg"", ""https://wx2.sinaimg.cn/orj360/74653981gy1i8jzp0d7obj22h94eo7wl.jpg"", ""https://wx2.sinaimg.cn/orj360/74653981gy1i8jzp04up6j23402c0b2c.jpg"", ""https://wx3.sinaimg.cn/orj360/74653981gy1i8jznsyatlj21r0340u0x.jpg"", ""https://wx2.sinaimg.cn/orj360/74653981gy1i8jzod0ornj21r0340b2a.jpg"", ""https://wx1.sinaimg.cn/orj360/74653981gy1i8jzlmd2qpj21r03401kz.jpg""]",B2094751D36DABFF4192
2025/12/20 20:28,5246026690595095,7478569653,我宣布人才公园就是最适合散步的top1[手指比心] 深圳·深圳人才公园,nova7Pro你在焦点在,"[""https://wx4.sinaimg.cn/orj360/008a7jBbgy1i8hmxvqwfdj33k02o0npf.jpg"", ""https://wx1.sinaimg.cn/orj360/008a7jBbgy1i8hmxx2ubwj33k02o0e83.jpg"", ""https://wx3.sinaimg.cn/orj360/008a7jBbgy1i8hmxyfjivj33k02o0hdv.jpg"", ""https://wx4.sinaimg.cn/orj360/008a7jBbgy1i8hmxzzyynj33k02o0npf.jpg"", ""https://wx4.sinaimg.cn/orj360/008a7jBbgy1i8hmy15ppcj33k02o0npe.jpg"", ""https://wx1.sinaimg.cn/orj360/008a7jBbgy1i8hmy2bz8mj33k02o0b2a.jpg"", ""https://wx1.sinaimg.cn/orj360/008a7jBbgy1i8hmy39fa4j33k02o0x6p.jpg"", ""https://wx3.sinaimg.cn/orj360/008a7jBbgy1i8hmy4ya0vj33k02o0u0y.jpg"", ""https://wx4.sinaimg.cn/orj360/008a7jBbgy1i8hmy6pdtvj33k02o0b2c.jpg""]",B2094751D36DABFF4192
2025/12/21 17:41,5246347118120770,5843712013,冬至的周末???? 欧记大排档尝过了，鸡脚还可以，其他一般，没有达到预期值，湘菜才是yyds [馋嘴] 深圳·荔林公园,iPhone客户端,"[""https://wx2.sinaimg.cn/orj360/006ntCrzgy1i8ikcac7gvj30xi20ukjl.jpg"", ""https://wx1.sinaimg.cn/orj360/006ntCrzgy1i8ikbnoh8vj31sc2dsh9x.jpg"", ""https://wx4.sinaimg.cn/orj360/006ntCrzgy1i8ikch9mt4j32c03401ky.jpg"", ""https://wx4.sinaimg.cn/orj360/006ntCrzgy1i8ikbw5mxrj34eo3b0npg.jpg"", ""https://wx3.sinaimg.cn/orj360/006ntCrzgy1i8ikcdnvzbj33b04eokjt.jpg"", ""https://wx4.sinaimg.cn/orj360/006ntCrzgy1i8ikc2w6xaj34eo3b0kjp.jpg"", ""https://wx3.sinaimg.cn/orj360/006ntCrzgy1i8ikbtqobdj33b03b0b2c.jpg"", ""https://wx1.sinaimg.cn/orj360/006ntCrzgy1i8ikfzajuxj31sc2ds4qq.jpg"", ""https://wx2.sinaimg.cn/orj360/006ntCrzgy1i8inpn7hrsj33b04eo7wl.jpg""]",B2094751D36DABFF4192
2025/12/20 19:50,5246017278578052,1760017087,再逛人才公园，今天的主题是王者荣耀10周年[不愧是你] 深圳·深圳人才公园,Xiaomi 14,"[""https://wx3.sinaimg.cn/orj360/68e7babfgy1i8hltmro0sj235c2d0hdv.jpg"", ""https://wx4.sinaimg.cn/orj360/68e7babfgy1i8hltnw88oj235s2dc1kz.jpg"", ""https://wx3.sinaimg.cn/orj360/68e7babfgy1i8hltowcg7j235s2dcnpe.jpg"", ""https://wx4.sinaimg.cn/orj360/68e7babfgy1i8hltqar3cj235s2dcqv7.jpg"", ""https://wx1.sinaimg.cn/orj360/68e7babfgy1i8hltrh6dhj22dc35sb2b.jpg"", ""https://wx1.sinaimg.cn/orj360/68e7babfgy1i8hltt58gyj235s2dc1l0.jpg"", ""https://wx3.sinaimg.cn/orj360/68e7babfgy1i8hltunykrj235c2d07wl.jpg"", ""https://wx3.sinaimg.cn/orj360/68e7babfgy1i8hltvzbpnj235s2dchdv.jpg"", ""https://wx4.sinaimg.cn/orj360/68e7babfgy1i8hlty5783j235s2dcx6r.jpg""]",B2094751D36DABFF4192
2025/12/22 19:49,5246741781938213,5284994186,VALENTINO华伦天奴·深圳湾万象城 圆满完成→下一站长沙站 昨日冬至，白昼最短而星光最盛 在深圳的两天活动，收获了远超预期的支持。两天时间，从深圳罗湖到深圳湾，每天二十多张面孔和人生轨迹，在四十多组牌阵上跃动，用塔罗的语言解读最当下的心事。 每一组牌面后都封存着最真实的困惑、顿悟和释然 ...全文,塔罗疗愈超话,"[""https://wx3.sinaimg.cn/orj360/005LFipIgy1i8jwzmop5pj33402c0e83.jpg"", ""https://wx1.sinaimg.cn/orj360/005LFipIgy1i8jwzy7sxcj33pc2s0b2c.jpg"", ""https://wx3.sinaimg.cn/orj360/005LFipIgy1i8jwtnzy5rj33b04eoqva.jpg"", ""https://wx4.sinaimg.cn/orj360/005LFipIgy1i8jwzt2iwnj34eo3b04qs.jpg"", ""https://wx4.sinaimg.cn/orj360/005LFipIgy1i8jx09ihilj33b04eo4qv.jpg"", ""https://wx3.sinaimg.cn/orj360/005LFipIgy1i8ih81tybxj31bf0zk11c.jpg"", ""https://wx3.sinaimg.cn/orj360/005LFipIgy1i8jwzn4k43j34eo3b0hdv.jpg"", ""https://wx1.sinaimg.cn/orj360/005LFipIgy1i8jx02s9mvj32s03pc4qs.jpg"", ""https://wx1.sinaimg.cn/orj360/005LFipIgy1i8jwzwle83j33402c0hdu.jpg""]",B2094751D36DABFF4192
2025/12/22 14:31,5246661778997486,3272551705,银河快递乐队 收官快乐??明年再见！@银河快递GalaxyExpress @管健嘉晨 @逯LuuLuuTong通 @海草还小 @lusle慧 @均均均均吖 深圳·NUBOND AIR,银河快递乐队超话,"[""https://wx4.sinaimg.cn/orj360/c30f2d19gy1i8jnu606gnj22c0340kjn.jpg"", ""https://wx1.sinaimg.cn/orj360/c30f2d19gy1i8jnu0uwpaj22c0340qv6.jpg"", ""https://wx1.sinaimg.cn/orj360/c30f2d19gy1i8jnu1z11dj22c0340kjn.jpg"", ""https://wx4.sinaimg.cn/orj360/c30f2d19gy1i8jnu71to4j22c0340e83.jpg"", ""https://wx2.sinaimg.cn/orj360/c30f2d19gy1i8jnu4s34uj23b04eokjp.jpg"", ""https://wx1.sinaimg.cn/orj360/c30f2d19gy1i8jnu334vsj22c03404qr.jpg"", ""https://wx2.sinaimg.cn/orj360/c30f2d19gy1i8jnuasv7rj22c03404qs.jpg"", ""https://wx4.sinaimg.cn/orj360/c30f2d19gy1i8jnu893zoj22c03404qs.jpg"", ""https://wx4.sinaimg.cn/orj360/c30f2d19gy1i8jnui6dqcj22c0340hdv.jpg""]",B2094751D36DABFF4192
2025/12/21 9:47,5246227859899728,1859384530,Fl???ffy 17日店长 品牌第一年第一次参加线下 深圳 （就当来玩了！） 深圳·深圳湾万象城-二期,深圳超话,"[""https://wx4.sinaimg.cn/orj360/6ed3f4d2gy1i8ia1sac2nj21x32jux6q.jpg"", ""https://wx2.sinaimg.cn/orj360/6ed3f4d2gy1i8ia21byqpj220w2owkjm.jpg"", ""https://wx2.sinaimg.cn/orj360/6ed3f4d2gy1i8ia1odbeij23b04eonpg.jpg"", ""https://wx4.sinaimg.cn/orj360/6ed3f4d2gy1i8ia1khfs4j22bc334x6p.jpg"", ""https://wx4.sinaimg.cn/orj360/6ed3f4d2gy1i8ia1mcencj22c03407wk.jpg"", ""https://wx4.sinaimg.cn/orj360/6ed3f4d2gy1i8ia1sod0zj20u01hcn4m.jpg"", ""https://wx1.sinaimg.cn/orj360/6ed3f4d2gy1i8ia1x517rj239v4d6b2d.jpg"", ""https://wx1.sinaimg.cn/orj360/6ed3f4d2gy1i8ia1j2pmbj239v4d6u12.jpg"", ""https://wx3.sinaimg.cn/orj360/6ed3f4d2gy1i8ia23d9exj22nm3jib2c.jpg""]",B2094751D36DABFF4192
2025/12/22 19:05,5246730648163621,3191075484,今日份做梦素材之在蛇口买套房[doge][doge][doge] 深圳太子湾4200万豪宅8秒售罄 深圳·深圳太子湾,,"[""https://wx1.sinaimg.cn/orj360/be33f29cgy1i8jvrorfehj235c2d0hdv.jpg"", ""https://wx1.sinaimg.cn/orj360/be33f29cgy1i8jvrv1wtej235c2d0u10.jpg"", ""https://wx2.sinaimg.cn/orj360/be33f29cgy1i8jvrxswxhj235c2d0u0z.jpg"", ""https://wx4.sinaimg.cn/orj360/be33f29cgy1i8jvs08rjdj235c2d01l0.jpg"", ""https://wx1.sinaimg.cn/orj360/be33f29cgy1i8jvs2mgxtj235c2d0e84.jpg"", ""https://wx1.sinaimg.cn/orj360/be33f29cgy1i8jvs5ckdwj235c2d0b2c.jpg"", ""https://wx1.sinaimg.cn/orj360/be33f29cgy1i8jvs8s2vij235c2d0qv8.jpg"", ""https://wx4.sinaimg.cn/orj360/be33f29cgy1i8jvsb9ngpj235c2d0x6q.jpg"", ""https://wx2.sinaimg.cn/orj360/be33f29cgy1i8jvsdq2zyj235c2d0hdv.jpg""]",B2094751D36DABFF4192
2025/12/20 17:28,5245981383985013,7659003224,[流鼻血] 深圳·海岸城购物中心,,"[""https://wx3.sinaimg.cn/orj360/008mkoC4gy1i8hhl3fxrbj30u0140dnq.jpg"", ""https://wx1.sinaimg.cn/orj360/008mkoC4gy1i8hhn863v9j30u01407ej.jpg"", ""https://wx3.sinaimg.cn/orj360/008mkoC4gy1i8hhm74ur3j30u0140gvo.jpg"", ""https://wx4.sinaimg.cn/orj360/008mkoC4gy1i8ie5493v1j32lp3gyx6p.jpg"", ""https://wx3.sinaimg.cn/orj360/008mkoC4gy1i8hhr2nar1j30u0140jx3.jpg"", ""https://wx2.sinaimg.cn/orj360/008mkoC4gy1i8hhpxwrrcj30u0140qcg.jpg"", ""https://wx2.sinaimg.cn/orj360/008mkoC4gy1i8hhqxg3o4j30u0140gvm.jpg"", ""https://wx3.sinaimg.cn/orj360/008mkoC4gy1i8hmwu6eu9j30u0140th4.jpg"", ""https://wx2.sinaimg.cn/orj360/008mkoC4gy1i8hhqzrfhhj30u0140gw3.jpg""]",B2094751D36DABFF4192
2025/12/21 23:10,5246430035837618,3655345234,吃到了咸汤圆hhh 又系幸胡的一周 深圳·K11 ECOAST,iPhone 13 Pro Max,"[""https://wx2.sinaimg.cn/orj360/d9e02452gy1i8ix8exeirj222v2rux6p.jpg"", ""https://wx3.sinaimg.cn/orj360/d9e02452gy1i8ix8eyd2oj21hk2n8qv6.jpg"", ""https://wx1.sinaimg.cn/orj360/d9e02452gy1i8ix8enq03j22c0340hdu.jpg"", ""https://wx3.sinaimg.cn/orj360/d9e02452gy1i8ix8fs3l8j22c0340x6q.jpg"", ""https://wx1.sinaimg.cn/orj360/d9e02452gy1i8ix8d7ucrj20rs110k9i.jpg"", ""https://wx1.sinaimg.cn/orj360/d9e02452gy1i8ix8ev6yoj22c03401ky.jpg"", ""https://wx1.sinaimg.cn/orj360/d9e02452gy1i8ix8faa1kj20rs110amd.jpg"", ""https://wx2.sinaimg.cn/orj360/d9e02452gy1i8ix8hxoe1j22c0340e82.jpg"", ""https://wx4.sinaimg.cn/orj360/d9e02452gy1i8ix8gwmuzj21qy33x4qr.jpg""]",B2094751D36DABFF4192
2025/12/21 14:17,5246295866611130,5748556405,广东把冬至过成夏至 阳光大好！ 深圳·南海意库文化创意产业园,iPhone客户端,"[""https://wx3.sinaimg.cn/orj360/006h2m7Hgy1i8ihumstzrj322o340x6q.jpg"", ""https://wx3.sinaimg.cn/orj360/006h2m7Hgy1i8ihus4mb4j322o340qv6.jpg"", ""https://wx3.sinaimg.cn/orj360/006h2m7Hgy1i8ihuucr3cj322o340npe.jpg"", ""https://wx4.sinaimg.cn/orj360/006h2m7Hgy1i8ihupfi6uj322o340kjm.jpg"", ""https://wx3.sinaimg.cn/orj360/006h2m7Hgy1i8ihuvzcfwj322o340u0x.jpg"", ""https://wx4.sinaimg.cn/orj360/006h2m7Hgy1i8ihuykf24j32c0340hdv.jpg""]",B2094751D36DABFF4192
2025/12/22 21:22,5246765059805575,5632001565,开启骑车带狗新时代 深圳·深圳湾万象城-二期,iPhone客户端,"[""https://wx4.sinaimg.cn/orj360/00699iSVgy1i8jyivp53jj30u0140wo5.jpg"", ""https://wx4.sinaimg.cn/orj360/00699iSVgy1i8jyjn6m2oj30u01404ak.jpg"", ""https://wx1.sinaimg.cn/orj360/00699iSVgy1i8jyo7r1tej30u0140ame.jpg"", ""https://wx2.sinaimg.cn/orj360/00699iSVgy1i8jybk2rpaj30u0140dp6.jpg"", ""https://wx3.sinaimg.cn/orj360/00699iSVgy1i8jzkq60s6j30u0140aph.jpg"", ""https://wx1.sinaimg.cn/orj360/00699iSVgy1i8jzqsx6gbj30u0140aiz.jpg"", ""https://wx3.sinaimg.cn/orj360/00699iSVgy1i8jzqvguftj30u014014j.jpg"", ""https://wx1.sinaimg.cn/orj360/00699iSVgy1i8jzqvst7jj30u0140tic.jpg"", ""https://wx4.sinaimg.cn/orj360/00699iSVgy1i8jzqyavunj30u014048q.jpg""]",B2094751D36DABFF4192
2025/12/23 12:28,5246993152607117,7905362163,庆春朴门必点三件套之黑松露炒饭 鸡块和馄饨 深圳·深圳湾万象城,iPhone客户端,"[""https://wx2.sinaimg.cn/orj360/008D05Plgy1i8kpxsll1tj32c0340u0x.jpg"", ""https://wx1.sinaimg.cn/orj360/008D05Plgy1i8kpxu4rajj342n3201kz.jpg"", ""https://wx2.sinaimg.cn/orj360/008D05Plgy1i8kpxv5c7gj32c0340u0x.jpg""]",B2094751D36DABFF4192
2025/12/22 9:29,5246585621709722,6557416478,近期最爱的网红小狗 康康！！ 深圳·CHARLIETOWN红茶公司(深圳湾万象城店),,"[""https://wx3.sinaimg.cn/orj360/0079MfzUgy1i8jeycz0tbj33b04eoqv7.jpg"", ""https://wx1.sinaimg.cn/orj360/0079MfzUgy1i8jexhlsdaj33b04eou10.jpg"", ""https://wx1.sinaimg.cn/orj360/0079MfzUgy1i8jex48oqej32c0340b2a.jpg"", ""https://wx4.sinaimg.cn/orj360/0079MfzUgy1i8jex7totij33b04eonpf.jpg"", ""https://wx3.sinaimg.cn/orj360/0079MfzUgy1i8jf4c4gtkj30xi20ukjl.jpg"", ""https://wx3.sinaimg.cn/orj360/0079MfzUgy1i8jexmj9nwj31sc2ds7wi.jpg"", ""https://wx1.sinaimg.cn/orj360/0079MfzUgy1i8jf4d13ejj32c0340qv5.jpg"", ""https://wx4.sinaimg.cn/orj360/0079MfzUgy1i8jexe3wo6j33b04eoe85.jpg"", ""https://wx1.sinaimg.cn/orj360/0079MfzUgy1i8jf4b7kbcj30zd0zddyj.jpg""]",B2094751D36DABFF4192
2025/12/21 22:49,5246424596090071,5739055216,冬至快乐[哈哈] 深圳·深圳湾万象城-二期,iPhone客户端,"[""https://wx1.sinaimg.cn/orj360/006gouqIgy1i8iwmronpmj31qk388hdt.jpg"", ""https://wx3.sinaimg.cn/orj360/006gouqIgy1i8iwmt44aej32c01r0npd.jpg"", ""https://wx4.sinaimg.cn/orj360/006gouqIgy1i8iwmw8rwzj33b04eohdy.jpg"", ""https://wx1.sinaimg.cn/orj360/006gouqIgy1i8iwmzt2h2j33b04eo7wk.jpg"", ""https://wx2.sinaimg.cn/orj360/006gouqIgy1i8iwn2vm4pj33b04eoe85.jpg"", ""https://wx2.sinaimg.cn/orj360/006gouqIgy1i8iwn5j3k7j32c03404qs.jpg"", ""https://wx3.sinaimg.cn/orj360/006gouqIgy1i8iwn7hn6aj32c0340kjm.jpg"", ""https://wx2.sinaimg.cn/orj360/006gouqIgy1i8iwnanpjoj32c03407wi.jpg"", ""https://wx2.sinaimg.cn/orj360/006gouqIgy1i8iwndyjxxj33402c0hdu.jpg""]",B2094751D36DABFF4192
2025/12/23 1:22,5246825491595613,7887609089,分享图片 深圳·蛇口海上世界,iPhone,"[""https://wx2.sinaimg.cn/orj360/008BNBrrgy1i8k6os1m09j32c03407wi.jpg"", ""https://wx3.sinaimg.cn/orj360/008BNBrrgy1i8k6ouyt84j32c03411ky.jpg"", ""https://wx4.sinaimg.cn/orj360/008BNBrrgy1i8k6osvjhaj32c03401ky.jpg"", ""https://wx1.sinaimg.cn/orj360/008BNBrrgy1i8k6ou39wxj32c0340e83.jpg"", ""https://wx3.sinaimg.cn/orj360/008BNBrrgy1i8k6or9bnnj32c0340b2a.jpg"", ""https://wx4.sinaimg.cn/orj360/008BNBrrgy1i8k6oxi866j32c03411ky.jpg"", ""https://wx1.sinaimg.cn/orj360/008BNBrrgy1i8k6ownwi4j32c1342e81.jpg"", ""https://wx3.sinaimg.cn/orj360/008BNBrrgy1i8k6ow185hj32c0340u0y.jpg"", ""https://wx2.sinaimg.cn/orj360/008BNBrrgy1i8k6oydjg5j32c03417wi.jpg""]",B2094751D36DABFF4192
2025/12/21 23:23,5246433104232834,5847556633,愿望显化??? 深圳·深圳湾万象城WAVE广场,iPhone客户端,"[""https://wx4.sinaimg.cn/orj360/006nJKBzgy1i8ixm8l0h7j30u019410w.jpg"", ""https://wx2.sinaimg.cn/orj360/006nJKBzgy1i8ixm8nyqwj30u019013w.jpg"", ""https://wx3.sinaimg.cn/orj360/006nJKBzgy1i8ixm95vloj30u0140nfi.jpg"", ""https://wx4.sinaimg.cn/orj360/006nJKBzgy1i8ixm8uosdj30u0190ael.jpg"", ""https://wx3.sinaimg.cn/orj360/006nJKBzgy1i8ixmahfwjj30u0140k0f.jpg""]",B2094751D36DABFF4192
2025/12/20 19:02,5246005127939481,2156175931,提前感受圣诞节气氛[太开心][音乐][微风][月亮] 深圳·海上世界地铁站-A口,华为 Mate X6,"[""https://wx1.sinaimg.cn/orj360/8084a23bgy1i8hkgaeifdj22dc35snpf.jpg"", ""https://wx3.sinaimg.cn/orj360/8084a23bgy1i8hkh3oaodj22dc2elhdt.jpg"", ""https://wx3.sinaimg.cn/orj360/8084a23bgy1i8hkh8xmq2j22dc35sqv6.jpg"", ""https://wx2.sinaimg.cn/orj360/8084a23bgy1i8hkgu8jb7j22dc35se83.jpg"", ""https://wx3.sinaimg.cn/orj360/8084a23bgy1i8hkgiap04j235s2dc4qr.jpg"", ""https://wx3.sinaimg.cn/orj360/8084a23bgy1i8hkgn0rfxj22dc35s7wi.jpg"", ""https://wx1.sinaimg.cn/orj360/8084a23bgy1i8hkfe1s58j22402tchdt.jpg"", ""https://wx2.sinaimg.cn/orj360/8084a23bgy1i8hkfxb7dij22dc35skjm.jpg"", ""https://wx4.sinaimg.cn/orj360/8084a23bgy1i8hkf2xmj3j22402tcqv5.jpg""]",B2094751D36DABFF4192
2025/12/23 21:51,5247134766466888,7844783103,田栩宁 来打卡你的大屏啦宁宁[打call][打call] 深圳·京东MALL(深圳南山店),田栩宁超话,"[""https://wx4.sinaimg.cn/orj360/008yTUrJgy1i8l674mqw0j30u01hcgo8.jpg"", ""https://wx2.sinaimg.cn/orj360/008yTUrJgy1i8l6670qv6j32c0340u0y.jpg"", ""https://wx4.sinaimg.cn/orj360/008yTUrJgy1i8l66ee70mj32c0340x6q.jpg"", ""https://wx1.sinaimg.cn/orj360/008yTUrJgy1i8l66ljhz7j32c0340e82.jpg"", ""https://wx4.sinaimg.cn/orj360/008yTUrJgy1i8l67gk50xj30u01hctbt.jpg""]",B2094751D36DABFF4192
2025/12/23 19:58,5247106377845788,1890275901,唯美的诗经 深圳·深圳湾文化广场,iPhone 13 Pro,"[""https://wx3.sinaimg.cn/orj360/70ab523dgy1i8l2x3dhl9j21900u0wjw.jpg"", ""https://wx3.sinaimg.cn/orj360/70ab523dgy1i8l2x3go5aj21900u010o.jpg"", ""https://wx2.sinaimg.cn/orj360/70ab523dgy1i8l2x3jj5lj21400u0wgd.jpg"", ""https://wx1.sinaimg.cn/orj360/70ab523dgy1i8l2x3nplqj20u0190456.jpg"", ""https://wx1.sinaimg.cn/orj360/70ab523dgy1i8l2x3ug1pj20u0190jx8.jpg"", ""https://wx2.sinaimg.cn/orj360/70ab523dgy1i8l2x4lxtuj21900u0445.jpg""]",B2094751D36DABFF4192
2025/12/23 13:47,5247013113300430,6067865280,期待我的第二卷一次性胶片??? 深圳,iPhone 16 Pro Max,"[""https://wx1.sinaimg.cn/orj360/006CE8WQgy1i8ks7uwgw7j32nm3ji7wl.jpg"", ""https://wx1.sinaimg.cn/orj360/006CE8WQgy1i8ks7s275wj32nm3jikjp.jpg"", ""https://wx1.sinaimg.cn/orj360/006CE8WQgy1i8ks7thut4j32nm3ji7wl.jpg"", ""https://wx3.sinaimg.cn/orj360/006CE8WQgy1i8ks7yi1pvj32nm3jiu11.jpg"", ""https://wx1.sinaimg.cn/orj360/006CE8WQgy1i8ks7zq8eaj32nm3jihdx.jpg"", ""https://wx1.sinaimg.cn/orj360/006CE8WQgy1i8ks7xavcej32ey1lnnpg.jpg""]",B2094751D36DABFF4192
2025/12/21 14:07,5246293321718425,2957044687,牡丹亭 深圳·深圳保利剧院,iPhone客户端,"[""https://wx4.sinaimg.cn/orj360/b040ebcfgy1i8ihklug3tj21400u012q.jpg"", ""https://wx1.sinaimg.cn/orj360/b040ebcfgy1i8ihkm7n05j21uu0u019n.jpg"", ""https://wx1.sinaimg.cn/orj360/b040ebcfgy1i8ihkmisb7j21170u1779.jpg"", ""https://wx3.sinaimg.cn/orj360/b040ebcfgy1i8ihkmwy77j21us0u07ha.jpg"", ""https://wx4.sinaimg.cn/orj360/b040ebcfgy1i8ihkm5413j20u0140jxc.jpg"", ""https://wx2.sinaimg.cn/orj360/b040ebcfgy1i8ihklifwxj21wh0u01kx.jpg""]",B2094751D36DABFF4192
2025/12/21 0:57,5246094478936814,7821775435,舞剧牡丹亭 临时起意去看，只买到三楼的座位，虽有遗憾，但是仍然感受到空灵奇幻曼妙动人的至情之作，双人舞真美啊，那么情意缱绻[相爱][送花花][爱慕] 深圳·深圳保利剧院,iPhone客户端,"[""https://wx3.sinaimg.cn/orj360/008xln6jgy1i8hulim3boj31nx27wb29.jpg"", ""https://wx1.sinaimg.cn/orj360/008xln6jgy1i8hulq6rorj32a531ie83.jpg"", ""https://wx4.sinaimg.cn/orj360/008xln6jgy1i8hulv01g6j32n11zax6p.jpg"", ""https://wx3.sinaimg.cn/orj360/008xln6jgy1i8hum1xewpj32c03401ky.jpg"", ""https://wx4.sinaimg.cn/orj360/008xln6jgy1i8humkzzqhj32c0340u0x.jpg"", ""https://wx2.sinaimg.cn/orj360/008xln6jgy1i8hulfnq77j324h2tzu0x.jpg"", ""https://wx4.sinaimg.cn/orj360/008xln6jgy1i8huo2g6mkj32c03404qq.jpg"", ""https://wx4.sinaimg.cn/orj360/008xln6jgy1i8huosfsllj32c0340e82.jpg"", ""https://wx3.sinaimg.cn/orj360/008xln6jgy1i8hupixdwvj32c03404qq.jpg""]",B2094751D36DABFF4192
2025/12/22 14:26,5246660315187799,6468132220,第一次见快递 第一次看live 第一次参与签售 紧张到一直在手抖 准备好的想说的话都忘记了 希望下次还能再见 下次见面的时候能把想说的话记住！ 深圳·NUBOND AIR,银河快递乐队超话,"[""https://wx4.sinaimg.cn/orj360/0073JCFegy1i8jnnmz4qjj316i3j7qv5.jpg"", ""https://wx2.sinaimg.cn/orj360/0073JCFegy1i8jnnnpqnmj316i3j7hdt.jpg"", ""https://wx1.sinaimg.cn/orj360/0073JCFegy1i8jnno8wigj316j3j7hdt.jpg"", ""https://wx2.sinaimg.cn/orj360/0073JCFegy1i8jnnm4agej316j3j7npd.jpg"", ""https://wx3.sinaimg.cn/orj360/0073JCFegy1i8jnoclyl7j34eo3b07wk.jpg"", ""https://wx1.sinaimg.cn/orj360/0073JCFegy1i8jnnot7hnj316j3j77wh.jpg"", ""https://wx4.sinaimg.cn/orj360/0073JCFegy1i8jnokf75cj34eo3b0e85.jpg"", ""https://wx2.sinaimg.cn/orj360/0073JCFegy1i8jnogm8y6j34eo3b0b2c.jpg"", ""https://wx4.sinaimg.cn/orj360/0073JCFegy1i8jnonkbo5j34eo3b0hdv.jpg""]",B2094751D36DABFF4192
2025/12/21 12:26,5246267814843701,5657916272,[来抱抱] 深圳·深圳湾万象城-二期,iPhone客户端,"[""https://wx4.sinaimg.cn/orj360/006aU2u4gy1i8iemrbg9bj32c03404qr.jpg"", ""https://wx3.sinaimg.cn/orj360/006aU2u4gy1i8iemp75gmj32c0340hdu.jpg"", ""https://wx3.sinaimg.cn/orj360/006aU2u4gy1i8iems2co2j324k1pfqv5.jpg"", ""https://wx2.sinaimg.cn/orj360/006aU2u4gy1i8iemsrbcwj316o1kwnpd.jpg"", ""https://wx3.sinaimg.cn/orj360/006aU2u4gy1i8ien01lp5j31s016otxa.jpg"", ""https://wx3.sinaimg.cn/orj360/006aU2u4gy1i8ien0fcg5j310n1iz4iv.jpg"", ""https://wx3.sinaimg.cn/orj360/006aU2u4gy1i8ien0w7vzj31kw16qaro.jpg"", ""https://wx4.sinaimg.cn/orj360/006aU2u4gy1i8ienb5cjyj32c0340npe.jpg"", ""https://wx1.sinaimg.cn/orj360/006aU2u4gy1i8ien6woywj32c0340hdu.jpg""]",B2094751D36DABFF4192
2025/12/20 13:58,5245928544145756,5562005697,周末天气不错?? 深圳·蛇口海上世界,iPhone客户端,"[""https://wx4.sinaimg.cn/orj360/0064pBLjgy1i8hbnoqm2fj33b04eox6s.jpg"", ""https://wx1.sinaimg.cn/orj360/0064pBLjgy1i8hbnu8305j33b04eob2d.jpg"", ""https://wx4.sinaimg.cn/orj360/0064pBLjgy1i8hbnyyryij33b04eoe86.jpg"", ""https://wx4.sinaimg.cn/orj360/0064pBLjgy1i8hbo0jz1qj33b04eoe83.jpg"", ""https://wx2.sinaimg.cn/orj360/0064pBLjgy1i8hbo7ii29j33b04eob2b.jpg"", ""https://wx2.sinaimg.cn/orj360/0064pBLjgy1i8hbobi4ltj33b04eo7wk.jpg"", ""https://wx2.sinaimg.cn/orj360/0064pBLjgy1i8hbog7mebj33b04eonpi.jpg"", ""https://wx1.sinaimg.cn/orj360/0064pBLjgy1i8hbo21vrwj33b04eohdv.jpg"", ""https://wx1.sinaimg.cn/orj360/0064pBLjgy1i8hbokfy69j33b04eox6r.jpg""]",B2094751D36DABFF4192
2025/12/21 23:20,5246432317804611,3924368962,从“松风闻道”到“弦间求索”，感恩与苏先生的相遇[鲜花] 讲座言简意赅，音乐会清雅俊逸[鲜花] 离场时与苏师话别几句，先生谦逊友善，和蔼可亲[作揖] 一周内两次奔赴深圳，不负此行，获益良多[鲜花]苏思棣境山剧场 深圳·海上世界文化艺术中心,iPhone 15 Pro,"[""https://wx2.sinaimg.cn/orj360/e9e91e42gy1i8iwykier2j22vq25su0x.jpg"", ""https://wx3.sinaimg.cn/orj360/e9e91e42gy1i8iwylb4ysj20zk1hcaeh.jpg"", ""https://wx4.sinaimg.cn/orj360/e9e91e42gy1i8iwyjavvpj20zk0np75m.jpg"", ""https://wx1.sinaimg.cn/orj360/e9e91e42gy1i8iwym1yeuj20zk0np405.jpg"", ""https://wx2.sinaimg.cn/orj360/e9e91e42gy1i8iwymbmkcj20zk1hc0wy.jpg"", ""https://wx2.sinaimg.cn/orj360/e9e91e42gy1i8iwyneme8j20zk0npjsp.jpg"", ""https://wx4.sinaimg.cn/orj360/e9e91e42gy1i8iwyllmatj20zk1hcq60.jpg"", ""https://wx1.sinaimg.cn/orj360/e9e91e42gy1i8iwyl2u0xj20zk0np75j.jpg"", ""https://wx1.sinaimg.cn/orj360/e9e91e42gy1i8iwz08nwcj24eo3b0npf.jpg""]",B2094751D36DABFF4192
2025/12/20 21:10,5246037277017308,6358950700,分享图片 深圳·蛇口海上世界,iPhone客户端,"[""https://wx4.sinaimg.cn/orj360/006WlvyYgy1i8ho5rqve1j33az43qe85.jpg"", ""https://wx3.sinaimg.cn/orj360/006WlvyYgy1i8ho5ola26j331b44o7wl.jpg"", ""https://wx2.sinaimg.cn/orj360/006WlvyYgy1i8ho5vp0dnj33b04eonph.jpg"", ""https://wx3.sinaimg.cn/orj360/006WlvyYgy1i8ho5wfnb3j30u01hc48f.jpg""]",B2094751D36DABFF4192
2025/12/22 21:41,5246769833445837,6274743629,昨天在特别漂亮的街拍了特别满意的照片 特别好看的花有个特别好听的名字：紫花风铃木 深圳·后海湾,iPhone 17 Pro,"[""https://wx4.sinaimg.cn/orj360/006QEbspgy1i8k08nnpvuj31q82lcb2a.jpg"", ""https://wx3.sinaimg.cn/orj360/006QEbspgy1i8k093itc9j32gw3pc1l2.jpg"", ""https://wx1.sinaimg.cn/orj360/006QEbspgy1i8k08t0kn5j31q82lc1kz.jpg"", ""https://wx3.sinaimg.cn/orj360/006QEbspgy1i8k08itjxtj31q82lcu0y.jpg""]",B2094751D36DABFF4192
2025/12/20 19:48,5246016653624028,3427726642,简简单单的一天?? 深圳·SAANCI山池咖啡(kaledo店),iPhone 16 Pro Max,"[""https://wx1.sinaimg.cn/orj360/cc4ef532gy1i8hlsgq689j210o1cwtrl.jpg"", ""https://wx3.sinaimg.cn/orj360/cc4ef532gy1i8hlswk2bhj210o1cwtuh.jpg"", ""https://wx4.sinaimg.cn/orj360/cc4ef532gy1i8hlsfmtqgj210o1cwqnm.jpg"", ""https://wx1.sinaimg.cn/orj360/cc4ef532gy1i8hlsurd8zj22c0340npd.jpg""]",B2094751D36DABFF4192
2025/12/22 20:04,5246745596662175,7871454870,?? 深圳·海上世界,HUAWEI Mate 70 Pro,"[""https://wx2.sinaimg.cn/orj360/008AHOZwgy1i8jxibg1e1j60u014048j08.jpg"", ""https://wx1.sinaimg.cn/orj360/008AHOZwgy1i8jxie8z26j60u01407c508.jpg"", ""https://wx4.sinaimg.cn/orj360/008AHOZwgy1i8jxihb2sej60u0140tjb08.jpg"", ""https://wx2.sinaimg.cn/orj360/008AHOZwgy1i8jxik9zerj60u0140akz08.jpg"", ""https://wx4.sinaimg.cn/orj360/008AHOZwgy1i8jximtzusj60u014013408.jpg"", ""https://wx3.sinaimg.cn/orj360/008AHOZwgy1i8jxiq7e36j60u0140jvo08.jpg""]",B2094751D36DABFF4192
2025/12/22 23:44,5246800896459550,6159296795,非常感谢海灵纳组织的这次公益观影活动！今天有幸见到了导演宋卓非老师和监制余伟国老师，并观看了电影《最好的朋友》。 这部影片充满温暖与善意，深深触动了在场的每一个人。它如同一束光，照进我们特殊家庭的生活，让我们更加坚信：美好终会发生，也期待 ASD 群体能被社会更多人理解与接纳。 观影 ...全文,HUAWEI P50E,"[""https://wx2.sinaimg.cn/orj360/006IPMsHgy1i8k3nmti4xj32dc2dcu0x.jpg"", ""https://wx1.sinaimg.cn/orj360/006IPMsHgy1i8k3nnx78qj32dc2dcu0x.jpg"", ""https://wx2.sinaimg.cn/orj360/006IPMsHgy1i8k3npv07qj32dc2dce81.jpg"", ""https://wx1.sinaimg.cn/orj360/006IPMsHgy1i8k3n7z6k3j30u01hc40h.jpg"", ""https://wx3.sinaimg.cn/orj360/006IPMsHgy1i8k3nox6qfj32dc2dcb29.jpg"", ""https://wx4.sinaimg.cn/orj360/006IPMsHgy1i8k3nlrgyaj32dc2dckjl.jpg"", ""https://wx4.sinaimg.cn/orj360/006IPMsHgy1i8k3ndcumhj30u01hc41l.jpg"", ""https://wx4.sinaimg.cn/orj360/006IPMsHgy1i8k3nt8zu1j30u01hcmyl.jpg"", ""https://wx1.sinaimg.cn/orj360/006IPMsHgy1i8k3nu8snrj32dc2dce81.jpg""]",B2094751D36DABFF4192
2025/12/23 22:33,5247145406895570,7876712496,育才哪一所学校更适合你家孩子。 深圳·榆桂小区,vivo X300,"[""https://wx4.sinaimg.cn/orj360/008B3SJWgy1i8l7fhvuvlj31d91toe3h.jpg"", ""https://wx2.sinaimg.cn/orj360/008B3SJWgy1i8l7fifflmj31d91to4gf.jpg"", ""https://wx2.sinaimg.cn/orj360/008B3SJWgy1i8l7fiumsnj31d91towsf.jpg"", ""https://wx3.sinaimg.cn/orj360/008B3SJWgy1i8l7fjlsrjj31d91totv1.jpg"", ""https://wx3.sinaimg.cn/orj360/008B3SJWgy1i8l7fkk0fjj31d91towxr.jpg""]",B2094751D36DABFF4192
2025/12/20 23:52,5246078116176681,7510405863,ILLIT?来打卡了小礼礼海岸城的限时痛楼！?? 商场太大了跑了好久[泪]但是看见这五张美脸嗯值了。 居然还有留言墙hh一激动画了点涂鸦，，黑字是我 爱上礼真是太幸福了国内都有活动。。礼儿们以后也要走花路呀???? 深圳·海岸城购物中心,ILLIT超话,"[""https://wx4.sinaimg.cn/orj360/008cgTErgy1i8hstyt96uj30u02g5b1z.jpg"", ""https://wx3.sinaimg.cn/orj360/008cgTErgy1i8hsu0zpx0j32o03c54qr.jpg"", ""https://wx2.sinaimg.cn/orj360/008cgTErgy1i8hsu32da3j30u025h1kx.jpg"", ""https://wx3.sinaimg.cn/orj360/008cgTErgy1i8hsu46e5qj30u01907ig.jpg"", ""https://wx2.sinaimg.cn/orj360/008cgTErgy1i8hsu6qivdj32o0356qv7.jpg"", ""https://wx1.sinaimg.cn/orj360/008cgTErgy1i8hsuaz46zj32o8206npg.jpg""]",B2094751D36DABFF4192
2025/12/22 16:29,5246691432468427,1785819652,家楼下的风铃木无需滤镜 深圳·后海中心河公园,iPhone客户端,"[""https://wx1.sinaimg.cn/orj360/6a717204gy1i8jral1ob5j22c0340x6r.jpg"", ""https://wx3.sinaimg.cn/orj360/6a717204gy1i8jramtuelj23401r07wi.jpg"", ""https://wx2.sinaimg.cn/orj360/6a717204gy1i8jraneltrj21r0340x6p.jpg"", ""https://wx2.sinaimg.cn/orj360/6a717204gy1i8jranuh2vj23402c07wh.jpg"", ""https://wx3.sinaimg.cn/orj360/6a717204gy1i8jralp2wfj21r0340npd.jpg"", ""https://wx1.sinaimg.cn/orj360/6a717204gy1i8jrak9w7aj23401r0u0x.jpg"", ""https://wx3.sinaimg.cn/orj360/6a717204gy1i8jrakiadjj21r0340kjl.jpg"", ""https://wx2.sinaimg.cn/orj360/6a717204gy1i8jrat22hoj21r03404qq.jpg"", ""https://wx3.sinaimg.cn/orj360/6a717204gy1i8jramce6oj21r03407wi.jpg""]",B2094751D36DABFF4192
2025/12/20 12:36,5245908100581530,7354625866,好多年没来啦！ 深圳·深圳湾万象城,iPhone 17 Pro Max,"[""https://wx2.sinaimg.cn/orj360/0081Jg9Qgy1i8h9bx5ctvj32c03407wj.jpg"", ""https://wx3.sinaimg.cn/orj360/0081Jg9Qgy1i8h9byg965j32c03401kz.jpg"", ""https://wx1.sinaimg.cn/orj360/0081Jg9Qgy1i8h9bvri06j32c03401kz.jpg""]",B2094751D36DABFF4192
2025/12/20 17:26,5245981023013787,6631700863,我身无拘，吾道无穷 深圳·深圳湾春茧体育馆,iPhone客户端,"[""https://wx3.sinaimg.cn/orj360/007eNWl9gy1i8hhm64pm8j31bk0zondu.jpg"", ""https://wx1.sinaimg.cn/orj360/007eNWl9gy1i8hhmahzskj32c03407wj.jpg"", ""https://wx4.sinaimg.cn/orj360/007eNWl9gy1i8hhmg0eb4j33402c0qv6.jpg"", ""https://wx2.sinaimg.cn/orj360/007eNWl9gy1i8hhmqglu8j33402c04qq.jpg"", ""https://wx1.sinaimg.cn/orj360/007eNWl9gy1i8hhmat7woj33402c0e82.jpg"", ""https://wx1.sinaimg.cn/orj360/007eNWl9gy1i8hhmcn7o3j32c0340qv6.jpg"", ""https://wx1.sinaimg.cn/orj360/007eNWl9gy1i8hhmeo04pj33402c07wj.jpg"", ""https://wx1.sinaimg.cn/orj360/007eNWl9gy1i8hhmhc2m4j33402c0u0y.jpg"", ""https://wx4.sinaimg.cn/orj360/007eNWl9gy1i8hhm9ztpzj32c0340b2a.jpg""]",B2094751D36DABFF4192
2025/12/21 11:47,5246258009612073,7361694003,命运会带你体验一课又一课 深圳·深圳湾公园日出剧场,iPhone 16 Pro Max,"[""https://wx4.sinaimg.cn/orj360/0082cUU3gy1i8i55vhskfj33402c07wi.jpg"", ""https://wx4.sinaimg.cn/orj360/0082cUU3gy1i8i55vbonhj33402c0u0x.jpg"", ""https://wx2.sinaimg.cn/orj360/0082cUU3gy1i8i569apoqj33402c0npe.jpg"", ""https://wx3.sinaimg.cn/orj360/0082cUU3gy1i8i57cq4h1j33402c07wh.jpg"", ""https://wx4.sinaimg.cn/orj360/0082cUU3gy1i8i5698wydj34eo3b0b2a.jpg"", ""https://wx4.sinaimg.cn/orj360/0082cUU3gy1i8idh8lxzvj33b04eo7wj.jpg"", ""https://wx4.sinaimg.cn/orj360/0082cUU3gy1i8idh7s8q1j33402c01ky.jpg"", ""https://wx3.sinaimg.cn/orj360/0082cUU3gy1i8idhiw3anj34eo3b0e83.jpg"", ""https://wx4.sinaimg.cn/orj360/0082cUU3gy1i8idh8of6sj33402c0b2b.jpg""]",B2094751D36DABFF4192
2025/12/22 16:06,5246685597140651,7148800869,打野一天回来了，没看到大头巡游[单身狗] 王者荣耀王者荣耀深圳嘉年华王者荣耀深圳城市派对王者荣耀十周年王者荣耀 深圳·深圳人才公园,王者荣耀超话,"[""https://wx4.sinaimg.cn/orj360/007NNDFPgy1i8jqj70j3kj33402c0b2b.jpg"", ""https://wx3.sinaimg.cn/orj360/007NNDFPgy1i8jqj824vwj33402c01kz.jpg"", ""https://wx1.sinaimg.cn/orj360/007NNDFPgy1i8jqjbep6uj32c0340kjn.jpg"", ""https://wx4.sinaimg.cn/orj360/007NNDFPgy1i8jqjezv4qj32c03404qq.jpg"", ""https://wx2.sinaimg.cn/orj360/007NNDFPgy1i8jqjht4xwj31gu1yg7wh.jpg"", ""https://wx1.sinaimg.cn/orj360/007NNDFPgy1i8jqjk7tcej32ae31vnpe.jpg""]",B2094751D36DABFF4192
2025/12/21 20:15,5246385781215072,6116657730,慵懒的冬至?? Too Many Times 深圳·深圳湾春茧体育馆,iPhone客户端,"[""https://wx3.sinaimg.cn/orj360/006FWS5Qgy1i8is2t301xj31sc2dse82.jpg"", ""https://wx4.sinaimg.cn/orj360/006FWS5Qgy1i8is2t0ghwj32c0340e82.jpg"", ""https://wx3.sinaimg.cn/orj360/006FWS5Qgy1i8is2zhvgwj33402c0e81.jpg"", ""https://wx4.sinaimg.cn/orj360/006FWS5Qgy1i8is32o751j33402c0hdv.jpg"", ""https://wx4.sinaimg.cn/orj360/006FWS5Qgy1i8is357xs8j32c0340hdu.jpg"", ""https://wx3.sinaimg.cn/orj360/006FWS5Qgy1i8is3001obj33402c0ngb.jpg"", ""https://wx4.sinaimg.cn/orj360/006FWS5Qgy1i8is2xwb1jj32c03404qq.jpg"", ""https://wx1.sinaimg.cn/orj360/006FWS5Qgy1i8is31l2yuj33402c07wi.jpg"", ""https://wx3.sinaimg.cn/orj360/006FWS5Qgy1i8is2t7ae7j33402c04qq.jpg""]",B2094751D36DABFF4192
2025/12/23 15:38,5247041055753409,1408084550,今天挖到深圳冬日限定「粉色隧道」啦～ 芳芷二路的紫花风铃木正开得如火如荼，满街的粉雾直接美到失语！ 抬头是层层叠叠的花瓣云，低头是落英缤纷的花地毯。 ?必拍机位攻略 ? 「路牌打卡点」 - 路牌+垂枝特写：让粉花自然垂落在「芳芷二路」路牌上，低角度仰拍秒出文艺大片 - 街景全景：站在路口拍 ...全文,OPPO Find X8,"[""https://wx4.sinaimg.cn/orj360/53edaa46gy1i8kvg6bfn3j20u01404b6.jpg"", ""https://wx3.sinaimg.cn/orj360/53edaa46gy1i8kvg6xd43j20u0140ajk.jpg"", ""https://wx1.sinaimg.cn/orj360/53edaa46gy1i8kvg7fzb6j20u0140ao0.jpg"", ""https://wx4.sinaimg.cn/orj360/53edaa46gy1i8kvg7z0mbj20u0140qgb.jpg"", ""https://wx2.sinaimg.cn/orj360/53edaa46gy1i8kvgby6lzj20u01400y2.jpg"", ""https://wx1.sinaimg.cn/orj360/53edaa46gy1i8kvg8kphgj20u0140tm6.jpg"", ""https://wx3.sinaimg.cn/orj360/53edaa46gy1i8kvgaeb13j20u0140qcc.jpg"", ""https://wx4.sinaimg.cn/orj360/53edaa46gy1i8kvgbds1oj20u014045n.jpg"", ""https://wx3.sinaimg.cn/orj360/53edaa46gy1i8kvgcj7myj20u0140dm3.jpg""]",B2094751D36DABFF4192
2025/12/22 10:06,5246594997551664,1524665504,深圳的“冬天”也太舒服了吧！！ 深圳·深圳湾万象城,iPhone客户端,"[""https://wx4.sinaimg.cn/orj360/5ae08ca0gy1i8jg60fnsbj21401hc4pv.jpg"", ""https://wx3.sinaimg.cn/orj360/5ae08ca0gy1i8jg6agrlbj21401hcnpd.jpg"", ""https://wx3.sinaimg.cn/orj360/5ae08ca0gy1i8jg6ji82tj21401hce81.jpg"", ""https://wx4.sinaimg.cn/orj360/5ae08ca0gy1i8jg7cmk26j22c0340qv9.jpg"", ""https://wx2.sinaimg.cn/orj360/5ae08ca0gy1i8jg6vaqoaj22by32fkjn.jpg"", ""https://wx1.sinaimg.cn/orj360/5ae08ca0gy1i8jg6nte0sj22by2vwu10.jpg"", ""https://wx1.sinaimg.cn/orj360/5ae08ca0gy1i8jg6x5y5dj21401hcqv5.jpg"", ""https://wx2.sinaimg.cn/orj360/5ae08ca0gy1i8jg77mgu8j213z1hcb29.jpg"", ""https://wx3.sinaimg.cn/orj360/5ae08ca0gy1i8jg82ogfgj22c0340x6u.jpg""]",B2094751D36DABFF4192
2025/12/22 22:01,5246774921137416,3163645837,生命中的一切都无法占有，只能经历。生日愿望是接下来的人生继续被爱着，待到因果成熟自然脱落，即兴发挥吧?? 深圳·深圳中洲万豪酒店,iPhone客户端,"[""https://wx1.sinaimg.cn/orj360/bc91678dgy1i8hv4fvue8j22903004qq.jpg"", ""https://wx1.sinaimg.cn/orj360/bc91678dgy1i8hre3956jj21sc2dq7wh.jpg"", ""https://wx2.sinaimg.cn/orj360/bc91678dgy1i8hv4fpbk7j23t452tb2e.jpg"", ""https://wx2.sinaimg.cn/orj360/bc91678dgy1i8hv4gw4imj21sc2ds7wh.jpg"", ""https://wx1.sinaimg.cn/orj360/bc91678dgy1i8hv4f7vpcj23b04eoqv7.jpg"", ""https://wx4.sinaimg.cn/orj360/bc91678dgy1i8hv4gr877j23674cahdu.jpg"", ""https://wx3.sinaimg.cn/orj360/bc91678dgy1i8hv4fhyg7j21sc2b7kjl.jpg"", ""https://wx1.sinaimg.cn/orj360/bc91678dgy1i8k0vhj6spj22c03401ky.jpg"", ""https://wx3.sinaimg.cn/orj360/bc91678dgy1i8k0uwvreij21sc2dr7wh.jpg""]",B2094751D36DABFF4192
2025/12/16 22:01,5244600639554428,7277490738,一次性把牛肉火锅吃够了 深圳·淡马茶坊(深圳K11店),iPhone 16 Pro Max,"[""https://wx4.sinaimg.cn/orj360/007WvBMSgy1i8d35py72uj31400u0k0y.jpg"", ""https://wx3.sinaimg.cn/orj360/007WvBMSgy1i8d35qctyjj30u0140qcg.jpg"", ""https://wx4.sinaimg.cn/orj360/007WvBMSgy1i8d35psivvj30u01hcgu2.jpg"", ""https://wx1.sinaimg.cn/orj360/007WvBMSgy1i8d35pbt6gj30u01400y2.jpg"", ""https://wx1.sinaimg.cn/orj360/007WvBMSgy1i8d35r98doj30u0140dso.jpg"", ""https://wx4.sinaimg.cn/orj360/007WvBMSgy1i8d35rw9i0j30u0140tht.jpg""]",B2094751D36DABFF4192
2025/12/22 14:21,5246659279719224,1549365631,上周五上午，和先生乘地铁到太子湾公园一晃，上到楼顶俯瞰太子湾风景。 从高处看地面的紫风铃，一片浪漫色。一处圣诞节的装扮，一拨资深美女在排着队拍照，好像听见说进入需付费，听起来并不贵，但美女们都是在蹭边拍。昨晚宝宝睡前跟我聊天，说不想让我回去，我回去他很无聊，跟他说我不回，会陪着他 ...全文,HUAWEI Pura 70 Ultra,"[""https://wx4.sinaimg.cn/orj360/5c59717fgy1i8jnlpukydj20u014046n.jpg"", ""https://wx3.sinaimg.cn/orj360/5c59717fgy1i8jnlqgu0wj20u014049t.jpg"", ""https://wx4.sinaimg.cn/orj360/5c59717fgy1i8jnlr5a2cj20u0140dpq.jpg"", ""https://wx2.sinaimg.cn/orj360/5c59717fgy1i8jnls1ow9j20u0140amk.jpg"", ""https://wx3.sinaimg.cn/orj360/5c59717fgy1i8jnlsp0gpj20u0140k10.jpg"", ""https://wx4.sinaimg.cn/orj360/5c59717fgy1i8jnltcpxvj20u0140dr7.jpg"", ""https://wx4.sinaimg.cn/orj360/5c59717fgy1i8jnlu3sjqj20u014016l.jpg"", ""https://wx4.sinaimg.cn/orj360/5c59717fgy1i8jnluqxitj20u0140wqi.jpg"", ""https://wx3.sinaimg.cn/orj360/5c59717fgy1i8jnlvalqlj20u0140k3d.jpg""]",B2094751D36DABFF4192
2025/12/20 17:46,5245986050149077,2084265825,蛇口渔港：当地渔民出海作业的基地及停靠渔船的避风港，是深圳历史最悠久的国家一级渔港。现已转型为集渔业生产、海鲜贸易和市民休闲于一体的综合性港口。 深圳·蛇口渔港,HUAWEI Mate 40 Pro,"[""https://wx3.sinaimg.cn/orj360/7c3b5f61gy1i8hia24awgj24802tcqv8.jpg"", ""https://wx2.sinaimg.cn/orj360/7c3b5f61gy1i8hia3i48tj24802tcx6s.jpg"", ""https://wx1.sinaimg.cn/orj360/7c3b5f61gy1i8hia4wpmtj24802tckjo.jpg""]",B2094751D36DABFF4192
2025/12/22 5:01,5246518351102035,2969337695,分享图片 深圳·至正潮菜(深圳湾万象城店),iPhone客户端,"[""https://wx3.sinaimg.cn/orj360/b0fc7f5fgy1i8j7diquekj22vz25zkjm.jpg"", ""https://wx4.sinaimg.cn/orj360/b0fc7f5fgy1i8j7domux6j22c0340b2a.jpg"", ""https://wx4.sinaimg.cn/orj360/b0fc7f5fgy1i8j7e4z6q7j23402c01kz.jpg"", ""https://wx4.sinaimg.cn/orj360/b0fc7f5fgy1i8j7dz8re1j22c0340npe.jpg"", ""https://wx2.sinaimg.cn/orj360/b0fc7f5fgy1i8j7dfmcmoj22c0340x6q.jpg"", ""https://wx3.sinaimg.cn/orj360/b0fc7f5fgy1i8j7duya0sj22c03401ky.jpg"", ""https://wx2.sinaimg.cn/orj360/b0fc7f5fgy1i8j7f0e8w3j22c0340qv6.jpg""]",B2094751D36DABFF4192
2025/12/20 17:59,5245989352374443,2387669757,记录??[春游家族][毕业快乐][老师爱你]?? 周末又来爬山啦?? 成功登顶[来抱抱]太棒啦[春游家族] 一点不带喘的[嘻嘻] 就是登山口有几只看荔枝树的大狗有点怕怕的[笑cry] 深圳·南山观景台,iPhone客户端,"[""https://wx3.sinaimg.cn/orj360/8e50f2fdgy1i8himmtl98j22c0340b2d.jpg"", ""https://wx4.sinaimg.cn/orj360/8e50f2fdgy1i8himm6e0tj21j02psx6q.jpg"", ""https://wx1.sinaimg.cn/orj360/8e50f2fdgy1i8himn726tj22c0340x6s.jpg"", ""https://wx1.sinaimg.cn/orj360/8e50f2fdgy1i8himmapk2j21j02psx6q.jpg"", ""https://wx4.sinaimg.cn/orj360/8e50f2fdgy1i8himph8wnj23402c0b2e.jpg"", ""https://wx4.sinaimg.cn/orj360/8e50f2fdgy1i8himnsr31j21j02pskjm.jpg"", ""https://wx1.sinaimg.cn/orj360/8e50f2fdgy1i8himq17mdj23402c0x6t.jpg"", ""https://wx4.sinaimg.cn/orj360/8e50f2fdgy1i8himowxmmj23402c0npe.jpg""]",B2094751D36DABFF4192
2025/12/21 21:26,5246403626402731,1941146530,每日一餐分享 深圳·小南山公园-南山妈祖庙,HUAWEI Mate30 Pro 5G,"[""https://wx2.sinaimg.cn/orj360/73b38ba2gy1i8iu8heb9gj22402tcqv6.jpg"", ""https://wx3.sinaimg.cn/orj360/73b38ba2gy1i8iu8ix6nkj22402tce84.jpg"", ""https://wx4.sinaimg.cn/orj360/73b38ba2gy1i8iu8jquzrj22402tce81.jpg"", ""https://wx2.sinaimg.cn/orj360/73b38ba2gy1i8iu8ka5fnj22402tckir.jpg"", ""https://wx2.sinaimg.cn/orj360/73b38ba2gy1i8iu8l44q6j22402tckjm.jpg"", ""https://wx2.sinaimg.cn/orj360/73b38ba2gy1i8iu8n7ni2j22402tce84.jpg"", ""https://wx3.sinaimg.cn/orj360/73b38ba2gy1i8iu8on22kj22tc240npg.jpg"", ""https://wx2.sinaimg.cn/orj360/73b38ba2gy1i8iu8rmpxgj22402tcqv7.jpg"", ""https://wx3.sinaimg.cn/orj360/73b38ba2gy1i8iu8sjq6aj22tc240b29.jpg""]",B2094751D36DABFF4192
2025/12/22 16:57,5246698508784035,2363801770,中信信悦湾 去魅了！完全感受不到所谓的顶级豪宅，浪费了这个地段！！ 户型：307的景观好一些，但是阳台还是会有遮挡，朝向不好，销售竟然说西面的房子特别好住。370的户型实用面积也就200多吧，客厅不大，房间也不大，就中规中矩吧。可是你价格摆在这里了，就应该更有诚意。从验资到看房整个流程也让 ...全文,iPhone,"[""https://wx2.sinaimg.cn/orj360/8ce4c0aagy1i8js191ft7j20u0140wux.jpg"", ""https://wx4.sinaimg.cn/orj360/8ce4c0aagy1i8js19fxrhj20u014019g.jpg"", ""https://wx2.sinaimg.cn/orj360/8ce4c0aagy1i8js19suy3j21400u0naj.jpg"", ""https://wx2.sinaimg.cn/orj360/8ce4c0aagy1i8js1a5x8fj21400u0gy4.jpg"", ""https://wx2.sinaimg.cn/orj360/8ce4c0aagy1i8js1agyzej20u0140ajp.jpg"", ""https://wx4.sinaimg.cn/orj360/8ce4c0aagy1i8js1avh7ej21400u0k20.jpg"", ""https://wx2.sinaimg.cn/orj360/8ce4c0aagy1i8js1b6gcqj20u0140n5e.jpg"", ""https://wx3.sinaimg.cn/orj360/8ce4c0aagy1i8js1bkqqij21400u07ek.jpg""]",B2094751D36DABFF4192
2025/12/23 8:33,5246934030748099,1412262501,傍晚时分，到深圳湾骑行10公里，感受一下穿越山海的心情。夜幕降临的时候，来看湾区灯光汇聚的星光点点，体现商业中心的繁华和城市的时尚设计，仿佛深圳总是在变化着…… 深圳·深圳湾公园,荣耀Power,"[""https://wx2.sinaimg.cn/orj360/542d6a65gy1i8kj4suws7j21400u0n8u.jpg"", ""https://wx4.sinaimg.cn/orj360/542d6a65gy1i8kj4ta2pmj21400u0tkh.jpg"", ""https://wx2.sinaimg.cn/orj360/542d6a65gy1i8kj4tkwrsj21400u0jvd.jpg"", ""https://wx1.sinaimg.cn/orj360/542d6a65gy1i8kj4xlnd0j20u0140dl2.jpg"", ""https://wx1.sinaimg.cn/orj360/542d6a65gy1i8kj4ri3pvj20u0140tik.jpg"", ""https://wx4.sinaimg.cn/orj360/542d6a65gy1i8kj4siicij21400u0gqt.jpg"", ""https://wx4.sinaimg.cn/orj360/542d6a65gy1i8kj4rtwgij21400u0wmr.jpg"", ""https://wx3.sinaimg.cn/orj360/542d6a65gy1i8kj4s6bjkj20u0140n5n.jpg"", ""https://wx1.sinaimg.cn/orj360/542d6a65gy1i8kj500zjkj20u01hcdjt.jpg""]",B2094751D36DABFF4192
2025/12/22 12:43,5246634637394508,7788097972,临近冬至 夜长于日日常 深圳·深圳湾万象城,日常超话,"[""https://wx4.sinaimg.cn/orj360/008v443qgy1i8jkqzh1zaj30s816cwvt.jpg"", ""https://wx1.sinaimg.cn/orj360/008v443qgy1i8jkqy3xenj30ww1dc4cw.jpg"", ""https://wx4.sinaimg.cn/orj360/008v443qgy1i8jkqyvvd5j30ww1dctux.jpg"", ""https://wx1.sinaimg.cn/orj360/008v443qgy1i8jkqxqulsj30ww1dctx4.jpg"", ""https://wx1.sinaimg.cn/orj360/008v443qgy1i8jkqveu6fj30ww1dcwy4.jpg"", ""https://wx3.sinaimg.cn/orj360/008v443qgy1i8jkqwuadkj30uf19m1dh.jpg"", ""https://wx4.sinaimg.cn/orj360/008v443qgy1i8jkqw44g9j30ww1dcwxq.jpg"", ""https://wx3.sinaimg.cn/orj360/008v443qgy1i8jkr2hldlj30ww1dcnj0.jpg"", ""https://wx1.sinaimg.cn/orj360/008v443qgy1i8jkqx7mfpj318d0tm7ff.jpg""]",B2094751D36DABFF4192
2025/12/20 0:26,5245724276296406,6068047240,在人才公园跑步， 经常会遇到不同主题的活动， 这里人气依旧很高， 大家在这里， 可以漫步，游玩，吹海风，看灯光秀， 当然，还可以跑步 深圳·深圳人才公园,iPhone客户端,"[""https://wx4.sinaimg.cn/orj360/006CEUhGgy1i8go3gzb16j36804o0qv9.jpg"", ""https://wx4.sinaimg.cn/orj360/006CEUhGgy1i8go3gjcj3j33402c07wi.jpg"", ""https://wx2.sinaimg.cn/orj360/006CEUhGgy1i8go3iztlmj34uy3n6hdz.jpg"", ""https://wx2.sinaimg.cn/orj360/006CEUhGgy1i8go3fgm4gj310n1s8tp3.jpg""]",B2094751D36DABFF4192
2025/12/21 14:00,5246291384993256,5464328668,虽然12月穿短袖很爽，但我竟然有些不习惯 深圳·喜之郎大厦,iPhone客户端,"[""https://wx4.sinaimg.cn/orj360/005XNLvmly1i8ihc8nh2lj32yo1o04qp.jpg"", ""https://wx1.sinaimg.cn/orj360/005XNLvmly1i8ihcaou9gj31o02yo4qp.jpg"", ""https://wx4.sinaimg.cn/orj360/005XNLvmly1i8ihcbkvt9j31o02yob2a.jpg"", ""https://wx3.sinaimg.cn/orj360/005XNLvmly1i8ihcdn0egj33402c0qv5.jpg"", ""https://wx3.sinaimg.cn/orj360/005XNLvmly1i8ihcepe5gj32c0340e82.jpg"", ""https://wx1.sinaimg.cn/orj360/005XNLvmly1i8ihcfsea4j33402c0e82.jpg"", ""https://wx1.sinaimg.cn/orj360/005XNLvmly1i8ihcgr3tjj33402c0kjm.jpg"", ""https://wx3.sinaimg.cn/orj360/005XNLvmly1i8ihcirwwdj34eo3b0kjp.jpg"", ""https://wx3.sinaimg.cn/orj360/005XNLvmly1i8ihck91fjj32c0340qv6.jpg""]",B2094751D36DABFF4192
2025/12/20 10:00,5245868609378295,1697433242,等你下课的日常 深圳·深圳华润大厦艺术中心,iPhone客户端,"[""https://wx4.sinaimg.cn/orj360/652cc69agy1i8h4sb1bjmj22c0340npe.jpg"", ""https://wx3.sinaimg.cn/orj360/652cc69agy1i8h4sp5j2uj22203321ky.jpg"", ""https://wx3.sinaimg.cn/orj360/652cc69agy1i8h4sty55bj22213311ky.jpg""]",B2094751D36DABFF4192
2025/12/19 22:42,5245698129270629,7877256342,回国后成功胖了5斤[泪][泪][泪][泪][泪] 深圳·鹏瑞莱佛士酒店·瑞廊RUI Lounge,iPhone,"[""https://wx3.sinaimg.cn/orj360/008B6adEgy1i8gl75xvi0j33b04eonpf.jpg"", ""https://wx2.sinaimg.cn/orj360/008B6adEgy1i8gl7il60fj33402c0u0x.jpg"", ""https://wx1.sinaimg.cn/orj360/008B6adEgy1i8gl7bg2bqj33b04eou0z.jpg"", ""https://wx1.sinaimg.cn/orj360/008B6adEgy1i8gl740wfjj33b04eohdv.jpg"", ""https://wx4.sinaimg.cn/orj360/008B6adEgy1i8gl7dc58cj34eo3b0qv7.jpg"", ""https://wx1.sinaimg.cn/orj360/008B6adEgy1i8gl7f7bnsj33b04eou0z.jpg"", ""https://wx1.sinaimg.cn/orj360/008B6adEgy1i8gl7hbdhyj34eo3b07wk.jpg"", ""https://wx2.sinaimg.cn/orj360/008B6adEgy1i8gl79pabnj33402c0e82.jpg"", ""https://wx2.sinaimg.cn/orj360/008B6adEgy1i8gl784a2ij33b04eokjo.jpg""]",B2094751D36DABFF4192
2025/12/19 1:22,5245375925453842,6159176768,分享图片 深圳·深圳湾万象城-二期,iPhone客户端,"[""https://wx4.sinaimg.cn/orj360/006IPheMgy1i8fk5ihe8yj32c0340qv6.jpg"", ""https://wx1.sinaimg.cn/orj360/006IPheMgy1i8fk5angg0j32c03401l0.jpg"", ""https://wx3.sinaimg.cn/orj360/006IPheMgy1i8ef2m4e8nj32c0340e82.jpg"", ""https://wx4.sinaimg.cn/orj360/006IPheMgy1i8fk4y25mdj32c0340u0z.jpg"", ""https://wx1.sinaimg.cn/orj360/006IPheMgy1i8fk4v30rpj32c0340hdv.jpg"", ""https://wx4.sinaimg.cn/orj360/006IPheMgy1i8ef2hx1c1j31r03401ky.jpg"", ""https://wx2.sinaimg.cn/orj360/006IPheMgy1i8fk579riaj32c03401ky.jpg"", ""https://wx3.sinaimg.cn/orj360/006IPheMgy1i8fk50u78vj32c0340kjn.jpg"", ""https://wx4.sinaimg.cn/orj360/006IPheMgy1i8fk5gh5ouj32c0340u0y.jpg""]",B2094751D36DABFF4192
2025/12/21 22:40,5246422459882664,6492562761,茶不苦 心不堵?? 深圳·K11 ECOAST,iPhone客户端,"[""https://wx2.sinaimg.cn/orj360/0075o8adgy1i8iw7kh3h1j316o23unpd.jpg"", ""https://wx4.sinaimg.cn/orj360/0075o8adgy1i8iw2r0yscj335s2dcb2c.jpg"", ""https://wx2.sinaimg.cn/orj360/0075o8adgy1i8iw3ge5ozj33b04eokjn.jpg"", ""https://wx1.sinaimg.cn/orj360/0075o8adgy1i8iw764rfdj34eo2h9kjm.jpg"", ""https://wx2.sinaimg.cn/orj360/0075o8adgy1i8iwan4jf7j31kc2s5e81.jpg"", ""https://wx4.sinaimg.cn/orj360/0075o8adgy1i8iw45ofq7j32h94eonpf.jpg"", ""https://wx4.sinaimg.cn/orj360/0075o8adgy1i8ig0nobq8j337q2jn4qr.jpg"", ""https://wx3.sinaimg.cn/orj360/0075o8adgy1i8iw7tiufwj31c92dsnpd.jpg"", ""https://wx4.sinaimg.cn/orj360/0075o8adgy1i8iw2unyyij32h94eoqv6.jpg""]",B2094751D36DABFF4192
2025/12/22 8:33,5246571555848983,5982383838,劫杯线下就是一场大型ony啊 平常打的游戏也映入眼帘，耳机里的歌也走进了现实，喜欢的博主也出现了在身边永劫无间赛事 深圳·深圳湾春茧体育馆,永劫无间赛事超话,"[""https://wx4.sinaimg.cn/orj360/006wRtjUgy1i8jdigwkopj335s2dc1l1.jpg"", ""https://wx1.sinaimg.cn/orj360/006wRtjUgy1i8jdhotot3j31hc140e6q.jpg"", ""https://wx2.sinaimg.cn/orj360/006wRtjUgy1i8jdhvht5tj31hc0u0wou.jpg"", ""https://wx3.sinaimg.cn/orj360/006wRtjUgy1i8jdi00gtuj31hc0u0thk.jpg"", ""https://wx2.sinaimg.cn/orj360/006wRtjUgy1i8jdi4qa2oj31hc0u0wrq.jpg"", ""https://wx1.sinaimg.cn/orj360/006wRtjUgy1i8jdi6q4atj30u01hcnb3.jpg"", ""https://wx4.sinaimg.cn/orj360/006wRtjUgy1i8jdi869ogj31hc0u0n8t.jpg"", ""https://wx1.sinaimg.cn/orj360/006wRtjUgy1i8jdid5urrj30u01hc7ey.jpg"", ""https://wx1.sinaimg.cn/orj360/006wRtjUgy1i8jdibieo3j31gw2w01kx.jpg""]",B2094751D36DABFF4192
2025/12/18 18:42,5245275392181942,2529580404,满大街都是圣诞??气氛?? 深圳·深圳湾万象城,iPhone客户端,"[""https://wx1.sinaimg.cn/orj360/96c65574gy1i8f4ytelngj210g1cbh0i.jpg"", ""https://wx4.sinaimg.cn/orj360/96c65574gy1i8f509hq52j210o1haqtl.jpg"", ""https://wx2.sinaimg.cn/orj360/96c65574gy1i8f2mmp6kxj20z41coqim.jpg"", ""https://wx3.sinaimg.cn/orj360/96c65574gy1i8f2ptihgwj20zl1bb19n.jpg"", ""https://wx3.sinaimg.cn/orj360/96c65574gy1i8f8al4owdj21cw10ox4p.jpg"", ""https://wx2.sinaimg.cn/orj360/96c65574gy1i8f8ct4uzbj21cw10odyy.jpg"", ""https://wx2.sinaimg.cn/orj360/96c65574gy1i8f2m41ex7j23b04klu0y.jpg"", ""https://wx2.sinaimg.cn/orj360/96c65574gy1i8f4wk1f5oj20u01hcql6.jpg"", ""https://wx1.sinaimg.cn/orj360/96c65574gy1i8f8dhygbuj210o1cwqjz.jpg""]",B2094751D36DABFF4192
2025/12/22 20:37,5246753800454945,1508646082,今日份Omakase` ?? 一人食的快乐时光～ 深圳·兴启料理店,Redmi Note 12 Turbo,"[""https://wx3.sinaimg.cn/orj360/59ec1cc2gy1i8jygewnf5j20u014079y.jpg"", ""https://wx4.sinaimg.cn/orj360/59ec1cc2gy1i8jygeci44j20u0140gqt.jpg"", ""https://wx4.sinaimg.cn/orj360/59ec1cc2gy1i8jygd4vonj20u01400yb.jpg"", ""https://wx1.sinaimg.cn/orj360/59ec1cc2gy1i8jyg9qmurj20u013z0yf.jpg"", ""https://wx1.sinaimg.cn/orj360/59ec1cc2gy1i8jygds1b7j20u0140dnk.jpg"", ""https://wx3.sinaimg.cn/orj360/59ec1cc2gy1i8jygb70lpj20u0140q8p.jpg"", ""https://wx3.sinaimg.cn/orj360/59ec1cc2gy1i8jygaf91cj20u0140n3f.jpg"", ""https://wx2.sinaimg.cn/orj360/59ec1cc2gy1i8jygc9xp6j20u0140q8v.jpg"", ""https://wx1.sinaimg.cn/orj360/59ec1cc2gy1i8jygbnmb2j20u013ztdi.jpg""]",B2094751D36DABFF4192
2025/12/21 16:09,5246323874074269,6621508366,今日沉寂在紫色??的世界啦～再次感叹果是新豪华阿维塔，这就是品牌的魅力，活动高端大气上档次????华为乾崑试驾有礼试驾车型06 深圳·深圳市威廉国际马术中心有限公司,iPhone客户端,"[""https://wx1.sinaimg.cn/orj360/007e7aO2gy1i8il02c436j33b04eohdx.jpg"", ""https://wx1.sinaimg.cn/orj360/007e7aO2gy1i8il066hluj33b04eo7wl.jpg"", ""https://wx3.sinaimg.cn/orj360/007e7aO2gy1i8il08l1rvj33b04eoe84.jpg"", ""https://wx4.sinaimg.cn/orj360/007e7aO2gy1i8il0akdifj33b04eox6r.jpg""]",B2094751D36DABFF4192
2025/12/21 14:44,5246302671602139,8403543823,深圳 这个天太舒服了 短袖 阳光 微风不燥～ 深圳·深圳湾万象城,iPhone客户端,"[""https://wx1.sinaimg.cn/orj360/009aIpDpgy1i8iil6yn4jj30u014044t.jpg"", ""https://wx1.sinaimg.cn/orj360/009aIpDpgy1i8iil7n1unj30u0140dnf.jpg"", ""https://wx2.sinaimg.cn/orj360/009aIpDpgy1i8iil94260j30u01407hy.jpg"", ""https://wx3.sinaimg.cn/orj360/009aIpDpgy1i8iil9sp3rj30u014079v.jpg"", ""https://wx1.sinaimg.cn/orj360/009aIpDpgy1i8iimdgt4rj30u0140aeb.jpg"", ""https://wx4.sinaimg.cn/orj360/009aIpDpgy1i8iilauotdj30u0140dn3.jpg"", ""https://wx1.sinaimg.cn/orj360/009aIpDpgy1i8iil51p54j30u0140n6c.jpg"", ""https://wx4.sinaimg.cn/orj360/009aIpDpgy1i8iilzvaahj30u0140ahm.jpg"", ""https://wx3.sinaimg.cn/orj360/009aIpDpgy1i8iilbcxcvj30u0140th5.jpg""]",B2094751D36DABFF4192
2025/12/20 22:36,5246059016361500,5664004548,[爱你] 深圳·小南山公园,荣耀90 写真相机,"[""https://wx1.sinaimg.cn/orj360/006bjAk4gy1i8hqkzoslej32co34whdv.jpg"", ""https://wx1.sinaimg.cn/orj360/006bjAk4gy1i8hql2tc1gj32co34wqv8.jpg"", ""https://wx3.sinaimg.cn/orj360/006bjAk4gy1i8hql4h3hzj334w2co4qq.jpg"", ""https://wx2.sinaimg.cn/orj360/006bjAk4gy1i8hql6pipej334w2cox6r.jpg"", ""https://wx1.sinaimg.cn/orj360/006bjAk4gy1i8hqlacounj334w2co7wk.jpg"", ""https://wx3.sinaimg.cn/orj360/006bjAk4gy1i8hqlcu9ssj334w2coqv7.jpg"", ""https://wx4.sinaimg.cn/orj360/006bjAk4gy1i8hqlf689aj334w2cob2b.jpg"", ""https://wx1.sinaimg.cn/orj360/006bjAk4gy1i8hqli5c06j334w2coqv7.jpg"", ""https://wx1.sinaimg.cn/orj360/006bjAk4gy1i8hqlk2jqxj334w2cox6p.jpg""]",B2094751D36DABFF4192
2025/12/22 7:46,5246559868683199,1743568380,舞剧牡丹亭 2025.12.21晚 舞剧牡丹亭 深圳站 第5??1??场 [送花花] 情不知所起，一往而深[抱一抱] @_吴雨承 @罗昱文 @杨文艺 三米在剧场 深圳·深圳保利剧院,舞剧牡丹亭超话,"[""https://wx2.sinaimg.cn/orj360/67ecbdfcgy1i8jc43d3gcj23w826we83.jpg"", ""https://wx4.sinaimg.cn/orj360/67ecbdfcgy1i8jc41twf1j234022ob2a.jpg"", ""https://wx2.sinaimg.cn/orj360/67ecbdfcgy1i8jc3zjbfoj234022ohdv.jpg"", ""https://wx4.sinaimg.cn/orj360/67ecbdfcgy1i8jc405u9cj22bc3h0qv5.jpg"", ""https://wx1.sinaimg.cn/orj360/67ecbdfcgy1i8jc425l2rj22ir3s4hdu.jpg"", ""https://wx1.sinaimg.cn/orj360/67ecbdfcgy1i8jc40kzy2j22tc4804qq.jpg""]",B2094751D36DABFF4192
2025/12/22 8:53,5246576671065416,1865886352,打卡深圳人才公园，第一次走完一圈，这可不是什么科学公园可以比的，[允悲] 深圳·深圳人才公园,荣耀Magic5,"[""https://wx3.sinaimg.cn/orj360/6f372a90gy1i8jdz1mo51j20u0140gwd.jpg"", ""https://wx4.sinaimg.cn/orj360/6f372a90gy1i8jdz25ry2j20u0140k5e.jpg"", ""https://wx1.sinaimg.cn/orj360/6f372a90gy1i8jdz30s90j20u0140dmv.jpg"", ""https://wx2.sinaimg.cn/orj360/6f372a90gy1i8jdz3lgo2j20u0140qa6.jpg"", ""https://wx3.sinaimg.cn/orj360/6f372a90gy1i8jdz3zyv2j20u0140q7l.jpg"", ""https://wx1.sinaimg.cn/orj360/6f372a90gy1i8jdz4i8guj20u0140jv9.jpg"", ""https://wx2.sinaimg.cn/orj360/6f372a90gy1i8jdz4zeqaj20u0140qaq.jpg"", ""https://wx3.sinaimg.cn/orj360/6f372a90gy1i8jdz5setqj20u0140k0u.jpg"", ""https://wx4.sinaimg.cn/orj360/6f372a90gy1i8je3ijh8jj20u0140104.jpg""]",B2094751D36DABFF4192
2025/12/22 22:58,5246789335651688,2105614534,落日山河 温柔浪漫?? 人间烟火 星星璀璨??? 天空人间烟火浪漫温柔落日夕阳夕阳夕阳西下落日余晖风景摄影夕阳落日余晖映晚霞一抹夕阳美如画落日晚霞 深圳·深圳湾口岸,夕阳超话,"[""https://wx1.sinaimg.cn/orj360/7d8120c6gy1i8k2iqu9s8j22dc35skjl.jpg"", ""https://wx3.sinaimg.cn/orj360/7d8120c6gy1i8k2iz7vbrj20u01hcjta.jpg"", ""https://wx2.sinaimg.cn/orj360/7d8120c6gy1i8k2irjxu8j235s2dcqv5.jpg"", ""https://wx1.sinaimg.cn/orj360/7d8120c6gy1i8k2is8vunj22dc35s1ky.jpg"", ""https://wx4.sinaimg.cn/orj360/7d8120c6gy1i8k2it4swvj22dc35skjm.jpg""]",B2094751D36DABFF4192
2025/12/21 12:32,5246269362540288,3837652607,"sun, sports, therapy?? 深圳·南山公园",iPhone 14 Pro,"[""https://wx3.sinaimg.cn/orj360/e4bdee7fgy1i8iid4e68kj22c0340kjn.jpg"", ""https://wx3.sinaimg.cn/orj360/e4bdee7fgy1i8iicr07j7j22yo3y8e89.jpg"", ""https://wx3.sinaimg.cn/orj360/e4bdee7fgy1i8iid7sw0wj22c0340b2b.jpg"", ""https://wx3.sinaimg.cn/orj360/e4bdee7fgy1i8iiczsjrtj22nv3jthe0.jpg"", ""https://wx3.sinaimg.cn/orj360/e4bdee7fgy1i8iif1b1b9j22c0340u0y.jpg"", ""https://wx1.sinaimg.cn/orj360/e4bdee7fgy1i8iicfcg49j227z2xlb2e.jpg""]",B2094751D36DABFF4192
2025/12/20 15:19,5245948980626410,1769511844,看很多架飞机从头顶飞过 深圳·K11购物艺术中心,iPhone客户端,"[""https://wx3.sinaimg.cn/orj360/69789ba4gy1i8hdy8ougbj23402c01ky.jpg"", ""https://wx3.sinaimg.cn/orj360/69789ba4gy1i8hdyu9z3rj23402c0kjm.jpg"", ""https://wx3.sinaimg.cn/orj360/69789ba4gy1i8hdz6b6jij23402c01l1.jpg"", ""https://wx2.sinaimg.cn/orj360/69789ba4gy1i8hdzl5birj22c0340kjm.jpg"", ""https://wx4.sinaimg.cn/orj360/69789ba4gy1i8he01xv5fj22c0340b2a.jpg"", ""https://wx2.sinaimg.cn/orj360/69789ba4gy1i8he0f6w4tj23402c0e82.jpg"", ""https://wx1.sinaimg.cn/orj360/69789ba4gy1i8he0grzmkj22c0340qpz.jpg"", ""https://wx1.sinaimg.cn/orj360/69789ba4gy1i8he0x6cbwj22c03401kz.jpg"", ""https://wx3.sinaimg.cn/orj360/69789ba4gy1i8he119f6ij22c0340wvr.jpg""]",B2094751D36DABFF4192
2025/12/20 22:57,5246064320054546,7510553733,太子湾打卡！ 深圳·太子湾花园城VILLA,iPhone客户端,"[""https://wx3.sinaimg.cn/orj360/008chw7rgy1i8hr85scroj32c0340hdu.jpg"", ""https://wx2.sinaimg.cn/orj360/008chw7rgy1i8hr88ciqwj32c0340qv6.jpg"", ""https://wx2.sinaimg.cn/orj360/008chw7rgy1i8hr8axnxrj32c03404qq.jpg"", ""https://wx2.sinaimg.cn/orj360/008chw7rgy1i8hr8bn48wj32c03401ky.jpg"", ""https://wx3.sinaimg.cn/orj360/008chw7rgy1i8hr8cl99vj32c0340b2a.jpg"", ""https://wx2.sinaimg.cn/orj360/008chw7rgy1i8hr84v4y7j32c0340b2a.jpg"", ""https://wx4.sinaimg.cn/orj360/008chw7rgy1i8hr8gl314j33b04eoqv7.jpg"", ""https://wx1.sinaimg.cn/orj360/008chw7rgy1i8hr8hypmij33b04eox6q.jpg"", ""https://wx3.sinaimg.cn/orj360/008chw7rgy1i8hr8ka2tpj33b04eohdw.jpg""]",B2094751D36DABFF4192
2025/12/22 10:44,5246604550605675,1408084550,万象城的粉色浪漫暴击。 ?? 深圳冬日限定浪漫 ?? 今天路过万象城直接被美晕！满街的紫花风铃木开成了粉色瀑布，抬头就是漫天云霞，低头花瓣铺成粉色地毯，随手一拍都是韩剧女主既视感 ?? 3大出片机位大公开 1. 商场连廊天桥：站在桥上拍花树全景，玻璃幕墙当背景，现代感拉满 2. 河道步行道： ...全文,OPPO Find X8,"[""https://wx2.sinaimg.cn/orj360/53edaa46gy1i8jhb0be7wj20u0140n8g.jpg"", ""https://wx4.sinaimg.cn/orj360/53edaa46gy1i8jhb0v43oj20u0140gxy.jpg"", ""https://wx4.sinaimg.cn/orj360/53edaa46gy1i8jhb1g927j20u0140tm7.jpg"", ""https://wx1.sinaimg.cn/orj360/53edaa46gy1i8jhb1yojgj20u0140na5.jpg"", ""https://wx3.sinaimg.cn/orj360/53edaa46gy1i8jhb2j17pj20u01404bd.jpg"", ""https://wx2.sinaimg.cn/orj360/53edaa46gy1i8jhb31br6j20u0140tiz.jpg"", ""https://wx3.sinaimg.cn/orj360/53edaa46gy1i8jhb3geh1j20u01hc0yt.jpg"", ""https://wx4.sinaimg.cn/orj360/53edaa46gy1i8jhb3zri9j20u01hck7a.jpg"", ""https://wx2.sinaimg.cn/orj360/53edaa46gy1i8jhb4kyyqj20u01hcaqz.jpg""]",B2094751D36DABFF4192
2025/12/21 9:08,5246217961346189,7827599130,中信信悦湾 来了~深圳顶豪 欢迎各位大老板验资品鉴深圳买房 深圳·深圳湾万象城,HarmonyOS设备,"[""https://wx3.sinaimg.cn/orj360/008xJO6Sgy1i8i8vr076yj30u01cywo2.jpg"", ""https://wx4.sinaimg.cn/orj360/008xJO6Sgy1i8i8vroiwfj30o719jagk.jpg"", ""https://wx1.sinaimg.cn/orj360/008xJO6Sgy1i8i8vseh3oj30qq1dmaio.jpg""]",B2094751D36DABFF4192
2025/12/19 23:23,5245708431004899,1686733482,看阿凡达1的时候大学还没毕业，疫情期间看完阿凡达2回家就阳了，去年暑假还去了趟奥兰多迪士尼的阿凡达世界，今天已是带着八岁的女儿来看阿凡达3。 没有彩蛋，完结篇。最后三个半小时沉浸在卡梅隆缔造的奇幻世界里，震撼、激动、不舍。 深圳·万象影城(深圳湾万象城旗舰店),iPhone 17 Pro Max,"[""https://wx2.sinaimg.cn/orj360/648982aagy1i8gmce6c9kj23402c0e81.jpg"", ""https://wx3.sinaimg.cn/orj360/648982aagy1i8gmcjqa0wj22dc35s1l1.jpg"", ""https://wx2.sinaimg.cn/orj360/648982aagy1i8gmcd15hyj235s2dce87.jpg"", ""https://wx4.sinaimg.cn/orj360/648982aagy1i8gmcopdkoj235v2dcnpg.jpg""]",B2094751D36DABFF4192
2025/12/20 12:10,5245901358762997,7492034689,生活手记 登大南山 过来福士 吃客家味 品炒牛河 人生的意义就在于吃吃喝喝！ 深圳·荔林公园,HUAWEI Mate 60 Pro,"[""https://wx3.sinaimg.cn/orj360/008b1Otbgy1i8h8guglgqj30u01404ej.jpg"", ""https://wx3.sinaimg.cn/orj360/008b1Otbgy1i8h8guxfa1j30u014014y.jpg"", ""https://wx4.sinaimg.cn/orj360/008b1Otbgy1i8h8gve5h3j30u0140alf.jpg"", ""https://wx4.sinaimg.cn/orj360/008b1Otbgy1i8h8gw3o8lj30u0140dse.jpg"", ""https://wx2.sinaimg.cn/orj360/008b1Otbgy1i8h8gwga3xj30u018j45r.jpg"", ""https://wx3.sinaimg.cn/orj360/008b1Otbgy1i8h8gwuwjij31400u0tih.jpg"", ""https://wx2.sinaimg.cn/orj360/008b1Otbgy1i8h8gx890rj31400u0guq.jpg"", ""https://wx3.sinaimg.cn/orj360/008b1Otbgy1i8h8gxmiwpj30u0140qac.jpg"", ""https://wx3.sinaimg.cn/orj360/008b1Otbgy1i8h8gy0nhbj31400u0tfm.jpg""]",B2094751D36DABFF4192
2025/12/20 22:21,5246055239390641,1879391121,和我妹的漂亮饭 深圳·齐武·日本料理(鹏润达商业广场店),iPhone客户端,"[""https://wx1.sinaimg.cn/orj360/70053b91gy1i8hq7kqt1jj20u0140wo8.jpg"", ""https://wx3.sinaimg.cn/orj360/70053b91gy1i8hq7lb6xsj20u0140dmc.jpg"", ""https://wx4.sinaimg.cn/orj360/70053b91gy1i8hq7ln5k7j20u014010d.jpg"", ""https://wx2.sinaimg.cn/orj360/70053b91gy1i8hq7m2qhnj20u0140483.jpg"", ""https://wx3.sinaimg.cn/orj360/70053b91gy1i8hq7oii44j20u0140thu.jpg"", ""https://wx1.sinaimg.cn/orj360/70053b91gy1i8hq7k518ij20u0140n6x.jpg"", ""https://wx2.sinaimg.cn/orj360/70053b91gy1i8hq7tjsrkj20u0140qbl.jpg"", ""https://wx2.sinaimg.cn/orj360/70053b91gy1i8hq83ab0aj20u0140qb2.jpg"", ""https://wx4.sinaimg.cn/orj360/70053b91gy1i8hq863kc4j20u0140wrg.jpg""]",B2094751D36DABFF4192
2025/12/20 22:39,5246059678273352,3221394333,今天意外的收获 买到了最爱之香 一家小众的香港品牌 好闻。真的好闻 就很开心，微博小红书给打卡一下[打call] 深圳k11也是真的好美啊 深圳·K11 ECOAST,iPhone客户端,"[""https://wx1.sinaimg.cn/orj360/c002939dgy1i8hqmv98o6j23b04eo7wj.jpg"", ""https://wx2.sinaimg.cn/orj360/c002939dgy1i8hqmwt51hj23402c01ky.jpg"", ""https://wx4.sinaimg.cn/orj360/c002939dgy1i8hqmt6r8wj21fo1ektvo.jpg"", ""https://wx1.sinaimg.cn/orj360/c002939dgy1i8hqmyzsz8j23b04eoqv9.jpg""]",B2094751D36DABFF4192
2025/12/21 11:06,5246247741954925,2072236560,商品组合一般般，但外围的休闲环境还是很推荐 深圳·K11购物艺术中心,华为 Mate X6,"[""https://wx3.sinaimg.cn/orj360/7b83d210gy1i8icbf5mhej22dc35s7wi.jpg"", ""https://wx3.sinaimg.cn/orj360/7b83d210gy1i8icbiaiujj22dc35sqv8.jpg"", ""https://wx3.sinaimg.cn/orj360/7b83d210gy1i8icbkzom6j22402tc7wk.jpg"", ""https://wx2.sinaimg.cn/orj360/7b83d210gy1i8icbmqsmlj22dc35sqv6.jpg"", ""https://wx4.sinaimg.cn/orj360/7b83d210gy1i8icbp19w1j22dc35shdv.jpg"", ""https://wx4.sinaimg.cn/orj360/7b83d210gy1i8icbrsxr4j22dc35s1kz.jpg""]",B2094751D36DABFF4192
2025/12/21 16:15,5246325483642305,3933195364,生活手记紫铃木统治下的深圳冬日，灿烂媚人# 深圳·深圳太子湾,iPhone客户端,"[""https://wx3.sinaimg.cn/orj360/ea6fcc64gy1i8il6lqk7jj20u0140dpa.jpg"", ""https://wx3.sinaimg.cn/orj360/ea6fcc64gy1i8il5q0qi7j20u0140h44.jpg"", ""https://wx2.sinaimg.cn/orj360/ea6fcc64gy1i8il6nsn1fj20u0140dry.jpg"", ""https://wx3.sinaimg.cn/orj360/ea6fcc64gy1i8il5zlvn6j20u0140qe7.jpg"", ""https://wx2.sinaimg.cn/orj360/ea6fcc64gy1i8il6pwhpzj21400u0tke.jpg"", ""https://wx2.sinaimg.cn/orj360/ea6fcc64gy1i8il83mavij20u0140ar1.jpg"", ""https://wx3.sinaimg.cn/orj360/ea6fcc64gy1i8il5uw9pgj20u01407jl.jpg"", ""https://wx2.sinaimg.cn/orj360/ea6fcc64gy1i8il84orjrj21400u0q8v.jpg"", ""https://wx4.sinaimg.cn/orj360/ea6fcc64gy1i8il6jxcnbj21400u0ton.jpg""]",B2094751D36DABFF4192
2025/12/21 18:13,5246355289411940,1203467001,冬至吃汤圆啦?? 深圳·水牛奶皇后糖水铺,iPhone 17 Pro Max,"[""https://wx2.sinaimg.cn/orj360/47bb72f9gy1i8iogiikkjj22c0340kjl.jpg"", ""https://wx1.sinaimg.cn/orj360/47bb72f9gy1i8iogn29kaj22c03404qq.jpg"", ""https://wx3.sinaimg.cn/orj360/47bb72f9gy1i8iogpe22cj22c03404qq.jpg"", ""https://wx1.sinaimg.cn/orj360/47bb72f9gy1i8iogz882lj23b04eokjm.jpg"", ""https://wx2.sinaimg.cn/orj360/47bb72f9gy1i8iogfbxzjj230e40jb2b.jpg"", ""https://wx2.sinaimg.cn/orj360/47bb72f9gy1i8iohoe49uj22c0340u0x.jpg"", ""https://wx1.sinaimg.cn/orj360/47bb72f9gy1i8iohgrrlcj22c03407wi.jpg"", ""https://wx2.sinaimg.cn/orj360/47bb72f9gy1i8iom5av7rj20u01hctct.jpg"", ""https://wx4.sinaimg.cn/orj360/47bb72f9gy1i8ioiw1j0xj22c03407wi.jpg""]",B2094751D36DABFF4192
2025/12/20 21:35,5246043686176063,1942450993,家人们，正好抽到自己喜欢的拉布布的快乐谁懂[捂嘴哭][捂嘴哭] 深圳·深圳湾万象城-二期,iPhone 17 Pro(深蓝色),"[""https://wx1.sinaimg.cn/orj360/73c77331gy1i8hownpoozj23b04eonpf.jpg"", ""https://wx1.sinaimg.cn/orj360/73c77331gy1i8howi1rlwj24eo3b0x6t.jpg"", ""https://wx1.sinaimg.cn/orj360/73c77331gy1i8howne8phj23b04eou0y.jpg"", ""https://wx3.sinaimg.cn/orj360/73c77331gy1i8howhl9ekj23b04eo7wj.jpg""]",B2094751D36DABFF4192
2025/12/19 1:19,5245375328027550,1803581651,臀推110kg 深蹲70kg ??屁屁快翘起来吧 深圳·鼎太风华六期,,"[""https://wx3.sinaimg.cn/orj360/6b8078d3gy1i8fk4b7bqij20u0140qcc.jpg"", ""https://wx4.sinaimg.cn/orj360/6b8078d3gy1i8fk4dma2lj20u0140ajy.jpg"", ""https://wx2.sinaimg.cn/orj360/6b8078d3gy1i8fk4g7yjuj20u0140ti5.jpg"", ""https://wx4.sinaimg.cn/orj360/6b8078d3gy1i8fk4j7p17j20u0140dt6.jpg"", ""https://wx4.sinaimg.cn/orj360/6b8078d3gy1i8fk4ixascj20u014048g.jpg"", ""https://wx4.sinaimg.cn/orj360/6b8078d3gy1i8fk4lvad2j20u0140490.jpg""]",B2094751D36DABFF4192
2025/12/21 20:22,5246387563270933,5336615732,2025圣诞节快乐 深圳·深圳人才公园,iPhone客户端,"[""https://wx3.sinaimg.cn/orj360/005P9Txigy1i8ise9iq4hj33b04eohdx.jpg"", ""https://wx1.sinaimg.cn/orj360/005P9Txigy1i8isebfj93j32c0340hdu.jpg"", ""https://wx2.sinaimg.cn/orj360/005P9Txigy1i8isee7yswj33b04eohdx.jpg""]",B2094751D36DABFF4192
2025/12/22 18:18,5246718859806732,1737128495,先急就章把卷子出完了。 深圳·COSE CAFE,魅族 21 PRO AI 终端,"[""https://wx3.sinaimg.cn/orj360/678a7a2fgy1i8jufsw8ptj20u0140dp8.jpg"", ""https://wx3.sinaimg.cn/orj360/678a7a2fgy1i8juftjgodj20u0140gq0.jpg"", ""https://wx1.sinaimg.cn/orj360/678a7a2fgy1i8juftyriuj20u0140q7a.jpg""]",B2094751D36DABFF4192
2025/12/19 11:46,5245533014724144,2910392701,忍住 深圳·南海意库文化创意产业园,iPhone客户端,"[""https://wx4.sinaimg.cn/orj360/ad79117dgy1i8g26wsju0j22c03407wi.jpg"", ""https://wx3.sinaimg.cn/orj360/ad79117dgy1i8g26xyr7ij22c0340qv6.jpg"", ""https://wx3.sinaimg.cn/orj360/ad79117dgy1i8g26v60qdj22c0340kjm.jpg"", ""https://wx4.sinaimg.cn/orj360/ad79117dgy1i8g27hz40kj22c0340kjn.jpg"", ""https://wx2.sinaimg.cn/orj360/ad79117dgy1i8g26ykifkj222h2ranpe.jpg"", ""https://wx1.sinaimg.cn/orj360/ad79117dgy1i8g26w7l7ij22c0340qv6.jpg""]",B2094751D36DABFF4192
2025/12/18 23:08,5245342312304144,6326514926,??不一定斩男 但一定斩女 深圳·深圳市大羿射箭俱乐部(蛇口店),iPhone客户端,"[""https://wx2.sinaimg.cn/orj360/006U9pxkgy1i8fgbr8ga7j34eo2xsb2c.jpg"", ""https://wx3.sinaimg.cn/orj360/006U9pxkgy1i8fgavua5kj32c0340b2a.jpg"", ""https://wx4.sinaimg.cn/orj360/006U9pxkgy1i8fgaryqvpj34eo2xsu10.jpg"", ""https://wx2.sinaimg.cn/orj360/006U9pxkgy1i8fgbwpvj1j32bk33ee83.jpg"", ""https://wx2.sinaimg.cn/orj360/006U9pxkgy1i8fgc628r9j32c0340kjo.jpg"", ""https://wx3.sinaimg.cn/orj360/006U9pxkgy1i8fgckzejhj32c0340x6q.jpg""]",B2094751D36DABFF4192
2025/12/17 7:43,5244747121951417,7813461639,昨天下午忙完了工作，海边走走，风是暖的，这样随性而动的生活很惬意 深圳·蛇口海上世界,iPhone客户端,"[""https://wx3.sinaimg.cn/orj360/008wMuiPgy1i8djwni9lbj30u0140tf0.jpg"", ""https://wx1.sinaimg.cn/orj360/008wMuiPgy1i8djwg0pf0j30u0140wpu.jpg"", ""https://wx1.sinaimg.cn/orj360/008wMuiPgy1i8djwk1d99j30u0140k2a.jpg"", ""https://wx3.sinaimg.cn/orj360/008wMuiPgy1i8djwrrhikj30u0140qe3.jpg"", ""https://wx3.sinaimg.cn/orj360/008wMuiPgy1i8djwo1hwyj30u0140aho.jpg"", ""https://wx2.sinaimg.cn/orj360/008wMuiPgy1i8djwognawj30u0140qc8.jpg""]",B2094751D36DABFF4192
2025/12/19 0:15,5245359121238616,7842746564,爸妈觉得ok~ 深圳美食荒漠 深圳·元古雲境(深圳湾万象城),vivo S30 Pro mini,"[""https://wx4.sinaimg.cn/orj360/008yLmEkgy1i8fi9ai96fj31uo2gwkjl.jpg"", ""https://wx4.sinaimg.cn/orj360/008yLmEkgy1i8fi9652kgj31uo2gwnpd.jpg"", ""https://wx4.sinaimg.cn/orj360/008yLmEkgy1i8fi982yoqj31uo2gw7wh.jpg"", ""https://wx1.sinaimg.cn/orj360/008yLmEkgy1i8fi9te5aoj32dc35se82.jpg"", ""https://wx3.sinaimg.cn/orj360/008yLmEkgy1i8fi9fygufj32dc35snpd.jpg"", ""https://wx3.sinaimg.cn/orj360/008yLmEkgy1i8fi9pf2sdj32dc35snpe.jpg"", ""https://wx2.sinaimg.cn/orj360/008yLmEkgy1i8fi9kr15qj31l41m0npd.jpg"", ""https://wx3.sinaimg.cn/orj360/008yLmEkgy1i8fi9dau8rj32dc35snpd.jpg"", ""https://wx3.sinaimg.cn/orj360/008yLmEkgy1i8fi9xeoopj32dc35skjm.jpg""]",B2094751D36DABFF4192
2025/12/21 17:53,5246350074577796,6539914297,朝陽中的深圳灣 Good morning SZ 随手拍天气深圳生活日出日出深圳日出看日出粤港澳大湾区 深圳·深圳人才公园,日出超话,"[""https://wx4.sinaimg.cn/orj360/0078AOsFgy1i8inyuwa9lj35yo3z4npj.jpg"", ""https://wx4.sinaimg.cn/orj360/0078AOsFgy1i8inz9huc1j35yo3z4he1.jpg"", ""https://wx4.sinaimg.cn/orj360/0078AOsFgy1i8inz0vgn1j35yo3z41l5.jpg"", ""https://wx3.sinaimg.cn/orj360/0078AOsFgy1i8inzcm559j35yo3z4e86.jpg"", ""https://wx3.sinaimg.cn/orj360/0078AOsFgy1i8inzprutwj31s035su0y.jpg"", ""https://wx1.sinaimg.cn/orj360/0078AOsFgy1i8inzns7nwj33z45yokju.jpg"", ""https://wx2.sinaimg.cn/orj360/0078AOsFgy1i8inzolg0bj335s1s07wi.jpg"", ""https://wx1.sinaimg.cn/orj360/0078AOsFgy1i8inz6rfavj33z45yob2h.jpg"", ""https://wx4.sinaimg.cn/orj360/0078AOsFgy1i8io1jcwyej35yo3z4u12.jpg""]",B2094751D36DABFF4192
2025/12/21 15:51,5246319326400797,1990293145,我最喜欢的节气就是冬至，可以在暖阳中静静等待，一阳来复万物复苏。希望就在这无所谓有无所谓无的静静等待中，肆意滋生。 深圳·深圳人才公园,HUAWEI Mate 60 Pro,"[""https://wx2.sinaimg.cn/orj360/76a17699gy1i8ikk3zu6uj20ee0brmx5.jpg"", ""https://wx3.sinaimg.cn/orj360/76a17699gy1i8ikk563v4j20u0140dlg.jpg"", ""https://wx4.sinaimg.cn/orj360/76a17699gy1i8ikk6fomtj20u0140gpg.jpg"", ""https://wx4.sinaimg.cn/orj360/76a17699gy1i8ikk8oih5j20u014079t.jpg"", ""https://wx3.sinaimg.cn/orj360/76a17699gy1i8ikkc0ypmj20u0140n10.jpg""]",B2094751D36DABFF4192
2025/12/21 18:17,5246356265635762,1785341485,俺也来蹭蹭????的热度 深圳·头牌小厨.蛇口大排档,iPhone客户端,"[""https://wx4.sinaimg.cn/orj360/6a6a262dgy1i8ioshqrt6j22c03407wj.jpg"", ""https://wx2.sinaimg.cn/orj360/6a6a262dgy1i8ioswlgcej23402c0qv6.jpg"", ""https://wx2.sinaimg.cn/orj360/6a6a262dgy1i8iosllkq7j239g4eox6s.jpg""]",B2094751D36DABFF4192
2025/12/18 21:58,5245324694391237,5888135051,愿老去之后，嘴角有个上扬的青春。 深圳·蛇口海上世界,HUAWEI Mate 30 Pro,"[""https://wx2.sinaimg.cn/orj360/006qu0Ubly1i8febg7e1tj32yo1e87wi.jpg"", ""https://wx1.sinaimg.cn/orj360/006qu0Ubly1i8febh4nm7j32yo1e8npd.jpg"", ""https://wx2.sinaimg.cn/orj360/006qu0Ubly1i8febi21exj32yo1e87wi.jpg"", ""https://wx2.sinaimg.cn/orj360/006qu0Ubly1i8febj3e9gj32yo1e81ky.jpg"", ""https://wx4.sinaimg.cn/orj360/006qu0Ubly1i8febjyragj32tc1bkkjl.jpg"", ""https://wx2.sinaimg.cn/orj360/006qu0Ubly1i8febkznm9j32tc1bk4qq.jpg"", ""https://wx2.sinaimg.cn/orj360/006qu0Ubly1i8febmef9lj32tc1bku0x.jpg"", ""https://wx4.sinaimg.cn/orj360/006qu0Ubly1i8febno670j32tc1bk7wi.jpg"", ""https://wx2.sinaimg.cn/orj360/006qu0Ubly1i8febou8xlj32tc1bk4qq.jpg""]",B2094751D36DABFF4192
2025/12/21 23:07,5246429207464298,2210552905,冬至快乐?? 深圳·slow-o coffee,iPhone客户端,"[""https://wx3.sinaimg.cn/orj360/83c25c49gy1i8ix5ytknhj21sc2ds4qq.jpg"", ""https://wx2.sinaimg.cn/orj360/83c25c49gy1i8ix62769sj22ds1schdt.jpg"", ""https://wx1.sinaimg.cn/orj360/83c25c49gy1i8ix63hxqwj22ds1sckjm.jpg"", ""https://wx4.sinaimg.cn/orj360/83c25c49gy1i8ix5vzki2j21sc2dshdt.jpg""]",B2094751D36DABFF4192
2025/12/21 14:51,5246304433212096,1752991592,分享图片 深圳·春笋,荣耀V30 5G,"[""https://wx4.sinaimg.cn/orj360/687c8768gy1i8iiug5bcsj20u01407a8.jpg"", ""https://wx3.sinaimg.cn/orj360/687c8768gy1i8iiuhu1jrj20u0140dkh.jpg"", ""https://wx2.sinaimg.cn/orj360/687c8768gy1i8iiuj8va9j20u0140wk3.jpg"", ""https://wx4.sinaimg.cn/orj360/687c8768gy1i8iiuljnzwj20u01407bw.jpg"", ""https://wx2.sinaimg.cn/orj360/687c8768gy1i8iiumokuaj21400u0q5s.jpg"", ""https://wx1.sinaimg.cn/orj360/687c8768gy1i8iiuo25ilj21400u0n6j.jpg"", ""https://wx2.sinaimg.cn/orj360/687c8768gy1i8iiupdju7j21400u0n3s.jpg"", ""https://wx1.sinaimg.cn/orj360/687c8768gy1i8iiuqei7bj21400u0477.jpg"", ""https://wx2.sinaimg.cn/orj360/687c8768gy1i8iiuqw7wkj21400u07b7.jpg""]",B2094751D36DABFF4192
2025/12/21 22:00,5246412208217555,5650249079,饺子汤圆冬至[太开心] 深圳·蛇口海上世界,HUAWEI Mate 70,"[""https://wx2.sinaimg.cn/orj360/006anRTFly1i8iv2zp1yfj32dc35sb29.jpg"", ""https://wx1.sinaimg.cn/orj360/006anRTFly1i8iv356lrhj335s2dc4qq.jpg"", ""https://wx4.sinaimg.cn/orj360/006anRTFly1i8iv3brobjj32dc35skjl.jpg"", ""https://wx3.sinaimg.cn/orj360/006anRTFly1i8iv317rocj335s2dcqv6.jpg"", ""https://wx2.sinaimg.cn/orj360/006anRTFly1i8iv32x3xyj32dc35skjl.jpg"", ""https://wx4.sinaimg.cn/orj360/006anRTFly1i8iv39zgg8j335s2dcx6q.jpg""]",B2094751D36DABFF4192
2025/12/21 22:59,5246427252916678,1034251184,今日冬至，昼短情长…… 深圳·西室 West Room·深圳湾安达仕酒店,iPhone客户端,"[""https://wx2.sinaimg.cn/orj360/3da56bb0gy1i8iwxud0pyj22fo3y8u0y.jpg"", ""https://wx1.sinaimg.cn/orj360/3da56bb0gy1i8iwxv398oj22aw3y8b2a.jpg"", ""https://wx1.sinaimg.cn/orj360/3da56bb0gy1i8iwxwlsnsj227e35vhdu.jpg"", ""https://wx2.sinaimg.cn/orj360/3da56bb0gy1i8iwxzdiuoj22le3gjb2e.jpg"", ""https://wx4.sinaimg.cn/orj360/3da56bb0gy1i8iwy0vh2zj21r0340npd.jpg"", ""https://wx4.sinaimg.cn/orj360/3da56bb0gy1i8iwy2lqztj21r0340b29.jpg"", ""https://wx1.sinaimg.cn/orj360/3da56bb0gy1i8iwxtf0s1j23h054q7wk.jpg"", ""https://wx1.sinaimg.cn/orj360/3da56bb0gy1i8iwy6roldj23ga5d17wl.jpg"", ""https://wx2.sinaimg.cn/orj360/3da56bb0gy1i8iwy84pozj21qs2bq7wi.jpg""]",B2094751D36DABFF4192
2025/12/20 16:48,5245971472845006,6996521664,来之。 深圳·深圳人才公园,,"[""https://wx1.sinaimg.cn/orj360/007DuGTCgy1i8hglrhwn5j32c03401kz.jpg"", ""https://wx2.sinaimg.cn/orj360/007DuGTCgy1i8hglwkughj32c0340hdu.jpg"", ""https://wx1.sinaimg.cn/orj360/007DuGTCgy1i8hgm1fnzvj32c0340npe.jpg""]",B2094751D36DABFF4192
2025/12/20 19:43,5246015376457956,5599089610,每周一练[抱抱] 深圳·深圳鹏瑞莱佛士酒店,iPhone客户端,"[""https://wx2.sinaimg.cn/orj360/0066VcYWgy1i8hlneasdrj31hc1z4typ.jpg"", ""https://wx3.sinaimg.cn/orj360/0066VcYWgy1i8hlndxjabj31hc1z4nma.jpg"", ""https://wx2.sinaimg.cn/orj360/0066VcYWgy1i8hlnfkfk0j31o02yoqv6.jpg"", ""https://wx2.sinaimg.cn/orj360/0066VcYWgy1i8hlngy8vcj33b04eokjo.jpg""]",B2094751D36DABFF4192
2025/12/21 18:07,5246353676440717,7801493464,Christmas limited 深圳·AC Hookah Lounge水烟·鸡尾酒·音乐,iPhone客户端,"[""https://wx2.sinaimg.cn/orj360/008vYgPKgy1i8ia82i15oj323k3y8x6r.jpg"", ""https://wx3.sinaimg.cn/orj360/008vYgPKgy1i8ia7ywfetj32683y8qv6.jpg"", ""https://wx3.sinaimg.cn/orj360/008vYgPKgy1i8ia85b0b3j32483y8u0y.jpg"", ""https://wx3.sinaimg.cn/orj360/008vYgPKgy1i8ia8eersij325p3y4hdu.jpg"", ""https://wx1.sinaimg.cn/orj360/008vYgPKgy1i8ia88rlzdj31hc1z47wh.jpg"", ""https://wx4.sinaimg.cn/orj360/008vYgPKgy1i8ia8d6682j32783y8qv7.jpg"", ""https://wx4.sinaimg.cn/orj360/008vYgPKgy1i8ia87eee8j325c3y8b2a.jpg"", ""https://wx1.sinaimg.cn/orj360/008vYgPKgy1i8ia86clqsj326g3y8kjl.jpg"", ""https://wx4.sinaimg.cn/orj360/008vYgPKgy1i8ioi1me9lj30uy1kr4qp.jpg""]",B2094751D36DABFF4192
2025/12/15 17:18,5244166949047186,2735123615,生活手记路过，走走 深圳·深圳人才公园,iPhone客户端,"[""https://wx2.sinaimg.cn/orj360/a306ac9fgy1i8bpcv5jrrj22c03404qr.jpg"", ""https://wx4.sinaimg.cn/orj360/a306ac9fgy1i8bpcwt7cbj23402c0hdv.jpg"", ""https://wx3.sinaimg.cn/orj360/a306ac9fgy1i8bpcscww7j23402c0hdu.jpg""]",B2094751D36DABFF4192
2025/12/21 9:03,5246216809481681,7993912784,雷军 早安！今天六点起床看日出[爱你] 小米大厦最早的顾客[允悲] 大家早安啊[太开心][爱你] 深圳·小米深圳大厦,雷军超话,"[""https://wx2.sinaimg.cn/orj360/008IZDTagy1i8i8q540pxj30u0140drf.jpg"", ""https://wx3.sinaimg.cn/orj360/008IZDTagy1i8i8px7f24j31400u0dsr.jpg"", ""https://wx2.sinaimg.cn/orj360/008IZDTagy1i8i8q102zxj30u01404be.jpg"", ""https://wx1.sinaimg.cn/orj360/008IZDTagy1i8i8q9bltnj31400u0dm0.jpg"", ""https://wx1.sinaimg.cn/orj360/008IZDTagy1i8i8qcnqugj31400u0457.jpg"", ""https://wx3.sinaimg.cn/orj360/008IZDTagy1i8i8qeqjpvj31400u0wj9.jpg""]",B2094751D36DABFF4192
2025/12/22 22:54,5246788401630268,3851975479,一年一度的香港美术家协会年度盛典在深圳前海举行，海内外华人、华侨艺术家齐聚一堂，共同见证庆祝就快过去的2025。 深圳·鸿丰大酒店(南山店),iPhone客户端,"[""https://wx3.sinaimg.cn/orj360/e5987b37gy1i8k2aq36kuj23401xo4qr.jpg"", ""https://wx3.sinaimg.cn/orj360/e5987b37gy1i8k2axn2k6j230t297b2f.jpg"", ""https://wx2.sinaimg.cn/orj360/e5987b37gy1i8k2bcwyn2j235s2dce85.jpg"", ""https://wx2.sinaimg.cn/orj360/e5987b37gy1i8k2anfu0cj2340340qv6.jpg"", ""https://wx4.sinaimg.cn/orj360/e5987b37gy1i8k2bgrt77j22bx24hb2b.jpg"", ""https://wx3.sinaimg.cn/orj360/e5987b37gy1i8k2bekl3nj2340340hdu.jpg"", ""https://wx3.sinaimg.cn/orj360/e5987b37gy1i8k2bwltdrj23402c04qr.jpg"", ""https://wx2.sinaimg.cn/orj360/e5987b37gy1i8k2brolxfj21yw1ubkjn.jpg"", ""https://wx4.sinaimg.cn/orj360/e5987b37gy1i8k2btoua2j23402c0e82.jpg""]",B2094751D36DABFF4192
2025/12/22 14:04,5246654958801117,2720208491,????Jingle Bay 2025圣诞绮境?? 圣诞圣诞节圣诞季圣诞快乐日常分享记录美好生活周末去哪儿 深圳·深圳湾万象城-二期,iPhone 14 Pro Max,"[""https://wx4.sinaimg.cn/orj360/a223166bgy1i8jmz102ttj223e2sju0y.jpg"", ""https://wx1.sinaimg.cn/orj360/a223166bgy1i8jmyzy8r6j22c0340b2b.jpg"", ""https://wx4.sinaimg.cn/orj360/a223166bgy1i8jmyx9ikaj22c0340e82.jpg"", ""https://wx4.sinaimg.cn/orj360/a223166bgy1i8jmzbr8z1j22c03401kz.jpg"", ""https://wx2.sinaimg.cn/orj360/a223166bgy1i8jmyyxa7zj22c0340hdu.jpg"", ""https://wx2.sinaimg.cn/orj360/a223166bgy1i8jmyy2xg4j22c0340e82.jpg"", ""https://wx2.sinaimg.cn/orj360/a223166bgy1i8jmywei26j22c03407wi.jpg"", ""https://wx3.sinaimg.cn/orj360/a223166bgy1i8jmzpau9zj22c0340e83.jpg"", ""https://wx2.sinaimg.cn/orj360/a223166bgy1i8jmznuqu6j22c03407wj.jpg""]",B2094751D36DABFF4192
2025/12/20 13:44,5245925077552577,6303436027,I love coffee ?? [馋嘴] Chilling with my time [期待] 深圳·Cafe Monson,iPhone,"[""https://wx1.sinaimg.cn/orj360/006SAzF1gy1i8hb0k6bubj32c0340e83.jpg"", ""https://wx1.sinaimg.cn/orj360/006SAzF1gy1i8hb0vklz6j32c0340b2a.jpg"", ""https://wx3.sinaimg.cn/orj360/006SAzF1gy1i8hb0u7ep4j32c0340hdv.jpg"", ""https://wx2.sinaimg.cn/orj360/006SAzF1gy1i8hb819uezj32c0340u0y.jpg"", ""https://wx2.sinaimg.cn/orj360/006SAzF1gy1i8hb87wi1rj32c03407wi.jpg"", ""https://wx4.sinaimg.cn/orj360/006SAzF1gy1i8hb84umvjj32c0340npe.jpg""]",B2094751D36DABFF4192
2025/12/21 20:58,5246396689026478,7292177255,冷杉小镇?????????? 深圳·K11 ECOAST,vivo Y73s 5G,"[""https://wx3.sinaimg.cn/orj360/007Xveqbgy1i8itg0nt9aj30u011jthj.jpg"", ""https://wx1.sinaimg.cn/orj360/007Xveqbgy1i8itg1d4dfj30u0140qaj.jpg"", ""https://wx2.sinaimg.cn/orj360/007Xveqbgy1i8itg1zy1uj30u011sqbo.jpg"", ""https://wx3.sinaimg.cn/orj360/007Xveqbgy1i8itg2p88sj30u014048n.jpg"", ""https://wx2.sinaimg.cn/orj360/007Xveqbgy1i8itg3l18nj30u00wh44m.jpg"", ""https://wx4.sinaimg.cn/orj360/007Xveqbgy1i8itg4k0eyj30u013p434.jpg"", ""https://wx4.sinaimg.cn/orj360/007Xveqbgy1i8itg5lhdcj30u00u0k2p.jpg"", ""https://wx2.sinaimg.cn/orj360/007Xveqbgy1i8itg671kuj30u01dcqbm.jpg"", ""https://wx1.sinaimg.cn/orj360/007Xveqbgy1i8itg6qsorj31400u00zl.jpg""]",B2094751D36DABFF4192
2025/12/21 0:09,5246082271413267,2963556993,是谁被老头用屁崩了？ 是我[微笑][微笑] 深圳·大南山,女明星的iPhone 16 Pro,"[""https://wx2.sinaimg.cn/orj360/b0a44a81gy1i8htb95y38j20u01hc17z.jpg"", ""https://wx3.sinaimg.cn/orj360/b0a44a81gy1i8htb9josdj20u01hch5n.jpg"", ""https://wx3.sinaimg.cn/orj360/b0a44a81gy1i8htba6cddj20u01hck4t.jpg"", ""https://wx3.sinaimg.cn/orj360/b0a44a81gy1i8htbagsaqj20u01hcaj9.jpg"", ""https://wx3.sinaimg.cn/orj360/b0a44a81gy1i8htbb0e5gj20u01hc4el.jpg"", ""https://wx2.sinaimg.cn/orj360/b0a44a81gy1i8htbb1sfxj21hc0u0jv4.jpg"", ""https://wx1.sinaimg.cn/orj360/b0a44a81gy1i8htb9ff94j21hc0u0111.jpg"", ""https://wx3.sinaimg.cn/orj360/b0a44a81gy1i8htba7r6vj20u01hc102.jpg"", ""https://wx3.sinaimg.cn/orj360/b0a44a81gy1i8htbastjwj21hc0u043b.jpg""]",B2094751D36DABFF4192
2025/12/21 21:28,5246404241133814,5372497164,冬至快乐?? 冬至大于年冬至快乐 深圳·招商玺,iPhone客户端,"[""https://wx2.sinaimg.cn/orj360/005RArW4gy1i8iuann22yj33b04eokjp.jpg"", ""https://wx1.sinaimg.cn/orj360/005RArW4gy1i8iuarssd4j33b04eou10.jpg"", ""https://wx3.sinaimg.cn/orj360/005RArW4gy1i8iuavffa0j33b04eoe84.jpg"", ""https://wx3.sinaimg.cn/orj360/005RArW4gy1i8iuayt50lj34eo3b0hdu.jpg"", ""https://wx1.sinaimg.cn/orj360/005RArW4gy1i8iub1wsi0j33b04eokjn.jpg""]",B2094751D36DABFF4192
2025/12/20 20:15,5246023380764981,5280304066,打卡 深圳·深圳人才公园,iPhone,"[""https://wx4.sinaimg.cn/orj360/005LlCiCgy1i8hmjx3jvaj30u01404au.jpg"", ""https://wx2.sinaimg.cn/orj360/005LlCiCgy1i8hmjwipwej30u0140wov.jpg"", ""https://wx4.sinaimg.cn/orj360/005LlCiCgy1i8hmjxgc9rj31400u0q9l.jpg"", ""https://wx1.sinaimg.cn/orj360/005LlCiCgy1i8hmjyi5z0j30u01404aq.jpg"", ""https://wx2.sinaimg.cn/orj360/005LlCiCgy1i8hmjxvp00j30u0140dou.jpg"", ""https://wx3.sinaimg.cn/orj360/005LlCiCgy1i8hmjz0l1bj31400u0dq0.jpg""]",B2094751D36DABFF4192
2025/12/17 20:08,5244934493835855,1836748341,免费帮看??头纹和冠状沟上的 事业线，感情线，家庭线，涌泉穴， 和2026年的财运。 深圳·翼羽阳光羽毛球馆,iPhone客户端,"[""https://wx2.sinaimg.cn/orj360/6d7a8e35gy1i8e5h1wuufj23b04eo1l1.jpg"", ""https://wx4.sinaimg.cn/orj360/6d7a8e35gy1i8e5h3ccjoj23b04eonpe.jpg"", ""https://wx1.sinaimg.cn/orj360/6d7a8e35gy1i8e5hydi8hj214m0tetbn.jpg"", ""https://wx1.sinaimg.cn/orj360/6d7a8e35gy1i8e5h4kdxpj22c0340hdu.jpg"", ""https://wx3.sinaimg.cn/orj360/6d7a8e35gy1i8e5h5q8uuj22c03407wi.jpg"", ""https://wx3.sinaimg.cn/orj360/6d7a8e35gy1i8e5h6wno4j22c0340hdu.jpg"", ""https://wx3.sinaimg.cn/orj360/6d7a8e35gy1i8e5h8brd4j22c0340kjm.jpg"", ""https://wx2.sinaimg.cn/orj360/6d7a8e35gy1i8e5h9e829j22c0340b2a.jpg"", ""https://wx2.sinaimg.cn/orj360/6d7a8e35gy1i8e5hahinnj22c0340e82.jpg""]",B2094751D36DABFF4192
2025/12/21 13:10,5246279032505283,2658891680,有点热了 深圳·深圳湾公园,iPhone客户端,"[""https://wx1.sinaimg.cn/orj360/9e7b77a0gy1i8ifxj6uyvj21400u0jzo.jpg"", ""https://wx3.sinaimg.cn/orj360/9e7b77a0gy1i8ifxj4uc3j21400u0jyt.jpg"", ""https://wx3.sinaimg.cn/orj360/9e7b77a0gy1i8ifxjb3baj20u014047d.jpg""]",B2094751D36DABFF4192
2025/12/20 13:23,5245919864817021,6217931567,[给你小心心]海上世界[太阳][太阳][太阳]@松枝之下 深圳·海上世界,HUAWEI Mate 50,"[""https://wx4.sinaimg.cn/orj360/006MNO2Pgy1i8hanzusxmj31400u0n2v.jpg"", ""https://wx4.sinaimg.cn/orj360/006MNO2Pgy1i8hao198wyj31400u07eh.jpg"", ""https://wx1.sinaimg.cn/orj360/006MNO2Pgy1i8hao2i86yj31400u010p.jpg"", ""https://wx2.sinaimg.cn/orj360/006MNO2Pgy1i8hao3ls5kj31400u0n3y.jpg"", ""https://wx3.sinaimg.cn/orj360/006MNO2Pgy1i8hao4tkn2j30u0140n5f.jpg"", ""https://wx1.sinaimg.cn/orj360/006MNO2Pgy1i8hao61mmtj30u0140tgq.jpg"", ""https://wx2.sinaimg.cn/orj360/006MNO2Pgy1i8hao7fn9vj31400u0wrk.jpg"", ""https://wx4.sinaimg.cn/orj360/006MNO2Pgy1i8hao8098hj30u0140q9a.jpg"", ""https://wx3.sinaimg.cn/orj360/006MNO2Pgy1i8hao8r6yjj31400u0n9t.jpg""]",B2094751D36DABFF4192
2025/12/16 18:28,5244547052341422,1878552382,深圳蓝[有票了] 深圳·K11购物艺术中心,,"[""https://wx1.sinaimg.cn/orj360/6ff86f3egy1i8cx0e6tynj23b04fbu13.jpg"", ""https://wx2.sinaimg.cn/orj360/6ff86f3egy1i8cx06o57lj23aa4dpb2f.jpg"", ""https://wx2.sinaimg.cn/orj360/6ff86f3egy1i8cx0q5inmj23aa4dpe87.jpg""]",B2094751D36DABFF4192
2025/12/22 0:46,5246454073396545,3314315583,是暖冬呀！ 深圳·K11 ECOAST,微博鸿蒙客户端,"[""https://wx1.sinaimg.cn/orj360/c58c713fgy1i8j019w5buj20u0140wr4.jpg"", ""https://wx4.sinaimg.cn/orj360/c58c713fgy1i8j01ales2j21400u0wig.jpg"", ""https://wx2.sinaimg.cn/orj360/c58c713fgy1i8j01bc7kij20u014045q.jpg"", ""https://wx2.sinaimg.cn/orj360/c58c713fgy1i8j01c1if9j21400u0n3w.jpg"", ""https://wx3.sinaimg.cn/orj360/c58c713fgy1i8j01cr96mj20u0140n16.jpg"", ""https://wx3.sinaimg.cn/orj360/c58c713fgy1i8j01dc2w5j21400u0dld.jpg"", ""https://wx2.sinaimg.cn/orj360/c58c713fgy1i8j01e2v37j20u014047s.jpg"", ""https://wx3.sinaimg.cn/orj360/c58c713fgy1i8j01ff7p5j20u0140n5n.jpg"", ""https://wx1.sinaimg.cn/orj360/c58c713fgy1i8j01g935jj21400u0qei.jpg""]",B2094751D36DABFF4192
2025/12/21 15:02,5246307015859663,2251813661,每年深圳一周超开心??出发机场回家啦！周末愉快干杯?? 深圳·深圳鹏瑞莱佛士酒店,iPhone 17 Pro Max,"[""https://wx1.sinaimg.cn/orj360/8637f31dgy1i8iioqpe6zj23b04eo1l1.jpg"", ""https://wx2.sinaimg.cn/orj360/8637f31dgy1i8iiozdq8ij24qo6bku15.jpg"", ""https://wx2.sinaimg.cn/orj360/8637f31dgy1i8iipdae7uj24l0640x6x.jpg"", ""https://wx2.sinaimg.cn/orj360/8637f31dgy1i8iipe9mq5j24o0680kjv.jpg"", ""https://wx2.sinaimg.cn/orj360/8637f31dgy1i8iioqbva6j233n44ve83.jpg"", ""https://wx4.sinaimg.cn/orj360/8637f31dgy1i8iioq40tuj22c0340u0y.jpg"", ""https://wx4.sinaimg.cn/orj360/8637f31dgy1i8iioq5x22j22c0340hdv.jpg"", ""https://wx4.sinaimg.cn/orj360/8637f31dgy1i8iior5x5oj20tz1407f8.jpg"", ""https://wx4.sinaimg.cn/orj360/8637f31dgy1i8iioxgdcuj23b04eohdy.jpg""]",B2094751D36DABFF4192
2025/12/17 18:57,5244916603295725,2822089447,分享图片 深圳·Mavva,iPhone客户端,"[""https://wx2.sinaimg.cn/orj360/a835aae7gy1i8e3g2osb7j232o4h2qv9.jpg"", ""https://wx1.sinaimg.cn/orj360/a835aae7gy1i8e3er3rifj223s2t2u0x.jpg"", ""https://wx1.sinaimg.cn/orj360/a835aae7gy1i8e3gimdvtj231v4eob2d.jpg"", ""https://wx3.sinaimg.cn/orj360/a835aae7gy1i8e3e5y4qxj22qi48wqv7.jpg"", ""https://wx4.sinaimg.cn/orj360/a835aae7gy1i8e3fvl1snj23b04eohdv.jpg"", ""https://wx3.sinaimg.cn/orj360/a835aae7gy1i8e3fzzer3j230c4bhx6s.jpg"", ""https://wx1.sinaimg.cn/orj360/a835aae7gy1i8e3e47e3uj223h3404qr.jpg"", ""https://wx3.sinaimg.cn/orj360/a835aae7gy1i8e3gpj55hj23a44diqv9.jpg"", ""https://wx4.sinaimg.cn/orj360/a835aae7gy1i8e3fdz1xij22c0340qv7.jpg""]",B2094751D36DABFF4192
2025/12/20 13:15,5245917712090543,1821314685,看完阿凡达3 毁灭吧邪恶的人类…… 深圳·深圳湾万象城,iPhone客户端,"[""https://wx1.sinaimg.cn/orj360/6c8f0e7dgy1i8hafis68nj24eo3b0x6q.jpg"", ""https://wx4.sinaimg.cn/orj360/6c8f0e7dgy1i8hafko3i0j24eo3b0x6q.jpg"", ""https://wx3.sinaimg.cn/orj360/6c8f0e7dgy1i8hafltkizj23402c0dv3.jpg"", ""https://wx3.sinaimg.cn/orj360/6c8f0e7dgy1i8hafnbcqlj24eo3b0kjl.jpg""]",B2094751D36DABFF4192
2025/12/20 23:12,5246068046431089,6107305777,分享图片 深圳·深圳湾万象城-二期,iPhone客户端,"[""https://wx4.sinaimg.cn/orj360/006FjDdTgy1i8hrp6syxyj31o02i04qq.jpg"", ""https://wx2.sinaimg.cn/orj360/006FjDdTgy1i8hrp2mw5yj31o02i0b29.jpg"", ""https://wx4.sinaimg.cn/orj360/006FjDdTgy1i8hrpaz6inj31o02i0np9.jpg"", ""https://wx3.sinaimg.cn/orj360/006FjDdTgy1i8hroxt6jej31o02i0e82.jpg"", ""https://wx2.sinaimg.cn/orj360/006FjDdTgy1i8hrotov12j31o02i0e81.jpg"", ""https://wx3.sinaimg.cn/orj360/006FjDdTgy1i8hroyilgbj31o02i0npd.jpg""]",B2094751D36DABFF4192
2025/12/20 15:59,5245959126911177,6380119587,鸡公煲 鸡公煲 经过我的胃[爱你] 深圳·K11 ECOAST,iPhone客户端,"[""https://wx3.sinaimg.cn/orj360/006XMkyDgy1i8hf33w0d2j30u014044q.jpg"", ""https://wx3.sinaimg.cn/orj360/006XMkyDgy1i8hf4neinfj30u01e07dy.jpg"", ""https://wx1.sinaimg.cn/orj360/006XMkyDgy1i8hf3dym4aj30u0140drr.jpg"", ""https://wx1.sinaimg.cn/orj360/006XMkyDgy1i8hf3std2gj30u01e0qn7.jpg"", ""https://wx3.sinaimg.cn/orj360/006XMkyDgy1i8hf34dzqhj30u1141ahm.jpg"", ""https://wx4.sinaimg.cn/orj360/006XMkyDgy1i8hf44zgwzj30u01e0h5i.jpg"", ""https://wx2.sinaimg.cn/orj360/006XMkyDgy1i8hf5fbjt8j30u01e0ngr.jpg"", ""https://wx4.sinaimg.cn/orj360/006XMkyDgy1i8hf4z3uwij30u01e0wuq.jpg"", ""https://wx4.sinaimg.cn/orj360/006XMkyDgy1i8hf4fjk56j30u01e07nh.jpg""]",B2094751D36DABFF4192
2025/12/16 20:14,5244573615391126,2562789934,海边有一颗圣诞树?? 深圳·K11 ECOAST,???iPhone 16 Pro Max,"[""https://wx4.sinaimg.cn/orj360/98c1122egy1i8d00jqob2j23b04eo7wk.jpg"", ""https://wx2.sinaimg.cn/orj360/98c1122egy1i8d02lfbt8j23b04eoqv8.jpg"", ""https://wx3.sinaimg.cn/orj360/98c1122egy1i8czzx18zrj23b04eou0z.jpg"", ""https://wx2.sinaimg.cn/orj360/98c1122egy1i8d9gyxk5mj21sc2dsu0x.jpg""]",B2094751D36DABFF4192
2025/12/22 0:29,5246449916841566,7357799083,冬至日出 深圳·深圳湾公园日出剧场,HarmonyOS设备,"[""https://wx4.sinaimg.cn/orj360/0081WzELgy1i8izjep7iij31400u0js3.jpg"", ""https://wx1.sinaimg.cn/orj360/0081WzELgy1i8izjf9fj0j31400u0425.jpg"", ""https://wx2.sinaimg.cn/orj360/0081WzELgy1i8izjfppz8j31400u0q6d.jpg"", ""https://wx4.sinaimg.cn/orj360/0081WzELgy1i8izjg9w2uj31400u0775.jpg""]",B2094751D36DABFF4192
2025/12/21 21:53,5246410552511791,3174480951,平淡的日子也发光?? 深圳·深圳湾万象城,iPhone客户端,"[""https://wx3.sinaimg.cn/orj360/bd36bc37gy1i8iv1etx1ij22c0340kjn.jpg"", ""https://wx4.sinaimg.cn/orj360/bd36bc37gy1i8iv1g49q7j239k4cqnpf.jpg"", ""https://wx3.sinaimg.cn/orj360/bd36bc37gy1i8iv1cque5j235w47u4qy.jpg""]",B2094751D36DABFF4192
2025/12/19 14:19,5245571415408731,1493061652,madEs Devlin [微风] 深圳·深圳湾文化广场,Mars iPhone 17 Pro,"[""https://wx4.sinaimg.cn/orj360/58fe5014gy1i8g6k0oa9fj21hc0u07bh.jpg"", ""https://wx4.sinaimg.cn/orj360/58fe5014gy1i8g6k2ofmpj23402c0u0x.jpg"", ""https://wx1.sinaimg.cn/orj360/58fe5014gy1i8g6lc3s3nj24eo3b01kz.jpg"", ""https://wx4.sinaimg.cn/orj360/58fe5014gy1i8g6k94x1lj24eo3b01l1.jpg"", ""https://wx3.sinaimg.cn/orj360/58fe5014gy1i8g6k7n39ej22c0340e82.jpg"", ""https://wx1.sinaimg.cn/orj360/58fe5014gy1i8g6k6d9mij24eo3b0qv7.jpg"", ""https://wx2.sinaimg.cn/orj360/58fe5014gy1i8g6kdyhqvj24en2977wk.jpg"", ""https://wx2.sinaimg.cn/orj360/58fe5014gy1i8g6kbdkf9j24cd25dkjn.jpg"", ""https://wx3.sinaimg.cn/orj360/58fe5014gy1i8g6lu06rbj233z21mx6q.jpg""]",B2094751D36DABFF4192
2025/12/18 12:56,5245188266003845,1953256333,HYROX深圳站周六开赛，今天最后一次运动备赛，运动完来感受一下零下85度的冷冻理疗，完事再来个红外线热疗，冰火两重天[赞][嘻嘻] 深圳·深圳湾体育中心,华为Mate60RS非凡大师,"[""https://wx4.sinaimg.cn/orj360/746c538dgy1i8eyjzsyuoj23342bce82.jpg"", ""https://wx3.sinaimg.cn/orj360/746c538dgy1i8eyk1asv3j22bc334qv5.jpg"", ""https://wx3.sinaimg.cn/orj360/746c538dgy1i8eyk31zgcj22eo37k1ky.jpg"", ""https://wx2.sinaimg.cn/orj360/746c538dgy1i8eyk528qbj22bc334u0y.jpg"", ""https://wx1.sinaimg.cn/orj360/746c538dgy1i8eyk6wuxij22bc334x6p.jpg"", ""https://wx3.sinaimg.cn/orj360/746c538dgy1i8eyk8ggodj22c03404qq.jpg""]",B2094751D36DABFF4192
2025/12/21 9:34,5246224610363321,7770522821,躺在阳光里?? 深圳·四海公园,iPhone客户端,"[""https://wx3.sinaimg.cn/orj360/008tSjXfgy1i8i9o2fmmoj32c0340kjn.jpg"", ""https://wx4.sinaimg.cn/orj360/008tSjXfgy1i8i9objefrj32c0340e84.jpg"", ""https://wx4.sinaimg.cn/orj360/008tSjXfgy1i8i9nzudsqj32c0340e83.jpg""]",B2094751D36DABFF4192
2025/12/19 8:57,5245490371233706,6689016176,俺不中嘞[笑cry] 不到深圳不知道 一到深圳吓一跳 深圳·深圳人才公园,,"[""https://wx1.sinaimg.cn/orj360/007iGqFGgy1i8fxak8qxtj32dc35sb2b.jpg"", ""https://wx1.sinaimg.cn/orj360/007iGqFGgy1i8fxb2whq6j32dc35shdv.jpg"", ""https://wx2.sinaimg.cn/orj360/007iGqFGgy1i8fxb63o1pj32dc35sqv8.jpg"", ""https://wx4.sinaimg.cn/orj360/007iGqFGgy1i8fxb8u1y5j32dc35shdw.jpg"", ""https://wx2.sinaimg.cn/orj360/007iGqFGgy1i8fxcu61pqj32dc35sx6r.jpg"", ""https://wx4.sinaimg.cn/orj360/007iGqFGgy1i8fxcwqoq0j335s2dc1l0.jpg""]",B2094751D36DABFF4192
2025/12/21 22:49,5246424671328046,6409898658,实在是吃不动了 深圳·水牛奶皇后糖水铺,iPhone客户端,"[""https://wx2.sinaimg.cn/orj360/006ZNhsegy1i8iwnoiglpj30zg0qmdjw.jpg"", ""https://wx3.sinaimg.cn/orj360/006ZNhsegy1i8iwnnyuqij30u01hcn7o.jpg"", ""https://wx2.sinaimg.cn/orj360/006ZNhsegy1i8iwnp1rfjj30qm0zi0vn.jpg""]",B2094751D36DABFF4192
2025/12/12 1:38,5242843262356053,5658437358,阴天我也照样出片??? 深圳·K11 ECOAST,iPhone 14 Pro,"[""https://wx3.sinaimg.cn/orj360/006aWe2Ggy1i87hbxmnpuj313x1h8qf4.jpg"", ""https://wx1.sinaimg.cn/orj360/006aWe2Ggy1i87hby0etcj311c1dtdz0.jpg"", ""https://wx1.sinaimg.cn/orj360/006aWe2Ggy1i87hbxp2vlj315g1j2n93.jpg"", ""https://wx4.sinaimg.cn/orj360/006aWe2Ggy1i87hbzrtcqj31691kckdg.jpg""]",B2094751D36DABFF4192
2025/12/20 12:41,5245909292287349,2182936674,[许愿星] 深圳·深圳湾1号,HUAWEI Mate30 Pro 5G,"[""https://wx3.sinaimg.cn/orj360/821cf862gy1i8h9g2p5h3j22002yoe82.jpg"", ""https://wx4.sinaimg.cn/orj360/821cf862gy1i8h9g3mo9kj20tc146jxa.jpg"", ""https://wx1.sinaimg.cn/orj360/821cf862gy1i8h9g43zu2j20tc17gq8i.jpg"", ""https://wx4.sinaimg.cn/orj360/821cf862gy1i8h9gqcracj20tc13l0zm.jpg""]",B2094751D36DABFF4192
2025/12/20 20:15,5246023593363569,1055096003,飞牛fly 第一次近距离看飞牛打比赛，虽然只是水友赛，但能感觉到他非常开心??希望好运常伴fly，一切顺利，春天赛场见！ 深圳·深圳人才公园,飞牛fly超话,"[""https://wx4.sinaimg.cn/orj360/3ee37cc3gy1i8hmjxat37j21400u0dms.jpg"", ""https://wx2.sinaimg.cn/orj360/3ee37cc3gy1i8hmjwt8jlj20u01400z7.jpg"", ""https://wx4.sinaimg.cn/orj360/3ee37cc3gy1i8hmjxph0cj20u0140te6.jpg"", ""https://wx4.sinaimg.cn/orj360/3ee37cc3gy1i8hmjy5c6vj21400u00yu.jpg""]",B2094751D36DABFF4192
2025/12/21 9:30,5246223455880080,7280041919,晚霞太美了带着微博去旅行 深圳·深圳人才公园,vivo X100 Pro,"[""https://wx3.sinaimg.cn/orj360/007WGjsXgy1i8i9id3y9yj31s035sb29.jpg"", ""https://wx1.sinaimg.cn/orj360/007WGjsXgy1i8i9ig32azj31s035s4qp.jpg"", ""https://wx1.sinaimg.cn/orj360/007WGjsXgy1i8i9iieadqj31s035s4qp.jpg""]",B2094751D36DABFF4192
2025/12/17 13:30,5244834462041748,1782572771,深圳 深圳的冬天，非来不可！简直是北方人过冬最佳的迁徙地。人才公园的松弛感。只有来了才能体验到！[打call][打call][打call] 深圳·深圳人才公园,深圳超话,"[""https://wx1.sinaimg.cn/orj360/6a3fe6e3gy1i8dsdup1wvj21hc0u0jzd.jpg"", ""https://wx4.sinaimg.cn/orj360/6a3fe6e3gy1i8dtzqhnb4j23402c0qv8.jpg"", ""https://wx2.sinaimg.cn/orj360/6a3fe6e3gy1i8dtzpw4xaj23402c0qv6.jpg"", ""https://wx3.sinaimg.cn/orj360/6a3fe6e3gy1i8dtzngw8yj22c0340qv6.jpg"", ""https://wx1.sinaimg.cn/orj360/6a3fe6e3gy1i8dsdsblrbj20u01hcadc.jpg"", ""https://wx1.sinaimg.cn/orj360/6a3fe6e3gy1i8dsdv1k1aj21hc0u0q8w.jpg"", ""https://wx1.sinaimg.cn/orj360/6a3fe6e3gy1i8dtzo65g3j22c0340e83.jpg"", ""https://wx3.sinaimg.cn/orj360/6a3fe6e3gy1i8dtyyjm5pj22c0340x6r.jpg"", ""https://wx4.sinaimg.cn/orj360/6a3fe6e3gy1i8dty9l0icj22c0340qv5.jpg""]",B2094751D36DABFF4192
2025/12/18 17:51,5245262486573430,9122726869,中国速度 深圳 上次什么时候来的已经忘掉了！海上世界印象里是第一次来 深圳·蛇口海上世界,HUAWEI Mate 70 Pro,"[""https://wx1.sinaimg.cn/orj360/009Xo1ZXgy1i8f7587j2oj31400u0afq.jpg"", ""https://wx1.sinaimg.cn/orj360/009Xo1ZXgy1i8f758ngggj31400u0gs8.jpg"", ""https://wx1.sinaimg.cn/orj360/009Xo1ZXgy1i8f75943g9j31400u0mz9.jpg""]",B2094751D36DABFF4192
2025/12/18 23:52,5245353445561876,1908156415,陈粒陈粒一粒十周年巡回演唱会 「你是我未曾擁有 無法捕捉的親暱」 我好像对十年这个数字 有点太不敏感了 怎么这个女人@陈粒_ 就出道十年了呢 既然到了纪念日子 那就见一面吧 太多太多歌前奏一响 就控制不住自己的嘴巴 拍下的视频里面 留住了那些耳熟能详的词句 还有自己尖叫过后破锣嗓音 ...全文,陈粒超话,"[""https://wx3.sinaimg.cn/orj360/71bc27ffgy1i8fh6a4g4qj23b04eou0y.jpg"", ""https://wx4.sinaimg.cn/orj360/71bc27ffgy1i8fh68qrp3j22c0340u0y.jpg"", ""https://wx2.sinaimg.cn/orj360/71bc27ffgy1i8fh6g6dejj23b04eox6q.jpg"", ""https://wx3.sinaimg.cn/orj360/71bc27ffgy1i8fh6kgva1j23b04eo4qr.jpg"", ""https://wx4.sinaimg.cn/orj360/71bc27ffgy1i8abk13sifj23b04eokjn.jpg"", ""https://wx1.sinaimg.cn/orj360/71bc27ffgy1i8fh6ofas6j23b04eou0y.jpg""]",B2094751D36DABFF4192
2025/12/21 20:51,5246394898058324,1591015042,[浪]紫花风铃木 ?? K11 带着微博去旅行随手拍美景周末时光日常分享风景冬至遇见美好爱上这座城 深圳·K11购物艺术中心,HUAWEI Mate 70 Pro,"[""https://wx4.sinaimg.cn/orj360/001JFJGWgy1i8it7wsppgj60u01sjwyp08.jpg"", ""https://wx1.sinaimg.cn/orj360/001JFJGWgy1i8it80j6whj60u01sj4bd08.jpg"", ""https://wx3.sinaimg.cn/orj360/001JFJGWgy1i8it84xscjj60u01sj1f808.jpg"", ""https://wx2.sinaimg.cn/orj360/001JFJGWgy1i8it89zd3mj61sj0u0tyx08.jpg"", ""https://wx2.sinaimg.cn/orj360/5ed4f682gy1i8it8effutj20u01sj7em.jpg"", ""https://wx1.sinaimg.cn/orj360/001JFJGWgy1i8it8fwp5gj61sj0u07h808.jpg"", ""https://wx4.sinaimg.cn/orj360/001JFJGWgy1i8it8jmkzaj61sj0u0n9w08.jpg"", ""https://wx2.sinaimg.cn/orj360/5ed4f682gy1i8it8n4jqkj21sj0u011t.jpg"", ""https://wx2.sinaimg.cn/orj360/001JFJGWgy1i8it8o94yrj61sj0u04i608.jpg""]",B2094751D36DABFF4192
2025/12/18 22:10,5245327637743137,3705824730,紫风铃木花期 ?? 深圳·K11文化空间,iPhone 16 Pro Max,"[""https://wx4.sinaimg.cn/orj360/dce265dagy1i8fefngaspj21j02psu0x.jpg"", ""https://wx3.sinaimg.cn/orj360/dce265dagy1i8fescj5esj20u01hcabz.jpg"", ""https://wx4.sinaimg.cn/orj360/dce265dagy1i8fefs5l3xj20xi18ogzm.jpg"", ""https://wx2.sinaimg.cn/orj360/dce265dagy1i8fentjd6yj20u01hcdks.jpg"", ""https://wx4.sinaimg.cn/orj360/dce265dagy1i8fek84t1fj22c0340kjn.jpg"", ""https://wx2.sinaimg.cn/orj360/dce265dagy1i8fefxlngfj21j02psu0x.jpg"", ""https://wx1.sinaimg.cn/orj360/dce265dagy1i8feft92r8j21j02ps1kx.jpg"", ""https://wx2.sinaimg.cn/orj360/dce265dagy1i8fefuuaagj23b04eohdw.jpg"", ""https://wx4.sinaimg.cn/orj360/dce265dagy1i8fefwh9vmj22c0340u0y.jpg""]",B2094751D36DABFF4192
2025/12/21 0:13,5246083448180668,1582012490,昨天晚上在深圳吃了3顿饭[嘻嘻] 二场我组的局，@电车室长 老板把单买了！还往返取的酒！ 三场谁买的@楚斌top @幸运涛 @梁家翔这儿呢 [笑cry]我是不记得了！ 以后白酒我只能2杯，最多最多3杯！然后就关机就行了！切记不能在喝多[苦涩] 深圳·大富烧鸡大牌档(南山店),iPhone 17 Pro,"[""https://wx1.sinaimg.cn/orj360/5e4b984aly1i8htepm60kj23402c0e82.jpg"", ""https://wx1.sinaimg.cn/orj360/5e4b984aly1i8hteqh20vj24eo3b0e86.jpg"", ""https://wx1.sinaimg.cn/orj360/5e4b984aly1i8hteppmxnj23402c01kz.jpg""]",B2094751D36DABFF4192
2025/12/21 21:02,5246397716894593,1095747595,做完柴可夫，冬至简单一餐。 深圳·太子湾花园城VILLA,Xiaomi 13 Ultra,"[""https://wx3.sinaimg.cn/orj360/414fc80bgy1i8itke9wrvj21hc0u011f.jpg"", ""https://wx3.sinaimg.cn/orj360/414fc80bgy1i8itkeupfwj21hc0u0tfl.jpg"", ""https://wx3.sinaimg.cn/orj360/414fc80bgy1i8itkfepamj21hc0u0qb0.jpg""]",B2094751D36DABFF4192
2025/12/20 19:09,5246006853894310,1174306797,牡丹亭｜50 photo by @刚好路过的粮食 深圳·深圳保利剧院,iPhone客户端,"[""https://wx2.sinaimg.cn/orj360/45fe7fedgy1i8hk5lmpf9j26bk47s7wq.jpg"", ""https://wx1.sinaimg.cn/orj360/45fe7fedgy1i8hk5hjwptj26bk47sb2k.jpg"", ""https://wx2.sinaimg.cn/orj360/45fe7fedgy1i8hk572bx3j26bk47sb2f.jpg"", ""https://wx3.sinaimg.cn/orj360/45fe7fedgy1i8hkb4pep8j22t747s4qs.jpg"", ""https://wx3.sinaimg.cn/orj360/45fe7fedgy1i8hk8vxm5cj247s6bke84.jpg"", ""https://wx2.sinaimg.cn/orj360/45fe7fedgy1i8hk577rhij229k3e97wi.jpg""]",B2094751D36DABFF4192
2025/12/13 23:47,5243540013581262,1662784473,人生首次半马，冲啊！南山半程马拉松 深圳·深圳湾体育中心,南山半程马拉松超话,"[""https://wx4.sinaimg.cn/orj360/631c13d9gy1i89pcosid8j235s2dchdu.jpg"", ""https://wx4.sinaimg.cn/orj360/631c13d9gy1i89pcwbphvj22io1481kx.jpg"", ""https://wx1.sinaimg.cn/orj360/631c13d9gy1i89pd41hjej235s1eg7wi.jpg""]",B2094751D36DABFF4192
2025/12/20 2:50,5245760384794779,7733583929,海上世界旁，南山蛇口南海玫瑰花园一期。6室3厅270.05㎡，南北通透，卧室、客厅皆朝南，海景视野佳。近太子湾学校，闹中取静。业主诚售3500万，单价13万/平，随时看房！深圳深圳在售笋盘 深圳·南海玫瑰花园一期,真我GT Neo2T,"[""https://wx3.sinaimg.cn/orj360/008rnksFgy1i8grk9t27pj30sg0sgjtc.jpg"", ""https://wx3.sinaimg.cn/orj360/008rnksFgy1i8grka2rjij30rs0kumzx.jpg"", ""https://wx1.sinaimg.cn/orj360/008rnksFgy1i8grkaamdmj30rs0kumzz.jpg"", ""https://wx2.sinaimg.cn/orj360/008rnksFgy1i8grkajm64j30rs0kudi5.jpg"", ""https://wx2.sinaimg.cn/orj360/008rnksFgy1i8grkaumbpj30rs0kujtn.jpg"", ""https://wx3.sinaimg.cn/orj360/008rnksFgy1i8grkb47c1j30rs0ku40p.jpg"", ""https://wx1.sinaimg.cn/orj360/008rnksFgy1i8grkbf2pdj30rs0kuq5q.jpg"", ""https://wx4.sinaimg.cn/orj360/008rnksFgy1i8grkbpu9sj30rs0ku76k.jpg"", ""https://wx3.sinaimg.cn/orj360/008rnksFgy1i8grkc0x4jj30rs0kudin.jpg""]",B2094751D36DABFF4192
2025/12/21 11:37,5246255481753305,6406048707,【25.12.6又一年企鹅音乐节】 ??音乐是生命中最___的事情?? ????摇滚乐是最美妙的精神享受和追求?? 感谢腾讯音协的伙伴，每年音乐节都办得很棒！感谢07 广文 KR Luna 川 蔚紫 倩站在彼此身边，一起完成了一件很酷的事情！感谢现场的你们，喜欢音乐是幸运的....企鹅音乐节 ...全文,iPhone客户端,"[""https://wx3.sinaimg.cn/orj360/006Zx7Ufgy1i8id2aiw55j30u01900wx.jpg"", ""https://wx3.sinaimg.cn/orj360/006Zx7Ufgy1i8id2awo9ej31900u0n3x.jpg"", ""https://wx4.sinaimg.cn/orj360/006Zx7Ufgy1i8id2ald2jj30u0190n2k.jpg"", ""https://wx3.sinaimg.cn/orj360/006Zx7Ufgy1i8id2aiqtoj31920u0ahw.jpg"", ""https://wx4.sinaimg.cn/orj360/006Zx7Ufgy1i8id2at949j31900u07bp.jpg"", ""https://wx4.sinaimg.cn/orj360/006Zx7Ufgy1i8id2aftf1j31920u0gxa.jpg"", ""https://wx3.sinaimg.cn/orj360/006Zx7Ufgy1i8id4gcv8lj31900u0dll.jpg"", ""https://wx4.sinaimg.cn/orj360/006Zx7Ufgy1i8id4g5t3gj30u0190gug.jpg"", ""https://wx1.sinaimg.cn/orj360/006Zx7Ufgy1i8id2aqnnlj31900u044o.jpg""]",B2094751D36DABFF4192
2025/12/16 14:10,5244481983220036,6233933742,嘉宾是万妮达的陈粒演唱会[期待] 第一次感受站面前唱[污][污][爱你][比耶] 深圳·深圳湾体育中心,Xiaomi 17 Pro,"[""https://wx2.sinaimg.cn/orj360/006NSWWqgy1i8cphv0xc4j32dc35shdu.jpg"", ""https://wx2.sinaimg.cn/orj360/006NSWWqgy1i8cphsfaxnj32dc35se83.jpg"", ""https://wx1.sinaimg.cn/orj360/006NSWWqgy1i8cpgzr0jbj33402c01kz.jpg"", ""https://wx3.sinaimg.cn/orj360/006NSWWqgy1i8cpheobt2j32dc35snpd.jpg"", ""https://wx3.sinaimg.cn/orj360/006NSWWqgy1i8cph5dcqpj335s2dc4qq.jpg"", ""https://wx1.sinaimg.cn/orj360/006NSWWqgy1i8cphg5xxwj32dc35se82.jpg"", ""https://wx4.sinaimg.cn/orj360/006NSWWqgy1i8cphtujo0j32dc35se81.jpg"", ""https://wx2.sinaimg.cn/orj360/006NSWWqgy1i8cph0g8wbj31hc0u0tj9.jpg"", ""https://wx3.sinaimg.cn/orj360/006NSWWqgy1i8cphco1p5j335s2dc1l1.jpg""]",B2094751D36DABFF4192
2025/12/20 21:20,5246039777086074,1203467001,開府莱舍???? 深圳·CAPARESH開府莱舍(深圳湾万象城店),iPhone 17 Pro Max,"[""https://wx4.sinaimg.cn/orj360/47bb72f9gy1i866i6l3fvj23b04eou10.jpg"", ""https://wx4.sinaimg.cn/orj360/47bb72f9gy1i86srt4w6dj23b04eoe84.jpg"", ""https://wx1.sinaimg.cn/orj360/47bb72f9gy1i86sr7k7yfj23b04eonpf.jpg"", ""https://wx3.sinaimg.cn/orj360/47bb72f9gy1i86srdpjddj23b04eox6r.jpg"", ""https://wx4.sinaimg.cn/orj360/47bb72f9gy1i86sspw05mj20u01hctdv.jpg"", ""https://wx1.sinaimg.cn/orj360/47bb72f9gy1i86srjdmibj23b04eohdv.jpg"", ""https://wx4.sinaimg.cn/orj360/47bb72f9gy1i86srmx71jj22c03404qq.jpg"", ""https://wx3.sinaimg.cn/orj360/47bb72f9gy1i86ssb198nj22c03407wi.jpg"", ""https://wx1.sinaimg.cn/orj360/47bb72f9gy1i86sr1ulmfj22c03404qq.jpg""]",B2094751D36DABFF4192
2025/12/18 21:36,5245319005607891,7983698496,一年里最忙的时候，出差有点频繁，下飞机第一顿饭是不是有点过分了[憨笑]两年前来过的餐厅随着记忆逐渐清晰起来，酒店对面还有一家海鲜烧烤好想去，肚子撑不下了[捂脸] 深圳·蛇口海上世界,iPhone客户端,"[""https://wx4.sinaimg.cn/orj360/008IiMGAgy1i8fdjnbz0uj30u01hc7hs.jpg"", ""https://wx3.sinaimg.cn/orj360/008IiMGAgy1i8fdjnby8dj30u01hcqf1.jpg"", ""https://wx2.sinaimg.cn/orj360/008IiMGAgy1i8fdjn7n9jj30u01407dt.jpg"", ""https://wx3.sinaimg.cn/orj360/008IiMGAgy1i8fdjnc2s2j30u01hcdp1.jpg"", ""https://wx2.sinaimg.cn/orj360/008IiMGAgy1i8fdjnnluwj30u0140wq5.jpg"", ""https://wx1.sinaimg.cn/orj360/008IiMGAgy1i8fdjo0scnj30u0140amg.jpg""]",B2094751D36DABFF4192
2025/12/21 13:06,5246277970297884,7676946806,好多人呀 王者荣耀王者荣耀深圳城市派对王者荣耀深圳嘉年华 深圳·深圳人才公园,HUAWEI Mate 40 Pro,"[""https://wx3.sinaimg.cn/orj360/008nxGyGgy1i8ifs9x5l5j32dc35snpe.jpg"", ""https://wx3.sinaimg.cn/orj360/008nxGyGgy1i8ifscrv0dj32dc35shdv.jpg"", ""https://wx3.sinaimg.cn/orj360/008nxGyGgy1i8ifsgibw3j32dc35s4qr.jpg""]",B2094751D36DABFF4192
2025/12/21 11:47,5246258106861243,2733091724,偶尔营业 永远摇滚 深圳·NUBOND AIR,iPhone客户端,"[""https://wx4.sinaimg.cn/orj360/a2e7ab8cgy1i8idi6omd5j20u0190q73.jpg"", ""https://wx4.sinaimg.cn/orj360/a2e7ab8cgy1i8idi6dsmpj21900u0wje.jpg"", ""https://wx3.sinaimg.cn/orj360/a2e7ab8cgy1i8idi6ky23j20u019079n.jpg"", ""https://wx4.sinaimg.cn/orj360/a2e7ab8cgy1i8idi6ko7zj20u01920zj.jpg"", ""https://wx4.sinaimg.cn/orj360/a2e7ab8cgy1i8idi6ep9lj21900u0dn7.jpg"", ""https://wx2.sinaimg.cn/orj360/a2e7ab8cgy1i8idi6wwu9j21900u044m.jpg"", ""https://wx1.sinaimg.cn/orj360/a2e7ab8cgy1i8idi77xnmj21hc0u0gx3.jpg"", ""https://wx2.sinaimg.cn/orj360/a2e7ab8cgy1i8idi6xbisj21900u078p.jpg"", ""https://wx3.sinaimg.cn/orj360/a2e7ab8cgy1i8idi7cch1j21900u0grb.jpg""]",B2094751D36DABFF4192
2025/12/21 11:47,5246258107122692,1844705242,25度的冬至，跑个5KM开心一下[打call][打call] 深圳·半岛·城邦,iPhone客户端,"[""https://wx3.sinaimg.cn/orj360/6df3f7dagy1i8idie9h3jj22c0340b2a.jpg"", ""https://wx1.sinaimg.cn/orj360/6df3f7dagy1i8idigxu0uj23402c0kjl.jpg"", ""https://wx1.sinaimg.cn/orj360/6df3f7dagy1i8idiarihqj20wr1z0wr2.jpg"", ""https://wx2.sinaimg.cn/orj360/6df3f7dagy1i8idinvat5j22c0340npf.jpg"", ""https://wx1.sinaimg.cn/orj360/6df3f7dagy1i8idit1nbdj22c0340npe.jpg"", ""https://wx1.sinaimg.cn/orj360/6df3f7dagy1i8idj0as5dj22c03407wj.jpg"", ""https://wx4.sinaimg.cn/orj360/6df3f7dagy1i8idj62rxaj22c0340kjm.jpg""]",B2094751D36DABFF4192
2025/12/17 14:21,5244847193067192,6099997962,十一点四十分从荔林公园后面的登山口开始登南山，满山尽是古荔枝树，枝干遒劲，屈曲伸展，姿态万千。它们肆意张扬，如同梵高布满筋脉的画作。冬天明亮的阳光从枝叶洒下，如同飞瀑。林间见宣传标语“天下荔枝看广东”，遥想起1992年邓小平南巡，深圳市委书记李灏向邓小平介绍说“南山的荔枝是全广东最好 ...全文,荣耀200 Pro 写真相机,"[""https://wx2.sinaimg.cn/orj360/006EOY7Ugy1i8dvgdlzb6j335s2mw1l2.jpg"", ""https://wx3.sinaimg.cn/orj360/006EOY7Ugy1i8dvgjocyvj32dc3fce86.jpg"", ""https://wx1.sinaimg.cn/orj360/006EOY7Ugy1i8dvgobv7ij32dc3fcb2d.jpg"", ""https://wx3.sinaimg.cn/orj360/006EOY7Ugy1i8dvgsj6cjj32dc3fcqv9.jpg"", ""https://wx2.sinaimg.cn/orj360/006EOY7Ugy1i8dvgxxpanj32dc3fc4qu.jpg"", ""https://wx1.sinaimg.cn/orj360/006EOY7Ugy1i8dvh3ucc6j32dc3fce86.jpg"", ""https://wx3.sinaimg.cn/orj360/006EOY7Ugy1i8dvhbn9czj32dc3fc1l2.jpg"", ""https://wx1.sinaimg.cn/orj360/006EOY7Ugy1i8dvhh4f8kj335s2mw7wm.jpg"", ""https://wx2.sinaimg.cn/orj360/006EOY7Ugy1i8dvhp8yrtj32dc3fcnph.jpg""]",B2094751D36DABFF4192
2025/12/22 20:55,5246758307238161,1952790913,大宝二宝深圳行～深圳湾海岸大街 深圳·深圳湾步行大街,iPhone 15 Pro Max,"[""https://wx1.sinaimg.cn/orj360/74653981gy1i8jyob6np6j232c434e86.jpg"", ""https://wx1.sinaimg.cn/orj360/74653981gy1i8jyyzih57j232242rkjm.jpg"", ""https://wx2.sinaimg.cn/orj360/74653981gy1i8jymangclj22692wcqv6.jpg"", ""https://wx2.sinaimg.cn/orj360/74653981gy1i8jyz7ddluj241130skjq.jpg"", ""https://wx2.sinaimg.cn/orj360/74653981gy1i8jyz80v4fj230x417e85.jpg"", ""https://wx2.sinaimg.cn/orj360/74653981gy1i8jyz75gw5j22tw3rux6s.jpg"", ""https://wx2.sinaimg.cn/orj360/74653981gy1i8jypl5wx4j235146pqv8.jpg"", ""https://wx1.sinaimg.cn/orj360/74653981gy1i8jyz10u72j22wg3vab2a.jpg"", ""https://wx4.sinaimg.cn/orj360/74653981gy1i8jynpbrrzj236w499qva.jpg""]",B2094751D36DABFF4192
2025/12/19 21:41,5245682723070839,2885273312,周五晚上是大闺蜜小闺蜜的约会[么么哒] 深圳·深圳湾万象城WAVE广场,iPhone 17 Pro,"[""https://wx1.sinaimg.cn/orj360/abf9c6e0gy1i8gjf788x3j23b04eonph.jpg"", ""https://wx2.sinaimg.cn/orj360/abf9c6e0gy1i8gjfboa55j24eo3b0npg.jpg"", ""https://wx4.sinaimg.cn/orj360/abf9c6e0gy1i8gjfdf66aj23402c0e82.jpg"", ""https://wx4.sinaimg.cn/orj360/abf9c6e0gy1i8gjfgqrdpj23b04eo7wk.jpg"", ""https://wx1.sinaimg.cn/orj360/abf9c6e0gy1i8gjfo2cj7j23b04eokjo.jpg"", ""https://wx1.sinaimg.cn/orj360/abf9c6e0gy1i8gjfkqjnhj23b04eou10.jpg"", ""https://wx4.sinaimg.cn/orj360/abf9c6e0gy1i8gjfr9wa8j24eo3b0hdw.jpg"", ""https://wx1.sinaimg.cn/orj360/abf9c6e0gy1i8gjfy0qd3j23b04eo1l2.jpg"", ""https://wx2.sinaimg.cn/orj360/abf9c6e0gy1i8gjfuwy6tj24eo3b0x6s.jpg""]",B2094751D36DABFF4192
2025/12/17 10:49,5244793891852073,2506961823,?? 随手拍今天穿什么 深圳·蛇口海上世界,iPhone客户端,"[""https://wx4.sinaimg.cn/orj360/956d339fgy1i8dpc3hbdyj22c03407wi.jpg"", ""https://wx2.sinaimg.cn/orj360/956d339fgy1i8dpbtb3njj23b04eox6s.jpg"", ""https://wx3.sinaimg.cn/orj360/956d339fgy1i8dpc0v1ylj23b04fphdw.jpg"", ""https://wx1.sinaimg.cn/orj360/956d339fgy1i8dpbp70etj23b04eo1l1.jpg"", ""https://wx4.sinaimg.cn/orj360/956d339fgy1i8dpc6cx7mj23b04eo1kz.jpg"", ""https://wx2.sinaimg.cn/orj360/956d339fgy1i8dpc4kenqj23b04eohdu.jpg"", ""https://wx4.sinaimg.cn/orj360/956d339fgy1i8dpcb275cj21sc2ds4qq.jpg"", ""https://wx3.sinaimg.cn/orj360/956d339fgy1i8dpceud2lj23b04hf4qs.jpg"", ""https://wx1.sinaimg.cn/orj360/956d339fgy1i8dpciefdhj23b04eoqv8.jpg""]",B2094751D36DABFF4192
2025/12/21 13:52,5246289475538927,8403543823,大美深圳 干净清爽 年轻向上～ 深圳·深圳人才公园,iPhone客户端,"[""https://wx4.sinaimg.cn/orj360/009aIpDpgy1i8ih4hitz5j30u0140101.jpg"", ""https://wx3.sinaimg.cn/orj360/009aIpDpgy1i8ih4h243gj30u0140wly.jpg"", ""https://wx3.sinaimg.cn/orj360/009aIpDpgy1i8ih4i1kqxj30u0140tm3.jpg"", ""https://wx1.sinaimg.cn/orj360/009aIpDpgy1i8ih4ii1yij30u014015q.jpg"", ""https://wx2.sinaimg.cn/orj360/009aIpDpgy1i8ih4itdudj30u0140dkp.jpg"", ""https://wx2.sinaimg.cn/orj360/009aIpDpgy1i8ih4j7831j30u0140dq5.jpg"", ""https://wx4.sinaimg.cn/orj360/009aIpDpgy1i8ih4kfc5ij30u0140djn.jpg"", ""https://wx2.sinaimg.cn/orj360/009aIpDpgy1i8ih4jr66zj30u01407ar.jpg"", ""https://wx3.sinaimg.cn/orj360/009aIpDpgy1i8ih4k30icj30u0140q9a.jpg""]",B2094751D36DABFF4192
2025/12/19 20:55,5245671051367604,7966203869,漫步深圳街头，高楼林立间感受都市脉搏。阳光正好，蓝天白云，随手一拍都是大片！????? 深圳·深圳人才公园,深圳超话,"[""https://wx3.sinaimg.cn/orj360/008H7nxbgy1i8ghzdv38fj30u01hc7m1.jpg"", ""https://wx2.sinaimg.cn/orj360/008H7nxbgy1i8ghzjm3zaj32dc3k0u10.jpg"", ""https://wx1.sinaimg.cn/orj360/008H7nxbgy1i8ghznew3fj32dc3k07wj.jpg"", ""https://wx1.sinaimg.cn/orj360/008H7nxbgy1i8ghzr0x20j32dc3k0e83.jpg"", ""https://wx1.sinaimg.cn/orj360/008H7nxbgy1i8ghzxjclaj32dc3k04qs.jpg"", ""https://wx1.sinaimg.cn/orj360/008H7nxbgy1i8gi2fcgr1j32tc240npd.jpg"", ""https://wx3.sinaimg.cn/orj360/008H7nxbgy1i8gi2hifzij32402tcb2a.jpg"", ""https://wx2.sinaimg.cn/orj360/008H7nxbgy1i8gi2imw6uj32402tcb29.jpg"", ""https://wx1.sinaimg.cn/orj360/008H7nxbgy1i8gi2of1m2j32dc3k01l0.jpg""]",B2094751D36DABFF4192
2025/12/17 20:29,5244939744318168,1216892163,深圳湾文化广场 ーMAD ??:XCD 35-100E 微博影像年造梦空间 深圳·深圳湾文化广场,iPhone客户端,"[""https://wx4.sinaimg.cn/orj360/48884d03gy1i8e63c2fqpj230c30chdt.jpg"", ""https://wx3.sinaimg.cn/orj360/48884d03gy1i8e63h7bunj29b49b4b2l.jpg"", ""https://wx1.sinaimg.cn/orj360/48884d03gy1i8e63n3fgpj29w69w6x73.jpg"", ""https://wx1.sinaimg.cn/orj360/48884d03gy1i8e63rfsskj29k49k3x78.jpg"", ""https://wx2.sinaimg.cn/orj360/48884d03gy1i8e63ur0akj293l93l1l9.jpg"", ""https://wx1.sinaimg.cn/orj360/48884d03gy1i8e63azfg2j29lx9lxnpo.jpg"", ""https://wx1.sinaimg.cn/orj360/48884d03gy1i8e640s2pcj29ke9kdkkc.jpg"", ""https://wx3.sinaimg.cn/orj360/48884d03gy1i8e647cnj7j29cu9cub2u.jpg"", ""https://wx2.sinaimg.cn/orj360/48884d03gy1i8e64d0benj29w69w6x7e.jpg""]",B2094751D36DABFF4192
2025/12/20 18:26,5245996050942895,1188009642,你在北方大雪纷飞，我在南方嬉闹戏水?????? 一一说手手痛，我问哪里受伤了，他举着大拇指说“棒棒（????）受伤流血了”?????? 笑死我了，本来以为这只是网上的段子，没想到真照进现实了?????? 深圳·深圳人才公园,iPhone客户端,"[""https://wx1.sinaimg.cn/orj360/46cf96aagy1i8hjfjk55tj20u0140jya.jpg"", ""https://wx3.sinaimg.cn/orj360/46cf96aagy1i8hjfjrr31j20u0140wnm.jpg"", ""https://wx2.sinaimg.cn/orj360/46cf96aagy1i8hjfjm5goj20u0140tfv.jpg"", ""https://wx2.sinaimg.cn/orj360/46cf96aagy1i8hjfjk7ebj20u0140wke.jpg"", ""https://wx2.sinaimg.cn/orj360/46cf96aagy1i8hjfk5gk2j20u0140qey.jpg"", ""https://wx3.sinaimg.cn/orj360/46cf96aagy1i8hjfjwbj0j20u0140aja.jpg"", ""https://wx1.sinaimg.cn/orj360/46cf96aagy1i8hjfkhyqpj20u0140wry.jpg"", ""https://wx1.sinaimg.cn/orj360/46cf96aagy1i8hjfk8sfyj20u017dk1v.jpg"", ""https://wx3.sinaimg.cn/orj360/46cf96aagy1i8hjfjureqj20u0140n20.jpg""]",B2094751D36DABFF4192
2025/12/18 19:43,5245290783441960,7848593280,万万没想到，做了十几年的深圳楼市顶豪，深圳湾1号居然还有新品要推出来[互粉]真的是大惊喜，而且还是位于T7楼王栋，仅有84套。?? 年底深圳这波“豪宅热”，把这个老牌顶豪的“私藏品”都炸出来了呀[嘻嘻]期待吧！ 深圳·深圳湾1号,荣耀畅玩60m,"[""https://wx3.sinaimg.cn/orj360/008z9TEcgy1i8fafox9ahj337k2eohdv.jpg"", ""https://wx3.sinaimg.cn/orj360/008z9TEcgy1i8fafqh5eqj337k2eoqv6.jpg"", ""https://wx3.sinaimg.cn/orj360/008z9TEcgy1i8fafrf4llj337k2eo1kz.jpg""]",B2094751D36DABFF4192
2025/12/19 21:06,5245673935995381,2806137327,幸福三周年[抱一抱] 深圳·活缔鱼市(蓝漪花园店),iPhone,"[""https://wx1.sinaimg.cn/orj360/a74241efgy1i8gif6fs4ij22c0340x6q.jpg"", ""https://wx2.sinaimg.cn/orj360/a74241efgy1i8gif8sjezj22c0340x6p.jpg"", ""https://wx3.sinaimg.cn/orj360/a74241efgy1i8gifb8y0ij22c0340u0y.jpg"", ""https://wx2.sinaimg.cn/orj360/a74241efgy1i8gifdtgcsj22c03407wi.jpg"", ""https://wx4.sinaimg.cn/orj360/a74241efgy1i8gifgmx74j22c0340hdv.jpg"", ""https://wx4.sinaimg.cn/orj360/a74241efgy1i8gifi7zpzj20u0140114.jpg""]",B2094751D36DABFF4192
2025/12/18 15:23,5245225145732801,7328813819,南山蛇口海月花园一期品质之选！71.59㎡精巧三房两厅，全新精装。客厅、卧室皆朝南，南北通透，明厨明卫。业主诚心出售，总价仅680万！深圳深圳在售笋盘 深圳·招商海月花园-一期,真我GT Neo2T,"[""https://wx1.sinaimg.cn/orj360/007ZYXgvgy1i8f2w4bz5nj30sg0sg40c.jpg"", ""https://wx4.sinaimg.cn/orj360/007ZYXgvgy1i8f2w4ov52j30rs0ku777.jpg"", ""https://wx4.sinaimg.cn/orj360/007ZYXgvgy1i8f2w4ykngj30rs0ku410.jpg"", ""https://wx2.sinaimg.cn/orj360/007ZYXgvgy1i8f2w58kb9j30rs0ku417.jpg"", ""https://wx1.sinaimg.cn/orj360/007ZYXgvgy1i8f2w5jpufj30rs0kujur.jpg"", ""https://wx3.sinaimg.cn/orj360/007ZYXgvgy1i8f2w5tbw4j31400u0ta5.jpg""]",B2094751D36DABFF4192
2025/12/20 13:51,5245926845188271,6193859773,微博影像年年度记忆 冬月初一，中心河畔踏花行。（组图） 蛇口后海中心河公园位于深圳南山区望海路与中心路交汇处，全长约550米，总面积约4.57万平方米，2021年建成开放。 公园由昔日的排洪渠蝶变为生态人文走廊，河道两岸遍植紫花风铃木、簕杜鹃，冬春之际粉花似海，倒映碧波。园内设风车塔 ...全文,HUAWEI Pura 80 Ultra,"[""https://wx1.sinaimg.cn/orj360/006LaNS5gy1i8hbh2mfgcj327k35s7wj.jpg"", ""https://wx3.sinaimg.cn/orj360/006LaNS5gy1i8hbh5ftq4j624835s4qq08.jpg"", ""https://wx1.sinaimg.cn/orj360/006LaNS5gy1i8hbh713tzj322u348hdu.jpg"", ""https://wx4.sinaimg.cn/orj360/006LaNS5gy1i8hbh9tljvj627c3424qq08.jpg"", ""https://wx3.sinaimg.cn/orj360/006LaNS5gy1i8hbhb6u30j32902zuqv6.jpg"", ""https://wx1.sinaimg.cn/orj360/006LaNS5gy1i8hbheurrqj62d634uu0y08.jpg"", ""https://wx1.sinaimg.cn/orj360/006LaNS5gy1i8hbhgdqi3j327u35ix6q.jpg"", ""https://wx3.sinaimg.cn/orj360/006LaNS5gy1i8hbhivmtkj62dc35sqv508.jpg"", ""https://wx3.sinaimg.cn/orj360/006LaNS5gy1i8hbhldifcj635s1yg7wi08.jpg""]",B2094751D36DABFF4192
2025/12/17 19:38,5244926980000010,1767949551,?????????????????????????? 深圳 “随手拍的是我想留住的” 深圳·深圳湾万象城,瑞瑞的??iPhone 17 Pro Max(星宇橙色),"[""https://wx1.sinaimg.cn/orj360/6960c4efly1i8e4n8jwb0j20u0140qge.jpg"", ""https://wx4.sinaimg.cn/orj360/6960c4efly1i8e4n8tuovj20u0140qfp.jpg"", ""https://wx1.sinaimg.cn/orj360/6960c4efly1i8e4n94ljuj20u01hdn80.jpg"", ""https://wx4.sinaimg.cn/orj360/6960c4efly1i8e4n9fxf4j20u0140gxs.jpg"", ""https://wx1.sinaimg.cn/orj360/6960c4efly1i8e4n9t9vgj20u014011k.jpg"", ""https://wx1.sinaimg.cn/orj360/6960c4efly1i8e4na3lg9j20u0140dt1.jpg"", ""https://wx3.sinaimg.cn/orj360/6960c4efly1i8e4n88pd8j20u0140qfp.jpg"", ""https://wx3.sinaimg.cn/orj360/6960c4efly1i8e4nadf7jj20u0140alk.jpg"", ""https://wx2.sinaimg.cn/orj360/6960c4efly1i8e4napwnlj20u0140k0s.jpg""]",B2094751D36DABFF4192
2025/12/21 19:48,5246379023926624,2419870382,今天特别开心，在冬至这么特别的日子，在深圳湾近距离接触到了佟丽娅。并跟她一起合影，聊天。超级超级开心 佟丽娅本人超级超级美，很瘦很瘦，360度无死角。能当上明星的人果然是在人群中一眼能看见的存在。 佟丽娅真美得不可方物，本来就很喜欢她，见到本人后就更爱啦。佟丽娅 ...全文,佟丽娅超话,"[""https://wx2.sinaimg.cn/orj360/903c4aaegy1i8irdlvcz3j211c1ym1kx.jpg"", ""https://wx4.sinaimg.cn/orj360/903c4aaegy1i8irdmhscsj20xb20ae7q.jpg"", ""https://wx4.sinaimg.cn/orj360/903c4aaegy1i8irdpw6byj22w01xcb2a.jpg"", ""https://wx1.sinaimg.cn/orj360/903c4aaegy1i8irdqzuu7j22c0340npe.jpg"", ""https://wx1.sinaimg.cn/orj360/903c4aaegy1i8irds57qtj20wr1fxb29.jpg"", ""https://wx2.sinaimg.cn/orj360/903c4aaegy1i8irdt62utj21sc2ds4qq.jpg"", ""https://wx3.sinaimg.cn/orj360/903c4aaegy1i8irdurdn7j22ds1sckjm.jpg"", ""https://wx2.sinaimg.cn/orj360/903c4aaegy1i8irdwbyhlj22ds1scqv6.jpg"", ""https://wx1.sinaimg.cn/orj360/903c4aaegy1i8irdxgs3zj21sc2ds4qq.jpg""]",B2094751D36DABFF4192
2025/12/17 17:35,5244896141116914,7295510587,人 还是得多出去走走 才会开心 深圳·深圳人才公园-潮汐广场,iPhone客户端,"[""https://wx1.sinaimg.cn/orj360/007XJdzBgy1i8e133eekgj30u0140115.jpg"", ""https://wx4.sinaimg.cn/orj360/007XJdzBgy1i8e136101rj30u0140jxt.jpg"", ""https://wx3.sinaimg.cn/orj360/007XJdzBgy1i8e131r89nj31hc0u0gtn.jpg""]",B2094751D36DABFF4192
2025/12/15 0:05,5243906945976497,3478716765,在我认识你的第十三个生日 深圳·G&G创意社区,iPhone 17 Pro Max,"[""https://wx3.sinaimg.cn/orj360/cf59015dgy1i8avewflrrj22yo1z4e82.jpg"", ""https://wx1.sinaimg.cn/orj360/cf59015dgy1i8avf8hituj21r0340b2a.jpg"", ""https://wx1.sinaimg.cn/orj360/cf59015dgy1i8avezviofj22yo1z4u0z.jpg"", ""https://wx3.sinaimg.cn/orj360/cf59015dgy1i8avf1069vj218g0xch30.jpg"", ""https://wx1.sinaimg.cn/orj360/cf59015dgy1i8avf719rwj22yo1z4qv7.jpg"", ""https://wx3.sinaimg.cn/orj360/cf59015dgy1i8avf50kx1j22003004qr.jpg"", ""https://wx2.sinaimg.cn/orj360/cf59015dgy1i8avf7tt05j218g0xcx20.jpg"", ""https://wx2.sinaimg.cn/orj360/cf59015dgy1i8avfh4p0uj23b04eo7wm.jpg"", ""https://wx2.sinaimg.cn/orj360/cf59015dgy1i8avfb9n56j21z42yob2b.jpg""]",B2094751D36DABFF4192
2025/12/19 10:00,5245506390328165,5833658201,深圳，今晚见！ 四百年前的故事并不遥远 月光如水 它游过深圳楼宇的缝隙 也轻抚过牡丹亭中的花草 夜色匆忙 霓虹灯闪烁现代人绮丽的梦 有些梦 曾发生在一个春日的小园 舞剧《牡丹亭》，深圳见！ 【温馨提醒】 1??暖场“开园” 将于演出正式开演前15分钟在舞台上进行， 请各位观众合理安排时间 2?? ...全文,iPhone 14 Pro,"[""https://wx2.sinaimg.cn/orj360/006mNqZjgy1i8fcqwvaz0j32c0340x6q.jpg"", ""https://wx3.sinaimg.cn/orj360/006mNqZjgy1i8fcoy1nabj32c0340x6q.jpg"", ""https://wx4.sinaimg.cn/orj360/006mNqZjgy1i8fcr0mew4j33402c0x6q.jpg"", ""https://wx3.sinaimg.cn/orj360/006mNqZjgy1i8fcq49kmbj32c0340hdv.jpg"", ""https://wx4.sinaimg.cn/orj360/006mNqZjgy1i8fcr7sfyoj338m4bhb2c.jpg"", ""https://wx4.sinaimg.cn/orj360/006mNqZjgy1i8fcpa988uj33402c0npe.jpg"", ""https://wx3.sinaimg.cn/orj360/006mNqZjgy1i8fcqka2dij32c0340e83.jpg"", ""https://wx2.sinaimg.cn/orj360/006mNqZjgy1i8fcpk2863j33402c04qr.jpg"", ""https://wx3.sinaimg.cn/orj360/006mNqZjgy1i8fcps7d6nj33402c0hdu.jpg""]",B2094751D36DABFF4192
2025/12/17 19:46,5244929054085579,7328813819,深圳南山区蛇口蓝月湾畔，经典三房急售！88.49㎡仅售850万。深圳身边事深圳在售笋盘 深圳·蓝月湾畔,,"[""https://wx3.sinaimg.cn/orj360/007ZYXgvgy1i8e4w0nq9gj30sg0sgwgs.jpg"", ""https://wx1.sinaimg.cn/orj360/007ZYXgvgy1i8e4w1531gj30rs0kujtv.jpg"", ""https://wx3.sinaimg.cn/orj360/007ZYXgvgy1i8e4w1ntk4j31400u0q5d.jpg""]",B2094751D36DABFF4192
2025/12/12 11:10,5242987124359565,2273982432,??带小狗狗??的一天 深圳·PEEEAK,iPhone客户端,"[""https://wx3.sinaimg.cn/orj360/878a37e0gy1i87xuwm4izj22zj3zcu0y.jpg"", ""https://wx2.sinaimg.cn/orj360/878a37e0gy1i87xuuxxi4j22tw3ruu0y.jpg"", ""https://wx4.sinaimg.cn/orj360/878a37e0gy1i87xusg2o4j22lk3gre82.jpg"", ""https://wx4.sinaimg.cn/orj360/878a37e0gy1i87xuqcf5pj22pb3lr7wi.jpg"", ""https://wx1.sinaimg.cn/orj360/878a37e0gy1i87xuyqwpqj22sm3q5e83.jpg"", ""https://wx4.sinaimg.cn/orj360/878a37e0gy1i87xumqmqej21au1qg1kx.jpg""]",B2094751D36DABFF4192
2025/12/19 23:40,5245712649426864,6159296795,汗水，是身体最诚实的诗。每一次力竭后的坚持，都在唤醒生命深处那份原始的韧性——不精致，却蓬勃；不完美，却完整。 加油吧，少年?? 深圳·阳光华艺大厦,HUAWEI P50E,"[""https://wx2.sinaimg.cn/orj360/006IPMsHgy1i8gmvj7vlrj335s1fknpd.jpg"", ""https://wx2.sinaimg.cn/orj360/006IPMsHgy1i8gmvlp01xj335s1fkkjl.jpg"", ""https://wx3.sinaimg.cn/orj360/006IPMsHgy1i8gmvhl5wkj335s1fk1ky.jpg"", ""https://wx1.sinaimg.cn/orj360/006IPMsHgy1i8gmvs0bcjj31hc0u077i.jpg""]",B2094751D36DABFF4192
2025/12/19 19:15,5245645984111295,1868668082,臭豆腐、卤鸡脚、栖鸭头、钵钵鸡…… 弥补了今天支援项目的快乐～ 深圳·深圳人才公园,iPhone客户端,"[""https://wx4.sinaimg.cn/orj360/6f619cb2gy1i8gf5wqfvlj24eo3b0npi.jpg"", ""https://wx1.sinaimg.cn/orj360/6f619cb2gy1i8gf5xjqmpj24eo3b01l2.jpg"", ""https://wx3.sinaimg.cn/orj360/6f619cb2gy1i8gf6frhcrj23b04eo4qt.jpg""]",B2094751D36DABFF4192
2025/12/20 18:32,5245997539399886,5701573407,最近真的每天都要吃酸奶碗和红or黑三剁～ 深圳·海岸城,iPhone客户端,"[""https://wx3.sinaimg.cn/orj360/006dRdHpgy1i8hjgwt1pvj32c02zbe82.jpg"", ""https://wx4.sinaimg.cn/orj360/006dRdHpgy1i8hjgu8tfrj33402c0kjo.jpg"", ""https://wx3.sinaimg.cn/orj360/006dRdHpgy1i8hjlo6n1vj30yi18n14p.jpg""]",B2094751D36DABFF4192
2025/12/14 23:10,5243893314488483,7716332406,12.14AK刘彰生日应援线下 深圳站@ConnoCustomCoffee 圆满结束～ 深圳·CONNO CUSTOM COFFEE(万科蛇口公馆店),iPhone客户端,"[""https://wx1.sinaimg.cn/orj360/008qcWyigy1i8atxe3ricj32c0340b2a.jpg"", ""https://wx2.sinaimg.cn/orj360/008qcWyigy1i8atxfj2mvj33402c0u0x.jpg"", ""https://wx4.sinaimg.cn/orj360/008qcWyigy1i8atxjitjrj33402c0kjm.jpg"", ""https://wx1.sinaimg.cn/orj360/008qcWyigy1i8atxpkcn3j33402c07wi.jpg"", ""https://wx1.sinaimg.cn/orj360/008qcWyigy1i8atxu3ycsj33402c0u0x.jpg"", ""https://wx2.sinaimg.cn/orj360/008qcWyigy1i8atxcgmd7j33402c0e82.jpg""]",B2094751D36DABFF4192
2025/12/15 15:43,5244143174683006,5426636552,好的，打卡成功，确实很漂亮[爱你] 深圳·太子湾滨海岸线公园,iPhone客户端,"[""https://wx4.sinaimg.cn/orj360/005VfC40gy1i8bmjg8ok2j30u0140k2f.jpg"", ""https://wx3.sinaimg.cn/orj360/005VfC40gy1i8bmjgng3jj30u0140k8q.jpg"", ""https://wx1.sinaimg.cn/orj360/005VfC40gy1i8bmjj81vgj30u0140e0j.jpg"", ""https://wx4.sinaimg.cn/orj360/005VfC40gy1i8bmjn4dugj30u0140tp3.jpg"", ""https://wx1.sinaimg.cn/orj360/005VfC40gy1i8bmjnr9bgj30u014018y.jpg"", ""https://wx1.sinaimg.cn/orj360/005VfC40gy1i8bmjod7poj30u0140tgl.jpg"", ""https://wx3.sinaimg.cn/orj360/005VfC40gy1i8bmjp2iuzj30u0140tqb.jpg"", ""https://wx2.sinaimg.cn/orj360/005VfC40gy1i8bmjucyc7j30u0140ai2.jpg"", ""https://wx3.sinaimg.cn/orj360/005VfC40gy1i8bmjvlsd7j30u0140kb1.jpg""]",B2094751D36DABFF4192
2025/12/19 19:08,5245644208080961,6349793242,热爱生活吧。自带平板电脑上班的一天[嘻嘻][打call][打call] 深圳·粤海大厦,iPhone客户端,"[""https://wx4.sinaimg.cn/orj360/006VJ5i2gy1i8geyegzkoj31hc0u0jzh.jpg"", ""https://wx1.sinaimg.cn/orj360/006VJ5i2gy1i8geyh437kj30u0140am7.jpg"", ""https://wx2.sinaimg.cn/orj360/006VJ5i2gy1i8gf0d6nafj30mi0u0tfx.jpg""]",B2094751D36DABFF4192
2025/12/15 1:39,5243930645890557,2265471364,麦门永存?? 我们要做一辈子的好朋友?? 深圳·麦当劳(中心路店),iPhone 14 Pro,"[""https://wx2.sinaimg.cn/orj360/87085984gy1i8ay4vlqcgj22bg33b4qq.jpg"", ""https://wx2.sinaimg.cn/orj360/87085984gy1i8ay5ju40sj22c0340u0x.jpg"", ""https://wx2.sinaimg.cn/orj360/87085984gy1i8ay5ggpoqj22c032r7wj.jpg"", ""https://wx3.sinaimg.cn/orj360/87085984gy1i8ay5ncf81j22c0340npd.jpg"", ""https://wx1.sinaimg.cn/orj360/87085984gy1i8ay5lwv8qj22c0340e82.jpg"", ""https://wx4.sinaimg.cn/orj360/87085984gy1i8ay52up7sj218kbj6e86.jpg"", ""https://wx4.sinaimg.cn/orj360/87085984gy1i8ay57l5j1j22c0340b29.jpg"", ""https://wx2.sinaimg.cn/orj360/87085984gy1i8ay5p4yrtj22c0340e82.jpg"", ""https://wx2.sinaimg.cn/orj360/87085984gy1i8ay7sujq4j22c03404qq.jpg""]",B2094751D36DABFF4192
2025/12/19 21:46,5245683885156671,2885273312,终于找到拓竹的展厅啦！ 好好玩啊逛得不愿意走哈哈～ 我我我想打印那个课程表[偷笑][偷笑][偷笑] 深圳·拓竹3D打印旗舰店,iPhone 17 Pro,"[""https://wx2.sinaimg.cn/orj360/abf9c6e0gy1i8gjjey4u0j24eo3b0b2c.jpg"", ""https://wx1.sinaimg.cn/orj360/abf9c6e0gy1i8gjjh9n79j24eo3b0npg.jpg"", ""https://wx2.sinaimg.cn/orj360/abf9c6e0gy1i8gjjjde54j24eo3b0b2b.jpg"", ""https://wx3.sinaimg.cn/orj360/abf9c6e0gy1i8gjjl76szj24eo3b0kjm.jpg"", ""https://wx1.sinaimg.cn/orj360/abf9c6e0gy1i8gjjnkrudj24eo3b0x6s.jpg"", ""https://wx2.sinaimg.cn/orj360/abf9c6e0gy1i8gjjq0nasj24eo3b0kjp.jpg"", ""https://wx3.sinaimg.cn/orj360/abf9c6e0gy1i8gjjckhb5j24eo3b0qv6.jpg"", ""https://wx1.sinaimg.cn/orj360/abf9c6e0gy1i8gjjrv6ufj24eo3b0npg.jpg"", ""https://wx1.sinaimg.cn/orj360/abf9c6e0gy1i8gjjuosshj23b04eonpe.jpg""]",B2094751D36DABFF4192
2025/12/14 18:15,5243818935058854,7628616760,壹 好恍惚 深圳·未醒Tipsy,iPhone客户端,"[""https://wx2.sinaimg.cn/orj360/008kgTHOgy1i89t6ivwqij30u0140n2j.jpg"", ""https://wx1.sinaimg.cn/orj360/008kgTHOgy1i89t6jjlzxj31400u0n4v.jpg"", ""https://wx1.sinaimg.cn/orj360/008kgTHOgy1i89t6h36m2j30u0140wnl.jpg"", ""https://wx2.sinaimg.cn/orj360/008kgTHOgy1i89t6kmwg2j30u0140n5q.jpg"", ""https://wx2.sinaimg.cn/orj360/008kgTHOgy1i89t6l5duaj30u014046v.jpg"", ""https://wx3.sinaimg.cn/orj360/008kgTHOgy1i89t6h3hvsj30u0140n6d.jpg"", ""https://wx1.sinaimg.cn/orj360/008kgTHOgy1i8ajkc6zxfj30u0140wkg.jpg"", ""https://wx3.sinaimg.cn/orj360/008kgTHOgy1i8akwhipmkj30u01t2n16.jpg"", ""https://wx1.sinaimg.cn/orj360/008kgTHOgy1i8aldv27c5j31400u07b8.jpg""]",B2094751D36DABFF4192
2025/12/14 12:01,5243724806229541,6114819185,被幸福包围[老师爱你][给你小心心]分享照片 深圳·深圳湾万象城,iPhone客户端,"[""https://wx1.sinaimg.cn/orj360/006FP9NTgy1i8aajanc6ej31ls2uqqv6.jpg"", ""https://wx3.sinaimg.cn/orj360/006FP9NTgy1i8aajafh8jj31dp2h0qv5.jpg"", ""https://wx3.sinaimg.cn/orj360/006FP9NTgy1i8aajbej2ij31hm2n4tr3.jpg"", ""https://wx3.sinaimg.cn/orj360/006FP9NTgy1i8aajaw8gfj31r0340npd.jpg"", ""https://wx1.sinaimg.cn/orj360/006FP9NTgy1i8aajbx3htj31f42iwdtr.jpg"", ""https://wx4.sinaimg.cn/orj360/006FP9NTgy1i8aajcfo92j31pc310kdq.jpg"", ""https://wx3.sinaimg.cn/orj360/006FP9NTgy1i8aajd1b99j31os302kjl.jpg"", ""https://wx2.sinaimg.cn/orj360/006FP9NTgy1i8aajekfeoj31r0340kjm.jpg"", ""https://wx1.sinaimg.cn/orj360/006FP9NTgy1i8aajg6vf7j31r0340x6p.jpg""]",B2094751D36DABFF4192
2025/12/14 22:36,5243884552849700,2322618950,长安二十四计成毅成毅超话成毅谢淮安 大果果带小果果打卡成毅谢淮安长安二十四计剧宣，祝长安二十四计大爆特爆！你是最棒的！@成毅 深圳·海岸城购物中心,成毅超话,"[""https://wx3.sinaimg.cn/orj360/8a705a46gy1i8asumv5hgj23402c0hdv.jpg"", ""https://wx3.sinaimg.cn/orj360/8a705a46gy1i8asulmpjaj22c03404qr.jpg"", ""https://wx2.sinaimg.cn/orj360/8a705a46gy1i8asunynmwj22c0340npe.jpg"", ""https://wx2.sinaimg.cn/orj360/8a705a46gy1i8asuq66tmj23402c01kz.jpg"", ""https://wx3.sinaimg.cn/orj360/8a705a46gy1i8asv1vf4mj23402c04qr.jpg"", ""https://wx3.sinaimg.cn/orj360/8a705a46gy1i8asv8dsdsj22c0340x6q.jpg"", ""https://wx3.sinaimg.cn/orj360/8a705a46gy1i8asv9j047j22c03404qr.jpg"", ""https://wx2.sinaimg.cn/orj360/8a705a46gy1i8asvandyoj22c03401kz.jpg"", ""https://wx2.sinaimg.cn/orj360/8a705a46gy1i8asvcca2fj22c03401l1.jpg""]",B2094751D36DABFF4192
2025/12/19 10:13,5245509485988536,1408084550,深圳湾万象城这家店，分明是面包脑袋的快乐老家。 山亩农场（SUNMOON）真的是把烘焙玩出了新高度，每次来都被琳琅面包和甜品狠狠拿捏，面包脑袋直接原地沦陷！一进门就被香气裹住，幸福感瞬间拉满。 ?? **面包区** 先被颜值暴击的是那排青酱香肠面包，松软的面包体裹着扎实的香肠，表层抹的青酱香 ...全文,Xiaomi MIX Fold 4,"[""https://wx3.sinaimg.cn/orj360/53edaa46gy1i8fzjnlq12j20u0140akb.jpg"", ""https://wx4.sinaimg.cn/orj360/53edaa46gy1i8fzjo8kynj20u0140n6f.jpg"", ""https://wx1.sinaimg.cn/orj360/53edaa46gy1i8fzjooyymj20u0140amf.jpg"", ""https://wx1.sinaimg.cn/orj360/53edaa46gy1i8fzjp8k7mj20u01400xb.jpg"", ""https://wx1.sinaimg.cn/orj360/53edaa46gy1i8fzjptsxcj20u014013x.jpg"", ""https://wx4.sinaimg.cn/orj360/53edaa46gy1i8fzjq6ln2j20u014046b.jpg"", ""https://wx2.sinaimg.cn/orj360/53edaa46gy1i8fzjqq45dj20u0140jxo.jpg"", ""https://wx2.sinaimg.cn/orj360/53edaa46gy1i8fzjrae85j20u01400zz.jpg"", ""https://wx2.sinaimg.cn/orj360/53edaa46gy1i8fzjrzwomj20u0140wjo.jpg""]",B2094751D36DABFF4192
2025/12/18 18:42,5245275264516846,1730231080,来MAY姐深圳的新店打卡《屿 》新店融入好多海岛元素 海鲜每天坚持从福建沿海捕捞新鲜回来 颜色搭配丰富 创意十足 很惊艳?? 屿·闽菜公馆(深圳湾万象城店),iPhone 17 Pro Max,"[""https://wx2.sinaimg.cn/orj360/67213b28gy1i8f8l5vn7lj22dc35cu0x.jpg"", ""https://wx4.sinaimg.cn/orj360/67213b28gy1i8f8l989nmj22c0340qv5.jpg"", ""https://wx1.sinaimg.cn/orj360/67213b28gy1i8f8lcfbfuj23b04eoe84.jpg"", ""https://wx1.sinaimg.cn/orj360/67213b28gy1i8f8lfwtenj22c0340u0y.jpg"", ""https://wx3.sinaimg.cn/orj360/67213b28gy1i8f8nl07gnj25cg74lx6x.jpg"", ""https://wx3.sinaimg.cn/orj360/67213b28gy1i8f8mlix3kj23b04eonpi.jpg"", ""https://wx1.sinaimg.cn/orj360/67213b28gy1i8f8mxxe7zj23b04eohdv.jpg"", ""https://wx2.sinaimg.cn/orj360/67213b28gy1i8f8nbuq2kj22tc47ze84.jpg"", ""https://wx1.sinaimg.cn/orj360/67213b28gy1i8f8ni3m2hj22q2433x6s.jpg""]",B2094751D36DABFF4192
2025/12/19 14:25,5245573109123261,1792957017,有山有海有繁华[微风] 深圳·深圳太子湾,iPhone客户端,"[""https://wx4.sinaimg.cn/orj360/6ade5a59gy1i8g6u731eoj20wi170kca.jpg"", ""https://wx3.sinaimg.cn/orj360/6ade5a59gy1i8g6ubchtmj23402c0kjo.jpg"", ""https://wx4.sinaimg.cn/orj360/6ade5a59gy1i8g6uc4o70j20wi176qn3.jpg"", ""https://wx2.sinaimg.cn/orj360/6ade5a59gy1i8g6ucv6rlj20wi1764oa.jpg""]",B2094751D36DABFF4192
2025/12/10 14:55,5242319030717706,1765498912,深圳的專訪節目錄製非常順利 感謝小夥伴們的付出與關愛 辛苦每一位工作人員 很快又會見面啦[心][心][心] 深圳·深圳蛇口希尔顿南海酒店,iPhone 13 Pro Max,"[""https://wx3.sinaimg.cn/orj360/693b6020ly1i85t3zw66hj22c0340qv7.jpg"", ""https://wx2.sinaimg.cn/orj360/693b6020ly1i85t3r4vkcj23402c0u0x.jpg"", ""https://wx2.sinaimg.cn/orj360/693b6020ly1i85t3ve7jwj23402c0hdv.jpg"", ""https://wx3.sinaimg.cn/orj360/693b6020ly1i85t3tdkp8j23402c04qr.jpg"", ""https://wx3.sinaimg.cn/orj360/693b6020ly1i85t3s0s9rj23402c0npe.jpg"", ""https://wx2.sinaimg.cn/orj360/693b6020ly1i85t3x6ejsj21o0280kjm.jpg"", ""https://wx3.sinaimg.cn/orj360/693b6020ly1i85t3yapy0j22c0340e82.jpg"", ""https://wx3.sinaimg.cn/orj360/693b6020ly1i85t3qabanj23402c04qq.jpg"", ""https://wx1.sinaimg.cn/orj360/693b6020ly1i85t40i9jcj21401o0tdg.jpg""]",B2094751D36DABFF4192
2025/12/17 16:12,5244875270259997,1862760834,citywalk 太子湾 深圳·太子湾花园城VILLA,,"[""https://wx2.sinaimg.cn/orj360/6f077982gy1i8dypgxf2kj21g835sqv5.jpg"", ""https://wx2.sinaimg.cn/orj360/6f077982gy1i8dypi35wrj21g835s1ky.jpg"", ""https://wx1.sinaimg.cn/orj360/6f077982gy1i8dypjn91yj21g835s4qr.jpg"", ""https://wx3.sinaimg.cn/orj360/6f077982gy1i8dyplkj33j21g835shdv.jpg"", ""https://wx1.sinaimg.cn/orj360/6f077982gy1i8dypmqqikj21g835sqv5.jpg"", ""https://wx1.sinaimg.cn/orj360/6f077982gy1i8dypovakij21g835sb2c.jpg"", ""https://wx1.sinaimg.cn/orj360/6f077982gy1i8dypq3xp4j21g835sx6p.jpg"", ""https://wx1.sinaimg.cn/orj360/6f077982gy1i8e6d5h1rqj21g835su0y.jpg"", ""https://wx4.sinaimg.cn/orj360/6f077982gy1i8e6d6l6y6j21g835se83.jpg""]",B2094751D36DABFF4192
2025/12/16 19:48,5244567075948303,6067254318,大湾明月系列 深圳南山公园 深圳·南山公园,vivo X100 Pro,"[""https://wx4.sinaimg.cn/orj360/006CBA0Cly1i8czadxlr8j32dc35sqvb.jpg"", ""https://wx4.sinaimg.cn/orj360/006CBA0Cly1i8czaf6noqj32dc35shdu.jpg"", ""https://wx1.sinaimg.cn/orj360/006CBA0Cly1i8czaghdqej335s2dcnpe.jpg"", ""https://wx1.sinaimg.cn/orj360/006CBA0Cly1i8czahiapfj335s2dcb2a.jpg"", ""https://wx4.sinaimg.cn/orj360/006CBA0Cly1i8czaidfv0j32dc35se81.jpg"", ""https://wx1.sinaimg.cn/orj360/006CBA0Cly1i8czal8algj32dc35shdt.jpg"", ""https://wx1.sinaimg.cn/orj360/006CBA0Cly1i8czak2zzvj335s2dcu0y.jpg"", ""https://wx3.sinaimg.cn/orj360/006CBA0Cly1i8czamq7gij32dc35skjo.jpg"", ""https://wx1.sinaimg.cn/orj360/006CBA0Cly1i8czaiuw0vj312h1l4wwo.jpg""]",B2094751D36DABFF4192
2025/12/19 21:21,5245677661587600,2483472840,这是冬天吗？有春天的错觉……[哈哈] 深圳·深圳湾公园海风运动公园,iPhone 16 Pro,"[""https://wx2.sinaimg.cn/orj360/9406c9c8gy1i8giun8xdnj23b04eox6s.jpg"", ""https://wx1.sinaimg.cn/orj360/9406c9c8gy1i8giupqlq7j23b04eo1l1.jpg"", ""https://wx4.sinaimg.cn/orj360/9406c9c8gy1i8giut0ojyj24eo3b07wm.jpg"", ""https://wx1.sinaimg.cn/orj360/9406c9c8gy1i8giuky5w6j23402c0x6r.jpg"", ""https://wx3.sinaimg.cn/orj360/9406c9c8gy1i8giuttazcj20u01hc450.jpg""]",B2094751D36DABFF4192
2025/12/15 20:27,5244214602369517,1980132593,人生第一次omakese。?? 真是太xuan太好吃啦。 百元吃到千元品质的日料刺身，太值了[期待] 深圳·寿司宋SUSHI SONG,iPhone客户端,"[""https://wx4.sinaimg.cn/orj360/76066cf1gy1i8bur0vg3xj22nm61su0z.jpg"", ""https://wx2.sinaimg.cn/orj360/76066cf1gy1i8bur1xnfnj22nm4sgu0y.jpg"", ""https://wx4.sinaimg.cn/orj360/76066cf1gy1i8bur67lgxj22dr83wqv8.jpg"", ""https://wx1.sinaimg.cn/orj360/76066cf1gy1i8burhcu2gj22c0340npd.jpg"", ""https://wx3.sinaimg.cn/orj360/76066cf1gy1i8buro5qv0j23b04eoqv8.jpg"", ""https://wx3.sinaimg.cn/orj360/76066cf1gy1i8burgf1bqj22c03404qq.jpg"", ""https://wx4.sinaimg.cn/orj360/76066cf1gy1i8burcc8eij21rtawa1l1.jpg"", ""https://wx3.sinaimg.cn/orj360/76066cf1gy1i8burfbk75j22c06huu0z.jpg"", ""https://wx2.sinaimg.cn/orj360/76066cf1gy1i8buqwsw32j22c0340kjl.jpg""]",B2094751D36DABFF4192
2025/12/14 20:53,5243858625496226,5138787590,k11圣诞氛围好浓 深圳·K11购物艺术中心,iPhone客户端,"[""https://wx1.sinaimg.cn/orj360/005BLPoOgy1i8apwzbbwnj31sc2dsaxt.jpg"", ""https://wx3.sinaimg.cn/orj360/005BLPoOgy1i8apx1alb2j31sc2dse1b.jpg"", ""https://wx2.sinaimg.cn/orj360/005BLPoOgy1i8apx26esvj30u01400zy.jpg"", ""https://wx4.sinaimg.cn/orj360/005BLPoOgy1i8apx86vw1j32c0340b2a.jpg"", ""https://wx1.sinaimg.cn/orj360/005BLPoOgy1i8apxbje64j32c0340b2a.jpg"", ""https://wx3.sinaimg.cn/orj360/005BLPoOgy1i8apxffy5zj32dc35sx6p.jpg"", ""https://wx4.sinaimg.cn/orj360/005BLPoOgy1i8apxhsencj32dc35skjm.jpg"", ""https://wx2.sinaimg.cn/orj360/005BLPoOgy1i8apxlu86vj32dc35su0y.jpg"", ""https://wx3.sinaimg.cn/orj360/005BLPoOgy1i8apxny1ogj32dc35su0x.jpg""]",B2094751D36DABFF4192
2025/12/16 19:15,5244558717223456,7328813819,招商前海·国际中心B座?? ??面积：505.77平方 ??单价：122元/平 ??管理费：24.75元/平 ??空调费：24小时计流量 ??格局：5隔间42卡座 全套家私 ??朝向：东南向 双面采光深圳在售笋盘 深圳·招商前海国际中心,,"[""https://wx2.sinaimg.cn/orj360/007ZYXgvgy1i8cxmzt15fj31400u00xp.jpg"", ""https://wx4.sinaimg.cn/orj360/007ZYXgvgy1i8cxn05z2zj31400u0dm2.jpg"", ""https://wx4.sinaimg.cn/orj360/007ZYXgvgy1i8cxn0i522j31400u044q.jpg"", ""https://wx3.sinaimg.cn/orj360/007ZYXgvgy1i8cxn0xgn7j31400u0gs4.jpg"", ""https://wx1.sinaimg.cn/orj360/007ZYXgvgy1i8cxn1azp9j31400u0jwx.jpg"", ""https://wx2.sinaimg.cn/orj360/007ZYXgvgy1i8cxn1nm88j31400u0q8r.jpg"", ""https://wx1.sinaimg.cn/orj360/007ZYXgvgy1i8cxn254abj31400u0tgq.jpg"", ""https://wx4.sinaimg.cn/orj360/007ZYXgvgy1i8cxn2k74wj31400u0wld.jpg"", ""https://wx4.sinaimg.cn/orj360/007ZYXgvgy1i8cxn2wanvj30o211cjur.jpg""]",B2094751D36DABFF4192
2025/12/19 20:28,5245664386617154,2139016054,深圳的夜景还是非常ok的 深圳·深圳湾万象城,Redmi Note 14 Pro,"[""https://wx2.sinaimg.cn/orj360/7f7ecb76gy1i8ghcbe6anj20u01400yu.jpg"", ""https://wx1.sinaimg.cn/orj360/7f7ecb76gy1i8gh7t7yerj21400u043x.jpg"", ""https://wx4.sinaimg.cn/orj360/7f7ecb76gy1i8gh84fxe6j20u0140tf9.jpg"", ""https://wx1.sinaimg.cn/orj360/7f7ecb76gy1i8gh88wajmj21400u00xb.jpg"", ""https://wx2.sinaimg.cn/orj360/7f7ecb76gy1i8gh80r1zlj21400u0480.jpg"", ""https://wx2.sinaimg.cn/orj360/7f7ecb76gy1i8ghcg426pj20u0140tf4.jpg"", ""https://wx1.sinaimg.cn/orj360/7f7ecb76gy1i8gh85m8z6j20u014010e.jpg"", ""https://wx2.sinaimg.cn/orj360/7f7ecb76gy1i8gh8ckwewj21400u0n1w.jpg"", ""https://wx4.sinaimg.cn/orj360/7f7ecb76gy1i8gh7x7jvkj21400u0tdy.jpg""]",B2094751D36DABFF4192
2025/12/19 5:52,5245443821011122,1982531452,天不生无用之人，地不长无名之草。 万物皆有其时，众生皆有其用。#杨千忆 深圳·深圳湾公园,iPhone客户端,"[""https://wx4.sinaimg.cn/orj360/762b077cgy1i8fs07w64bj20u014044e.jpg"", ""https://wx3.sinaimg.cn/orj360/762b077cgy1i8fs088sswj20u0140h0n.jpg"", ""https://wx4.sinaimg.cn/orj360/762b077cgy1i8fs08n880j21400u07l0.jpg"", ""https://wx2.sinaimg.cn/orj360/762b077cgy1i8fs093f1aj20u0140qc1.jpg"", ""https://wx4.sinaimg.cn/orj360/762b077cgy1i8fs07dwa6j20u0140gvt.jpg"", ""https://wx4.sinaimg.cn/orj360/762b077cgy1i8fs09foc2j20u014011o.jpg""]",B2094751D36DABFF4192
2025/12/20 9:47,5245865473346744,1711159515,昨天?? 深圳·深圳湾万象城-二期,,"[""https://wx4.sinaimg.cn/orj360/65fe38dbgy1i8h4bwowt7j20u0140q9s.jpg"", ""https://wx3.sinaimg.cn/orj360/65fe38dbgy1i8h4bwoowqj20u0140nac.jpg"", ""https://wx3.sinaimg.cn/orj360/65fe38dbgy1i8h4bwt2w5j20u0140n5z.jpg"", ""https://wx1.sinaimg.cn/orj360/65fe38dbgy1i8h4bx8wj1j20u0140qam.jpg"", ""https://wx1.sinaimg.cn/orj360/65fe38dbgy1i8h4bxfvoej20u0140tj0.jpg"", ""https://wx4.sinaimg.cn/orj360/65fe38dbgy1i8h4bx2k3qj20u0140tmg.jpg""]",B2094751D36DABFF4192
2025/12/16 19:17,5244559438124225,7299859963,天一冷就想去暖和的地方舒然美少女新星闪光计划舒然美少女 深圳·招商蛇口邮轮中心,舒然美少女超话,"[""https://wx3.sinaimg.cn/orj360/007Y1t2Pgy1i8cyfw4drbj32h94agb2b.jpg"", ""https://wx3.sinaimg.cn/orj360/007Y1t2Pgy1i8cyfzwceij32yo3c04qq.jpg"", ""https://wx4.sinaimg.cn/orj360/007Y1t2Pgy1i8cyfqm8f1j33934c5x6s.jpg""]",B2094751D36DABFF4192
2025/12/14 22:02,5243876073014199,7888384340,分享图片 深圳·从未剧场(海滨路店),iPhone客户端,"[""https://wx2.sinaimg.cn/orj360/008BQR7ugy1i8arwoba5jj33402c0e82.jpg"", ""https://wx4.sinaimg.cn/orj360/008BQR7ugy1i8arxrb1u2j30wi17ck02.jpg"", ""https://wx3.sinaimg.cn/orj360/008BQR7ugy1i8arwu9976j33402c0hdu.jpg"", ""https://wx4.sinaimg.cn/orj360/008BQR7ugy1i8arx36jvej32c0340x6p.jpg"", ""https://wx3.sinaimg.cn/orj360/008BQR7ugy1i8arx4kitrj32c0340u0y.jpg"", ""https://wx3.sinaimg.cn/orj360/008BQR7ugy1i8arwjefgcj30wi17cwmv.jpg"", ""https://wx3.sinaimg.cn/orj360/008BQR7ugy1i8arxuyry9j32c0340qv7.jpg"", ""https://wx4.sinaimg.cn/orj360/008BQR7ugy1i8arx4z0ptj30wi17cn6j.jpg"", ""https://wx1.sinaimg.cn/orj360/008BQR7ugy1i8arwlmgdyj32c0340e83.jpg""]",B2094751D36DABFF4192
2025/12/19 20:18,5245661819703567,5335437609,美食时刻 爽[捂嘴哭] 深圳·宝能太古城北区,vivo X200 Pro,"[""https://wx3.sinaimg.cn/orj360/005P4X3jgy1i8gh14255mj30u013ujwi.jpg"", ""https://wx4.sinaimg.cn/orj360/005P4X3jgy1i8gh1749thj30u0140ah1.jpg"", ""https://wx4.sinaimg.cn/orj360/005P4X3jgy1i8gh1aknpyj30u0140wih.jpg"", ""https://wx2.sinaimg.cn/orj360/005P4X3jgy1i8gh1d0971j30u0140add.jpg"", ""https://wx4.sinaimg.cn/orj360/005P4X3jgy1i8gh1evw4qj30u014043h.jpg"", ""https://wx2.sinaimg.cn/orj360/005P4X3jgy1i8gh1ieczqj30u0140wit.jpg"", ""https://wx4.sinaimg.cn/orj360/005P4X3jgy1i8gh1ke2rcj31400u0wow.jpg"", ""https://wx1.sinaimg.cn/orj360/005P4X3jgy1i8gh1oah8kj31400u0ait.jpg"", ""https://wx2.sinaimg.cn/orj360/005P4X3jgy1i8gh1rvbgcj30u0140gr7.jpg""]",B2094751D36DABFF4192
2025/12/9 0:07,5241733307697807,7502984368,1208 音乐剧《风声》（深圳大末） 阿云嘎 深圳·深圳保利剧院,做大做强的iPhone 17 Pro,"[""https://wx4.sinaimg.cn/orj360/008bLKYUgy1i840jze5j3j32yv5a07wp.jpg"", ""https://wx2.sinaimg.cn/orj360/008bLKYUgy1i840k74krnj32yv5a0u14.jpg"", ""https://wx1.sinaimg.cn/orj360/008bLKYUgy1i83xrgg3lxj31g82b7kjm.jpg"", ""https://wx1.sinaimg.cn/orj360/008bLKYUgy1i83xrai43tj31ix2adqv6.jpg"", ""https://wx4.sinaimg.cn/orj360/008bLKYUgy1i83xrd6m43j31jk2bdhdt.jpg"", ""https://wx1.sinaimg.cn/orj360/008bLKYUgy1i840k910lrj326b2we7wk.jpg""]",B2094751D36DABFF4192
2025/12/16 21:17,5244589419530706,7328813819,前海荔庭园，稀缺3房2厅，仅75㎡！方正格局搭配明卫，通透又舒适。南向采光超赞，每天都被阳光唤醒。1997年板楼，带电梯，中楼层出行便利。现房东诚意出售，总价465万，单价6.2万起，满五唯一税费少！这样的品质，错过不再有，速约看房~深圳深圳在售笋盘 深圳·荔庭园,,"[""https://wx2.sinaimg.cn/orj360/007ZYXgvgy1i8d1gplenqj30sg0sggoa.jpg"", ""https://wx2.sinaimg.cn/orj360/007ZYXgvgy1i8d1h6ne1kj30rs0ku411.jpg"", ""https://wx3.sinaimg.cn/orj360/007ZYXgvgy1i8d1h71oevj31400u00vc.jpg""]",B2094751D36DABFF4192
2025/12/12 21:21,5243140958061772,1408084550,开府莱舍也太出片了吧！ 随手一拍都是杂志大片既视感！满街的绣球花??、白色折叠椅和绿植??，简直是现实版莫奈花园，连空气都是甜甜的～ ??拍照C位打卡点 1. 入口处绣球花墙：粉蓝渐变花朵+白色长椅，坐拍侧颜绝了！ 2. 中央步道：白色桌椅列队+绿植背景，走路抓拍超有电影感 3. 转角绿植区：芭 ...全文,OPPO Find X8,"[""https://wx3.sinaimg.cn/orj360/001xib78gy1i88fj7rj4nj62dc35se8208.jpg"", ""https://wx1.sinaimg.cn/orj360/001xib78gy1i88fizvihej61s035sb2a08.jpg"", ""https://wx4.sinaimg.cn/orj360/001xib78gy1i88fj1ebwdj61s035sb2a08.jpg"", ""https://wx3.sinaimg.cn/orj360/001xib78gy1i88fj2gjwej61s035se8208.jpg"", ""https://wx1.sinaimg.cn/orj360/001xib78gy1i88fj40thfj62dc35snpe08.jpg"", ""https://wx1.sinaimg.cn/orj360/001xib78gy1i88fj5s67zj62dc35su0y08.jpg""]",B2094751D36DABFF4192
2025/12/13 17:11,5243440476722481,7892822320,阴天???ˊ 深圳·四海公园,iPhone客户端,"[""https://wx4.sinaimg.cn/orj360/008C9tDOgy1i89drtxg2dj32c03404qr.jpg"", ""https://wx2.sinaimg.cn/orj360/008C9tDOgy1i89drzag3jj32c0340kjo.jpg"", ""https://wx4.sinaimg.cn/orj360/008C9tDOgy1i89ds5ymtpj32c03404qq.jpg"", ""https://wx1.sinaimg.cn/orj360/008C9tDOgy1i89ds4kkelj32c0340b2c.jpg"", ""https://wx3.sinaimg.cn/orj360/008C9tDOgy1i89ds7jeedj32c0340x6q.jpg"", ""https://wx3.sinaimg.cn/orj360/008C9tDOgy1i89dsabwwkj32c0340e84.jpg"", ""https://wx3.sinaimg.cn/orj360/008C9tDOgy1i89dsde2kdj32c03404qq.jpg"", ""https://wx2.sinaimg.cn/orj360/008C9tDOgy1i89dsj3612j32c0340e84.jpg"", ""https://wx3.sinaimg.cn/orj360/008C9tDOgy1i89dsfwv12j32c0340hdx.jpg""]",B2094751D36DABFF4192
2025/12/12 20:35,5243129303404675,3123273940,第一天入职顺利landing。 遇到了我第一个真正意义上的职场引路人siti 姐，中午吃饭的时候聊了好多，我这个还没进入职场的新瓜蛋子听得巨认真[期待]，不求一切顺利但求内心自洽有章。 深圳·中国华润大厦艺术中心美术馆,iPhone客户端,"[""https://wx2.sinaimg.cn/orj360/ba2960d4gy1i88e3i4o6kj22c0340hdv.jpg"", ""https://wx3.sinaimg.cn/orj360/ba2960d4gy1i88e2ue819j21ly2exnfi.jpg"", ""https://wx1.sinaimg.cn/orj360/ba2960d4gy1i88e3axlwuj22c03401j2.jpg"", ""https://wx2.sinaimg.cn/orj360/ba2960d4gy1i88e2tv3ujj219m1rgayf.jpg"", ""https://wx3.sinaimg.cn/orj360/ba2960d4gy1i88e2t9h5tj20yw1ai7l8.jpg"", ""https://wx1.sinaimg.cn/orj360/ba2960d4gy1i88e389rxhj22c0340qv6.jpg"", ""https://wx3.sinaimg.cn/orj360/ba2960d4gy1i88e2xp5jwj22c03407wj.jpg"", ""https://wx3.sinaimg.cn/orj360/ba2960d4gy1i88e35e5irj21ww2vcnpe.jpg"", ""https://wx1.sinaimg.cn/orj360/ba2960d4gy1i88e39a1luj22c0340u0x.jpg""]",B2094751D36DABFF4192
2025/12/17 19:12,5244920476731591,2880522507,香奈儿 ?? 深圳·深圳湾安达仕酒店,香奈儿超话,"[""https://wx4.sinaimg.cn/orj360/abb1490bgy1i8e3vya4qij23b04eob2c.jpg"", ""https://wx3.sinaimg.cn/orj360/abb1490bgy1i8e3vw9574j23b04eoqv7.jpg"", ""https://wx3.sinaimg.cn/orj360/abb1490bgy1i8e3w05648j24eo3b01l1.jpg"", ""https://wx1.sinaimg.cn/orj360/abb1490bgy1i8e3vwtybcj22dc2dc4qq.jpg"", ""https://wx4.sinaimg.cn/orj360/abb1490bgy1i8e3w159twj22dc2dcb29.jpg"", ""https://wx2.sinaimg.cn/orj360/abb1490bgy1i8e3w3l1a2j24eo3b0b2c.jpg"", ""https://wx2.sinaimg.cn/orj360/abb1490bgy1i8e3w8lbv4j23b04eonph.jpg"", ""https://wx1.sinaimg.cn/orj360/abb1490bgy1i8e3wb68jwj23b04eohdw.jpg"", ""https://wx4.sinaimg.cn/orj360/abb1490bgy1i8e3wcnr3cj23b04eo4qp.jpg""]",B2094751D36DABFF4192
2025/12/16 14:44,5244490715762365,1158923490,12.16日中午开着问界智驾，继续打卡，深圳湾公园观景平台，眺望整个粤港澳大湾区。观景平台的正面是香港元朗区，视野的左边是深圳的福田区，福田区的深圳站过去就是香港。在沿左边过去是深圳宝安区，宝安区再往左边是深圳的南山区和深圳前海。前海再往左边的话是深圳湾大桥，深圳湾大桥的正对面是珠海 ...全文,REDMI K80,"[""https://wx2.sinaimg.cn/orj360/4513c4e2gy1i8cqjjdv5cj21400u0tjm.jpg"", ""https://wx4.sinaimg.cn/orj360/4513c4e2gy1i8cqjm3e0jj21400u00wn.jpg"", ""https://wx4.sinaimg.cn/orj360/4513c4e2gy1i8cqjnk7sej21400u0q78.jpg"", ""https://wx1.sinaimg.cn/orj360/4513c4e2gy1i8cqjq75fbj21400u0gos.jpg"", ""https://wx4.sinaimg.cn/orj360/4513c4e2gy1i8cqjry826j21400u0tc4.jpg""]",B2094751D36DABFF4192
2025/12/17 9:48,5244778540173872,7842888272,花笺墨烟 把烦恼调成静音，让快乐单曲循环?? 2025.12.15[打call] 深圳·魅KTV(深圳来福士广场),花笺墨烟超话,"[""https://wx1.sinaimg.cn/orj360/008yLXvWgy1i8dnj42aqbj30k00zkjtc.jpg"", ""https://wx1.sinaimg.cn/orj360/008yLXvWgy1i8dnj74lcpj30k00zk77c.jpg"", ""https://wx2.sinaimg.cn/orj360/008yLXvWgy1i8dnj8faz9j30k00zkq5q.jpg"", ""https://wx2.sinaimg.cn/orj360/008yLXvWgy1i8dnj5qna0j31400u010j.jpg"", ""https://wx1.sinaimg.cn/orj360/008yLXvWgy1i8dnj9t77nj31hc0u079e.jpg"", ""https://wx3.sinaimg.cn/orj360/008yLXvWgy1i8dnjacm6fj31400u0gxd.jpg"", ""https://wx3.sinaimg.cn/orj360/008yLXvWgy1i8dnjbl9t4j31hc0u0aic.jpg"", ""https://wx4.sinaimg.cn/orj360/008yLXvWgy1i8dnj8ok40j30u0140agu.jpg"", ""https://wx2.sinaimg.cn/orj360/008yLXvWgy1i8dnj8gfdsj31400u010n.jpg""]",B2094751D36DABFF4192
2025/12/14 13:25,5243746029142502,1881041571,跟老姐一起带珍珠去找唐翔医生看下皮肤问题，看完附近随便吃点[偷笑] 深圳·维特动物医院(深圳分院),iPhone客户端,"[""https://wx3.sinaimg.cn/orj360/701e6aa3gy1i8acxttep1j22c03407wi.jpg"", ""https://wx1.sinaimg.cn/orj360/701e6aa3gy1i8ad03egztj22c0340npe.jpg"", ""https://wx2.sinaimg.cn/orj360/701e6aa3gy1i8acz4ytj4j22c0340hdu.jpg"", ""https://wx1.sinaimg.cn/orj360/701e6aa3gy1i8ad0vx5bmj22c0340qv6.jpg"", ""https://wx4.sinaimg.cn/orj360/701e6aa3gy1i8ad08yaffj21o02yonpd.jpg"", ""https://wx3.sinaimg.cn/orj360/701e6aa3gy1i8ad0akr81j20zu25okjl.jpg"", ""https://wx4.sinaimg.cn/orj360/701e6aa3gy1i8ad0e3s58j22c0340u0y.jpg"", ""https://wx4.sinaimg.cn/orj360/701e6aa3gy1i8ad0l1tt2j22c03407wi.jpg"", ""https://wx3.sinaimg.cn/orj360/701e6aa3gy1i8ad0n8j9cj22c03401ky.jpg""]",B2094751D36DABFF4192
2025/12/19 18:38,5245636618487775,5778950053,?????? | 热门款 银纱裹着星光??步履间皆是温柔的璀璨 ?????????? ???????? ?????????????????? 深圳·TopBridal国际婚纱奢品荟深圳店,iPhone客户端,"[""https://wx2.sinaimg.cn/orj360/006j5STPgy1i8ge5n9cldj30u0140wj3.jpg"", ""https://wx4.sinaimg.cn/orj360/006j5STPgy1i8ge5mo41zj30u014041k.jpg"", ""https://wx1.sinaimg.cn/orj360/006j5STPgy1i8ge5mnkyjj30u0140gp7.jpg"", ""https://wx4.sinaimg.cn/orj360/006j5STPgy1i8ge5mog33j30u0140tbw.jpg"", ""https://wx1.sinaimg.cn/orj360/006j5STPgy1i8ge5n05e7j30u0140adg.jpg"", ""https://wx4.sinaimg.cn/orj360/006j5STPgy1i8ge5mxs7lj30u0140n01.jpg""]",B2094751D36DABFF4192
2025/12/15 15:25,5244138465268832,1752254251,立志带每个来深圳的人逛公园 ? 这次带爸妈走走人才公园～ 深圳·深圳人才公园,,"[""https://wx4.sinaimg.cn/orj360/6871472bgy1i8bm1tfrm1j223w2t7qv5.jpg"", ""https://wx2.sinaimg.cn/orj360/6871472bgy1i8bm1rugtgj21ld24hnlg.jpg"", ""https://wx3.sinaimg.cn/orj360/6871472bgy1i8bm1snz27j22c03404qq.jpg"", ""https://wx1.sinaimg.cn/orj360/6871472bgy1i8bm1qajn8j22c0340hdv.jpg"", ""https://wx4.sinaimg.cn/orj360/6871472bgy1i8bm1rezq9j21z52mvu0y.jpg"", ""https://wx2.sinaimg.cn/orj360/6871472bgy1i8bm24axnvj20mq14eq55.jpg""]",B2094751D36DABFF4192
2025/12/16 16:59,5244524491178862,7733583929,前海南山，鼎太风华六期6室2厅复式。86.22㎡实得大空间，南北通透有电梯。业主诚售900万深圳身边事深圳在售笋盘 深圳·鼎太风华六期,,"[""https://wx1.sinaimg.cn/orj360/008rnksFgy1i8ctzyik0zj30sg0sgwgt.jpg"", ""https://wx3.sinaimg.cn/orj360/008rnksFgy1i8ctzyw8rnj30rs0kugo2.jpg"", ""https://wx1.sinaimg.cn/orj360/008rnksFgy1i8ctzzbavtj30rs0kutb1.jpg"", ""https://wx3.sinaimg.cn/orj360/008rnksFgy1i8ctzzqecvj30rs0kugo5.jpg"", ""https://wx4.sinaimg.cn/orj360/008rnksFgy1i8cu004r0oj30rs0kumzx.jpg"", ""https://wx3.sinaimg.cn/orj360/008rnksFgy1i8cu00fjzcj30rs0kudi5.jpg"", ""https://wx3.sinaimg.cn/orj360/008rnksFgy1i8cu00t5ycj31400u0q5a.jpg""]",B2094751D36DABFF4192
2025/12/11 23:12,5242806549613787,5390118775,Alcohol unlock????? 深圳·蛇口海上世界,1TB超贵的iPhone 16 Pro Max,"[""https://wx4.sinaimg.cn/orj360/005SMo7Bgy1i87cxyy74tj32z94fenpf.jpg"", ""https://wx2.sinaimg.cn/orj360/005SMo7Bgy1i87cyac2cuj329i30okjm.jpg"", ""https://wx1.sinaimg.cn/orj360/005SMo7Bgy1i87cyrylp5j327x3xfu0x.jpg"", ""https://wx4.sinaimg.cn/orj360/005SMo7Bgy1i87cz4mplxj33b04eo7wl.jpg"", ""https://wx2.sinaimg.cn/orj360/005SMo7Bgy1i87d0s66bij32823yh4qq.jpg"", ""https://wx2.sinaimg.cn/orj360/005SMo7Bgy1i87d0y4za2j32c0340hdu.jpg""]",B2094751D36DABFF4192
2025/12/17 14:07,5244843657529571,2166063185,【设计之都·新标建筑】 人生路途，每个关键节点，如教育、职业、婚姻等选择会直接影响人生轨迹，都是在认知和设计自己当下和未来。确实对个人成长和未来发展有着深远的影响。今天又一次参加由南山区委组织的考察“设计之都”新地标建筑：深圳湾文化广场。 深圳·深圳湾文化广场,HUAWEI Mate 50 Pro,"[""https://wx1.sinaimg.cn/orj360/811b8051gy1i8dv09cc6lj237k2eonpe.jpg"", ""https://wx3.sinaimg.cn/orj360/811b8051gy1i8duzani6sj22dc35skjn.jpg"", ""https://wx1.sinaimg.cn/orj360/811b8051gy1i8duzla08hj237k2eoe83.jpg"", ""https://wx4.sinaimg.cn/orj360/811b8051gy1i8dv21mfsuj22dc35sb2a.jpg"", ""https://wx3.sinaimg.cn/orj360/811b8051gy1i8dv1rlsvgj22dc35s1kz.jpg"", ""https://wx4.sinaimg.cn/orj360/811b8051gy1i8dv32q3nsj22dc35snpe.jpg"", ""https://wx2.sinaimg.cn/orj360/811b8051gy1i8dv12dqapj22eo37k4qq.jpg"", ""https://wx3.sinaimg.cn/orj360/811b8051gy1i8dv2bp8fgj22dc35su0x.jpg"", ""https://wx3.sinaimg.cn/orj360/811b8051gy1i8dv0005arj22dc35s1l0.jpg""]",B2094751D36DABFF4192
2025/12/15 17:44,5244173462540314,2735123615,深圳人才公园中的两个白色娃娃是法国艺术IP“Anooki”装置作品，名为《Anooki①：快乐同盟》和《Anooki②：幻想家》。 这两件作品以可爱的小雪人形象为原型，由艺术家受因纽特人文化启发创作，旨在唤起人们对环保议题的关注。它们是2025深圳光影艺术季南山区主会场的参展作品，于2025年11月13日至2026 ...全文,iPhone客户端,"[""https://wx1.sinaimg.cn/orj360/a306ac9fgy1i8bq3wu75sj23402c0hdt.jpg"", ""https://wx3.sinaimg.cn/orj360/a306ac9fgy1i8bq421jrsj22c03407wj.jpg"", ""https://wx1.sinaimg.cn/orj360/a306ac9fgy1i8bq45tainj22c0340b2a.jpg""]",B2094751D36DABFF4192
2025/12/18 22:36,5245334252163056,6662033622,人一旦起点太高了 就无法降低标准 有时候你会 自欺欺人 逢场作戏 可当现实和内心的答案 如出一辙的那一刻 你就会明白 除非出现更高位 否则这个局 几乎无人能破解！ 深圳·深圳湾万象城2期,iPhone客户端,"[""https://wx2.sinaimg.cn/orj360/007gRdhcgy1i8ffadz479j31o0280kjl.jpg"", ""https://wx4.sinaimg.cn/orj360/007gRdhcgy1i8ff99imv3j31dx23hkjl.jpg"", ""https://wx3.sinaimg.cn/orj360/007gRdhcgy1i8fff6cc8aj32xl3r67wl.jpg"", ""https://wx1.sinaimg.cn/orj360/007gRdhcgy1i8ff8zjjznj33b04eou11.jpg"", ""https://wx4.sinaimg.cn/orj360/007gRdhcgy1i8ffao3lxtj33402c0x6p.jpg"", ""https://wx2.sinaimg.cn/orj360/007gRdhcgy1i8ffaiktdtj33b04eob2c.jpg""]",B2094751D36DABFF4192
2025/12/18 12:34,5245182693870531,7922905635,cc今天吃什么 我就这么喜欢深圳的美食[干饭人][干饭人][干饭人] 深圳·深圳大学粤海校区,iPhone客户端,"[""https://wx2.sinaimg.cn/orj360/008EbHGzgy1i8exxmjtyzj32c03401kz.jpg"", ""https://wx1.sinaimg.cn/orj360/008EbHGzgy1i8exxu02uvj32c03407wk.jpg"", ""https://wx2.sinaimg.cn/orj360/008EbHGzgy1i8exy46zenj32c03407wi.jpg"", ""https://wx3.sinaimg.cn/orj360/008EbHGzgy1i8exyfdggcj33b04eox6s.jpg"", ""https://wx1.sinaimg.cn/orj360/008EbHGzgy1i8exyrwkbkj33b04eo4qt.jpg"", ""https://wx1.sinaimg.cn/orj360/008EbHGzgy1i8exz4a4sjj33b04eou0z.jpg"", ""https://wx3.sinaimg.cn/orj360/008EbHGzgy1i8exzt5tptj33b04eou0z.jpg"", ""https://wx2.sinaimg.cn/orj360/008EbHGzgy1i8ey05g7pij33b04eob2c.jpg"", ""https://wx4.sinaimg.cn/orj360/008EbHGzgy1i8ey0h90mbj33b04eox6s.jpg""]",B2094751D36DABFF4192
2025/12/16 11:30,5244441695883472,7733583929,月亮湾花园好房，诚心出售 ??330 万，3 室 2 厅，83.21㎡ 近地铁，大客厅，全明格局，明厨明卫，卧室朝南，户型方正。 满五唯一，业主诚心出。深圳深圳在售笋盘 深圳·月亮湾花园,,"[""https://wx3.sinaimg.cn/orj360/008rnksFgy1i8c6kz0c1ij30sg0sggnu.jpg"", ""https://wx4.sinaimg.cn/orj360/008rnksFgy1i8c6kzcszsj30rs0kudjf.jpg"", ""https://wx1.sinaimg.cn/orj360/008rnksFgy1i8c6kztiwij30rs0kudju.jpg"", ""https://wx4.sinaimg.cn/orj360/008rnksFgy1i8c6l0bks0j30rs0ku42q.jpg"", ""https://wx3.sinaimg.cn/orj360/008rnksFgy1i8c6l0uepcj30rs0ku0x5.jpg"", ""https://wx3.sinaimg.cn/orj360/008rnksFgy1i8c6l1sgb8j31400u0gnd.jpg""]",B2094751D36DABFF4192
2025/12/14 0:38,5243552863095436,6172727168,越来越好越来越…[心] 欢迎大家来永新汇耍[二哈] 求求大家打球就来球球里[打call][打call] 深圳·Aww!Café&Bar,iPhone客户端,"[""https://wx2.sinaimg.cn/orj360/006JK8jCgy1i89qsh6b28j30u014016u.jpg"", ""https://wx2.sinaimg.cn/orj360/006JK8jCgy1i89qshid8lj30u0140469.jpg"", ""https://wx3.sinaimg.cn/orj360/006JK8jCgy1i89qshsae5j30u0140aj1.jpg"", ""https://wx2.sinaimg.cn/orj360/006JK8jCgy1i89qsic1isj30u014015q.jpg"", ""https://wx4.sinaimg.cn/orj360/006JK8jCgy1i89qskj5msj30u014012c.jpg"", ""https://wx3.sinaimg.cn/orj360/006JK8jCgy1i89qsjulpmj30u0140n6a.jpg"", ""https://wx4.sinaimg.cn/orj360/006JK8jCgy1i89qsl3h5oj30u014048b.jpg"", ""https://wx3.sinaimg.cn/orj360/006JK8jCgy1i89qsm27fwj30u0140k5s.jpg"", ""https://wx1.sinaimg.cn/orj360/006JK8jCgy1i89qslanrhj30u016gq5u.jpg""]",B2094751D36DABFF4192
2025/12/18 23:19,5245344938202029,2019414665,"「How Do You Do, Snoopy? 」 ??SZ 快乐老宋带'快乐小狗'??快乐snoopy 75岁的小比也在上班呐???????\ 花生漫画 深圳·Kaledo嘉乐道",iPhone Air,"[""https://wx4.sinaimg.cn/orj360/785dd289gy1i8fgnd5kszj221s35s4qq.jpg"", ""https://wx2.sinaimg.cn/orj360/785dd289gy1i8fgndz1kfj23b04eox6r.jpg"", ""https://wx1.sinaimg.cn/orj360/785dd289gy1i8fgnegtraj22ym3y6kjm.jpg"", ""https://wx1.sinaimg.cn/orj360/785dd289gy1i8fgng1i6xj22l33g47wi.jpg"", ""https://wx2.sinaimg.cn/orj360/785dd289gy1i8fgnfk5v6j22c0340qv5.jpg"", ""https://wx2.sinaimg.cn/orj360/785dd289gy1i8fgngkakmj22c0340trd.jpg"", ""https://wx2.sinaimg.cn/orj360/785dd289gy1i8fgnhzptoj22db35sqv6.jpg"", ""https://wx3.sinaimg.cn/orj360/785dd289gy1i8fgnj6nwjj22w23v2b2b.jpg"", ""https://wx1.sinaimg.cn/orj360/785dd289gy1i8fgnk42yuj22c0340e81.jpg""]",B2094751D36DABFF4192
2025/12/17 20:25,5244938770192595,1456564030,深圳湾公园迎着光骑行到南海意库， 此刻的街道，美妙的爵士乐，稀少的行人， 朦胧的灯光，是我喜欢滴！ 深圳·深圳湾公园,iPhone 17 Pro Max,"[""https://wx2.sinaimg.cn/orj360/56d1673egy1i8e5v9r4ovj22by2yme6f.jpg"", ""https://wx4.sinaimg.cn/orj360/56d1673egy1i8e5v97760j22c0340b29.jpg"", ""https://wx3.sinaimg.cn/orj360/56d1673egy1i8e5v7ab1vj22c03404qq.jpg"", ""https://wx1.sinaimg.cn/orj360/56d1673egy1i8e5v96zu1j23ls5eo4qs.jpg"", ""https://wx3.sinaimg.cn/orj360/56d1673egy1i8e5v8fwz6j22c0340e82.jpg"", ""https://wx3.sinaimg.cn/orj360/56d1673egy1i8e5wfo35mj23b04eob2b.jpg"", ""https://wx1.sinaimg.cn/orj360/56d1673egy1i8e5v5nnfcj22c03401kz.jpg"", ""https://wx4.sinaimg.cn/orj360/56d1673egy1i8e5wdxcw0j20sj16sn3l.jpg"", ""https://wx2.sinaimg.cn/orj360/56d1673egy1i8e5v7brevj23b04eoe83.jpg""]",B2094751D36DABFF4192
2025/12/16 19:13,5244558315358751,1885911620,[good] 深圳·胡麻(深圳湾万象城店),iPhone客户端,"[""https://wx4.sinaimg.cn/orj360/7068ba44gy1i8cyadnwtzj22c03404qt.jpg"", ""https://wx3.sinaimg.cn/orj360/7068ba44gy1i8cya3vraxj23b04eonpg.jpg"", ""https://wx4.sinaimg.cn/orj360/7068ba44gy1i8cyalpxelj23b04eohdw.jpg"", ""https://wx1.sinaimg.cn/orj360/7068ba44gy1i8cyarnoesj23b04eoe84.jpg"", ""https://wx1.sinaimg.cn/orj360/7068ba44gy1i8cyaxoybkj23b04eox6r.jpg"", ""https://wx1.sinaimg.cn/orj360/7068ba44gy1i8cyb9bat6j23b04eoe84.jpg""]",B2094751D36DABFF4192
2025/12/17 18:32,5244910309215165,1771878003,工作日下午四点多，5000万起步的中信信悦湾，验资2000万的看房人群络绎不绝，看来深圳楼市真的不缺高端购买力，缺的是高品质顶级豪宅～ 深圳·中信城开信悦湾,,"[""https://wx3.sinaimg.cn/orj360/699cb673gy1i8e2hhywchj235s2dc1ky.jpg"", ""https://wx2.sinaimg.cn/orj360/699cb673gy1i8e2hjtz3oj235s2dcu0x.jpg"", ""https://wx2.sinaimg.cn/orj360/699cb673gy1i8e2hizas7j235c2d01ky.jpg"", ""https://wx3.sinaimg.cn/orj360/699cb673gy1i8e2im1jjvj22dc35s1kx.jpg""]",B2094751D36DABFF4192
2025/12/13 12:22,5243367659410329,3116290497,快乐一年长一岁 深圳·深圳湾万象城-二期,iPhone客户端,"[""https://wx1.sinaimg.cn/orj360/b9bed1c1gy1i895gix8y4j20u01gqgyc.jpg"", ""https://wx3.sinaimg.cn/orj360/b9bed1c1gy1i895gkmjv5j21o02yohdt.jpg"", ""https://wx3.sinaimg.cn/orj360/b9bed1c1gy1i895gse1t7j20u0140136.jpg"", ""https://wx4.sinaimg.cn/orj360/b9bed1c1gy1i895gvtpfaj22c0340npf.jpg"", ""https://wx4.sinaimg.cn/orj360/b9bed1c1gy1i895gfwjt0j23b04eou12.jpg"", ""https://wx4.sinaimg.cn/orj360/b9bed1c1gy1i895gzpgfkj23b04eoqv8.jpg"", ""https://wx2.sinaimg.cn/orj360/b9bed1c1gy1i895h48flfj22c0340u10.jpg"", ""https://wx2.sinaimg.cn/orj360/b9bed1c1gy1i895h5sckkj21sv2c0npe.jpg"", ""https://wx3.sinaimg.cn/orj360/b9bed1c1gy1i895h8mrdkj22c0340x6q.jpg""]",B2094751D36DABFF4192
2025/12/14 17:07,5243801962807469,3966915670,不完美才美 深圳·深圳湾万象城,iPhone客户端,"[""https://wx4.sinaimg.cn/orj360/ec725456gy1i8ajf1a16lj22w23ov4qr.jpg"", ""https://wx2.sinaimg.cn/orj360/ec725456gy1i8ajf56ywij237l42hnpf.jpg"", ""https://wx2.sinaimg.cn/orj360/ec725456gy1i8ajfadphlj234q3x67wj.jpg"", ""https://wx4.sinaimg.cn/orj360/ec725456gy1i8ajf6e0t5j23b04eonpg.jpg"", ""https://wx4.sinaimg.cn/orj360/ec725456gy1i8ajf9qb3aj23b04eonpf.jpg"", ""https://wx1.sinaimg.cn/orj360/ec725456gy1i8ajfdplzcj22c0340b2a.jpg"", ""https://wx2.sinaimg.cn/orj360/ec725456gy1i8ajg3a54wj23b04eou0z.jpg""]",B2094751D36DABFF4192
2025/12/16 19:30,5244562618188405,1767657014,"面朝大海，冬暖花开!太子湾海滨公园的紫花风铃木盛开了,快来邂逅粉紫色浪漫吧!生活手记 深圳·太子湾滨海岸线公园",iPhone客户端,"[""https://wx3.sinaimg.cn/orj360/695c4e36gy1i8cysp6v6uj22c0351npi.jpg"", ""https://wx3.sinaimg.cn/orj360/695c4e36gy1i8cysq7ntej22c034mb2a.jpg"", ""https://wx2.sinaimg.cn/orj360/695c4e36gy1i8cysw149fj23402c01l3.jpg"", ""https://wx3.sinaimg.cn/orj360/695c4e36gy1i8cysegwb8j23402c04qv.jpg"", ""https://wx4.sinaimg.cn/orj360/695c4e36gy1i8cyt2mcimj23402c0u11.jpg"", ""https://wx4.sinaimg.cn/orj360/695c4e36gy1i8cysrrp9uj23402c07wi.jpg""]",B2094751D36DABFF4192
2025/12/17 14:07,5244843630526887,1227002197,[挤眼] 深圳·K11购物艺术中心,iPhone客户端,"[""https://wx2.sinaimg.cn/orj360/49229155gy1i8dv2zbpnvj23b04eonpj.jpg"", ""https://wx2.sinaimg.cn/orj360/49229155gy1i8dv1ssi3zj22c0340npe.jpg"", ""https://wx1.sinaimg.cn/orj360/49229155gy1i8dv1v2zewj23b04eohe0.jpg"", ""https://wx1.sinaimg.cn/orj360/49229155gy1i8dv1yv36cj23b04eoe85.jpg"", ""https://wx4.sinaimg.cn/orj360/49229155gy1i8dv1q087sj23b04eo4qu.jpg"", ""https://wx3.sinaimg.cn/orj360/49229155gy1i8dv27gracj23b04eo1l6.jpg"", ""https://wx2.sinaimg.cn/orj360/49229155gy1i8dv2g35v9j23b04eob2c.jpg"", ""https://wx4.sinaimg.cn/orj360/49229155gy1i8dv2swq3dj23b04eox6t.jpg"", ""https://wx1.sinaimg.cn/orj360/49229155gy1i8dv1rna58j23402c0e83.jpg""]",B2094751D36DABFF4192
2025/12/16 16:25,5244516165747290,7733583929,南山前海，鼎太风华四期。114.74㎡三室两厅，南朝向带大阳台，采光超棒。2004年板塔结合住宅，低楼层有电梯。单价7.7万/平，总价880万起。周边配套丰富深圳深圳在售笋盘 深圳·鼎太风华-四期,,"[""https://wx1.sinaimg.cn/orj360/008rnksFgy1i8ctgtutpij30sg0sgacg.jpg"", ""https://wx1.sinaimg.cn/orj360/008rnksFgy1i8ctgu7faej30rs0ku0v1.jpg"", ""https://wx1.sinaimg.cn/orj360/008rnksFgy1i8ctguj5ucj30rs0ku419.jpg"", ""https://wx2.sinaimg.cn/orj360/008rnksFgy1i8ctgux4z1j30rs0kudiu.jpg"", ""https://wx1.sinaimg.cn/orj360/008rnksFgy1i8ctgv9xb4j30rs0kujt9.jpg"", ""https://wx1.sinaimg.cn/orj360/008rnksFgy1i8ctgvlgj2j30rs0ku0vh.jpg"", ""https://wx2.sinaimg.cn/orj360/008rnksFgy1i8ctgylcbnj30rs0kutbl.jpg"", ""https://wx4.sinaimg.cn/orj360/008rnksFgy1i8ctgz03ytj30rs0kuq5p.jpg"", ""https://wx1.sinaimg.cn/orj360/008rnksFgy1i8ctgzh9agj31400u0jtj.jpg""]",B2094751D36DABFF4192
2025/12/8 20:49,5241683274896076,3932397729,这家很好吃[赢牛奶] 深圳·SUNMOON山亩农场(深圳湾万象城店),iPhone客户端,"[""https://wx3.sinaimg.cn/orj360/ea63a0a1gy1i83s3drxrxj23232aku0y.jpg"", ""https://wx1.sinaimg.cn/orj360/ea63a0a1gy1i83s3gxhtqj22c0340kjm.jpg"", ""https://wx3.sinaimg.cn/orj360/ea63a0a1gy1i83s3kgtbgj22c0340npe.jpg"", ""https://wx4.sinaimg.cn/orj360/ea63a0a1gy1i83s3ni5b4j23b04eob2e.jpg"", ""https://wx2.sinaimg.cn/orj360/ea63a0a1gy1i83s3oqz4cj22c0340kjm.jpg"", ""https://wx2.sinaimg.cn/orj360/ea63a0a1gy1i83s3un3wmj22c03404qr.jpg"", ""https://wx4.sinaimg.cn/orj360/ea63a0a1gy1i83s3atki5j22c0340e83.jpg""]",B2094751D36DABFF4192
2025/12/13 16:58,5243437126519748,1826342670,再次打卡人才公园，领略不一样的深圳美~[鲜花][耶][666]生活手记 深圳·深圳人才公园,vivo X100 Pro,"[""https://wx1.sinaimg.cn/orj360/6cdbc70egy1i89dix7ycqj22dc35shdw.jpg"", ""https://wx3.sinaimg.cn/orj360/6cdbc70egy1i89dj29dtuj22dc35sb2b.jpg"", ""https://wx2.sinaimg.cn/orj360/6cdbc70egy1i89djg4k5sj21wg2sw4qr.jpg"", ""https://wx3.sinaimg.cn/orj360/6cdbc70egy1i89dj4hvn6j22dc35sqv7.jpg"", ""https://wx1.sinaimg.cn/orj360/6cdbc70egy1i89djckw7yj220o3047wi.jpg"", ""https://wx1.sinaimg.cn/orj360/6cdbc70egy1i89djiilcrj22dc35s1kz.jpg"", ""https://wx1.sinaimg.cn/orj360/6cdbc70egy1i89dj6ufo8j235s2dcu10.jpg"", ""https://wx1.sinaimg.cn/orj360/6cdbc70egy1i89djlgpmqj22dc35sx6s.jpg"", ""https://wx1.sinaimg.cn/orj360/6cdbc70egy1i89djajtquj23342bcnpg.jpg""]",B2094751D36DABFF4192
2025/12/9 9:27,5241874157930003,7772956807,太子湾真的是国内为数不多我特别喜欢的地方，我还想带爱人和家人来的地方，有一种国外的感觉，小单车慢行在海边步道，社区有特别多的外国人，整体很慢节奏，到处都是咖啡店和艺术馆、商场，因为太喜欢这，香港行压缩到了俩天，最后一天打算继续回这享受 深圳·UrCove逸扉酒店(深圳蛇口太子湾店),iPhone客户端,"[""https://wx1.sinaimg.cn/orj360/008u2x95gy1i84dv99j04j32c03404qr.jpg"", ""https://wx1.sinaimg.cn/orj360/008u2x95gy1i84duya2x8j32c03401l0.jpg"", ""https://wx1.sinaimg.cn/orj360/008u2x95gy1i84dukm1tfj32c0340b2b.jpg"", ""https://wx4.sinaimg.cn/orj360/008u2x95gy1i84duecij6j32c0340x6q.jpg"", ""https://wx4.sinaimg.cn/orj360/008u2x95gy1i84durtdxrj32c0340u0y.jpg"", ""https://wx2.sinaimg.cn/orj360/008u2x95gy1i84dvtvnuvj32c0340npf.jpg"", ""https://wx1.sinaimg.cn/orj360/008u2x95gy1i84dum3cilj32c0340b2a.jpg"", ""https://wx4.sinaimg.cn/orj360/008u2x95gy1i84duooo8tj32c03407wi.jpg"", ""https://wx2.sinaimg.cn/orj360/008u2x95gy1i84dvczh2qj32c0340hdu.jpg""]",B2094751D36DABFF4192
2025/12/15 0:46,5243917336838518,7897845311,「有你的无常世间忽近忽远 但绝不曾离开」 陈粒陈粒一粒十周年巡回演唱会 深圳·深圳湾春茧体育馆,iPhone 15 Pro Max,"[""https://wx3.sinaimg.cn/orj360/008CuylNgy1i8awiwplqtj34eo3b01l0.jpg"", ""https://wx4.sinaimg.cn/orj360/008CuylNgy1i8awj30dyrj33402c0hdu.jpg"", ""https://wx2.sinaimg.cn/orj360/008CuylNgy1i8awj7tut6j32c03407wj.jpg"", ""https://wx4.sinaimg.cn/orj360/008CuylNgy1i8awjevj8cj32c0340qv7.jpg"", ""https://wx4.sinaimg.cn/orj360/008CuylNgy1i8awjovum0j32c0340qv7.jpg"", ""https://wx3.sinaimg.cn/orj360/008CuylNgy1i8awjuq3d3j32c0340e83.jpg"", ""https://wx2.sinaimg.cn/orj360/008CuylNgy1i8awk01p97j32c0340kjm.jpg"", ""https://wx1.sinaimg.cn/orj360/008CuylNgy1i8awk52w2nj32c03401kz.jpg"", ""https://wx1.sinaimg.cn/orj360/008CuylNgy1i8awkd9350j32c0340hdv.jpg""]",B2094751D36DABFF4192
2025/12/13 20:18,5243487595529014,2272820712,??·永远期待个姐妹的约会 深圳·蛇口海上世界,iPhone,"[""https://wx3.sinaimg.cn/orj360/87787de8gy1i89jc619y1j21400u044i.jpg"", ""https://wx3.sinaimg.cn/orj360/87787de8gy1i89jcagmbfj22c02c04qq.jpg"", ""https://wx2.sinaimg.cn/orj360/87787de8gy1i89jcbkdppj23402c0npf.jpg"", ""https://wx2.sinaimg.cn/orj360/87787de8gy1i89jc8ko0tj22c02c07wi.jpg"", ""https://wx2.sinaimg.cn/orj360/87787de8gy1i89jcdcq99j22c02c0x6p.jpg"", ""https://wx3.sinaimg.cn/orj360/87787de8gy1i89jcajxm4j22c02c0e81.jpg""]",B2094751D36DABFF4192
2025/12/9 13:08,5241929730365657,1248648121,好天气，深圳海上世界 深圳·蛇口海上世界,Xiaomi 17,"[""https://wx3.sinaimg.cn/orj360/4a6cdbb9gy1i84kexykltj21s035skjo.jpg"", ""https://wx3.sinaimg.cn/orj360/4a6cdbb9gy1i84kezhdhmj21s035su0y.jpg"", ""https://wx4.sinaimg.cn/orj360/4a6cdbb9gy1i84kf0pop2j235s1s04qq.jpg"", ""https://wx3.sinaimg.cn/orj360/4a6cdbb9gy1i84kf2dkzrj235s1s07wj.jpg"", ""https://wx4.sinaimg.cn/orj360/4a6cdbb9gy1i84kf41nypj21s035snpe.jpg"", ""https://wx2.sinaimg.cn/orj360/4a6cdbb9gy1i84kf752wgj21s035s4qr.jpg"", ""https://wx4.sinaimg.cn/orj360/4a6cdbb9gy1i84kfaq79gj21s035sb2a.jpg""]",B2094751D36DABFF4192
2025/12/17 11:59,5244811431120347,1751052261,我没法管住自己的手[哇][哇][哇] 实在太美了 深圳·K11 HACC(K11文化空间),iPhone 15 Pro Max,"[""https://wx2.sinaimg.cn/orj360/685eefe5gy1i8drc4pyqnj22c0340hdw.jpg"", ""https://wx4.sinaimg.cn/orj360/685eefe5gy1i8drcfy4gtj24eo3b04qv.jpg"", ""https://wx3.sinaimg.cn/orj360/685eefe5gy1i8drco7qk8j23402c0x6r.jpg"", ""https://wx3.sinaimg.cn/orj360/685eefe5gy1i8drcuuvnaj23401r01kz.jpg"", ""https://wx2.sinaimg.cn/orj360/685eefe5gy1i8drd0en6vj23401r04qr.jpg"", ""https://wx4.sinaimg.cn/orj360/685eefe5gy1i8drcxkq9rj23401r0u0z.jpg""]",B2094751D36DABFF4192
2025/12/15 14:36,5244126180151568,7328813819,中泰印邸 | 南山区南山中心 820万 | 3室2厅 | 75.46㎡ 单价10.9万/平 | 2021年建 中楼层(共38层) | 南向电梯 次新房 | 精装修 | 景观好安静 客厅朝南 | 全明格局 | 近地铁深圳深圳在售笋盘 深圳·中泰印邸,,"[""https://wx2.sinaimg.cn/orj360/007ZYXgvgy1i8bkkxcax3j30sg0sgabt.jpg"", ""https://wx3.sinaimg.cn/orj360/007ZYXgvgy1i8bkkxnvagj30rs0kuacq.jpg"", ""https://wx3.sinaimg.cn/orj360/007ZYXgvgy1i8bkkxyvxjj30rs0kuwgt.jpg"", ""https://wx4.sinaimg.cn/orj360/007ZYXgvgy1i8bkkyb5moj30rs0kuwh0.jpg"", ""https://wx3.sinaimg.cn/orj360/007ZYXgvgy1i8bkkyrcl5j30rs0kudid.jpg"", ""https://wx1.sinaimg.cn/orj360/007ZYXgvgy1i8bkkz9nx0j30rs0ku0vn.jpg"", ""https://wx2.sinaimg.cn/orj360/007ZYXgvgy1i8bkkzlc54j30rs0ku775.jpg"", ""https://wx2.sinaimg.cn/orj360/007ZYXgvgy1i8bkkzx0q8j31400u0gmz.jpg""]",B2094751D36DABFF4192
2025/12/16 18:56,5244553984481735,1907737284,?? 深圳·深圳湾安达仕酒店,iPhone客户端,"[""https://wx1.sinaimg.cn/orj360/71b5c2c4gy1i8cxspzs1bj22c0340e82.jpg"", ""https://wx4.sinaimg.cn/orj360/71b5c2c4gy1i8cxsqv9xdj22c03401ky.jpg"", ""https://wx4.sinaimg.cn/orj360/71b5c2c4gy1i8cxstupx8j23b03v2kjn.jpg"", ""https://wx2.sinaimg.cn/orj360/71b5c2c4gy1i8cxsygpqoj22c0340e83.jpg"", ""https://wx4.sinaimg.cn/orj360/71b5c2c4gy1i8cxt1bel1j237947ihdv.jpg"", ""https://wx3.sinaimg.cn/orj360/71b5c2c4gy1i8cxsm1gxyj23a94dr7wk.jpg"", ""https://wx2.sinaimg.cn/orj360/71b5c2c4gy1i8cxt4siiyj23b048bhdw.jpg"", ""https://wx4.sinaimg.cn/orj360/71b5c2c4gy1i8cxt60n34j24eo3b0e84.jpg"", ""https://wx2.sinaimg.cn/orj360/71b5c2c4gy1i8cxtgfeiyj24o06807wo.jpg""]",B2094751D36DABFF4192
2025/12/12 14:27,5243036722008179,5184047235,如是 如也 游千百遍 千万遍 快乐人间陈粒 深圳·深圳湾春茧体育馆,陈粒超话,"[""https://wx1.sinaimg.cn/orj360/005EPJv5gy1i883iefg1xj31o02yohdt.jpg"", ""https://wx1.sinaimg.cn/orj360/005EPJv5gy1i883iigg26j31o02yohdt.jpg"", ""https://wx1.sinaimg.cn/orj360/005EPJv5gy1i883iafej6j31o02yoqv5.jpg"", ""https://wx2.sinaimg.cn/orj360/005EPJv5gy1i883ihlt22j32dc35ce82.jpg"", ""https://wx1.sinaimg.cn/orj360/005EPJv5gy1i883ilz7vnj32dc35se81.jpg"", ""https://wx2.sinaimg.cn/orj360/005EPJv5gy1i883ia023yj32dc35chdu.jpg"", ""https://wx4.sinaimg.cn/orj360/005EPJv5gy1i883i3dkjxj30zk1bf0wr.jpg"", ""https://wx4.sinaimg.cn/orj360/005EPJv5gy1i883iifcw4j32c0340hdv.jpg"", ""https://wx1.sinaimg.cn/orj360/005EPJv5gy1i883ijrnnmj30u914ddob.jpg""]",B2094751D36DABFF4192
2025/12/11 22:30,5242795972890235,5171022475,一个人去海边骑行也挺不错的哈哈，谢谢给我拍照的小哥哥[期待] 约了很久的饭局终于吃上了[二哈] 下次见吧我的朋友们！ 深圳·深圳湾公园,iPhone 15 Pro Max,"[""https://wx3.sinaimg.cn/orj360/005DX5ajgy1i87bnguv28j32c0340u0x.jpg"", ""https://wx3.sinaimg.cn/orj360/005DX5ajgy1i87bnhzwe6j30zu1bstke.jpg"", ""https://wx1.sinaimg.cn/orj360/005DX5ajgy1i87bnixolzj31bs0zu47w.jpg"", ""https://wx3.sinaimg.cn/orj360/005DX5ajgy1i87bnijjlsj31bs0zu46q.jpg"", ""https://wx4.sinaimg.cn/orj360/005DX5ajgy1i87bnljoz5j32d03ji4qr.jpg"", ""https://wx4.sinaimg.cn/orj360/005DX5ajgy1i87bnjo86ej30zu1bswtz.jpg""]",B2094751D36DABFF4192
2025/12/15 12:45,5244098228262095,1868007334,这两天连续跑步??♀?锻炼??♀???♀????♀?强度有点大，现在手痛腿痛屁股痛浑身酸痛，今晚不知要不要休战？[闭嘴] 深圳·深圳湾万象城,iPhone客户端,"[""https://wx2.sinaimg.cn/orj360/6f5787a6gy1i8bhgapd4ej20u0140wpo.jpg"", ""https://wx3.sinaimg.cn/orj360/6f5787a6gy1i8bhgfyygpj230740akjo.jpg"", ""https://wx3.sinaimg.cn/orj360/6f5787a6gy1i8bhgmoki5j23b04eokjo.jpg"", ""https://wx1.sinaimg.cn/orj360/6f5787a6gy1i8bhgrf5v1j23b04eokjo.jpg"", ""https://wx1.sinaimg.cn/orj360/6f5787a6gy1i8bhgsxrhgj227u2zoqv5.jpg"", ""https://wx4.sinaimg.cn/orj360/6f5787a6gy1i8bhgtj8ssj224c2vbkjl.jpg"", ""https://wx1.sinaimg.cn/orj360/6f5787a6gy1i8bhgu6i9gj21w92jvb29.jpg""]",B2094751D36DABFF4192
2025/12/18 14:49,5245216569167461,2843610084,我们天生拥有经历、变化、成长的权利，课题分离的要义就是尊重他人的选择。 深圳·G&G创意社区,iPhone 16 Pro Max,"[""https://wx1.sinaimg.cn/orj360/a97e0be4gy1i8f1vmcdwyj23344qjkjp.jpg"", ""https://wx1.sinaimg.cn/orj360/a97e0be4gy1i8f1vfcfsij24mo3341l1.jpg"", ""https://wx1.sinaimg.cn/orj360/a97e0be4gy1i8f1vj0pjcj23344ox7wn.jpg"", ""https://wx3.sinaimg.cn/orj360/a97e0be4gy1i8f1vqqgo7j23344moqv8.jpg"", ""https://wx2.sinaimg.cn/orj360/a97e0be4gy1i8f1vo1mnqj24mo334b2c.jpg"", ""https://wx1.sinaimg.cn/orj360/a97e0be4gy1i8f1vu1f8sj24mo334b2e.jpg""]",B2094751D36DABFF4192
2025/12/17 23:17,5244982069824327,1095897060,夜景 深圳·野果yeego(深圳湾万象城店),iPhone客户端,"[""https://wx2.sinaimg.cn/orj360/41520fe4gy1i8eaxkduoyj23402c0kjm.jpg"", ""https://wx3.sinaimg.cn/orj360/41520fe4gy1i8eaxoqv0mj22c03404qr.jpg"", ""https://wx2.sinaimg.cn/orj360/41520fe4gy1i8eaxpyky8j23402c0kjm.jpg"", ""https://wx4.sinaimg.cn/orj360/41520fe4gy1i8eaxtj4kej22c03407wi.jpg"", ""https://wx3.sinaimg.cn/orj360/41520fe4gy1i8eaxuqfidj22c0340x6r.jpg"", ""https://wx1.sinaimg.cn/orj360/41520fe4gy1i8eayrldsfj20u01hcaes.jpg"", ""https://wx4.sinaimg.cn/orj360/41520fe4gy1i8eaxvz00zj22c0340hdu.jpg"", ""https://wx3.sinaimg.cn/orj360/41520fe4gy1i8eaxx4w62j22c03407wi.jpg"", ""https://wx1.sinaimg.cn/orj360/41520fe4gy1i8eaxy3wfij22c0340u0x.jpg""]",B2094751D36DABFF4192
2025/12/13 20:30,5243490522891160,3608731363,分享图片 深圳·深圳湾公园日出剧场,iPhone客户端,"[""https://wx1.sinaimg.cn/orj360/d718dee3gy1i89jmaoh8wj22c034011m.jpg"", ""https://wx2.sinaimg.cn/orj360/d718dee3gy1i89jm73mmoj21sc2ds4qp.jpg"", ""https://wx1.sinaimg.cn/orj360/d718dee3gy1i89jmhx3kaj21sc2ds1kx.jpg"", ""https://wx2.sinaimg.cn/orj360/d718dee3gy1i89jo9leelj21sc2dsb1l.jpg"", ""https://wx3.sinaimg.cn/orj360/d718dee3gy1i89jofb4dyj22c0340qv5.jpg""]",B2094751D36DABFF4192
2025/12/14 15:49,5243782217334976,2166063185,【四代同堂·欢快流淌】四代同堂，是时光酿成的一坛温醇老酒，藏着岁月沉淀的温情与烟火里的细碎欢喜。特别是第一次穿海跨洋归国的稚童喊出的“太爷爷、太奶奶”，这最清脆的慰藉，能拂去老人岁月刻在眼角的皱纹—— 深圳·春满园(海景湾店),HUAWEI Mate 50 Pro,"[""https://wx2.sinaimg.cn/orj360/811b8051gy1i8ah58uielj235s2dc4qs.jpg"", ""https://wx3.sinaimg.cn/orj360/811b8051gy1i8ah5h7uv4j22n41zbb2a.jpg"", ""https://wx2.sinaimg.cn/orj360/811b8051gy1i8ah59yo3lj235s2dcu0z.jpg"", ""https://wx4.sinaimg.cn/orj360/811b8051gy1i8ah5jap6sj235s2dcqv6.jpg"", ""https://wx3.sinaimg.cn/orj360/811b8051gy1i8ah5belpvj235s2dcu0y.jpg"", ""https://wx4.sinaimg.cn/orj360/811b8051gy1i8ah5kja6bj235s2dcu0y.jpg"", ""https://wx1.sinaimg.cn/orj360/811b8051gy1i8ah5luvbaj235s2dcb2b.jpg"", ""https://wx1.sinaimg.cn/orj360/811b8051gy1i8ah5syj3kj235s2dcnpe.jpg"", ""https://wx3.sinaimg.cn/orj360/811b8051gy1i8ah5q3edcj235s2dc1l0.jpg""]",B2094751D36DABFF4192
2025/12/17 21:18,5244952170989327,6193859773,微博影像年年度记忆 家在蛇口系列之——中心河畔踏花行 蛇口后海中心河公园位于深圳南山区望海路与中心路交汇处，全长约550米，总面积约4.57万平方米，2021年建成开放。 公园由昔日的排洪渠蝶变为生态人文走廊，河道两岸遍植紫花风铃木、簕杜鹃，冬春之际粉花似海，倒映碧波。园内设风车塔、 ...全文,HUAWEI Pura 80 Ultra,"[""https://wx3.sinaimg.cn/orj360/006LaNS5gy1i8e7jfa3taj32aw33se82.jpg"", ""https://wx3.sinaimg.cn/orj360/006LaNS5gy1i8e7jg4zfij328y31xkjl.jpg"", ""https://wx4.sinaimg.cn/orj360/006LaNS5gy1i8e7jieevuj32bc334npd.jpg"", ""https://wx3.sinaimg.cn/orj360/006LaNS5gy1i8e7jkakdej62dc35snpd08.jpg"", ""https://wx1.sinaimg.cn/orj360/006LaNS5gy1i8e7jltt1sj635s2dcnpg08.jpg"", ""https://wx4.sinaimg.cn/orj360/006LaNS5gy1i8e7jny9ycj621o2zwhdu08.jpg"", ""https://wx3.sinaimg.cn/orj360/006LaNS5gy1i8e7jpiabij62dc35s7wh08.jpg"", ""https://wx3.sinaimg.cn/orj360/006LaNS5gy1i8e7jq7xsnj327t30mhdt.jpg"", ""https://wx1.sinaimg.cn/orj360/006LaNS5gy1i8e7jrizvbj32442yyx6r.jpg""]",B2094751D36DABFF4192
2025/12/14 15:33,5243778257649890,2932469444,爬山记！ 大海?? 集装箱 还有码头?? 深圳·小南山公园,iPhone客户端,"[""https://wx2.sinaimg.cn/orj360/aec9eec4gy1i8agpszvgyj22c0340hdv.jpg"", ""https://wx2.sinaimg.cn/orj360/aec9eec4gy1i8agpwlqm1j22c03407wk.jpg"", ""https://wx1.sinaimg.cn/orj360/aec9eec4gy1i8agq1rofpj23402c0u0y.jpg""]",B2094751D36DABFF4192
2025/12/15 20:34,5244216276948604,7845582256,好久不见！ 最近和同学们忙着准备演出 马上就期末周啦 这个学期过得好快好快生活手记颜值打卡颜值打卡今日妆容日常分享小学期 深圳·风华大剧院,好久不见超话,"[""https://wx4.sinaimg.cn/orj360/008yXgligy1i8butz0oqkj32c0340kjn.jpg"", ""https://wx2.sinaimg.cn/orj360/008yXgligy1i8buusibraj33344moe86.jpg"", ""https://wx4.sinaimg.cn/orj360/008yXgligy1i8buvwcxktj32kw3vc7wk.jpg"", ""https://wx2.sinaimg.cn/orj360/008yXgligy1i8butl4cpxj310o27okjl.jpg"", ""https://wx4.sinaimg.cn/orj360/008yXgligy1i8buz031lyj32c0340u0y.jpg"", ""https://wx4.sinaimg.cn/orj360/008yXgligy1i8buz6yl3wj33b04eox6r.jpg"", ""https://wx1.sinaimg.cn/orj360/008yXgligy1i8buzg9l22j32c03404qq.jpg"", ""https://wx1.sinaimg.cn/orj360/008yXgligy1i8buzxwuqzj310o27onpd.jpg"", ""https://wx1.sinaimg.cn/orj360/008yXgligy1i8bv0ldw40j32c0340e81.jpg""]",B2094751D36DABFF4192
2025/12/21 17:12,5246339812427240,1863573577,冬至前后的深圳到处是玫红风铃木—— 大绣球开在树上， 为了艳丽而牺牲了 它所有的叶片。 再看海上世界圣诞??氛围渐浓，…… 深圳·蛇口海上世界,iPhone客户端,"[""https://wx1.sinaimg.cn/orj360/6f13e049gy1i8imsqbb91j22h94eoqv8.jpg"", ""https://wx3.sinaimg.cn/orj360/6f13e049gy1i8imsnaa3dj21r0340b2a.jpg"", ""https://wx3.sinaimg.cn/orj360/6f13e049gy1i8imvbvzeyj22h94eou10.jpg"", ""https://wx4.sinaimg.cn/orj360/6f13e049gy1i8imv8k8pxj22h94eoe84.jpg"", ""https://wx3.sinaimg.cn/orj360/6f13e049gy1i8imv418otj22h94eoe83.jpg"", ""https://wx1.sinaimg.cn/orj360/6f13e049gy1i8imv07mmrj21r0340e82.jpg""]",B2094751D36DABFF4192
2025/12/18 7:38,5245108327024876,7882266125,唯爱期待不爱曾经，雪人??冬天 ??爱与被爱 ，现在我会毫不犹豫选择被爱谁 深圳·香港元朗,vivo S10e 自然人像,"[""https://wx2.sinaimg.cn/orj360/008BrbuBgy1i8ephal8myj30u0140k3c.jpg"", ""https://wx3.sinaimg.cn/orj360/008BrbuBgy1i8ephaxa6ej30u01hcdno.jpg"", ""https://wx2.sinaimg.cn/orj360/008BrbuBgy1i8eph5udk9j30k00zkwgn.jpg"", ""https://wx3.sinaimg.cn/orj360/008BrbuBgy1i8ephb9gxhj30u0140wkn.jpg"", ""https://wx4.sinaimg.cn/orj360/008BrbuBgy1i8ephbkjzej30kg0n075z.jpg"", ""https://wx2.sinaimg.cn/orj360/008BrbuBgy1i8ephcgrp2j30dv099wf3.jpg"", ""https://wx2.sinaimg.cn/orj360/008BrbuBgy1i8ephdr43tj30u01crtq7.jpg""]",B2094751D36DABFF4192
2025/12/18 9:32,5245136898359301,1855438412,紫花风铃木，绽放中心河[太阳]后海 深圳·深圳湾万象城-二期,HUAWEI Pura 70 Pro,"[""https://wx1.sinaimg.cn/orj360/6e97be4cgy1i8esqx54yaj21900u0h01.jpg"", ""https://wx1.sinaimg.cn/orj360/6e97be4cgy1i8esqvas79j21900u0dvn.jpg"", ""https://wx1.sinaimg.cn/orj360/6e97be4cgy1i8esqxt5krj21900u0tlk.jpg"", ""https://wx1.sinaimg.cn/orj360/6e97be4cgy1i8esqfxd35j21900u0h0v.jpg"", ""https://wx4.sinaimg.cn/orj360/6e97be4cgy1i8esqfaaa0j21900u0wru.jpg"", ""https://wx2.sinaimg.cn/orj360/6e97be4cgy1i8esqwfw5aj218z0u04bl.jpg"", ""https://wx1.sinaimg.cn/orj360/6e97be4cgy1i8esqupjpnj21900u0ape.jpg"", ""https://wx2.sinaimg.cn/orj360/6e97be4cgy1i8esqvvh6fj218z0u0apc.jpg"", ""https://wx3.sinaimg.cn/orj360/6e97be4cgy1i8esqebyjej21900u0k32.jpg""]",B2094751D36DABFF4192
2025/12/12 19:02,5243106026850281,6425905983,和姐妹呆在一起的日子是最开心的 深圳·华联城市中心,iPhone客户端,"[""https://wx1.sinaimg.cn/orj360/0070SrGTgy1i88bil5707j33b04eoqva.jpg"", ""https://wx4.sinaimg.cn/orj360/0070SrGTgy1i88bipjdesj31401hcjyy.jpg"", ""https://wx3.sinaimg.cn/orj360/0070SrGTgy1i88bisg2m5j33b04eox6r.jpg""]",B2094751D36DABFF4192
2025/12/12 16:40,5243070235019627,1776984921,尘粒陈粒橙粒?? 深圳·深圳湾春茧体育馆,iPhone 17 Pro Max,"[""https://wx2.sinaimg.cn/orj360/69eaa359gy1i887d5eqzsj20u01hcq6a.jpg"", ""https://wx3.sinaimg.cn/orj360/69eaa359gy1i887d73wf6j22i04g0b29.jpg"", ""https://wx1.sinaimg.cn/orj360/69eaa359gy1i887dag6ddj22768s9kjq.jpg"", ""https://wx4.sinaimg.cn/orj360/69eaa359gy1i887d07prdj21zm9po1kz.jpg"", ""https://wx4.sinaimg.cn/orj360/69eaa359gy1i887dc8815j20u01hctiu.jpg"", ""https://wx1.sinaimg.cn/orj360/69eaa359gy1i887dfknnkj22c0340h8a.jpg"", ""https://wx3.sinaimg.cn/orj360/69eaa359gy1i887dws8c7j21j02ps4ot.jpg"", ""https://wx1.sinaimg.cn/orj360/69eaa359gy1i887dxxvsoj22c0340npe.jpg"", ""https://wx3.sinaimg.cn/orj360/69eaa359gy1i887dzy05hj21ek2hwdzp.jpg""]",B2094751D36DABFF4192
2025/12/5 16:04,5240524564594921,5531000295,到处再搞校运会，这个时节！以前中学老师说 要努力学习不然就的下工地[泪] 我好像也努力了 但今天还是下了工地 深圳·深圳湾口岸,iPhone 16(深青色),"[""https://wx2.sinaimg.cn/orj360/0062jvQbgy1i8030rxjg1j32c0340e82.jpg"", ""https://wx1.sinaimg.cn/orj360/0062jvQbgy1i8030wiz3nj32c0340qv6.jpg"", ""https://wx4.sinaimg.cn/orj360/0062jvQbgy1i8030ptfq1j32c0340x6q.jpg"", ""https://wx2.sinaimg.cn/orj360/0062jvQbgy1i80312ev7xj33b04eoqv8.jpg""]",B2094751D36DABFF4192
2025/12/18 14:03,5245205033783860,2480965991,开了14年贝果店的被窝老板：一直坚信细水长流才是真生意，品质才是硬道理！ 面包贝果西餐蛇口老店美食日记美食推荐官美食推荐美食烘焙深圳美食深圳欢欢贝果我的美食日记好好吃饭好好瘦好好吃饭好好爱hhbagels美食故事深圳美食攻略开玩笑好玩 ...全文,iPhone,[],B2094252D56FA5F8419B
2025/11/12 11:31,5232120916084770,2480965991,难怪大家都爱吃牛油果，鸡蛋嫩滑，贝果酥脆，巨好吃！ 鸡蛋面包贝果贝果西餐蛇口老外美食日记美食推荐美食烘焙深圳欢欢贝果早餐hhbagels好好吃饭VLOG牛油果 深圳·欢欢贝果HHBAGELS(南海玫瑰花园二期店) 欢欢贝果HHBAGELS的微博视频,VLOG超话,[],B2094252D56FA5F8419B
2025/11/11 13:10,5231783487735155,2480965991,生活里的开心，藏在美食里 面包贝果贝果西餐蛇口蛇口老外美食日记美食推荐烘焙深圳欢欢贝果早餐好好吃饭hhbagelsVLOG美食鸡蛋 深圳·欢欢贝果HHBAGELS(南海玫瑰花园二期店) 欢欢贝果HHBAGELS的微博视频,VLOG超话,[],B2094252D56FA5F8419B
2025/11/10 19:58,5231523651390789,2480965991,今天海盐贝果奶油芝士！ 面包贝果贝果西餐蛇口蛇口老外美食日记美食推荐烘焙深圳欢欢贝果早餐hhbagels好好吃饭 深圳·欢欢贝果HHBAGELS(南海玫瑰花园二期店) 欢欢贝果HHBAGELS的微博视频,蛇口超话,[],B2094252D56FA5F8419B
2025/11/9 14:42,5231081695481345,2480965991,Get five plain bagels for only 35 RMB! 面包贝果深圳欢欢贝果hhbagels贝果西餐蛇口老外美食日记蛇口面包好好吃饭城市味蕾战早餐美食推荐烘焙 深圳·欢欢贝果HHBAGELS(南海玫瑰花园二期店),蛇口超话,["https://wx4.sinaimg.cn/orj360/93e08967gy1i75ygjcua3j20go0p8abf.jpg"],B2094252D56FA5F8419B
2025/11/2 18:26,5228601452793381,7578397145,好好吃！！！！！！！ 深圳·欢欢贝果HHBAGELS(南海玫瑰花园二期店),iPhone客户端,"[""https://wx2.sinaimg.cn/orj360/008gSbi1gy1i6y1o6b0hoj30u014043e.jpg"", ""https://wx3.sinaimg.cn/orj360/008gSbi1gy1i6y1o5u8zoj30u0140q7n.jpg""]",B2094252D56FA5F8419B
2025/9/18 15:50,5212254643426195,2480965991,Buy 118rmb get free shipping 西安重庆北京上海四川重庆大连沈阳深圳广州惠州中山珠海青岛昆明山东广东东莞厦门云南苏州杭州面包贝果欢欢贝果hhbagels 深圳·欢欢贝果HHBAGELS(南海玫瑰花园二期店),惠州超话,["https://wx1.sinaimg.cn/orj360/93e08967gy1i5hw1pvhumj21d91toduj.jpg"],B2094252D56FA5F8419B
2025/9/9 16:33,5209004024529604,2480965991,Steak & Egg Bagel Sandwich 深圳·欢欢贝果HHBAGELS(南海玫瑰花园二期店)牛肉洋葱面包贝果西餐蛇口老外美食日记美食日常美食犹太人贝果深圳深圳欢欢贝果早餐我的美食日记地方美食一人食一人食午餐hhbagels晚餐活动 ...全文,晚餐超话,[],B2094252D56FA5F8419B
2025/9/4 13:55,5207152430155219,2480965991,You can make this at home! 餐厅面包贝果西餐西餐蛇口老外美食日记美食日记美食日常美食犹太人贝果深圳深圳欢欢贝果早餐我的美食日记好好吃饭地方美食一人食hhbagels 深圳·欢欢贝果HHBAGELS(南海玫瑰花园二期店) 欢欢贝果HHBAGELS的微博视频,深圳超话,[],B2094252D56FA5F8419B
2025/8/26 15:10,5203909720410462,2480965991,"Chopped Bacon, Egg & Cheese (BEC) 餐厅面包贝果西餐蛇口老外美食日记美食日常美食犹太人深圳深圳欢欢贝果早餐我的美食日记地方美食好好吃饭一人食hhbagels深圳·蛇口 深圳·欢欢贝果HHBAGELS(南海玫瑰花园二期店) 欢欢贝果HHBAGELS的微博视频",深圳超话,[],B2094252D56FA5F8419B
2025/8/22 16:43,5202483532272509,2480965991,Bagel sandwiches for the week! 餐厅面包贝果蛇口老外西餐老外美食日记美食日常美食犹太人深圳深圳欢欢贝果早餐打卡我的美食日记早餐好好吃饭一人食hhbagels地方美食 深圳·欢欢贝果HHBAGELS(南海玫瑰花园二期店) 欢欢贝果HHBAGELS的微博视频,深圳超话,[],B2094252D56FA5F8419B
2025/8/20 16:09,5201750185218181,2480965991,Bagel Breakfast Sandwiches on the Blackstone 餐厅面包贝果西餐蛇口老外美食日记美食日常美食美食犹太人深圳深圳欢欢贝果早餐打卡早餐我的美食日记好好吃饭一人食hhbagels 深圳·欢欢贝果HHBAGELS(南海玫瑰花园二期店) 欢欢贝果HHBAGELS的微博视频,深圳超话,[],B2094252D56FA5F8419B
2025/8/14 17:10,5199591410506481,2480965991,"Ham, Egg & Cheese Bagel Sandwich 贝果深圳欢欢贝果我的美食日记好好吃饭hhbagels餐厅西餐老外美食日常美食地方美食早餐一人食早餐打卡美食日记面包犹太人深圳蛇口 深圳·欢欢贝果HHBAGELS(南海玫瑰花园二期店) 欢欢贝果HHBAGELS的微博视频",深圳超话,[],B2094252D56FA5F8419B
2025/8/10 17:17,5198143494817598,2480965991,Triple Decker Bagel Sandwich 贝果深圳欢欢贝果我的美食日记好好吃饭hhbagels餐厅西餐老外美食美食日常好吃肉肠鸡蛋三明治深圳市-福田区深圳生活 深圳·欢欢贝果HHBAGELS(南海玫瑰花园二期店) 欢欢贝果HHBAGELS的微博视频,iPhone,[],B2094252D56FA5F8419B
2025/8/9 18:09,5197794121878895,2480965991,Tuna melt 贝果深圳欢欢贝果我的美食日记好好吃饭hhbagels美食日常美食金枪鱼鱼食品西餐三明治白人饭好吃老外 深圳·欢欢贝果HHBAGELS(南海玫瑰花园二期店) 欢欢贝果HHBAGELS的微博视频,iPhone,[],B2094252D56FA5F8419B
2025/8/1 16:05,5194863928151177,2480965991,"Another delicious, fast & nutritious bagel sandwich 贝果深圳欢欢贝果我的美食日记好好吃饭hhbagels餐厅西餐老外美食日常美食美食分享美食分享不可辜负的美食美食推荐美食探店早餐美食故事美食vlog 深圳·欢欢贝果HHBAGELS(南海玫瑰花园二期店) 欢欢贝果HHBAGELS的微博视频",iPhone,[],B2094252D56FA5F8419B
2025/7/29 13:58,5193744745761715,2480965991,Fast & Easy 贝果深圳欢欢贝果我的美食日记好好吃饭hhbagels餐厅西餐老外美食日常美食分享美食早餐打卡早餐一人食饮食养生美食推荐面包早餐吃什么美食vlog营养早餐 深圳·欢欢贝果HHBAGELS(南海玫瑰花园二期店) 欢欢贝果HHBAGELS的微博视频,iPhone,[],B2094252D56FA5F8419B
2025/7/25 15:38,5192320405995698,2480965991,贝果就是上乘 贝果欢欢贝果我的美食日记好好吃饭hhbagels餐厅西餐老外美食日常美食早餐美食vlog美食日记 深圳·欢欢贝果HHBAGELS(南海玫瑰花园二期店) 欢欢贝果HHBAGELS的微博视频,iPhone,[],B2094252D56FA5F8419B
2025/6/4 15:54,5173842568019988,2480965991,Baco 是什么？ 北京上海深圳广州昆明云南四川成都重庆西安厦门杭州宁波天津大连沈阳哈尔滨好好吃饭我的美食日记便宜打折活动贝果hhbagels欢欢贝果我的美食日记好好吃饭不可辜负的美食塔可墨西哥 ???? 深圳·欢欢贝果HHBAGELS(南海玫瑰花园二期店),iPhone,["https://wx4.sinaimg.cn/orj360/93e08967gy1i23cn6umq1j20yi1a4qm8.jpg"],B2094252D56FA5F8419B
2025/6/2 18:59,5173164474630674,2480965991,每日限量！纽约曲奇的三重甜蜜暴击 燕麦的醇香、花生的酥脆、巧克力的丝滑，三款传统纽约曲奇每日现做，数量有限。一口咬下美式风味，甜蜜不等人，欢迎大家来尝鲜！ 美食日常餐厅西餐老外美食白人饭hhbagels欢欢贝果烘培烘培曲奇曲奇饼干小曲奇Cookie巧克力 ...全文,iPhone,[],B2094252D56FA5F8419B
2025/6/1 14:35,5172735703779589,2480965991,玫瑰蔓越莓奶油芝士上新！贝果CP速冲 玫瑰香裹着蔓越莓酸甜，撞上丝滑芝士，抹在韧香贝果上，层次惊艳，甜而不腻，这是什么神仙组合呢？快来尝新！ 贝果脑袋美食日常今天的早餐长这样hhbagels面包脑袋贝果美食欢欢贝果餐厅西餐老外白人饭芝士新品新品上市 ...全文,iPhone,[],B2094252D56FA5F8419B
2025/5/31 14:58,5172379053196623,2480965991,蛋卷人生剧场 文案：铺展一张蛋卷，卷住细碎时光；生活如戏，别太在意得失。用心演好自己的角色，每一幕都是独特的风景。咬下这一口绵密，把生活的滋味，细细品尝 。 HHBAGELS 一人食吃什么 今天的早餐长这样 早餐就爱三明治 100天早餐打卡 早餐打卡Vlog 美食日常 我的烘焙日常 ...全文,iPhone,[],B2094252D56FA5F8419B
2025/5/28 13:12,5171265214353134,2480965991,BGM:江南-林俊杰 圈圈圆圆圈圈 甜甜绵绵甜甜的我 江南 林俊杰 美食 面包贝果 烘焙 欢欢贝果 HHBAGELS 一人食吃什么 贝果的吃法 贝果三明治 今天的早餐长这样 贝果脑袋 早餐就爱三明治 100天早餐打卡 早餐打卡Vlog 美食日常 我的烘焙日常 手作贝果 全麦贝果 ...全文,iPhone,[],B2094252D56FA5F8419B
2025/3/18 18:08,5145610064757766,2480965991,一口咬下北欧的海！烟熏三文鱼贝果来袭 餐厅面包贝果西餐厅深圳欢欢贝果hhbagelshhbagels美食探店犹太人 深圳·欢欢贝果HHBAGELS(南海玫瑰花园二期店) 欢欢贝果HHBAGELS的微博视频,iPhone,[],B2094252D56FA5F8419B
2025/3/17 10:29,5145132194335499,2480965991,如何做好吃和健康的贝果早餐 你可以在家试试！简单健康又好吃！ 餐厅面包贝果西餐厅深圳欢欢贝果健康hhbagels健康大连天津宁波成都广州无锡昆明沈阳海南苏州长春青岛健康生活健康食品北京美食上海三亚海口四川重庆西安东莞 ...全文,健康超话,[],B2094252D56FA5F8419B
2025/3/15 11:30,5144422880379005,2480965991,解锁古法健身操，运动完炫贝果太上头了 最近被朋友安利这套古法健身操，动作看似简单，实则暗藏玄机，每一下都能感受到身体里的压力在慢慢释放 ，太神奇啦！ 运动完，全身轻松，当然要来店里吃刚出炉的贝果，咬上一口，满满的幸福感！ 这种中西结合的早晨，真的是绝绝子，你们一定要来试试！ 面包 ...全文,iPhone,[],B2094252D56FA5F8419B
2025/3/14 18:30,5144165982408882,2480965991,什么！！！不在深圳也能吃到正宗纽约贝果??！！ 住得远？找不到我们？不知道怎么快递??下单？不在深圳也能吃到我们的正宗纽约贝果啦～只需关注我们的视频号公众号即可线上下单，足不出户享受到我们的配送服务！这个视频有详细下单步骤哦～快来尝鲜吧！！！天津宁波广州无锡昆明泰山 ...全文,iPhone,[],B2094252D56FA5F8419B
2025/3/11 10:04,5142951513293324,2480965991,贝果新顶流诞生 巧克力奶油芝士组合惊艳登场！ 还在纠结早餐吃啥？快来试试咱家新出的巧克力奶油芝士贝果！新鲜现做，巧克力丝滑、奶油芝士香浓、贝果扎实，一口下去满是幸福，轻松开启元气一天！ 餐厅面包贝果西餐厅蛇口芝士美食探店深圳欢欢贝果巧克力奶油芝士hhbagels ...全文,iPhone,[],B2094252D56FA5F8419B
2025/3/10 15:29,5142670860615746,2480965991,一口沦陷！贝果新CP：巧克力奶油芝士 苦甜交织的醇厚巧克力，撞上柔滑细腻的奶油芝士，这对奇妙的组合，甜而不腻，口感丰富有层次。咬下这一口，感受生活中的小确幸。 美食探店面包贝果蛇口欢欢贝果深圳hhbagels芝士餐厅西餐厅奶油芝士巧克力 深圳·欢欢贝果HHBAGELS(南海玫瑰花园二期店) ...全文,iPhone,[],B2094252D56FA5F8419B
2025/3/9 17:21,5142336829917089,2480965991,耐心看完 您会更了解我们 除了就近外卖配送，店内就餐，我们还提供全国快递??服务哦！那么发货时间是什么时间??发什么快递？贝果的热量有多少呢？耐心看完这个视频，相信能解决您的疑惑！！！ 深圳欢欢贝果健康hhbagels贝果全国发货食品生产许可证低糖更健康面包广州长春 ...全文,iPhone,[],B2094252D56FA5F8419B
2025/3/7 23:04,5141698204929357,2480965991,别再去大漂亮公司吃汉堡了，快来尝尝我家新品～双蛋麦芬堡 一口咬下去，双层鲜嫩炒蛋和肉饼，软乎乎的在嘴里化开 ，搭配上外酥里软的麦芬面包，这口感直接就在嘴里开派对。 快来尝尝，不好吃你回来找我！ 美食探店深圳欢欢贝果hhbagels鸡蛋芝士培根健康养生猪肉肉饼健康松饼 ...全文,iPhone,[],B2094252D56FA5F8419B
2025/3/4 12:59,5140458808282320,2480965991,经典纽约贝果三明治 贝果夹着鲜嫩培根、活力太阳鸡蛋、醇厚双层芝士，在忙碌的工作日中，带来片刻舌尖上的纽约风情，享受午后能量的补给。 生活手记贝果烘培欢欢贝果hhbagels鸡蛋美食探店早餐深圳健康养生健康美食打卡午餐培根芝士 深圳·欢欢贝果HHBAGELS(南海玫瑰花园二期店) ...全文,iPhone,[],B2094252D56FA5F8419B
2025/2/21 20:50,5136591264417054,2480965991,欢欢贝果甜蜜上新 We keep it sweet at HH 亲爱的贝果控们，我们为巧克力星人准备了会跳舞的味觉惊喜！全新「巧克力奶油芝士」重磅登场，巧克力与奶油芝士碰撞出天鹅绒般的绵密口感，可可香气在舌尖绽放成烟花，还有星星糖粒在醇香中跳跃——这可是小朋友偷偷告诉我的"童话秘密配方"哦！ 现已在蛇口店 ...全文,iPhone,["https://wx2.sinaimg.cn/orj360/93e08967gy1hysigci8flj21r11bywpb.jpg"],B2094252D56FA5F8419B
2025/2/17 18:06,5135100435762052,2480965991,快来打卡领取免费冰箱贴啦～ 今年是欢欢贝果陪伴大家的第13年啦！?? 感谢您一直以来的支持与厚爱！我们始终坚持制作传统正宗的纽约贝果，不断精进，只为让每一位顾客吃得开心、吃得满足。?? 如果您在门店有任何问题，请随时联系我们，我们一定全力为您解决！ 为了回馈大家的支持，我们特别 ...全文,iPhone,"[""https://wx1.sinaimg.cn/orj360/93e08967gy1hynr7bof6hj20wp0r21ca.jpg"", ""https://wx2.sinaimg.cn/orj360/93e08967gy1hynr7c19bkj20zk1bf78l.jpg"", ""https://wx3.sinaimg.cn/orj360/93e08967gy1hynr7cdkuhj20zk1bfq7q.jpg"", ""https://wx3.sinaimg.cn/orj360/93e08967gy1hynr7g5syij24eo3b07wl.jpg""]",B2094252D56FA5F8419B
2025/1/3 13:04,5118716923087909,2480965991,我们拒绝预制 很多餐厅提供预制菜品。而我们从零开始一步步准备我们的原材料，花费了大量时间金钱，并运用专业知识技术以确保我们及顾客能知道自己吃了什么。 贝果蛇口欢欢贝果hhbagels鱼进口西餐新鲜深圳手工自己做三文鱼鱼健康生活健康食品 深圳·欢欢贝果HHBAGELS(南海玫瑰花园二期店) ...全文,iPhone,[],B2094252D56FA5F8419B
2024/12/13 12:57,5111105007914880,2480965991,跟随我们了解我们的三文鱼来自哪里，以及我们如何为您进行准备！有四个部分的三文鱼视频即将推出！ 进口鱼三文鱼进口三文鱼手工自己做salmon欢欢贝果hhbagels贝果健康生活健康饮食 深圳·欢欢贝果HHBAGELS(南海玫瑰花园二期店),iPhone,"[""https://wx2.sinaimg.cn/orj360/93e08967gy1hwj7b6n6g1j20zj1beadm.jpg"", ""https://wx2.sinaimg.cn/orj360/93e08967gy1hwj7b7r2kqj20zj1beguo.jpg"", ""https://wx4.sinaimg.cn/orj360/93e08967gy1hwj7b8hei7j20zj1be43i.jpg"", ""https://wx2.sinaimg.cn/orj360/93e08967gy1hwj7b4f6w5j21be0zj7b9.jpg""]",B2094252D56FA5F8419B
2024/12/8 15:57,5109338240716089,2480965991,巧克力爱好者们福利来了！ 巧克力贝果蛇口省钱甜深圳欢欢贝果打折优惠优惠活动 深圳·欢欢贝果HHBAGELS(南海玫瑰花园二期店),iPhone,["https://wx3.sinaimg.cn/orj360/93e08967gy1hwdiq49gcvj21ww2pg7wh.jpg"],B2094252D56FA5F8419B
2024/12/7 13:47,5108943159035871,2480965991,韩国泡菜贝果三明治 韩国泡菜辣贝果西餐欢欢贝果三明治深圳长沙长春长春苏州珠海沈阳武汉杭州惠州广州北京上海好吃 深圳·欢欢贝果HHBAGELS(南海玫瑰花园二期店) 欢欢贝果HHBAGELS的微博视频,iPhone,[],B2094252D56FA5F8419B
2024/12/6 17:36,5108638450191572,2480965991,新品上市两款三明治和圣诞节拿铁现在开始供应，堂食或外送均可，尝试一下，告诉我们你的想法。 蛇口深圳欢欢贝果hhbagels贝果西餐省钱打折优惠拿铁christmasmerry xmasmerrychristmas?圣诞节圣诞节圣诞节快乐辣甜火鸡三明治 ...全文,iPhone,["https://wx1.sinaimg.cn/orj360/93e08967gy1hwb6oszd3oj25gv87ax6t.jpg"],B2094252D56FA5F8419B
2024/12/5 17:33,5108275459130608,2480965991,两款新三明治和圣诞限定拿铁系列的回归。敬请关注更多细节，关注我们。 蛇口深圳欢欢贝果hhbagels西餐三明治拿铁草莓泰式火鸡上市网红店贝果白人饭贝果三明治蛇口甜甜辣香港 深圳·欢欢贝果HHBAGELS(南海玫瑰花园二期店),iPhone,"[""https://wx4.sinaimg.cn/orj360/93e08967gy1hwa4i4otk0j22c03401ky.jpg"", ""https://wx1.sinaimg.cn/orj360/93e08967gy1hwa4hgesmxj224s2ueb29.jpg"", ""https://wx4.sinaimg.cn/orj360/93e08967gy1hwa4icgdhij224s2uek9x.jpg"", ""https://wx4.sinaimg.cn/orj360/93e08967gy1hwa4idynkjj20zk0zk0z3.jpg""]",B2094252D56FA5F8419B
2024/12/3 17:59,5107557005793082,2480965991,欢欢贝果快递到家！ 香港北京上海广州沈阳大连哈尔滨武汉南京苏州杭州珠海中山惠州兰州长春长沙厦门深圳蛇口欢欢贝果hhbagels打折优惠快递 深圳·欢欢贝果HHBAGELS(南海玫瑰花园二期店),iPhone,["https://wx3.sinaimg.cn/orj360/93e08967gy1hw7njkxoywj21ww2pgqv5.jpg"],B2094252D56FA5F8419B
2024/12/1 16:12,5106805489012969,2480965991,来尝尝美味的三明治吧！ 香港北京上海广州沈阳大连哈尔滨武汉南京苏州杭州珠海中山惠州兰州长春长沙厦门深圳蛇口欢欢贝果hhbagels 深圳·欢欢贝果HHBAGELS(南海玫瑰花园二期店),iPhone,["https://wx1.sinaimg.cn/orj360/93e08967gy1hw5hk2kn2dj21ww2pgb29.jpg"],B2094252D56FA5F8419B
2024/11/29 17:51,5106105615389380,2480965991,关于一些贝果的历史. 贝果和奶油芝士的搭配 Bagel History - Bagel & Cream Cheese Marriage! 贝果欢欢贝果西餐历史历史历史故事芝士结婚深圳 深圳·欢欢贝果HHBAGELS(南海玫瑰花园二期店) 欢欢贝果HHBAGELS的微博视频,iPhone,[],B2094252D56FA5F8419B
2024/11/24 16:54,5104279291431927,2480965991,我们在过去的13年中救助的一些小动物们！如果你想收养，我们可以帮助你！ 流浪流浪猫流浪狗流浪猫救助流浪猫救助猫猫咪猫咪领养狗狗狗小狗领养流浪猫救助动物动物关爱流浪动物 深圳·欢欢贝果HHBAGELS(南海玫瑰花园二期店) 欢欢贝果HHBAGELS的微博视频,iPhone,[],B2094252D56FA5F8419B
2024/11/23 14:27,5103879764576402,2480965991,快来领取你的礼品吧！ 冰箱贴钥匙扣欢欢贝果贝果西餐周年庆礼物抽奖抽奖幸运抽奖深圳蛇口活动 深圳·欢欢贝果HHBAGELS(南海玫瑰花园二期店),iPhone,"[""https://wx4.sinaimg.cn/orj360/93e08967gy1hvw5n1osw8j22c0340b29.jpg"", ""https://wx3.sinaimg.cn/orj360/93e08967gy1hvw5n2nljkj22c0340e81.jpg""]",B2094252D56FA5F8419B
2024/11/22 18:03,5103571723360561,2480965991,来参加我们的抽奖活动吧，有很多物品！ 欢欢贝果抽奖抽奖幸运抽奖周年庆生日生日快乐礼物小礼物 深圳·欢欢贝果HHBAGELS(南海玫瑰花园二期店) 欢欢贝果HHBAGELS的微博视频,iPhone,[],B2094252D56FA5F8419B
2024/11/21 18:19,5103213371983000,2480965991,我们今年第13年啦！ 贝果深圳正式纽约贝果欢欢贝果西餐抽奖幸运抽奖周年庆网红店面包免费谢谢生日快乐面包脑袋 深圳·欢欢贝果HHBAGELS(南海玫瑰花园二期店) 欢欢贝果HHBAGELS的微博视频,iPhone,[],B2094252D56FA5F8419B
2024/11/19 20:24,5102520135850244,2480965991,欢欢贝果13岁啦！！ 谢谢大家一起陪伴了欢欢贝果13年！ 欢欢贝果HHBAGELS生日生日快乐周年庆13抽奖免费活动抽奖幸运抽奖 深圳·欢欢贝果HHBAGELS(南海玫瑰花园二期店),iPhone,"[""https://wx2.sinaimg.cn/orj360/93e08967gy1hvrtb9s522j25gv87ae86.jpg"", ""https://wx3.sinaimg.cn/orj360/93e08967gy1hvrtaoljztj21ww2pg1kx.jpg"", ""https://wx2.sinaimg.cn/orj360/93e08967gy1hvrtbg8effj21ww2pg7wi.jpg""]",B2094252D56FA5F8419B
2024/11/18 17:40,5102116382968526,2480965991,来了解一下菲力奶油芝士的历史?? 贝果??跟奶油芝士是很经典的搭配！！ 历史芝士贝果深圳正式纽约贝果欢欢贝果西餐美食名字hhbagels纽约深圳美食纽约美食 深圳·欢欢贝果HHBAGELS(南海玫瑰花园二期店) 欢欢贝果HHBAGELS的微博视频,iPhone,[],B2094252D56FA5F8419B
2024/11/13 17:20,5100299494361432,2480965991,我们已经开了13年，这是多年前的一些旧照片！ 贝果深圳正式纽约贝果西餐三明治hhbagels网红店历史以前蛇口名店谢谢辛苦西餐西餐厅欢欢贝果 深圳·欢欢贝果HHBAGELS(南海玫瑰花园二期店),iPhone,"[""https://wx2.sinaimg.cn/orj360/93e08967gy1hvkq9u7edyj22io1w01kz.jpg"", ""https://wx4.sinaimg.cn/orj360/93e08967gy1hvkq9vrsdyj21w02iohdt.jpg"", ""https://wx3.sinaimg.cn/orj360/93e08967gy1hvkq9yb5q4j22io1w0kjm.jpg"", ""https://wx2.sinaimg.cn/orj360/93e08967gy1hvkqa0078xj22io1w0npd.jpg"", ""https://wx1.sinaimg.cn/orj360/93e08967gy1hvkqa29jqdj22io1w0e82.jpg"", ""https://wx3.sinaimg.cn/orj360/93e08967gy1hvkqa553fuj22io1w04qr.jpg"", ""https://wx2.sinaimg.cn/orj360/93e08967gy1hvkqa8cedzj23402c0e83.jpg"", ""https://wx1.sinaimg.cn/orj360/93e08967gy1hvkqaaxhkuj22io1w04qq.jpg"", ""https://wx3.sinaimg.cn/orj360/93e08967gy1hvkqad9vp0j22io1w04qq.jpg""]",B2094252D56FA5F8419B
2024/11/12 18:28,5099954349803911,2480965991,13周年店庆活动 “玩转周年，狂欢不停” “十一月十三周年店庆” 超多福利只为你！ 贝果深圳正式纽约贝果欢欢贝果好好吃饭西餐省钱打折优惠蛇口 深圳·欢欢贝果HHBAGELS(南海玫瑰花园二期店),iPhone,["https://wx2.sinaimg.cn/orj360/93e08967gy1hvjfxkxp2yj21ww2pghdt.jpg"],B2094252D56FA5F8419B
2024/11/3 15:21,5096645718444796,2480965991,不要错过！这是你要的贝果三明治? 贝果欢欢贝果深圳正式纽约贝果hhbagelsdiy西餐西餐香港美食日记三明治北京上海广州沈阳大连哈尔滨武汉南京苏州杭州珠海中山惠州兰州长春长沙厦门 深圳·欢欢贝果HHBAGELS(南海玫瑰花园二期店) 欢欢贝果HHBAGELS的微博视频,iPhone,[],B2094252D56FA5F8419B
2024/10/30 17:04,5095222084370910,2480965991,自制蜘蛛外观的披萨贝果 贝果欢欢贝果diy比萨hhbagels橄榄好好吃饭 深圳·欢欢贝果HHBAGELS(南海玫瑰花园二期店) 欢欢贝果HHBAGELS的微博视频,iPhone,[],B2094252D56FA5F8419B
2024/10/26 19:36,5093810751146794,2480965991,欢迎大家来我们欢欢贝果（蛇口店）品尝南瓜拿铁和万圣节贝果！！！ 贝果蛇口深圳正式纽约贝果欢欢贝果鬼节遇鬼秋天happy halloweenhalloween万圣节万圣节南瓜南瓜拿铁节日秋天拿铁 深圳·欢欢贝果HHBAGELS(南海玫瑰花园二期店) 欢欢贝果HHBAGELS的微博视频,iPhone,[],B2094252D56FA5F8419B
2024/10/12 12:17,5088626862195327,2480965991,在家做贝果早餐的另一个好方法！ diy贝果西餐芝士烘培欢欢贝果好吃三明治北京上海广州香港天津青岛大连成都重庆昆明阳朔厦门杭州苏州武汉无锡沈阳兰州西安hk东莞惠州中山珠海 深圳·欢欢贝果HHBAGELS(南海玫瑰花园二期店) 欢欢贝果HHBAGELS的微博视频,iPhone,[],B2094252D56FA5F8419B
2024/10/11 18:30,5088358393187666,2480965991,我们有一款冠军奶油芝士！ 香蒜奶油芝士被评为最佳奶油芝士。为了庆祝，香蒜奶油芝士有活动。过来尝尝，告诉我们你的想法！ 贝果蛇口深圳西餐欢欢贝果活动正式纽约贝果好吃芝士赢了投票投票打折省钱优惠烘培 深圳·欢欢贝果HHBAGELS(南海玫瑰花园二期店),iPhone,"[""https://wx2.sinaimg.cn/orj360/93e08967gy1huimv9794wj21ww2pge82.jpg"", ""https://wx4.sinaimg.cn/orj360/93e08967gy1huimv4qkykj21ww2pge82.jpg""]",B2094252D56FA5F8419B
2024/9/10 19:20,5077136979528199,2480965991,怎么做好吃和健康的贝果早餐，你可以在家里试一试！简单又健康好吃 我们的贝果在全国范围内购买130元或以上，免快递费! 北京天津大连沈阳哈尔滨长春上海南京苏州杭州无锡青岛成都重庆昆明南宁厦门武汉广州佛山中山 ...全文,iPhone,[],B2094252D56FA5F8419B
2024/9/1 12:35,5073773420871743,2480965991,在深圳就能尝到正宗的纽约贝果！ 贝果蛇口深圳欢欢贝果hhbagels西餐纽约吃货打折优惠三明治三文鱼健康健康食品中国茶柠檬茶套餐好好吃饭 深圳·欢欢贝果HHBAGELS(南海玫瑰花园二期店),iPhone,["https://wx3.sinaimg.cn/orj360/93e08967gy1ht83pf1a9oj21ww2pgb2a.jpg"],B2094252D56FA5F8419B
2024/8/30 17:28,5073122328054408,2480965991,可以把吃贝果的视频分享给我们！ 贝果美食探店欢欢贝果西餐蛇口纽约吃货深圳hhbagels好好吃饭吃法怎么吃老外外国人在中国 深圳·欢欢贝果HHBAGELS(南海玫瑰花园二期店) 欢欢贝果HHBAGELS的微博视频,iPhone,[],B2094252D56FA5F8419B
2024/8/22 13:01,5070156145628662,2480965991,12 年来，我们一直供应正宗的纽约贝果。如果你想吃真正的纽约贝果，我们是你的选择！ 面包贝果西餐蛇口美食探店欢欢贝果深圳hhbagels网红店打卡我的美食日记自制美食纽约吃货女子遭房东提灯定损拒退1万8押金 深圳·欢欢贝果HHBAGELS(南海玫瑰花园二期店),iPhone,["https://wx1.sinaimg.cn/orj360/93e08967gy1hswkbstqvkj23402c0x6p.jpg"],B2094252D56FA5F8419B
2024/8/10 11:45,5065788468238972,2480965991,明天早上开始吃健康的、令人满意的煎蛋卷吧，它富含蛋白质，对身体有营养。 香港贝果美食分享欢欢贝果我的美食日记好好吃饭hk美食探店深圳深圳菜场推出免费代炒广东跳水巴黎奥运会5金完美收官潮汕女孩成人礼仪式感拉满全红婵广东老家竖起新海报蛇口 ...全文,iPhone,"[""https://wx2.sinaimg.cn/orj360/93e08967gy1hsimq7x6ipj23402c0b2a.jpg"", ""https://wx4.sinaimg.cn/orj360/93e08967gy1hsimq9o3sqj23402c0npe.jpg""]",B2094252D56FA5F8419B
2024/7/28 16:18,5061146048990484,2480965991,在品尝正宗的纽约贝果和奶油芝士后，吃一个传统的纽约巧克力曲奇作为甜点搭配！ 深圳天降海量生蚝不要去捡香港广州贝果西餐欢欢贝果新鲜hhbagels健康健康食品好好吃饭hk自制美食好好吃饭我的美食日记美食分享老外面包纽约美食探店吃吃吃曲奇巧克力 ...全文,iPhone,["https://wx2.sinaimg.cn/orj360/93e08967gy1hs3tmba1khj21pd29tkfp.jpg"],B2094252D56FA5F8419B
2024/7/26 12:58,5060370918279362,2480965991,周末来尝尝我们的冰柠檬茶吧！ 深圳打雷闪电不停歇南京上海北京苏州无锡深圳广州杭州布偶猫舍香港广州贝果西餐欢欢贝果新鲜hhbagels健康健康食品好好吃饭周末English美国驻华大使馆hk自制美食好好吃饭我的美食日记美食分享老外香港柠檬茶好喝 ...全文,iPhone,["https://wx2.sinaimg.cn/orj360/93e08967gy1hs1ckwqgdzj21ww2pgqv5.jpg"],B2094252D56FA5F8419B
2024/7/20 17:09,5058259721131673,2480965991,来尝尝我们的新三明治配解渴冰柠檬茶！ 南京上海北京苏州无锡深圳广州杭州布偶猫舍香港广州贝果西餐欢欢贝果新鲜hhbagels健康健康食品好好吃饭周末English美国驻华大使馆hk自制美食好好吃饭我的美食日记美食分享老外白人饭香港肌肉柠檬茶送 ...全文,iPhone,["https://wx4.sinaimg.cn/orj360/93e08967gy1hrum3mvjqwj25gv87ahdu.jpg"],B2094252D56FA5F8419B
2024/7/6 18:19,5053203948766755,6440165913,分享图片 深圳·欢欢贝果HHBAGELS(南海玫瑰花园二期店),OPPO Find X6 Pro,["https://wx1.sinaimg.cn/orj360/0071QhlLgy1hrehki2k1ej32dc35s4qs.jpg"],B2094252D56FA5F8419B
2024/6/21 18:10,5047765845410324,2480965991,我们经典的贝果和奶油芝士有特价，我们有18种口味贝果，8种奶油芝士可供选择！ 贝果西餐欢欢贝果好好吃饭健康面包蛇口美食探店烘焙满足深圳早餐吃吃吃午餐健康生活香港中国hk三明治我的美食日记美食分享谢谢优惠打折套餐西餐早餐吃什么 ...全文,iPhone,["https://wx1.sinaimg.cn/orj360/93e08967gy1hqx0x2wv0lj25gv87ae82.jpg"],B2094252D56FA5F8419B
2024/6/14 16:37,5045205730590811,2480965991,很丰富的鸡蛋卷 西餐打卡优惠蛇口深圳·蛇口美团美团外卖健康健康生活女性健康中国早餐午餐贝果深圳·欢欢贝果·HH BAGELS[地点]好好吃饭满足欢欢贝果美食分享零食推荐美食探店烘焙吃吃吃面包深圳鸡蛋卷鸡蛋香港hk老外 ...全文,iPhone,[],B2094252D56FA5F8419B
2024/6/7 11:19,5042589004727902,2480965991,新款开心果奶油芝士 快来店里尝尝吧 北京天津大连沈阳哈尔滨长春上海南京苏州杭州无锡青岛成都重庆昆明南宁厦门武汉广州佛山中山珠海长沙深圳香港西安宁波贝果西餐欢欢贝果新鲜hhbagels健康 ...全文,iPhone,["https://wx3.sinaimg.cn/orj360/93e08967gy1hqgmgfsj1bj20p00xc7ca.jpg"],B2094252D56FA5F8419B
2024/6/1 13:59,5040455023070456,2480965991,猜猜这是什么口味的奶油芝士 北京天津大连沈阳哈尔滨长春上海南京苏州杭州无锡青岛成都重庆昆明南宁厦门武汉广州佛山中山珠海长沙深圳香港西安宁波贝果西餐欢欢贝果新鲜hhbagels健康#健康食品 ...全文,iPhone,"[""https://wx2.sinaimg.cn/orj360/93e08967gy1hq9t9ogclxj23b42747wh.jpg"", ""https://wx1.sinaimg.cn/orj360/93e08967gy1hq9t9p18n4j21s31cx0vr.jpg""]",B2094252D56FA5F8419B
2024/5/12 17:25,5033259138547814,2480965991,迷你经典纽约贝果三明治 北京天津大连沈阳哈尔滨长春上海南京苏州杭州无锡青岛成都重庆昆明南宁厦门武汉广州佛山中山珠海长沙深圳香港西安宁波贝果西餐欢欢贝果新鲜三文鱼hhbagels菠菜#健康 ...全文,iPhone,["https://wx2.sinaimg.cn/orj360/93e08967gy1hpmutt0wqdj23402c0qv5.jpg"],B2094252D56FA5F8419B
2024/5/4 19:03,5030384532193666,2480965991,谁要纽约贝果？ 5月6日恢复全国快递发货，欢迎下单订购 北京天津大连沈阳哈尔滨长春上海南京苏州杭州无锡青岛成都重庆昆明南宁厦门武汉广州佛山中山珠海长沙深圳香港西安宁波贝果西餐欢欢贝果 ...全文,iPhone,["https://wx4.sinaimg.cn/orj360/93e08967gy1hpdoscahmzj22ce3bab2a.jpg"],B2094252D56FA5F8419B
2024/5/3 12:33,5029924118987302,2480965991,??征名活动?? 我们新研发了一款既保留了韧性，又柔软的贝果 我们该给它起个什么名字呢？ 中式贝果？深圳贝果？中国特色贝果？ 你有什么好名字吗？欢迎留言 北京天津大连沈阳哈尔滨长春上海南京苏州杭州无锡青岛成都重庆昆明 ...全文,iPhone,["https://wx3.sinaimg.cn/orj360/93e08967gy1hpc7wonlbbj20zj0oj0zk.jpg"],B2094252D56FA5F8419B
2024/4/23 12:20,5026296906124909,2480965991,我们的新品蝶豆花贝果用来做融化贝果三明治(炒蛋，肉饼，美式芝士片，生菜，蘑菇，培根，西红柿，洋葱，奶油芝士)非常合适！ 贝果西餐美食分享美食欢欢贝果好好吃饭蛇口早餐深圳美食美味美食 深圳·欢欢贝果HHBAGELS(南海玫瑰花园二期店),iPhone,["https://wx4.sinaimg.cn/orj360/93e08967gy1hp0n7mqp9aj23402c07wj.jpg"],B2094252D56FA5F8419B
2024/4/19 18:53,5024946336828956,2480965991,周末快来蛇口店试试新款黑芝麻奶油芝士 中国风味的奶油芝士和纽约口味的贝果是绝配！[色] 贝果西餐蛇口美食分享美食美食深圳美食深圳欢欢贝果黑芝麻好好吃饭好吃周末周末也要好好吃饭系列 深圳·欢欢贝果HHBAGELS(南海玫瑰花园二期店),iPhone,["https://wx3.sinaimg.cn/orj360/93e08967gy1howc41wcn1j20zk0zk45v.jpg"],B2094252D56FA5F8419B
2024/4/8 12:30,5020863604197728,2480965991,欢迎在评论区留下您的答案[吃瓜] 我们将在明天公布答案，敬请期待 贝果西餐西餐蛇口美食美食深圳美食深圳美食欢欢贝果深圳康普茶健康饮料好喝贝果贝果 深圳·欢欢贝果HHBAGELS(南海玫瑰花园二期店),iPhone,["https://wx4.sinaimg.cn/orj360/93e08967gy1hojb8k3qgij21240qugtm.jpg"],B2094252D56FA5F8419B
2024/3/29 11:53,5017230368310703,2480965991,生活不应该只有忙碌和压力，还应该有悠然自得的时光。在欢欢贝果，让我们一起放慢脚步，享受贝果??带来的美味与放松，共同体验慢节奏生活的魅力～（视频作者：Mark Ayos） 美食贝果蛇口美食分享欢欢贝果慢生活享受生活深圳美食美食 深圳·欢欢贝果HHBAGELS(南海玫瑰花园二期店) ...全文,美食超话,[],B2094252D56FA5F8419B
2024/3/23 15:18,5015107661463968,6416483554,欢欢贝果?? 吃过几次，挺好，贝果种类、芝士种类都非常多，要不是蛇口离得远应该会经常买[哆啦A梦花心] 深圳·欢欢贝果HHBAGELS(南海玫瑰花园二期店),Xiaomi 14 Ultra,"[""https://wx1.sinaimg.cn/orj360/0070eUuegy1ho0y8mkpfyj335s2dckjm.jpg"", ""https://wx3.sinaimg.cn/orj360/0070eUuegy1ho0y8payqdj335s2dcqv6.jpg"", ""https://wx1.sinaimg.cn/orj360/0070eUuegy1ho0y8sp0t3j335s2dchdu.jpg"", ""https://wx2.sinaimg.cn/orj360/0070eUuegy1ho0y8w3fx9j32dc35snpe.jpg"", ""https://wx4.sinaimg.cn/orj360/0070eUuegy1ho0y8zop85j32dc35su0x.jpg"", ""https://wx3.sinaimg.cn/orj360/0070eUuegy1ho0y92z8ybj335s2dc4qr.jpg""]",B2094252D56FA5F8419B
2024/3/11 16:56,5010783714675203,2480965991,Boss品尝了新同事制作的美食后，对他的厨艺赞不绝口????????新同事的学习能力之强、进步速度之快，令人钦佩。???? 美食美食制作蛇口贝果美食分享欢欢贝果美食分享官品尝美食那些事抵挡不住美食的诱惑一起品尝美食吧 深圳·欢欢贝果HHBAGELS(南海玫瑰花园二期店),美食超话,["https://wx1.sinaimg.cn/orj360/93e08967gy1hnn5m76v51j20qo0zkwns.jpg"],B2094252D56FA5F8419B
2024/2/17 10:21,5002349262671142,6428729122,又来 深圳·欢欢贝果HHBAGELS(南海玫瑰花园二期店),iPhone客户端,["https://wx3.sinaimg.cn/orj360/00714i7oly1hmw8zmp6mhj32c0340x6r.jpg"],B2094252D56FA5F8419B
2024/2/16 16:57,5002086712086043,6428729122,终于来朝圣啦！?? 深圳·欢欢贝果HHBAGELS(南海玫瑰花园二期店),iPhone客户端,"[""https://wx4.sinaimg.cn/orj360/00714i7oly1hmvetr7mjij32c0340npf.jpg"", ""https://wx1.sinaimg.cn/orj360/00714i7oly1hmvetuukbtj32c0340hdv.jpg"", ""https://wx4.sinaimg.cn/orj360/00714i7oly1hmvesqkmycj32c0340x6q.jpg"", ""https://wx3.sinaimg.cn/orj360/00714i7oly1hmvetniktbj32c03404qr.jpg""]",B2094252D56FA5F8419B
2024/2/13 10:36,5000903650706742,2480965991,饿了吗？我们蛇口店正在营业中哦，欢迎到店体验 贝果三明治贝果贝果蛇口美食欢欢贝果西餐深圳早餐早餐好吃午餐午餐深圳广东广东芝士芝士 深圳·欢欢贝果HHBAGELS(南海玫瑰花园二期店),iPhone,["https://wx3.sinaimg.cn/orj360/93e08967gy1hmrmub6ym1j22c03404qr.jpg"],B2094252D56FA5F8419B
2024/2/10 15:06,4999884440604757,2480965991,新年快乐！ 贝果贝果蛇口美食欢欢贝果面包店贝果三明治西餐深圳春节新年快乐春节春节快乐春节快乐春节快乐!happynewyearchinesenewyearspringfestival 深圳·欢欢贝果HHBAGELS(南海玫瑰花园二期店),iPhone,["https://wx3.sinaimg.cn/orj360/93e08967gy1hmodqr6s3jj21kw16owp4.jpg"],B2094252D56FA5F8419B
2024/2/6 11:49,4998385330818013,2480965991,春节期间门店营业时间安排及快递发货通知 春节期间营业时间快递春节放假通知美食贝果三明治春节放假通知贝果贝果西餐蛇口欢欢贝果春节早餐深圳早餐好吃好吃午餐午餐健康健康中国中国过年美食面包店#咖啡 ...全文,iPhone,"[""https://wx3.sinaimg.cn/orj360/93e08967gy1hmjlmewbpfj21831qd0zn.jpg"", ""https://wx1.sinaimg.cn/orj360/93e08967gy1hmjlmfyarsj21831qdhdv.jpg"", ""https://wx2.sinaimg.cn/orj360/93e08967gy1hmjlmh3k7tj21831qdkjn.jpg""]",B2094252D56FA5F8419B
2024/2/5 17:05,4998102501818891,2480965991,春节贝果做经典纽约贝果三明治 贝果贝果三明治美食贝果三明治贝果三明治神仙搭配贝果蛇口欢欢贝果春节红色中国中国深圳深圳好吃好吃健康健康欢欢贝果广东广东西餐早餐早餐午餐午餐 ...全文,iPhone,["https://wx3.sinaimg.cn/orj360/93e08967gy1hmip7k5d04j211u0rmwl2.jpg"],B2094252D56FA5F8419B
2024/1/3 18:25,4986163779865018,5304579851,蒜香芝士真的是沾鞋垫都好吃，朋友推的这个都不夸张，就是蒜味有点上头 深圳·欢欢贝果HHBAGELS(南海玫瑰花园二期店),HarmonyOS设备,[],B2094252D56FA5F8419B
2023/12/17 14:46,4979948060672109,2480965991,来HH一起喜迎圣诞?????? 美食是永远治愈人心的魔法，欢欢贝果给宝子们带来一系列新品。 1.墨西哥风味的双肉饼贝果三明治，肉饼的汁水融合墨西哥辣椒配上芝士片，让寒冷的冬季，身体也充满了能量??和温暖 2.草莓缤纷拿铁??，一款俘获少男少女的美味暖咖，多好喝我不说，得你们来尝过才懂[666] ...全文,圣诞节超话,"[""https://wx2.sinaimg.cn/orj360/93e08967gy1hkws8m6oj3j235s2dcb2b.jpg"", ""https://wx4.sinaimg.cn/orj360/93e08967gy1hkws8ov0s0j22dc35s7wj.jpg"", ""https://wx3.sinaimg.cn/orj360/93e08967gy1hkws8rcmvdj22b93317wj.jpg"", ""https://wx2.sinaimg.cn/orj360/93e08967gy1hkws8k6msbj22b93314qr.jpg"", ""https://wx4.sinaimg.cn/orj360/93e08967gy1hkws8ux1fxj22dc35s7wk.jpg"", ""https://wx4.sinaimg.cn/orj360/93e08967gy1hkws8vmfanj21ba0zgtwl.jpg""]",B2094252D56FA5F8419B
2023/12/5 10:23,4975533125535254,5304579851,还是理解不了贝果为什么好吃，虽然贝果配芝士确实很香奶香也很浓郁，但是吃完没有吃美食的幸福感 深圳·欢欢贝果HHBAGELS(南海玫瑰花园二期店),HarmonyOS设备,[],B2094252D56FA5F8419B
2023/11/16 10:56,4968656104325316,2480965991,????新潮彩色贝果，限量出炉??亲临门店，或备注外送，抢鲜体验，先到先得[哇][哇] 贝果抢鲜体验贝果欢欢贝果蛇口美食分享不可辜负的美食分享美食分享爱美食分享官 深圳·欢欢贝果HHBAGELS(南海玫瑰花园二期店) 欢欢贝果HHBAGELS的微博视频,iPhone客户端,[],B2094252D56FA5F8419B
2023/11/7 17:06,4965487612268934,2480965991,??康普茶，健康生活的良伴。[打call]清新口感，舒缓身心。[哇]一杯在手，活力四溢！????美食分享分享美食分享爱蛇口欢欢贝果茶 深圳·欢欢贝果HHBAGELS(南海玫瑰花园二期店),iPhone客户端,"[""https://wx1.sinaimg.cn/orj360/93e08967gy1hjmneox6pgj20od0whdp8.jpg"", ""https://wx4.sinaimg.cn/orj360/93e08967gy1hjmnepiq6ij20nz0vyqcv.jpg"", ""https://wx1.sinaimg.cn/orj360/93e08967gy1hjmneoed9ej20sn126qf1.jpg""]",B2094252D56FA5F8419B
2023/10/30 14:38,4962551278602594,1971003021,欢欢贝果??好久不见 深圳·欢欢贝果HHBAGELS(南海玫瑰花园二期店),iPhone客户端,["https://wx2.sinaimg.cn/orj360/757b1e8dgy1hjda8n3lfcj20u0140qcv.jpg"],B2094252D56FA5F8419B
2023/8/4 12:50,4930996523244910,7804438296,好喜欢这个校卡！深圳中考 深圳·欢欢贝果HHBAGELS(南海玫瑰花园二期店),nova4e 3200W立体美颜,["https://wx2.sinaimg.cn/orj360/008waCV2gy1hgkm88b0ufj34cg39cnph.jpg"],B2094252D56FA5F8419B
2023/7/17 13:43,4924486773640811,2480965991,7月17日至21日，我们的墨西哥辣椒车打芝士+任一贝果仅售19.9元。您可以通过我们的小程序在三家门店预订用餐，使用外带和外送服务。 餐车贝果西餐西餐西餐蛇口深圳深圳活动打折车打奶油芝士欢欢贝果深圳·欢欢贝果HH BAGELS(太子湾店) ...全文,iPhone,["https://wx3.sinaimg.cn/orj360/93e08967gy1hfzuhd155pj23402c0e83.jpg"],B2094252D56FA5F8419B
2023/6/3 12:45,4908527032467722,6482026125,吃到好吃的我be like?????? 不可辜负的美食 深圳·欢欢贝果HHBAGELS(南海玫瑰花园二期店),nova7Pro你在焦点在,["https://wx2.sinaimg.cn/orj360/0074FV6tgy1hekxn24g4ij30tz1d9qv5.jpg"],B2094252D56FA5F8419B
2023/6/2 16:01,4908214070809576,2480965991,欢欢贝果充值活动 到目前为止，有非常多的顾客朋友们注册并且使用我们的小程序，这段时间，也有很多顾客朋友们给我们建议：例如推出一些充值活动，更新一下小程序的整体设计，色调等，我们收集了全部的建议，然后讨论了很久，调整了我们的小程序整体的设计色调，同时决定在本身会员俱乐部的基础上，增 ...全文,iPhone,["https://wx4.sinaimg.cn/orj360/93e08967gy1hejxkoikt6j23402c0x6q.jpg"],B2094252D56FA5F8419B
2023/5/30 10:59,4907050968025077,5057006619,吃贝果??的甜果[嘻嘻] 深圳·欢欢贝果HHBAGELS(南海玫瑰花园二期店),iPhone客户端,"[""https://wx3.sinaimg.cn/orj360/005weGqTgy1heg82d0y92j32c0340x6q.jpg"", ""https://wx3.sinaimg.cn/orj360/005weGqTgy1heg82euczyj32c03407wi.jpg"", ""https://wx2.sinaimg.cn/orj360/005weGqTgy1heg82f7pnfj31400u07ba.jpg"", ""https://wx4.sinaimg.cn/orj360/005weGqTgy1heg82o1ltzj33402c0e85.jpg""]",B2094252D56FA5F8419B
2023/5/29 14:15,4906737746315560,2480965991,我们的小程序更新了 自从我们推出了新的小程序，它使我们尊敬的顾客更容易订购。您可能已经知道，您可以使用我们的小程序从我们的欢欢贝果（全国快递）在全国范围内送货，在我们所有的餐厅用餐，并且最重要的是-同城配送。 贝果贝果深圳深圳欢欢贝果hhbagels餐车小程序 ...全文,iPhone,"[""https://wx1.sinaimg.cn/orj360/93e08967gy1hef82i0eikj20v91vo7nq.jpg"", ""https://wx2.sinaimg.cn/orj360/93e08967gy1hef82io0i2j20v91votvo.jpg"", ""https://wx4.sinaimg.cn/orj360/93e08967gy1hef82jflenj20v91vo194.jpg""]",B2094252D56FA5F8419B
2023/5/20 15:17,4903492081156413,5586979479,暑气在入口瞬间消失[有票了] 深圳·欢欢贝果HHBAGELS(南海玫瑰花园二期店),iPhone客户端,"[""https://wx4.sinaimg.cn/orj360/00666oAfgy1he4vcw4d1ej32c0340qv6.jpg"", ""https://wx4.sinaimg.cn/orj360/00666oAfgy1he4vcxp5a0j32c0340e82.jpg""]",B2094252D56FA5F8419B
2023/5/3 14:29,4897319335757451,1822735755,五一这样过 深圳·欢欢贝果HHBAGELS(南海玫瑰花园二期店),iPhone客户端,"[""https://wx3.sinaimg.cn/orj360/6ca4bd8bgy1hdkdyeoyv4j21430rpwps.jpg"", ""https://wx4.sinaimg.cn/orj360/6ca4bd8bgy1hdl6ftnbesj21900u00xq.jpg"", ""https://wx1.sinaimg.cn/orj360/6ca4bd8bgy1hdl64m4u3rj21900u0n24.jpg"", ""https://wx1.sinaimg.cn/orj360/6ca4bd8bgy1hdkdwe63xnj21900u0djw.jpg"", ""https://wx4.sinaimg.cn/orj360/6ca4bd8bgy1hdkdz0nlwgj20u01407ao.jpg"", ""https://wx3.sinaimg.cn/orj360/6ca4bd8bgy1hdke0x09xfj20u0140tcn.jpg"", ""https://wx1.sinaimg.cn/orj360/6ca4bd8bgy1hdke0xd0e4j20u0140aff.jpg"", ""https://wx4.sinaimg.cn/orj360/6ca4bd8bgy1hdl63uscozj213u0tuju3.jpg"", ""https://wx3.sinaimg.cn/orj360/6ca4bd8bgy1hdl63yy19mj20u0140wju.jpg""]",B2094252D56FA5F8419B
2023/2/25 0:00,4872820557615012,2480965991,在我们蛇口店购买6个贝果，不仅可以享受7元的优惠，同时可获赠赠一袋花生糖。犹太人的深圳欢欢贝果蛇口花生糖贝果优惠蛇口花生糖糖面包面包贝果西餐健康食品shenzhenhhbagelschina免费shekou 深圳·欢欢贝果HHBAGELS(南海玫瑰花园二期店),iPhone,"[""https://wx4.sinaimg.cn/orj360/93e08967gy1hbf0pwm3k4j21900u07ch.jpg"", ""https://wx4.sinaimg.cn/orj360/93e08967gy1hbf0q06mj4j21900u0jzm.jpg""]",B2094252D56FA5F8419B
2023/1/11 13:08,4856711377061268,2480965991,比萨 Pizza bagel蛇口面包比萨贝果欢欢贝果贝果shenzhenchinashekou贝果贝果健康食品咖啡比萨贝果 深圳·欢欢贝果HHBAGELS(南海玫瑰花园二期店),iPhone,["https://wx1.sinaimg.cn/orj360/93e08967gy1h9zmmdu7rjj21hc141ncp.jpg"],B2094252D56FA5F8419B
2022/12/18 8:11,4847939464472832,7541107372,分享图片 深圳·欢欢贝果HHBAGELS(南海玫瑰花园二期店),iPhone客户端,"[""https://wx2.sinaimg.cn/orj360/008elIw4gy1h97n8z4c69j318k0u07j7.jpg"", ""https://wx2.sinaimg.cn/orj360/008elIw4gy1h97n907o9dj31400u0woj.jpg"", ""https://wx3.sinaimg.cn/orj360/008elIw4gy1h97n9104kyj31400u0n6r.jpg""]",B2094252D56FA5F8419B
2022/11/24 10:58,4839284131502167,2158656485,如果刚好在南山 如果你也爱贝果 那这一家可以一试? 贝果 深圳·欢欢贝果HHBAGELS(南海玫瑰花园二期店),HUAWEI P30 Pro,"[""https://wx2.sinaimg.cn/orj360/80aa7be5gy1h8g17k0f68j235s35su0z.jpg"", ""https://wx4.sinaimg.cn/orj360/80aa7be5gy1h8g17sssnpj235s35shdv.jpg""]",B2094252D56FA5F8419B
2022/11/7 23:10,4833307793824721,6401504873,??最近真的疯狂迷恋上了贝果！！有没有一样的集美？我周围的朋友每天早上都自己做贝果，选各种味道的奶酪搭配，看来我也得安排起来了！！??周末去打卡了深圳坠好吃的贝果之一！！ ??白芝麻贝果?蜂蜜核桃奶酪：服务员每一份都会给你加热，里面是热乎乎，外面焦脆，好好吃！搭配上甜甜的蜂蜜核桃 ...全文,iPhone 12 Pro Max,"[""https://wx4.sinaimg.cn/orj360/006Ze3QBgy1h7wyfbi0ovj32bc334qv6.jpg"", ""https://wx4.sinaimg.cn/orj360/006Ze3QBgy1h7wyff3jo9j32bc3347wj.jpg"", ""https://wx1.sinaimg.cn/orj360/006Ze3QBgy1h7wyfhatfgj32bc334b2b.jpg"", ""https://wx3.sinaimg.cn/orj360/006Ze3QBgy1h7wyfiji0dj32c02c0e82.jpg"", ""https://wx2.sinaimg.cn/orj360/006Ze3QBgy1h7wyfk25cej32c02c0b2a.jpg"", ""https://wx4.sinaimg.cn/orj360/006Ze3QBgy1h7wyfa0iy4j32bc334u0y.jpg"", ""https://wx1.sinaimg.cn/orj360/006Ze3QBgy1h7wyfkx1gnj32c02c0qv5.jpg"", ""https://wx2.sinaimg.cn/orj360/006Ze3QBgy1h7wyfcqmrnj32c02c07wi.jpg"", ""https://wx1.sinaimg.cn/orj360/006Ze3QBgy1h7wyfm90nej32c02c04qq.jpg""]",B2094252D56FA5F8419B
2022/11/7 15:23,4833190294850325,2248322384,无处可逃啊 如果对自己的愤怒感还是觉得无法控制 一定是还没有学会方法 会找到的 深圳·欢欢贝果HHBAGELS(南海玫瑰花园二期店),iPhone客户端,"[""https://wx1.sinaimg.cn/orj360/8602ad50gy1h7wlc0dpquj22c0340npe.jpg"", ""https://wx1.sinaimg.cn/orj360/8602ad50gy1h7wlc7skw9j22c0340qv6.jpg""]",B2094252D56FA5F8419B
2022/10/17 10:43,4825509609866367,7794866560,吃个贝果早餐 深圳·欢欢贝果HHBAGELS(南海玫瑰花园二期店),iPhone客户端,"[""https://wx3.sinaimg.cn/orj360/008vwsScgy1h78384vihvj320b2oe7cu.jpg"", ""https://wx3.sinaimg.cn/orj360/008vwsScgy1h78386sc2tj32bc334u0x.jpg"", ""https://wx2.sinaimg.cn/orj360/008vwsScgy1h78388j0xzj32dc35su0y.jpg"", ""https://wx2.sinaimg.cn/orj360/008vwsScgy1h78389iyhyj32c0340npe.jpg"", ""https://wx3.sinaimg.cn/orj360/008vwsScgy1h7838aks7uj32bj33e1ky.jpg"", ""https://wx3.sinaimg.cn/orj360/008vwsScgy1h7838brv4cj32772xl7wi.jpg"", ""https://wx2.sinaimg.cn/orj360/008vwsScgy1h7838dtyndj32c0340qv6.jpg""]",B2094252D56FA5F8419B
2022/9/18 12:08,4815021768706634,1287944180,Bagel day???? 深圳·欢欢贝果HHBAGELS(南海玫瑰花园二期店),iPhone客户端,["https://wx4.sinaimg.cn/orj360/4cc477f4gy1h6amosy1ctj20sk0ledhb.jpg"],B2094252D56FA5F8419B
2022/9/15 8:14,4813875818008193,2684834931,难得早起买贝果 店员好像没睡醒 深圳·欢欢贝果HHBAGELS(南海玫瑰花园二期店),HUAWEI Mate 40 Pro,["https://wx3.sinaimg.cn/orj360/a0075473gy1h66z25chhxj21400u0dj1.jpg"],B2094252D56FA5F8419B
2022/8/14 22:08,4802489226889612,1736921120,又來啦?? 深圳·欢欢贝果HHBAGELS(南海玫瑰花园二期店),iPhone,"[""https://wx4.sinaimg.cn/orj360/67875020gy1h56nd5lokcj22c03407wj.jpg"", ""https://wx2.sinaimg.cn/orj360/67875020gy1h56nd3wi93j20wi1lsh47.jpg"", ""https://wx1.sinaimg.cn/orj360/67875020gy1h56ndeii47j21o0280kjm.jpg"", ""https://wx1.sinaimg.cn/orj360/67875020gy1h56nd904aqj22c02c07wi.jpg"", ""https://wx3.sinaimg.cn/orj360/67875020gy1h56nda6yg8j22c02c0npd.jpg"", ""https://wx2.sinaimg.cn/orj360/67875020gy1h56nd7nen3j21o0280e82.jpg""]",B2094252D56FA5F8419B
2022/7/31 10:44,4797243603813600,6406075445,[音乐][音乐][音乐]双份早餐的周日[音乐][音乐][音乐] [音乐]今早的第二份早餐&感觉自己很小资系列??一大早就畅饮（其实是绿茶这扎啤杯真唬人，20块贵死了还用的茶包[揣手]）肉桂贝果好吃的！热乎的，咱就是爱这种有嚼劲的不甜的全麦系列~就是肉桂再多点就更好了。另外这家店的咖啡的量，我是真的爱 ...全文,iPhone X,"[""https://wx2.sinaimg.cn/orj360/006ZxeRvgy1h4pwp7xcmej32c0340b2a.jpg"", ""https://wx4.sinaimg.cn/orj360/006ZxeRvgy1h4pwpae2b4j32c0340x6p.jpg"", ""https://wx3.sinaimg.cn/orj360/006ZxeRvgy1h4pwpc2ya2j32c0340npd.jpg"", ""https://wx3.sinaimg.cn/orj360/006ZxeRvgy1h4pwpg5fqlj315s0vc46b.jpg"", ""https://wx1.sinaimg.cn/orj360/006ZxeRvgy1h4pwpf2mphj315s0vc7cc.jpg"", ""https://wx2.sinaimg.cn/orj360/006ZxeRvgy1h4pwpfnjmvj30vc15s484.jpg"", ""https://wx1.sinaimg.cn/orj360/006ZxeRvgy1h4pzlc8xgyj33402c01kz.jpg"", ""https://wx3.sinaimg.cn/orj360/006ZxeRvgy1h4pzlecshtj32c03401ky.jpg"", ""https://wx2.sinaimg.cn/orj360/006ZxeRvgy1h4pzlinkrcj32c0340kjm.jpg""]",B2094252D56FA5F8419B
2022/7/19 11:37,4792908240130299,2016590895,又热又累，想吃甜喝冰。 想着在欢欢贝果??附近，来都来了，正事没办成，又去了五十大洋????♀?。 我牙口已经算很好的了，还是会觉得它家贝果太有韧劲了。美式就是普通没什么风味。 生意这么好也是不太理解，是Tims它开太少了吗。。还是我应该点咸口的？ 深圳·欢欢贝果HHBAGELS(南海玫瑰花园二期店),iPhone客户端,"[""https://wx1.sinaimg.cn/orj360/7832bc2fgy1h4c2rid341j230r29k4qs.jpg"", ""https://wx3.sinaimg.cn/orj360/7832bc2fgy1h4c2rfj22gj23402c07wk.jpg"", ""https://wx4.sinaimg.cn/orj360/7832bc2fgy1h4c2rku3vwj231y2ag7wk.jpg"", ""https://wx4.sinaimg.cn/orj360/7832bc2fgy1h4c2rn6fogj23402c01kz.jpg"", ""https://wx2.sinaimg.cn/orj360/7832bc2fgy1h4c2rpmsl6j23402c07wj.jpg"", ""https://wx4.sinaimg.cn/orj360/7832bc2fgy1h4c2rrq5wej23402c0hdv.jpg"", ""https://wx4.sinaimg.cn/orj360/7832bc2fgy1h4c2rto386j231p2a9kjn.jpg"", ""https://wx4.sinaimg.cn/orj360/7832bc2fgy1h4c2rvp3m3j22y327k1kz.jpg"", ""https://wx4.sinaimg.cn/orj360/7832bc2fgy1h4c2rwz7cpj2096096jrz.jpg""]",B2094252D56FA5F8419B
2022/7/8 12:04,4788928790402866,5180467051,又又又又想吃贝果了?? 深圳·欢欢贝果HHBAGELS(南海玫瑰花园二期店),iPhone,"[""https://wx4.sinaimg.cn/orj360/005EAI8bgy1h3zdzieueoj31400u0wly.jpg"", ""https://wx4.sinaimg.cn/orj360/005EAI8bgy1h3zdzdk2c6j30u00u045t.jpg""]",B2094252D56FA5F8419B
2022/6/19 22:47,4782205178744572,2780257451,[开学季] 深圳·欢欢贝果HHBAGELS(南海玫瑰花园二期店),iPhone客户端,"[""https://wx1.sinaimg.cn/orj360/a5b75cabgy1h3dxs7eykmj22c0340qv6.jpg"", ""https://wx3.sinaimg.cn/orj360/a5b75cabgy1h3dxs94858j22c0340npe.jpg"", ""https://wx1.sinaimg.cn/orj360/a5b75cabgy1h3dxsbhd4tj23402c0u0y.jpg""]",B2094252D56FA5F8419B
2022/6/6 12:28,4777338552451451,5943667370,无聊的城市里，还好有些有趣的朋友～ 深圳·欢欢贝果HHBAGELS(南海玫瑰花园二期店),iPhone客户端,"[""https://wx3.sinaimg.cn/orj360/006uf1oKgy1h2yeqip3bkj31hc1r44qp.jpg"", ""https://wx2.sinaimg.cn/orj360/006uf1oKgy1h2yeqd6dauj322o3401kz.jpg"", ""https://wx4.sinaimg.cn/orj360/006uf1oKgy1h2yeqjfdvuj316p1s1wut.jpg"", ""https://wx2.sinaimg.cn/orj360/006uf1oKgy1h2yeqf2c29j322o3401ky.jpg"", ""https://wx4.sinaimg.cn/orj360/006uf1oKgy1h2yeqgskiyj322o3404qq.jpg"", ""https://wx4.sinaimg.cn/orj360/006uf1oKgy1h2yeq5nq1nj322o3404qq.jpg"", ""https://wx4.sinaimg.cn/orj360/006uf1oKgy1h2yeqk19clj316p1s14dl.jpg"", ""https://wx3.sinaimg.cn/orj360/006uf1oKgy1h2yeqa8h6aj31kw2dc4qq.jpg"", ""https://wx3.sinaimg.cn/orj360/006uf1oKgy1h2yeqm24n0j32c03401kz.jpg""]",B2094252D56FA5F8419B
2022/5/13 22:30,4768792590157517,2598363451,我太喜欢深圳地铁二号线两端了 “贝果之于纽约，如同法棍之于巴黎、肉桂卷之于芬兰”，这次算是尝到纽约味道了 贝果深圳探店蛇口 深圳·欢欢贝果HHBAGELS(南海玫瑰花园二期店),iPhone 11,"[""https://wx2.sinaimg.cn/orj360/9adfe13bgy1h275a2yaxkj23402c0qv8.jpg"", ""https://wx3.sinaimg.cn/orj360/9adfe13bgy1h275a4k4kgj21xa1fykjl.jpg"", ""https://wx2.sinaimg.cn/orj360/9adfe13bgy1h275a8t7obj23402c0e86.jpg"", ""https://wx3.sinaimg.cn/orj360/9adfe13bgy1h275ahk5b9j22c03407wl.jpg"", ""https://wx1.sinaimg.cn/orj360/9adfe13bgy1h275aj18x7j23402c0npd.jpg"", ""https://wx3.sinaimg.cn/orj360/9adfe13bgy1h275al9l1rj23402c04qs.jpg"", ""https://wx3.sinaimg.cn/orj360/9adfe13bgy1h275ddynzuj23402c01kz.jpg"", ""https://wx3.sinaimg.cn/orj360/9adfe13bgy1h275dgo8arj23402c04qr.jpg"", ""https://wx2.sinaimg.cn/orj360/9adfe13bgy1h275dise5jj23402c0x6q.jpg""]",B2094252D56FA5F8419B
2022/5/7 11:45,4766455914040866,1730095631,?? 深圳·欢欢贝果HHBAGELS(南海玫瑰花园二期店),iPhone客户端,"[""https://wx4.sinaimg.cn/orj360/671f2a0fgy1h1zozlts1rj22io1w0u0x.jpg"", ""https://wx3.sinaimg.cn/orj360/671f2a0fgy1h1zozmo2x7j21401dzk0q.jpg"", ""https://wx1.sinaimg.cn/orj360/671f2a0fgy1h1zoznmrk4j21401dznak.jpg"", ""https://wx3.sinaimg.cn/orj360/671f2a0fgy1h1zozk8mj6j21401e0qad.jpg""]",B2094252D56FA5F8419B
2022/4/25 15:05,4762157667063404,5995307953,深圳探店 这家??绝了！ 深圳·欢欢贝果HHBAGELS(南海玫瑰花园二期店),iPhone 12 Pro Max,"[""https://wx1.sinaimg.cn/orj360/006xJHtngy1h1lzcjavtjj32c0340npe.jpg"", ""https://wx4.sinaimg.cn/orj360/006xJHtngy1h1lzcl4dg7j31mx26k1kx.jpg"", ""https://wx2.sinaimg.cn/orj360/006xJHtngy1h1lzch6o1fj32c0340qv5.jpg"", ""https://wx2.sinaimg.cn/orj360/006xJHtngy1h1lzcm29e0j31k122p1kx.jpg""]",B2094252D56FA5F8419B
2022/4/16 14:48,4758891961781844,1414004450,欢欢贝果?? 深圳·欢欢贝果HHBAGELS(南海玫瑰花园二期店),Android,"[""https://wx2.sinaimg.cn/orj360/5447fee2gy1h1bk8btuc4j23co4gwnph.jpg"", ""https://wx1.sinaimg.cn/orj360/5447fee2gy1h1bk8lt5dyj24gw3cou10.jpg"", ""https://wx3.sinaimg.cn/orj360/5447fee2gy1h1bk9maugnj23co4gwe85.jpg"", ""https://wx4.sinaimg.cn/orj360/5447fee2gy1h1bk9130bmj23co4gwb2f.jpg"", ""https://wx3.sinaimg.cn/orj360/5447fee2gy1h1bk9esavpj24gw3cou0z.jpg"", ""https://wx4.sinaimg.cn/orj360/5447fee2gy1h1bka27qr9j23402c0e83.jpg"", ""https://wx2.sinaimg.cn/orj360/5447fee2gy1h1bkay8amjj24gw3co7wn.jpg"", ""https://wx1.sinaimg.cn/orj360/5447fee2gy1h1bkaeqaaxj23co4gwkjp.jpg"", ""https://wx1.sinaimg.cn/orj360/5447fee2gy1h1bkamwoxbj22c03401l0.jpg""]",B2094252D56FA5F8419B
2022/4/16 13:50,4758877377400930,1414004450,欢欢贝果?? 深圳·欢欢贝果HHBAGELS(南海玫瑰花园二期店),Android,"[""https://wx3.sinaimg.cn/orj360/5447fee2gy1h1bhxi6ks0j20u0140n3c.jpg"", ""https://wx1.sinaimg.cn/orj360/5447fee2gy1h1bhxj2cg9j20u01407al.jpg"", ""https://wx3.sinaimg.cn/orj360/5447fee2gy1h1bi4mb1lxj21400u0434.jpg"", ""https://wx3.sinaimg.cn/orj360/5447fee2gy1h1bimmra71j21400u0aet.jpg""]",B2094252D56FA5F8419B
2022/4/4 11:55,4754499736439913,6461620861,贝果的口感主要是结实，吃完以后顶饿，我主要是喜欢它的口感，这家店也是慕名而来。 「贝果配大蒜香草奶油芝士」它家的招牌，虽然里面有大蒜，吃完担心满嘴臭味，但实际上真香，打碎以后吃起来的感觉像酱，口感和贝果搭配起来互补。 「贝果配上熏三文鱼」这价格我看错了，大众点评推荐菜上写10元，结果 ...全文,iPhone客户端,"[""https://wx1.sinaimg.cn/orj360/0073iiLjgy1h0xjuzahmhj30u0140dn0.jpg"", ""https://wx3.sinaimg.cn/orj360/0073iiLjgy1h0xjv09tb9j30u0140dqr.jpg"", ""https://wx1.sinaimg.cn/orj360/0073iiLjgy1h0xjv11v3rj31400u012c.jpg"", ""https://wx4.sinaimg.cn/orj360/0073iiLjgy1h0xjuyjq8sj30u0140wnz.jpg"", ""https://wx4.sinaimg.cn/orj360/0073iiLjgy1h0xjv2le6mj30u0140aji.jpg"", ""https://wx1.sinaimg.cn/orj360/0073iiLjgy1h0xjv3hzjwj30u0140n7p.jpg"", ""https://wx2.sinaimg.cn/orj360/0073iiLjgy1h0xjv4bkelj30u0140tgd.jpg""]",B2094252D56FA5F8419B
2022/4/2 15:44,4753832674067581,2480965991,我们已经完全开放堂食和所有的外卖平台。我们的营业时间是周一到周五早上8点至下午五点，周六周日早上八点至下午六点。在假期期间享受正宗的纽约贝果蛇口贝果欢欢贝果HHBAGELS深圳贝果面包面包shenzhen西餐西餐健康食品 ...全文,iPhone,"[""https://wx4.sinaimg.cn/orj360/93e08967gy1h0vf5nxdu0j21401e0qer.jpg"", ""https://wx3.sinaimg.cn/orj360/93e08967gy1h0vf5nj6uzj20by0by76f.jpg"", ""https://wx3.sinaimg.cn/orj360/93e08967gy1h0vf5o7zroj20m80m8jsm.jpg"", ""https://wx1.sinaimg.cn/orj360/93e08967gy1h0vf5olsibj207s07saa4.jpg""]",B2094252D56FA5F8419B
2022/4/1 13:56,4753442914700446,7749026491,太好吃了?? 深圳·欢欢贝果HHBAGELS(南海玫瑰花园二期店),iPhone客户端,"[""https://wx1.sinaimg.cn/orj360/008sq7Mfgy1h0u6gwz590j30fq14xn45.jpg"", ""https://wx1.sinaimg.cn/orj360/008sq7Mfgy1h0u6gy6yokj30u019pdte.jpg"", ""https://wx2.sinaimg.cn/orj360/008sq7Mfgy1h0u6gyup2pj31400u0gug.jpg"", ""https://wx2.sinaimg.cn/orj360/008sq7Mfgy1h0u6gztic5j30u015ttjy.jpg"", ""https://wx3.sinaimg.cn/orj360/008sq7Mfgy1h0u6h0kbtuj30u0103tgi.jpg"", ""https://wx1.sinaimg.cn/orj360/008sq7Mfgy1h0u6h19awaj30u0124guv.jpg"", ""https://wx1.sinaimg.cn/orj360/008sq7Mfgy1h0u6h1v8h1j30n00unqbp.jpg"", ""https://wx2.sinaimg.cn/orj360/008sq7Mfgy1h0u6h2roc3j30u0140gvc.jpg"", ""https://wx4.sinaimg.cn/orj360/008sq7Mfgy1h0u6h3q6ahj30u01bwk35.jpg""]",B2094252D56FA5F8419B
2022/3/26 13:48,4751266766652527,3666306991,吃到了好吃的贝果??哎！！！！ 深圳·欢欢贝果HHBAGELS(南海玫瑰花园二期店),iPhone客户端,"[""https://wx3.sinaimg.cn/orj360/da8767afgy1h0n8d83szej20u0140dp3.jpg"", ""https://wx2.sinaimg.cn/orj360/da8767afgy1h0n8d8wy30j20u0140dod.jpg"", ""https://wx1.sinaimg.cn/orj360/da8767afgy1h0n8d751zkj20u014011t.jpg"", ""https://wx4.sinaimg.cn/orj360/da8767afgy1h0n8d9za0tj20u0140wm1.jpg"", ""https://wx4.sinaimg.cn/orj360/da8767afgy1h0n8dbexf1j20u0140q95.jpg"", ""https://wx2.sinaimg.cn/orj360/da8767afgy1h0n8dey4odj20u0140gto.jpg"", ""https://wx1.sinaimg.cn/orj360/da8767afgy1h0n8d5pejqj20u014049s.jpg"", ""https://wx3.sinaimg.cn/orj360/da8767afgy1h0n8das6poj20u0140do9.jpg"", ""https://wx2.sinaimg.cn/orj360/da8767afgy1h0n8dc5rjbj20u0140wlv.jpg""]",B2094252D56FA5F8419B
2022/3/25 15:27,4750929239478060,2480965991,我们已经恢复了 50 %的堂食了。（希望不会再有变动）同时也恢复正常的营业时间：周一至周五上午 8 点到下午5点，周六周日早上 8 点到下午 6 点. 如有任何疑问，请在工作时间中拨打我们的电话2683-9259. 希望能很快见到你！ 蛇口贝果hhbagels欢欢贝果深圳贝果面包 ...全文,iPhone,["https://wx1.sinaimg.cn/orj360/93e08967gy1h0m5pkynt1j20fa0a775o.jpg"],B2094252D56FA5F8419B
2022/3/22 15:30,4749842855759734,2480965991,欢欢贝果已经营业了。目前只能进行外带，依然不可以堂食。想要堂食的朋友可以关注我们的微信公众随时获取最新消息。也可以在营业期间致电2683-9259。目前门店的营业时间为上午8点-下午4点。我们将尽快恢复正常营业状态。谢谢你们的支持！ HHB Restaurant is open!!! We were open for dine in and the ...全文,iPhone,["https://wx1.sinaimg.cn/orj360/93e08967gy1h0ioyj3kz7j207305h3yj.jpg"],B2094252D56FA5F8419B
2022/3/19 14:01,4748733097186435,2480965991,在这个艰难的时刻，我们依然在营业的，全国大范围都可以运送正宗的纽约贝果，奶油奶酪。现在我们甚至在周末发货，向小程序下订单，请扫描二维码。HHBagels 欢欢贝果 蛇口hhbagels欢欢贝果贝果深圳深圳贝果面包面包shenzhen西餐健康食品 ...全文,iPhone,"[""https://wx3.sinaimg.cn/orj360/93e08967gy1h0f5gcxj3hj20k00f0adn.jpg"", ""https://wx4.sinaimg.cn/orj360/93e08967gy1h0f5gcl8chj20qq0k476l.jpg""]",B2094252D56FA5F8419B
2022/3/15 18:47,4747355730222631,2480965991,目前对每个人来说都是一个艰难的时候，好在事物是不断变化的。在家吃饭是个好事，所以我们推荐正宗的纽约贝果！我们仍在全国范围内发货。但情况随时都可能变化，所以不要等待。您可以从我们的小程序订购。 It is a difficult time for everyone. Things are constantly changing. It is always a goo ...全文,iPhone,"[""https://wx3.sinaimg.cn/orj360/93e08967gy1h0ardx4epsj20zk0zktcn.jpg"", ""https://wx3.sinaimg.cn/orj360/93e08967gy1h0ardw83dwj20kx0elaay.jpg""]",B2094252D56FA5F8419B
2022/3/13 12:28,4746535478494611,1465030073,我在欢欢贝果 HH Bagels。终于在深圳找到了bagel店！！ 深圳·欢欢贝果HHBAGELS(南海玫瑰花园二期店),iPhone客户端,["https://wx4.sinaimg.cn/orj360/575295b9gy1h0855tkp7pj20u0140wmv.jpg"],B2094252D56FA5F8419B
2022/3/12 17:01,4746241693188977,2480965991,我们很高兴能够摆脱居家隔离，并且向深圳和全中国公民供应贝果。所以我们可以在家吃顿贝果Brunch。真的很幸运我们可以在家吃到贝果和其他菜肴，因为你永远不知道什么时候你会被隔离，所以家里一定要囤点贝果。贝果冷冻保存更好哦！ We are still excited to be out of lockdown and supplying shenzhen ...全文,蛇口超话,"[""https://wx3.sinaimg.cn/orj360/93e08967gy1h077bqn25aj23402c0kjm.jpg"", ""https://wx1.sinaimg.cn/orj360/93e08967gy1h077brlbq3j20zk0zkaeh.jpg""]",B2094252D56FA5F8419B
2022/2/26 12:32,4741100789305450,2480965991,欢欢贝果很高兴地宣布，我们获得了年度面包店奖。对您来说好消息是，如果您来不了我们门店购买，您也可以在线上订购并通过顺丰快递将它们送到您的家里。HH BAGELS is excited to announce we have received bakery of the year award by that's. The excellent news for you is if you are not able to ...全文,iPhone,["https://wx2.sinaimg.cn/orj360/93e08967gy1gzqt037k2kj22c0340x6r.jpg"],B2094252D56FA5F8419B
2021/12/26 17:16,4718704221487177,2480965991,周一是一周的开始，在 欢欢贝果，我们希望您以正确的方式开始您的早餐周。所有菜单食品 7.5折。在上午 8 点至中午 12 点之间前来享受。也许你也会留下来吃午饭！ 报价促销代码：MMM 不能与任何其他折扣同时使用 仅限在餐厅用餐的客人使用贝果贝果面包shenzhen面包健康食品 ...全文,iPhone,["https://wx3.sinaimg.cn/orj360/93e08967gy1gxrcsgih72j20l50hp40o.jpg"],B2094252D56FA5F8419B
2021/12/12 18:05,4713643008068296,2480965991,周一是一周的开始，在 欢欢贝果，我们希望您以正确的方式开始您的早餐周。所有菜单食品 7.5折。在上午 8 点至中午 12 点之间前来享受。也许你也会留下来吃午饭！ 报价促销代码：MMM 不能与任何其他折扣同时使用 仅限在餐厅用餐的客人使用贝果贝果面包shenzhen面包健康食品 ...全文,iPhone,["https://wx4.sinaimg.cn/orj360/93e08967gy1gxb7ixq27oj20ah0e0gn6.jpg"],B2094252D56FA5F8419B
2021/12/11 18:43,4713290188720740,5682424666,据说是贝果天花板，我俩赶到的时候这家店快下班了，我们就把剩下的8个贝果都买走了，结果现场一吃发现我好像没办法接受这种正宗贝果，有点干巴有点硬，有点后悔打包了这么多[允悲]然后急急忙忙吃完赶回去加班，一下午打了四五个电话给我，好想撂挑子啊[允悲] 深圳·欢欢贝果HHBAGELS(南海玫瑰花园二期店),iQOO 7 全感操控,["https://wx4.sinaimg.cn/orj360/006cySeKgy1gxa2wsilfhj32bc334qv6.jpg"],B2094252D56FA5F8419B
2025/12/24 13:31,5247371374233004,7824249677,深圳租房小精灵 东角头 水湾 地铁站，电梯大单间2600 深圳·东角头(地铁站) 深圳租房-真实房源-真实价格的微博视频,深圳租房小精灵超话,[],B2094757D16EA5F84693
2025/6/28 13:50,5182508702370030,1771802913,上海一路中午吃小店 深圳·东角头(地铁站),上海一路超话,"[""https://wx4.sinaimg.cn/orj360/699b9121gy1i2uzzrbbdrj22dc3i0npe.jpg"", ""https://wx1.sinaimg.cn/orj360/699b9121gy1i2v0034o22j22dc3i0npe.jpg"", ""https://wx4.sinaimg.cn/orj360/699b9121gy1i2v007oknvj22dc3i0b2a.jpg"", ""https://wx3.sinaimg.cn/orj360/699b9121gy1i2v00d5ohfj22dc3i07wi.jpg"", ""https://wx4.sinaimg.cn/orj360/699b9121gy1i2v00it0lqj235s2pk4qr.jpg""]",B2094757D16EA5F84693
2025/6/3 12:44,5173432469686748,7842888272,[给你小心心][羞嗒嗒][羞嗒嗒][羞嗒嗒] 深圳·东角头(地铁站) 冬月下祈雪ya的微博视频,微博视频号,[],B2094757D16EA5F84693
2025/5/24 17:02,5169873382808258,7824249677,深圳南山租房 南山区，东角头地铁站 精装单间 2880 深圳·东角头(地铁站) 深圳租房-真实房源-真实价格的微博视频,深圳南山租房超话,[],B2094757D16EA5F84693
2025/5/16 7:56,5166836949716081,7824729049,蛇口东角头2.6米平台玻璃钢绝缘梯137×6011.3413深圳玻璃钢绝缘梯厂家深圳福兴发脚手架厂 现场实拍记录 施工现场实拍 同城装修 深圳·东角头(地铁站) 深圳福兴发脚手架厂的微博视频,iPhone客户端,[],B2094757D16EA5F84693
2025/5/7 7:47,5163573227553174,5625761338,深圳南山租房团东角头地铁站附近 电梯落地大窗 租金3680 深圳·东角头(地铁站) 深圳房子-出租-托管-装修-买卖的微博视频,深圳南山租房团超话,[],B2094757D16EA5F84693
2025/5/5 21:50,5163060579271699,7827599130,深湾之上 于此启幕，实体展示区现已开放 招商望海玥 中国?深圳湾?望海路 目前唯一海景公寓 抢藏资源 深圳·东角头(地铁站),HarmonyOS设备,"[""https://wx1.sinaimg.cn/orj360/008xJO6Sgy1i14ydgsrxdj30u015k166.jpg"", ""https://wx4.sinaimg.cn/orj360/008xJO6Sgy1i14ydgguedj30u01400zl.jpg""]",B2094757D16EA5F84693
2025/4/29 18:25,5160834595292380,3922558531,大兄弟，为什么不要在地铁车厢内饮食就是怕你一个不小心把饮料食物洒在车厢内啊！@深圳地铁 地铁二号线 深圳·东角头(地铁站),iPhone客户端,"[""https://wx3.sinaimg.cn/orj360/e9cd7e43gy1i0xuqxl059j23b04eoqv8.jpg"", ""https://wx2.sinaimg.cn/orj360/e9cd7e43gy1i0xuqts0q1j23b04eou11.jpg""]",B2094757D16EA5F84693
2025/4/24 21:34,5159070160656083,7994006611,今晚和朋友去吃小四川 很辣很爽很刺激 真不错真不错 深圳·东角头(地铁站),Xiaomi 13,"[""https://wx3.sinaimg.cn/orj360/008J02ivgy1i0s84r3lm3j335s2dcx6r.jpg"", ""https://wx3.sinaimg.cn/orj360/008J02ivgy1i0s84tj4t9j335s2dcqv7.jpg"", ""https://wx2.sinaimg.cn/orj360/008J02ivgy1i0s84vyp1ij335s2dc7wk.jpg""]",B2094757D16EA5F84693
2025/4/11 23:06,5154382346193981,6402594205,紧凑的生活里，偶尔来个小聚餐。 深圳·东角头(地铁站),iPhone客户端,"[""https://wx2.sinaimg.cn/orj360/006ZiDetgy1i0d9o1icfjj30zk0k0dhj.jpg"", ""https://wx4.sinaimg.cn/orj360/006ZiDetgy1i0d9nnb0wcj31bf0zkqat.jpg"", ""https://wx2.sinaimg.cn/orj360/006ZiDetgy1i0d9nolg3mj30u01hc7pu.jpg""]",B2094757D16EA5F84693
2025/4/9 20:42,5153621387510364,6316813790,记录吃得最爽的一晚 胖子牛蹄 点了两个小牛蹄加一份面一份娃娃菜 再杂七杂八的烧烤 对象在单位吃饱了 我一个人干了近百块 一定要配瓶冰冻的苹果醋日常美食 好爽，好吃好吃好吃好吃 深圳·东角头(地铁站),Xiaomi 13,"[""https://wx3.sinaimg.cn/orj360/006TuHPogy1i0auc8izuoj32dc35sqv7.jpg"", ""https://wx3.sinaimg.cn/orj360/006TuHPogy1i0auc53ln8j335s2dcx6r.jpg"", ""https://wx4.sinaimg.cn/orj360/006TuHPogy1i0auc16fc5j335s2dcb2b.jpg"", ""https://wx3.sinaimg.cn/orj360/006TuHPogy1i0auca46b9j30u01hcahd.jpg""]",B2094757D16EA5F84693
2025/4/7 0:35,5152592787148120,6316813790,备课备到12点半 真的是拖拖拉拉搞一天 每道题改了又改 怕超纲怕学生不懂，还得举一反三 每个专题都要涉及一些 太不容易了 深圳·东角头(地铁站),Xiaomi 13,["https://wx2.sinaimg.cn/orj360/006TuHPogy1i07k71vvybj30u01uoq7h.jpg"],B2094757D16EA5F84693
2025/4/6 18:40,5152503479145531,6316813790,好贵啊 之前偶尔在公司打 今天在家附近打，一张一块钱 当我发出质疑 老板还说我给你打折了啊 8块钱，好心疼 找题做题都花我好多时间了 打印也要钱 赚130得至少花三小时 深圳·东角头(地铁站),Xiaomi 13,["https://wx2.sinaimg.cn/orj360/006TuHPogy1i079ydiksqj335s2dchdx.jpg"],B2094757D16EA5F84693
2025/4/6 15:07,5152449803847700,6055061426,东头角！ 深圳·东角头(地铁站),iPhone 14 Pro,"[""https://wx3.sinaimg.cn/orj360/006BMq54gy1i073sgmgo4j32c03404qs.jpg"", ""https://wx2.sinaimg.cn/orj360/006BMq54gy1i073si2n71j32c0340hdv.jpg""]",B2094757D16EA5F84693
2025/3/27 23:16,5148949087257639,7575725605,深圳湾海景大平层华侨城新玺 约230-700㎡海景大平层，只为塔尖圈层定制 深圳·东角头(地铁站),Android,["https://wx4.sinaimg.cn/orj360/008gGYiFgy1hzvxosqt1kj31hc0u0nc7.jpg"],B2094757D16EA5F84693
2025/3/27 21:23,5148920607673253,5283639837,为了赚这点b钱我竟然现在才下班！！！！ 深圳·东角头(地铁站),Xiaomi 15 Pro,"[""https://wx2.sinaimg.cn/orj360/005LzC5ngy1hzvugipi2ij30j60j60tn.jpg"", ""https://wx1.sinaimg.cn/orj360/005LzC5ngy1hzvugj2l68j30vi0u0juc.jpg"", ""https://wx1.sinaimg.cn/orj360/005LzC5ngy1hzvugjrpqrj30sg0qdabw.jpg"", ""https://wx4.sinaimg.cn/orj360/005LzC5ngy1hzvugkp3brj30u00tygn2.jpg"", ""https://wx3.sinaimg.cn/orj360/005LzC5ngy1hzvuglcrovj30sg0sg0tp.jpg""]",B2094757D16EA5F84693
2025/3/9 10:45,5142237134720409,7827599130,南山蛇口栖游家园公寓，看海景带花园的学区房，全齐/空房 特价4000元/月 （15天免租期）最后10套拎包入住蛇口租房东角头深圳租房 深圳·东角头(地铁站),荣耀30S 5G 美由芯生,["https://wx4.sinaimg.cn/orj360/008xJO6Sgy1hzaitqie6qj30u01407j8.jpg"],B2094757D16EA5F84693
2025/2/15 23:58,5134464204411368,1657158467,今天几个人一起帮朋友搬家 还指导好友月月来一起「出柜」 这家伙挺卖力的[好的] 深圳·东角头(地铁站),,"[""https://wx1.sinaimg.cn/orj360/62c63b43gy1hylq5r5l7zj23402c0x6r.jpg"", ""https://wx3.sinaimg.cn/orj360/62c63b43gy1hylq5u9l05j22c0340kjm.jpg"", ""https://wx2.sinaimg.cn/orj360/62c63b43gy1hylq5zv0thj2334440qv8.jpg"", ""https://wx4.sinaimg.cn/orj360/62c63b43gy1hylq6ch65tj20u0140aky.jpg"", ""https://wx2.sinaimg.cn/orj360/62c63b43gy1hylq662jz5j23402c0x6r.jpg"", ""https://wx3.sinaimg.cn/orj360/62c63b43gy1hylq66rl96j20u0140wp0.jpg""]",B2094757D16EA5F84693
2025/2/13 14:53,5133602222246163,5565588720,深圳微博房产 南山蛇口望海路.三室??暗黑金总裁风！ 深圳·东角头(地铁站),深圳微博房产超话,"[""https://wx4.sinaimg.cn/orj360/0064EDS0gy1hyiz4udfsxj32c0340x6p.jpg"", ""https://wx3.sinaimg.cn/orj360/0064EDS0gy1hyiz50e1kqj32c0340e82.jpg"", ""https://wx1.sinaimg.cn/orj360/0064EDS0gy1hyiz59whyaj32c0340hdv.jpg"", ""https://wx3.sinaimg.cn/orj360/0064EDS0gy1hyiz5fmlrcj32c0340hdu.jpg"", ""https://wx2.sinaimg.cn/orj360/0064EDS0gy1hyiz5p820xj32c0340npe.jpg"", ""https://wx2.sinaimg.cn/orj360/0064EDS0gy1hyiz611m60j32c0340npe.jpg"", ""https://wx3.sinaimg.cn/orj360/0064EDS0gy1hyiz6gc5jgj32c03401kz.jpg"", ""https://wx3.sinaimg.cn/orj360/0064EDS0gy1hyiz6jaxh1j32c0340u0y.jpg"", ""https://wx1.sinaimg.cn/orj360/0064EDS0gy1hyiz6lwl5jj32c0340x6p.jpg""]",B2094757D16EA5F84693
2025/1/9 10:15,5120848709028852,1978564093,好难吃的菠萝包。 深圳·东角头(地铁站),iPhone,["https://wx3.sinaimg.cn/orj360/75ee7dfdgy1hxeagodfwhj22c03404qq.jpg"],B2094757D16EA5F84693
2024/12/30 16:21,5117317022747009,7827599130,湾厦东角头租房攻略 【栖游家园】 13万平青春活力社区！ 【亮点】花园社区，自带泳池，停车位充足，采光绝佳，30平一房一厅 【周边交通】步行5分钟到深圳湾公园，步行3分钟到东角头地铁站，2个站到海上世界。 【配套学区】：楼下栖游记幼儿园（普惠）、蛇口学校（中小学）南山租房深圳湾租房 ...全文,荣耀畅玩30 Plus,"[""https://wx1.sinaimg.cn/orj360/008xJO6Sgy1hx30qj4vdhj30xc0p046r.jpg"", ""https://wx2.sinaimg.cn/orj360/008xJO6Sgy1hx30qjo05ej31400u043c.jpg""]",B2094757D16EA5F84693
2024/12/29 21:07,5117026413053688,7575725605,中信深圳湾 已在紧张的施工中，预计2025年底推出 多少富豪在关注的打新豪宅？中信元湾府中信东角头深圳豪宅深圳买房 深圳·东角头(地铁站),HarmonyOS设备,["https://wx4.sinaimg.cn/orj360/008gGYiFgy1hx23er25u1j32o03k0b2c.jpg"],B2094757D16EA5F84693
2024/12/28 19:00,5116632197765275,7827599130,重磅消息：绿景白石洲一期旧改（天悦花园）即将选房，几个内部名额签约！ 白石洲二期80平，100平和120平各一套，稀缺名额，买到赚到白石洲旧改白石洲深圳买房深圳楼市 深圳·东角头(地铁站),荣耀畅玩30 Plus,"[""https://wx1.sinaimg.cn/orj360/008xJO6Sgy1hx0u57q5t5j30u01hcwqh.jpg"", ""https://wx2.sinaimg.cn/orj360/008xJO6Sgy1hx0u59a6s4j30u00l8jus.jpg""]",B2094757D16EA5F84693
2024/12/25 18:40,5115539875696459,7827599130,深圳“最牛街道” 后海村旧改，近30万㎡住宅将上新！ 后海村旧改规划发布， 项目建面约43万平米，其中，住宅约28万平，配套一所小学，2所幼儿园；权利人多批已公示，签约70-200平改造后，将是粤海街道近来年较大的商住项目 深圳旧改深圳买房深圳楼市 深圳·东角头(地铁站),荣耀畅玩30 Plus,["https://wx3.sinaimg.cn/orj360/008xJO6Sgy1hwxco09furj30u00m2q8a.jpg"],B2094757D16EA5F84693
2024/12/19 23:44,5113442099004431,6048603995,s d f g 深圳·东角头(地铁站) 真情创哥的微博视频,iPhone客户端,[],B2094757D16EA5F84693
2024/11/2 20:56,5096367561114159,5565588720,深圳微博房产 南山蛇口海景??三室，面朝大海春暖花开！ 深圳·东角头(地铁站),深圳微博房产超话,"[""https://wx4.sinaimg.cn/orj360/0064EDS0gy1hv86tylgu6j32c0340e83.jpg"", ""https://wx2.sinaimg.cn/orj360/0064EDS0gy1hv86u0g16qj32c0340e82.jpg"", ""https://wx4.sinaimg.cn/orj360/0064EDS0gy1hv86u1ptysj32c03401ky.jpg"", ""https://wx4.sinaimg.cn/orj360/0064EDS0gy1hv86u2srgij32c0340x6p.jpg"", ""https://wx4.sinaimg.cn/orj360/0064EDS0gy1hv86u47htnj32c03401ky.jpg"", ""https://wx3.sinaimg.cn/orj360/0064EDS0gy1hv86u5i669j32c0340qv6.jpg"", ""https://wx2.sinaimg.cn/orj360/0064EDS0gy1hv86u6qu4ej32c0340x6q.jpg"", ""https://wx1.sinaimg.cn/orj360/0064EDS0gy1hv86u7ygzlj32c0340npe.jpg"", ""https://wx1.sinaimg.cn/orj360/0064EDS0gy1hv86u98l51j32c0340qv5.jpg""]",B2094757D16EA5F84693
2024/10/18 12:37,5090806225174623,5625761338,深圳南山租房 东角头地铁站，一房一厅3780 深圳·东角头(地铁站) 深圳租房-免中介费的微博视频,深圳南山租房超话,[],B2094757D16EA5F84693
2024/10/15 9:25,5089670805848538,7824249677,深圳南山租房 南山 东角头地铁站 电梯阳台大单间 租3100包网络管理费 深圳·东角头(地铁站) 深圳租房-包租公-房子直租的微博视频,深圳南山租房超话,[],B2094757D16EA5F84693
2024/10/5 18:04,5086177357732102,1765282047,深圳湾中信东角头，等到天荒地老 海枯石烂 等来了28万/㎡，反正开发商卖20万+也不奇怪，品质可以拉满，海景无敌，还有歌剧院加持。 深圳·东角头(地铁站),Xiaomi 14 Pro,"[""https://wx3.sinaimg.cn/orj360/693810ffgy1hubp3vtot0j21400tbgnt.jpg"", ""https://wx4.sinaimg.cn/orj360/693810ffgy1hubp3wnsp1j20y11sd43s.jpg"", ""https://wx4.sinaimg.cn/orj360/693810ffgy1hubp3w7p89j20x60hp3zw.jpg""]",B2094757D16EA5F84693
2024/10/3 19:26,5085473395445991,5565588720,深圳租房 南山蛇口半岛城邦三室，简约风！ 深圳·东角头(地铁站),深圳租房超话,"[""https://wx4.sinaimg.cn/orj360/0064EDS0gy1hu9fnjxtf8j32c0340kjm.jpg"", ""https://wx1.sinaimg.cn/orj360/0064EDS0gy1hu9fnl9y85j32c03404qr.jpg"", ""https://wx3.sinaimg.cn/orj360/0064EDS0gy1hu9fnmoupqj32c0340u0y.jpg"", ""https://wx3.sinaimg.cn/orj360/0064EDS0gy1hu9fnilh9gj32c0340e83.jpg"", ""https://wx1.sinaimg.cn/orj360/0064EDS0gy1hu9fno1qw5j32c0340qv6.jpg"", ""https://wx3.sinaimg.cn/orj360/0064EDS0gy1hu9fnq1p1cj32c03401kz.jpg"", ""https://wx2.sinaimg.cn/orj360/0064EDS0gy1hu9fnrtfzsj32c0340u0y.jpg"", ""https://wx4.sinaimg.cn/orj360/0064EDS0gy1hu9fntfulaj32c03401ky.jpg"", ""https://wx2.sinaimg.cn/orj360/0064EDS0gy1hu9fnvd7nhj32c0340kjm.jpg""]",B2094757D16EA5F84693
2024/10/2 23:07,5085166488521003,5565588720,深圳租房 南山蛇口.枫叶望海???三室，英伦风是你喜欢的调调吗？ 深圳·东角头(地铁站),深圳租房超话,"[""https://wx4.sinaimg.cn/orj360/0064EDS0gy1hu8gent7dij32c0340b2b.jpg"", ""https://wx3.sinaimg.cn/orj360/0064EDS0gy1hu8gep2a7kj32c03404qr.jpg"", ""https://wx3.sinaimg.cn/orj360/0064EDS0gy1hu8geq9bolj32c03407wi.jpg"", ""https://wx3.sinaimg.cn/orj360/0064EDS0gy1hu8gerfjr7j32c03401kz.jpg"", ""https://wx4.sinaimg.cn/orj360/0064EDS0gy1hu8geslwsjj32c0340b2b.jpg"", ""https://wx4.sinaimg.cn/orj360/0064EDS0gy1hu8getsq3aj32c0340b2b.jpg"", ""https://wx3.sinaimg.cn/orj360/0064EDS0gy1hu8gemjqblj32c0340qv7.jpg"", ""https://wx4.sinaimg.cn/orj360/0064EDS0gy1hu8geuuzsaj32c0340u0x.jpg"", ""https://wx4.sinaimg.cn/orj360/0064EDS0gy1hu8gewgyfuj32c03407wj.jpg""]",B2094757D16EA5F84693
2024/9/10 8:32,5076973825033179,1959423917,这是我们南方的蜗牛，想看看你们北方的。 深圳·东角头(地铁站),OPPO Reno12,["https://wx3.sinaimg.cn/orj360/74ca6fadgy1htibhu8ftej20u0140amu.jpg"],B2094757D16EA5F84693
2024/8/17 23:46,5068506574357995,5565588720,深圳租房 南山蛇口枫叶望海公馆.二室 深圳·东角头(地铁站),深圳租房超话,"[""https://wx1.sinaimg.cn/orj360/0064EDS0gy1hsrb1l99dxj32c0340kjm.jpg"", ""https://wx4.sinaimg.cn/orj360/0064EDS0gy1hsrb1nbic9j32c03404qr.jpg"", ""https://wx3.sinaimg.cn/orj360/0064EDS0gy1hsrb1olkk1j32c0340u0y.jpg"", ""https://wx4.sinaimg.cn/orj360/0064EDS0gy1hsrb1qfw93j32c0340qv6.jpg"", ""https://wx3.sinaimg.cn/orj360/0064EDS0gy1hsrb1s46stj32c0340qv6.jpg"", ""https://wx2.sinaimg.cn/orj360/0064EDS0gy1hsrb1tpnbzj32c03407wi.jpg"", ""https://wx1.sinaimg.cn/orj360/0064EDS0gy1hsrb1upckcj32c0340u0x.jpg""]",B2094757D16EA5F84693
2024/8/17 21:58,5068479450057043,6875287176,揭秘！南山深圳湾蛇口，惊现“叙利亚风情”豪宅，76平仅售225万，速来围观！ 嘿，朋友们，今儿个我可不是去中东旅行，而是踏入了咱们深圳最young、最high的富豪聚集地——南山深圳湾蛇口，具体来说，就是那传说中的湾厦路一楼！ 你以为我要带你看的是金碧辉煌的豪宅？No No No！这回 ...全文,微博视频号,[],B2094757D16EA5F84693
2024/8/17 19:45,5068445773991547,5565588720,深圳租房 福田南山蛇口??二室??绿树成荫！ 深圳·东角头(地铁站),深圳租房超话,"[""https://wx2.sinaimg.cn/orj360/0064EDS0gy1hsr41xggr0j32c03404qr.jpg"", ""https://wx1.sinaimg.cn/orj360/0064EDS0gy1hsr41z7ug6j32c0340x6q.jpg"", ""https://wx1.sinaimg.cn/orj360/0064EDS0gy1hsr420jwurj32c0340hdu.jpg"", ""https://wx4.sinaimg.cn/orj360/0064EDS0gy1hsr41l8bqtj32c0340npe.jpg"", ""https://wx2.sinaimg.cn/orj360/0064EDS0gy1hsr421uf3oj32c0340hdu.jpg"", ""https://wx2.sinaimg.cn/orj360/0064EDS0gy1hsr423irikj32c03401ky.jpg""]",B2094757D16EA5F84693
2024/8/5 8:18,5063924221219004,2245855340,短头发到长头发 中间还有个尴尬期[求饶] 想快快把头发留长 变回黑长直[全力以赴] 深圳·东角头(地铁站),iPhone客户端,"[""https://wx3.sinaimg.cn/orj360/85dd086cgy1hscoq4rp1wj20u0140n7h.jpg"", ""https://wx2.sinaimg.cn/orj360/85dd086cgy1hscoq56q92j20u0140gvq.jpg""]",B2094757D16EA5F84693
2024/8/4 3:41,5063492300440982,1613226602,压力好大，不知道是资历不够，还是负债太多，压的喘不过气[生病] 根本弄不清楚自己在做什么，自己想要什么，迷迷糊糊的，家庭和工作都兼顾不了[思考] 谁能介绍几本书让我增进一下自己的认知，让我短期能摆脱现在的瓶颈[污] 压力缓解装修日记压力装修这件事压力越大冰袋越大 ...全文,荣耀Magic V2,"[""https://wx4.sinaimg.cn/orj360/6027e26agy1hsbaqssyxjj22dc35su0y.jpg"", ""https://wx3.sinaimg.cn/orj360/6027e26agy1hsbaqtw6dcj22dc35s7wi.jpg"", ""https://wx2.sinaimg.cn/orj360/6027e26agy1hsbaqur77ij22dc35sb2a.jpg"", ""https://wx4.sinaimg.cn/orj360/6027e26agy1hsbaqvuhrmj22dc35s1ky.jpg"", ""https://wx2.sinaimg.cn/orj360/6027e26agy1hsbaqx1tasj235s2dcnpe.jpg"", ""https://wx3.sinaimg.cn/orj360/6027e26agy1hsbaqz84rkj22dc35sx6q.jpg"", ""https://wx2.sinaimg.cn/orj360/6027e26agy1hsbat3yb6vj235s2dckjm.jpg"", ""https://wx3.sinaimg.cn/orj360/6027e26agy1hsbat374vtj22dc35skjm.jpg"", ""https://wx4.sinaimg.cn/orj360/6027e26agy1hsbatf1jzfj20q40qrq51.jpg""]",B2094757D16EA5F84693
2024/7/17 18:57,5057199871101542,6347203908,彩虹深圳 深圳·东角头(地铁站),iPhone客户端,"[""https://wx1.sinaimg.cn/orj360/006VydGAgy1hrr8hd5i4yj30zu0zu79l.jpg"", ""https://wx1.sinaimg.cn/orj360/006VydGAgy1hrr8hdktjgj30zu0zu7ay.jpg""]",B2094757D16EA5F84693
2024/6/29 23:19,5050742630515315,1659263423,NRC PACER ！！SZ培训计划第2周， 完成的有一点点辛苦，但是在场的各位都无比配合呀！ 雨后的深圳湾闷热出汗太多，中途小伙伴糖原跟不上掉队，那就一起陪伴一起回归。 晚上吃的是后海地铁站的路边牛腩煲，人均25元香饽饽啊！！！ 燃动一夏自律使人自信nrc 深圳·东角头(地铁站),耐克超话,"[""https://wx1.sinaimg.cn/orj360/62e659bfly1hr6mtlh6jlj23ww67v4qu.jpg"", ""https://wx2.sinaimg.cn/orj360/62e659bfly1hr6mtuvrycj24o06801l2.jpg"", ""https://wx3.sinaimg.cn/orj360/62e659bfly1hr6mu1nnzej238f4b87wl.jpg"", ""https://wx4.sinaimg.cn/orj360/62e659bfly1hr6mtdqij0j238h4bbkjp.jpg"", ""https://wx1.sinaimg.cn/orj360/62e659bfly1hr6muapi3gj24o0680x6u.jpg"", ""https://wx2.sinaimg.cn/orj360/62e659bfly1hr6mudferwj20wr1z0tvy.jpg"", ""https://wx3.sinaimg.cn/orj360/62e659bfly1hr6mvngixjj24o0680b2h.jpg""]",B2094757D16EA5F84693
2024/6/10 20:50,5043819832410490,2282923824,端午安康 今天吃的很开心??～好天气加上好心情～ 深圳·东角头(地铁站),iPhone客户端,"[""https://wx2.sinaimg.cn/orj360/8812a730gy1hqkjtcqfnuj20u00u0wnm.jpg"", ""https://wx1.sinaimg.cn/orj360/8812a730gy1hqkjte125fj20u00u0n2s.jpg"", ""https://wx4.sinaimg.cn/orj360/8812a730gy1hqkjtedwtej20u00u0dl3.jpg"", ""https://wx4.sinaimg.cn/orj360/8812a730gy1hqkjteqr00j20u00u0n28.jpg""]",B2094757D16EA5F84693
2024/6/9 18:57,5043429115431732,1863984514,周末的东角头，街头巷尾真是人山人海[裂开][裂开]，吃饭不等个40桌就算快，我都麻了 深圳·东角头(地铁站),一加 Ace 2,["https://wx3.sinaimg.cn/orj360/6f1a2582gy1hqjaxxdqy4j21s035se81.jpg"],B2094757D16EA5F84693
2024/5/7 19:59,5031485805955795,3106034617,这周五有新歌《Propaganda》???? propaganda中文说唱中文说唱 深圳·东角头(地铁站) Scor奥熙的微博视频,中文说唱超话,[],B2094757D16EA5F84693
2024/4/26 20:27,5027506522424139,7479468017,深圳生活 东角头的美食太多[色][色] 佳俊八宝牛杂、嘉华粽子、百草堂、佛山黄师傅甜品—A出口 煎饼、无骨凤爪—D出口 深圳·东角头(地铁站),iPhone客户端,"[""https://wx1.sinaimg.cn/orj360/008ab5iVgy1hp4i8ofvpnj30u01407cz.jpg"", ""https://wx3.sinaimg.cn/orj360/008ab5iVgy1hp4i8p4v52j30u0140wld.jpg"", ""https://wx4.sinaimg.cn/orj360/008ab5iVgy1hp4i8l81r1j30u0140afp.jpg""]",B2094757D16EA5F84693
