lon_wgs84,lat_wgs84,analysis_sentiment_score_avg,analysis_sentiment_score_count,analysis_sentiment_score_max,analysis_sentiment_score_min
113.8321942,22.58932548,0.732409012,577,0.95,0.15
113.8335801,22.59331685,0.744344828,580,0.95,0.15
113.8271205,22.59794317,0.761363636,22,0.95,0.3
113.825903,22.60080548,0.720793103,580,0.95,0.15
113.8370532,22.60180107,0.73340949,569,0.95,0.15
113.9161046,22.48749882,0.768394649,299,0.95,0.2
113.9161717,22.48754137,0.772264055,587,0.999,0.15
113.9196395,22.48820262,0.789147287,129,0.95,0.3
113.9256909,22.48828668,0.763213675,585,0.95,0.15
113.9230424,22.48876862,0.748387097,31,0.95,0.3
113.9231128,22.48886704,0.75652921,582,0.95,0.15
113.9219012,22.48910222,0.762231834,578,0.95,0.2
113.9219133,22.48916251,,,,
113.9265934,22.48931051,0.804494382,178,0.95,0.2
113.9262876,22.48936091,0.648672566,226,0.95,0.1
113.9072131,22.48907276,0.754180887,586,0.95,0.15
113.9092935,22.48931172,0.763886986,584,0.95,0.15
113.9103888,22.4901473,0.762776831,587,0.95,0.2
113.9112227,22.49031719,0.76112069,580,0.95,0.15
113.911199,22.4903402,0.755870466,579,0.999,0.15
113.9141504,22.49042153,0.763160684,585,0.999,0.2
113.9114759,22.49044042,0.77050764,589,0.999,0.15
113.9107835,22.49044986,0.72519685,127,0.95,0.2
113.9136234,22.49063393,0.763377358,583,0.999,0.15
113.8997981,22.49083991,0.713829787,94,0.95,0.2
113.9263085,22.48955589,,,,
113.9246954,22.48956174,0.749401198,167,0.95,0.2
113.9210415,22.48964217,0.774845238,588,0.999,0.15
113.9165854,22.48983833,0.765732082,586,0.999,0.15
113.9234926,22.4899217,0.787248322,149,0.95,0.2
113.9213851,22.4900275,0.764972556,583,0.999,0.25
113.9253391,22.49004714,,,,
113.9228336,22.49029717,0.761727119,590,0.999,0.15
113.9250017,22.49036953,0.769316865,587,0.999,0.2
113.9211644,22.49051604,0.765881356,590,0.95,0.15
113.9221079,22.490707,0.694166667,60,0.95,0.2
113.9236451,22.49080322,0.71712963,216,0.95,0.1
113.9234912,22.49083111,0.757214533,578,0.95,0.15
113.9234092,22.4909494,0.732673267,101,0.95,0.2
113.9246295,22.49104803,,,,
113.9243497,22.49110837,,,,
113.9302703,22.49116138,0.77812749,251,0.95,0.3
113.9148201,22.49130391,0.764522184,586,0.95,0.15
113.9155581,22.49132641,0.813636364,11,0.9,0.7
113.9232298,22.49132792,0.767641026,585,0.95,0.15
113.91488,22.49132796,0.777443609,133,0.95,0.2
113.923247,22.4913367,0.774872666,589,0.95,0.15
113.9236041,22.49158328,0.776603645,439,0.999,0.2
113.9215371,22.49182844,0.769431174,494,0.999,0.15
113.9219649,22.49184917,0.750416667,120,0.95,0.2
113.9298772,22.49299546,0.755762712,590,0.95,0.15
113.9202773,22.49303999,0.764146758,586,0.95,0.15
113.9194043,22.49344387,0.768337288,590,0.999,0.15
113.9193518,22.49351124,0.765546218,119,0.95,0.3
113.922832,22.49383319,0.762668367,588,0.999,0.15
113.899684,22.49095792,0.736376812,138,0.92,0.2
113.9125413,22.49315672,0.761536752,585,0.999,0.15
113.9136245,22.49455294,0.771088435,588,0.95,0.15
113.9135943,22.49487367,0.764256897,580,0.999,0.15
113.9140644,22.49560451,0.762511111,585,0.999,0.2
113.9006077,22.4971497,0.732258065,31,0.9,0.3
113.9017382,22.49817229,0.737916667,120,0.95,0.1
113.9017316,22.49821259,0.743661972,497,0.95,0.2
113.8972853,22.49830158,0.750839041,584,0.95,0.15
113.893117,22.49892625,0.753150685,584,0.95,0.15
113.9225365,22.49393943,0.766218058,587,0.95,0.15
113.9220624,22.49482526,0.764785349,587,0.999,0.15
113.9222136,22.49482979,0.766003401,588,0.95,0.15
113.9210211,22.49651321,0.759845361,582,0.95,0.15
113.9303968,22.4976452,0.777098976,586,0.95,0.15
113.927419,22.5015534,0.75,1,0.75,0.75
113.9162223,22.50254682,,,,
113.9176832,22.50291221,0.850689655,116,0.95,0.2
113.9182227,22.50393139,0.768959044,586,0.95,0.15
113.9164642,22.50503968,0.772837607,585,0.95,0.2
113.8704402,22.48945852,0.770169492,590,0.95,0.15
113.8798654,22.49326886,0.757064846,586,0.95,0.2
113.8800112,22.49968595,0.773039049,589,0.95,0.15
113.8734503,22.5028304,0.764854701,585,0.95,0.15
113.8677783,22.50358758,0.781629881,589,0.95,0.15
113.8841246,22.50465147,0.765025729,583,0.95,0.15
113.8717154,22.50609777,0.640322581,31,0.85,0.2
113.8816601,22.51259467,0.614,50,0.85,0.2
113.880946,22.5127483,0.758257191,591,0.95,0.2
113.8649609,22.51821094,0.716857798,436,0.95,0.1
113.9129841,22.50021769,0.733333333,21,0.9,0.3
113.9041727,22.50115533,0.767443869,579,0.95,0.2
113.9144438,22.50232538,0.768483816,587,0.95,0.15
113.8956515,22.50237901,0.750458716,109,0.95,0.2
113.9064131,22.50249,0.682795699,93,0.95,0.2
113.9106696,22.50484988,0.769948893,587,0.95,0.15
113.8912706,22.50500651,0.758811545,589,0.95,0.2
113.8912647,22.5050073,0.759830221,589,0.95,0.2
113.9077466,22.50615935,0.765869191,581,0.95,0.15
113.900769,22.50967323,0.773907455,389,0.95,0.1
113.9188138,22.5051199,0.771201695,590,0.999,0.15
113.9163381,22.50548968,0.765695578,588,0.999,0.15
113.9197159,22.50880094,0.764855688,589,0.95,0.15
113.9144889,22.51240258,0.771972789,588,0.95,0.15
113.9275168,22.51340432,0.767679181,586,0.95,0.15
113.9238319,22.51412686,0.3,1,0.3,0.3
113.929934,22.51415763,,,,
113.9206458,22.51469724,0.780511073,587,0.95,0.2
113.9190831,22.51490774,0.772345238,588,0.999,0.15
113.9197823,22.51512013,0.780870307,586,0.95,0.2
113.9186593,22.52408805,0.731914894,141,0.95,0.2
113.9187702,22.52410394,0.776101695,590,0.95,0.15
113.9238905,22.52465404,0.776738908,586,0.999,0.15
113.9184645,22.52492961,0.734971429,175,0.95,0.2
113.9227456,22.52502118,0.774446337,587,0.95,0.15
113.9227461,22.52502768,0.77193437,579,0.95,0.15
113.918831,22.52701577,0.766854922,579,0.999,0.15
113.917862,22.52776666,0.728278689,122,0.95,0.2
113.9176696,22.52781254,0.766036021,583,0.999,0.15
113.9177673,22.52782595,0.764335034,588,0.999,0.15
113.9095293,22.5249455,,,,
113.9124862,22.52684508,0.765802048,586,0.95,0.15
113.8958446,22.52986264,0.765059423,589,0.95,0.15
113.9137639,22.5301768,0.762689949,587,0.999,0.15
113.9137929,22.53022798,0.719375,80,0.95,0.2
113.9136577,22.53083915,0.764147959,588,0.999,0.15
113.8922579,22.53090633,0.770552677,579,0.95,0.15
113.9115222,22.53109543,0.767291312,587,0.95,0.15
113.9108209,22.53148995,0.65,1,0.65,0.65
113.9072441,22.53150587,0.771601724,580,0.999,0.15
113.9214239,22.52805403,0.773451282,585,0.999,0.15
113.9180602,22.52824845,0.761848896,589,0.999,0.15
113.9180387,22.52828317,0.74028777,139,0.95,0.2
113.9180342,22.52856206,0.763240137,583,0.999,0.15
113.9162206,22.52877609,,,,
113.923339,22.52877763,0.776153448,580,0.999,0.2
113.9225743,22.5291027,0.770198675,151,0.95,0.2
113.922576,22.5291078,0.774433219,584,0.999,0.15
113.9225659,22.52912323,0.774347603,584,0.999,0.15
113.9228145,22.52916902,0.774946918,584,0.999,0.15
113.9250642,22.5293589,0.763425129,581,0.95,0.15
113.918528,22.52938895,0.740532544,169,0.95,0.2
113.9189658,22.52976261,0.76595068,588,0.999,0.15
113.9189361,22.52978954,0.765576531,588,0.999,0.15
113.9190158,22.53015644,0.771120898,579,0.999,0.15
113.9184999,22.53050393,0.771010292,583,0.999,0.15
113.9180283,22.53060627,0.771269492,590,0.999,0.15
113.9160599,22.53068054,0.767609215,586,0.999,0.15
113.9186578,22.53076976,0.85,1,0.85,0.85
113.9152254,22.53078313,0.763060914,591,0.999,0.15
113.9183762,22.53085873,0.76222031,581,0.95,0.15
113.9191497,22.53086028,0.758518072,581,0.999,0.15
113.9150897,22.53089194,0.769963918,582,0.999,0.15
113.9185123,22.5308929,0.766666667,21,0.95,0.15
113.918961,22.53099926,0.738095238,21,0.95,0.3
113.9187898,22.53110062,0.75,140,0.95,0.2
113.9191919,22.53115672,0.772110733,587,0.999,0.15
113.9183491,22.53127634,0.748295455,88,0.95,0.2
113.9192986,22.53132431,0.771429302,587,0.999,0.15
113.9193396,22.53132606,0.772536627,587,0.999,0.15
113.9193396,22.53132606,0.744957983,238,0.95,0.2
113.9288192,22.53170798,0.767277211,588,0.999,0.2
113.9156828,22.53218958,0.767238422,583,0.95,0.15
113.9157434,22.53341087,0.765921788,179,0.95,0.2
113.915804,22.53349402,0.736929461,241,0.95,0.2
113.918019,22.53365063,0.470875576,1085,0.95,0.1
113.9282259,22.5339261,0.775639316,585,0.999,0.2
113.9245668,22.53425808,,,,
113.9245648,22.53425808,0.774964041,584,0.999,0.15
113.9246848,22.53435693,0.771994881,586,0.999,0.15
113.8911658,22.53191743,0.756780822,584,0.95,0.15
113.8941289,22.53233247,0.703846154,234,0.95,0.1
113.8943034,22.53267678,0.767445008,591,0.95,0.15
113.909948,22.53346138,0.761403813,577,0.95,0.2
113.8933667,22.53389078,0.769913941,581,0.95,0.15
113.9100051,22.53390452,0.765682594,586,0.95,0.2
113.8934788,22.5339908,0.762820513,39,0.95,0.3
113.8946396,22.53401565,0.760737564,583,0.95,0.15
113.8955288,22.53404137,0.752216495,582,0.95,0.15
113.8942833,22.5341177,0.75,12,0.95,0.3
113.8872298,22.52850527,0.772580645,31,0.95,0.3
113.8876653,22.52888543,0.665306122,49,0.95,0.2
113.8864838,22.52894983,0.759428076,577,0.95,0.15
113.8872483,22.52911725,0.768576389,576,0.95,0.2
113.8852754,22.52996131,0.798901099,91,0.95,0.2
113.8853024,22.53003332,0.73890785,293,0.95,0.1
113.8853024,22.53003332,0.722680412,97,0.95,0.2
113.8864858,22.53042586,0.757130584,582,0.95,0.2
113.887279,22.53661979,0.780618557,97,0.95,0.3
113.8617491,22.53965988,0.771923077,546,0.95,0.1
113.8937075,22.53412962,0.76792517,588,0.95,0.15
113.8946697,22.53418064,0.772020725,579,0.95,0.15
113.892108,22.53419264,0.766033898,590,0.95,0.2
113.8944616,22.53422562,0.766916525,587,0.95,0.15
113.8919175,22.53426109,0.85,1,0.85,0.85
113.8944377,22.53427631,0.767673611,576,0.95,0.2
113.8943185,22.53446689,0.696938776,49,0.9,0.2
113.8956562,22.5346107,0.759404762,588,0.95,0.15
113.9138106,22.53502772,,,,
113.9019684,22.53539345,0.761745763,590,0.95,0.15
113.9259719,22.53441909,0.758943662,142,0.95,0.2
113.9163581,22.53457199,0.766885217,575,0.999,0.1
113.9163302,22.53459371,0.79,10,0.85,0.65
113.916998,22.53574606,0.76097265,585,0.999,0.15
113.9165943,22.53592543,0.758424658,584,0.95,0.15
113.9159502,22.53593596,0.770375643,583,0.999,0.15
113.9159852,22.53596793,0.777374302,179,0.95,0.3
113.9199187,22.53668046,0.603501946,257,0.95,0.2
113.9178797,22.53675419,0.767580311,579,0.999,0.15
113.9175128,22.53704052,0.711979167,96,0.95,0.1
113.9475613,22.5322479,0.774733219,581,0.95,0.15
113.945726,22.53473066,0.698381295,278,0.95,0.2
113.9468177,22.53745591,0.762881647,583,0.95,0.15
113.9483443,22.53885035,0.762457045,582,0.95,0.15
113.939762,22.53955617,0.765128205,585,0.95,0.15
113.9468876,22.54081247,0.765780446,583,0.95,0.15
113.9321524,22.54151308,0.756712329,584,0.95,0.15
113.9400116,22.54194556,0.774001718,582,0.999,0.15
113.9442456,22.54306422,,,,
113.931188,22.54338444,0.773412892,574,0.999,0.15
113.9129145,22.53575574,0.765204778,586,0.95,0.15
113.8919111,22.53686015,0.761494058,589,0.95,0.2
113.8987341,22.53800669,0.767632027,587,0.95,0.15
113.9123676,22.53915203,0.762282794,587,0.95,0.15
113.9128184,22.5394412,0.763424191,587,0.95,0.15
113.9127494,22.53947325,0.759420784,587,0.95,0.15
113.9122918,22.53963126,0.756303237,587,0.95,0.15
113.893065,22.54038837,0.544962217,397,0.95,0.1
113.9103835,22.54130468,0.763867121,587,0.95,0.15
113.9104334,22.54136544,0.764381443,582,0.95,0.15
113.9179279,22.53706643,0.76670068,588,0.95,0.15
113.9175987,22.53795939,0.650668037,973,0.95,0.1
113.9190263,22.53806702,0.761038961,308,0.95,0.2
113.9151618,22.53830188,0.768630769,585,0.999,0.2
113.9189783,22.53835105,0.762854701,585,0.95,0.15
113.914986,22.53838772,0.766426829,574,0.999,0.2
113.9180305,22.53958789,0.731005587,179,0.95,0.2
113.9192679,22.54220553,0.684337349,83,0.95,0.2
113.9201475,22.54317357,0.767521368,585,0.95,0.15
113.9160051,22.54372225,0.764144599,574,0.999,0.2
113.8617505,22.53966708,0.773938356,584,0.95,0.15
113.8873455,22.54069036,0.758635579,579,0.95,0.15
113.8829405,22.54412625,0.751131222,221,0.95,0.1
113.8830502,22.54418181,0.806,25,0.95,0.3
113.8830477,22.54418231,0.796458333,192,0.95,0.2
113.8830707,22.54427432,0.757405498,582,0.95,0.15
113.8739155,22.54427916,0.779813665,161,0.95,0.3
113.8830005,22.5453982,0.759056604,583,0.95,0.15
113.8827375,22.54544774,0.685714286,35,0.85,0.3
113.8838409,22.54561197,0.738043478,92,0.95,0.15
113.9150919,22.5438822,0.733009709,103,0.95,0.15
113.9156847,22.54483665,0.768993056,576,0.95,0.15
113.9157686,22.54485227,0.763630137,584,0.95,0.15
113.9155644,22.54532511,0.760665529,586,0.95,0.15
113.9152755,22.54575782,0.763903282,579,0.95,0.15
113.9146428,22.54579843,0.740909091,11,0.9,0.4
113.9158769,22.54593596,0.763538462,585,0.95,0.15
113.9154697,22.54594875,0.695454545,11,0.85,0.3
113.9160746,22.54600024,0.85,6,0.9,0.8
113.9165685,22.54606381,0.875,2,0.9,0.85
113.88262,22.54562096,0.764166667,60,0.95,0.2
113.8832674,22.54565834,0.7207,100,0.95,0.2
113.8821514,22.54568967,0.76067591,577,0.95,0.15
113.8819541,22.54576554,0.763486239,109,0.95,0.2
113.8824798,22.54589486,0.764486301,584,0.95,0.15
113.8828052,22.54590105,0.721522556,532,0.95,0.2
113.8813733,22.54601055,0.76587931,580,0.95,0.15
113.8813983,22.54602617,0.735714286,21,0.85,0.3
113.8840428,22.54603775,0.75,187,0.95,0.2
113.8812715,22.54607078,0.766825127,589,0.95,0.15
113.9137897,22.54467106,0.767435897,585,0.95,0.15
113.8939104,22.5465291,0.681818182,11,0.95,0.3
113.905362,22.54685875,0.766494845,582,0.95,0.15
113.9074879,22.54715394,0.76234589,584,0.95,0.15
113.9089698,22.54729008,,,,
113.9081296,22.54737951,0.75814433,582,0.95,0.15
113.9073995,22.54738386,0.761608997,578,0.95,0.15
113.895268,22.54754748,0.764103448,580,0.95,0.15
113.9070104,22.547867,0.814285714,28,0.95,0.3
113.9070178,22.5478709,0.762109375,128,0.95,0.2
113.8813032,22.5460981,0.76212585,588,0.95,0.15
113.8828763,22.54618908,0.741666667,276,0.95,0.2
113.8817682,22.54619199,0.796,50,0.95,0.4
113.8812481,22.54624805,0.756826758,583,0.95,0.15
113.8826977,22.54626731,0.743779904,627,0.95,0.2
113.8811113,22.54645795,0.757356522,575,0.95,0.15
113.8836793,22.54645852,0.3,1,0.3,0.3
113.8790348,22.54657048,0.75106383,235,0.95,0.2
113.8747681,22.54664898,0.746311475,244,0.95,0.2
113.8814522,22.54674545,0.75383821,581,0.95,0.15
113.9156946,22.54614355,0.757921635,587,0.95,0.15
113.9159962,22.54644467,0.743125,80,0.95,0.2
113.9154177,22.54653075,0.768965517,58,0.9,0.4
113.918282,22.54653621,0.759785714,140,0.95,0.2
113.9177291,22.54659371,0.764022071,589,0.999,0.15
113.9171473,22.54662825,0.759095563,586,0.95,0.15
113.9168544,22.54675351,0.745486111,576,0.95,0.15
113.9156182,22.54684887,0.763982906,585,0.95,0.15
113.9154288,22.5471093,0.72238806,67,0.95,0.2
113.9182814,22.54712217,0.763059829,585,0.95,0.15
113.8787444,22.54693024,0.770070423,142,0.95,0.2
113.880941,22.54749076,0.726136364,44,0.9,0.2
113.8788679,22.54753839,0.760918367,588,0.95,0.15
113.8788715,22.54762629,0.775076766,977,0.95,0.2
113.8783818,22.5479199,0.706586826,167,0.95,0.2
113.8767903,22.54851459,0.8,1,0.8,0.8
113.8762804,22.54877715,0.761448041,587,0.95,0.15
113.8761868,22.54937172,0.756615646,588,0.95,0.15
113.8877946,22.54940408,0.76318569,587,0.95,0.15
113.8793291,22.55024844,0.76032368,587,0.95,0.15
113.8670153,22.5720292,0.766957265,585,0.95,0.15
113.8669294,22.57216569,0.758943782,587,0.95,0.15
113.8670609,22.57225523,0.755136054,588,0.95,0.15
113.8669842,22.57233414,0.755778547,578,0.95,0.15
113.8470465,22.57240678,0.652380952,21,0.85,0.2
113.8658947,22.57244764,0.758287197,578,0.95,0.15
113.8463635,22.57252043,0.682061069,131,0.95,0.1
113.8670846,22.57274022,0.765415959,589,0.95,0.15
113.8694411,22.57278245,0.751680961,583,0.95,0.15
113.8782658,22.57305763,0.761408935,582,0.95,0.15
113.8554902,22.57311636,0.758211244,587,0.95,0.15
113.8677516,22.57320133,0.763728814,590,0.95,0.15
113.8675004,22.57339032,0.764931741,586,0.95,0.15
113.8677238,22.57342847,0.7,11,0.95,0.3
113.8676637,22.57354059,0.762465753,584,0.95,0.15
113.8478213,22.57354645,0.761245734,586,0.95,0.15
113.8681709,22.57355957,0.760867347,588,0.95,0.15
113.863313,22.57359213,0.760204429,587,0.95,0.15
113.8677114,22.57408449,0.762101695,590,0.95,0.15
113.8687517,22.57423854,0.753535529,577,0.95,0.15
113.8543034,22.57435015,0.764339623,583,0.95,0.15
113.8683029,22.57442602,0.763522337,582,0.95,0.15
113.8683731,22.57452119,0.762835052,582,0.95,0.15
113.8681646,22.57452886,0.762917399,569,0.95,0.15
113.8635579,22.57453284,0.761860068,586,0.95,0.15
113.8725516,22.57478845,0.760478632,585,0.95,0.15
113.8557234,22.575015,0.760310881,579,0.95,0.15
113.85944,22.57596623,0.757133106,586,0.95,0.15
113.8726877,22.57600135,0.761627119,590,0.95,0.15
113.8681544,22.57621727,0.766632479,585,0.95,0.15
113.8692577,22.57646686,0.753253833,587,0.95,0.15
113.8689716,22.57712668,0.771698113,53,0.95,0.2
113.8595749,22.57757774,0.756746167,587,0.95,0.15
113.8594454,22.57766585,0.756479592,588,0.95,0.15
113.8597786,22.57782639,0.756149915,587,0.95,0.15
113.8744103,22.57809715,0.758556876,589,0.95,0.15
113.8762235,22.57840441,0.75779661,590,0.95,0.15
113.8485915,22.578438,0.75834753,587,0.95,0.15
113.8689799,22.57857333,0.767751278,587,0.95,0.15
113.8743995,22.57862178,0.718075117,213,0.95,0.2
113.838709,22.60193503,0.737282051,585,0.95,0.15
113.843537,22.60195414,0.743662692,587,0.95,0.15
113.812856,22.60221177,0.7,68,0.95,0.2
113.8350453,22.60384911,,,,
113.8414016,22.60707608,0.726971609,317,0.95,0.2
113.8328591,22.60896434,0.765392157,102,0.92,0.3
113.842083,22.61214452,,,,
113.8445915,22.620149,0.718213058,582,0.95,0.15
113.8450159,22.62023831,0.723551724,580,0.95,0.15
113.8043821,22.63241365,0.748421053,95,0.95,0.2
113.8306116,22.63281916,0.722568493,584,0.95,0.15
113.8059059,22.63295225,0.718034483,580,0.95,0.15
113.8306844,22.63337869,0.728760757,581,0.95,0.15
113.8052838,22.63339424,0.715893471,582,0.95,0.15
113.8316209,22.63449234,0.72858864,581,0.95,0.15
113.8138042,22.6353252,0.715426087,575,0.95,0.15
113.828987,22.6362226,,,,
113.8008349,22.64362145,0.677487091,581,0.95,0.15
113.8220366,22.65119633,0.712645051,586,0.95,0.15
113.8141004,22.66345518,0.702788296,581,0.95,0.15
113.8581799,22.63927267,,,,
113.8619317,22.64410688,0.740606586,577,0.95,0.1
113.8620528,22.64448577,0.7,1,0.7,0.7
113.8458899,22.6459578,0.710869565,575,0.95,0.15
113.8542223,22.6494649,0.662878788,132,0.95,0.1
113.8510086,22.65273826,0.763304094,342,0.95,0.2
113.8457783,22.6758397,0.7625,108,0.95,0.3
113.8457783,22.6758397,0.746464646,99,0.95,0.3
113.8518429,22.67869395,0.732086957,230,0.95,0.2
113.8488938,22.67909113,0.756779661,531,0.95,0.2
113.8057635,22.66542358,0.707474227,582,0.95,0.15
113.8048251,22.66587082,0.656132075,212,0.95,0.2
113.8134517,22.66608621,0.706833046,581,0.95,0.15
113.8035054,22.66627902,0.700913793,580,0.95,0.15
113.8376974,22.6684513,0.722109777,583,0.95,0.15
113.8142212,22.67164712,0.707827586,580,0.95,0.15
113.8155845,22.67256525,0.691637427,171,0.95,0.2
113.8058321,22.67339134,0.720662139,589,0.95,0.15
113.8084124,22.67627891,0.709197861,187,0.95,0.15
113.8080867,22.67845186,0.711290323,31,0.85,0.15
113.8794074,22.55073606,0.754239766,342,0.95,0.2
113.8789745,22.55098212,0.761207483,588,0.95,0.15
113.8837539,22.55132851,0.762768166,578,0.95,0.15
113.8777586,22.5522571,0.692307692,13,0.85,0.2
113.8827898,22.55296353,0.746084746,590,0.95,0.15
113.8828767,22.55305538,0.745491525,590,0.95,0.15
113.8845915,22.55314403,0.757377049,61,0.95,0.2
113.8827393,22.55324998,0.728571429,175,0.95,0.15
113.8826933,22.55331375,0.688095238,21,0.95,0.3
113.8809883,22.55354315,0.3,1,0.3,0.3
113.882231,22.55376713,0.73,100,0.95,0.3
113.8828136,22.55389017,0.695454545,11,0.85,0.2
113.8810088,22.55391703,0.788235294,17,0.95,0.6
113.8811038,22.55405439,0.765238095,588,0.95,0.15
113.8822816,22.5545537,0.750980392,51,0.95,0.2
113.8843046,22.55507722,0.761695502,578,0.95,0.15
113.8835456,22.5551313,0.756791809,586,0.95,0.15
113.8836495,22.55526245,0.753174061,586,0.95,0.15
113.8828626,22.55531829,0.752920962,291,0.95,0.15
113.8828833,22.5553627,0.747435897,39,0.95,0.2
113.8835454,22.55536328,0.4,1,0.4,0.4
113.8835439,22.55536368,0.757303754,586,0.95,0.15
113.8827916,22.55541034,0.758950931,591,0.95,0.15
113.8835736,22.55551479,0.820833333,12,0.95,0.6
113.8821323,22.55556273,0.763198594,569,0.95,0.15
113.8823807,22.55561458,0.761169492,590,0.95,0.15
113.8833367,22.55564444,0.757346939,588,0.95,0.2
113.8824361,22.55566811,0.760223752,581,0.95,0.15
113.8828176,22.55569433,0.762598291,585,0.95,0.15
113.8822926,22.55573941,0.759678511,591,0.95,0.15
113.9072915,22.55709497,0.765302245,579,0.95,0.15
113.8917113,22.55976018,0.705280899,89,0.95,0.2
113.8933555,22.55991778,0.682352941,34,0.9,0.2
113.8923221,22.56028577,0.7,1,0.7,0.7
113.904549,22.56112701,0.752157534,584,0.95,0.15
113.9026891,22.56165641,0.754285714,588,0.95,0.15
113.8916494,22.56196647,0.95,1,0.95,0.95
113.8909957,22.56224829,0.75532646,582,0.95,0.15
113.8906393,22.56242118,0.753996569,583,0.95,0.15
113.9017533,22.56267064,0.762551724,580,0.95,0.15
113.8823055,22.55577232,0.754150943,583,0.95,0.15
113.8816623,22.55582941,0.752027257,587,0.95,0.15
113.8823486,22.55583314,0.743243243,37,0.95,0.2
113.882307,22.55590031,0.753970588,68,0.95,0.15
113.8825027,22.55609541,0.754452555,548,0.95,0.15
113.8820485,22.55629682,0.749914966,588,0.95,0.15
113.8824418,22.55692421,0.754645941,579,0.95,0.15
113.8859754,22.55981067,0.756013629,587,0.95,0.15
113.8604361,22.56300527,0.742689655,580,0.95,0.2
113.8727935,22.56679048,0.751859296,199,0.95,0.15
113.9416698,22.55083679,0.778227848,474,0.95,0.15
113.9417872,22.55104855,0.770962199,582,0.95,0.15
113.941722,22.55111557,0.76939759,581,0.95,0.15
113.9375944,22.55142343,0.766090909,110,0.95,0.3
113.9429714,22.55354743,0.688504673,107,0.95,0.2
113.9429468,22.55362607,0.65719697,132,0.85,0.1
113.9314199,22.56027581,0.760291096,584,0.95,0.15
113.9460898,22.57533065,0.768493151,73,0.95,0.1
113.9373038,22.57569362,0.788888889,9,0.85,0.7
113.9407037,22.57584637,0.759635036,137,0.92,0.15
113.8945192,22.56273709,0.764778157,586,0.95,0.15
113.8910217,22.56294023,0.759881356,590,0.95,0.15
113.902863,22.56362319,0.753586207,580,0.95,0.15
113.9012357,22.56362405,0.754705882,544,0.95,0.15
113.8986107,22.56372888,0.743539519,291,0.95,0.15
113.9030641,22.56377313,0.74516129,31,0.95,0.1
113.898334,22.56415012,0.73168,250,0.95,0.15
113.8979022,22.56420148,0.722727273,11,0.85,0.3
113.8978932,22.56477882,0.751561462,301,0.95,0.15
113.9049688,22.5654569,0.755630841,428,0.95,0.15
113.9155906,22.54713357,0.76939759,581,0.95,0.15
113.9152996,22.54766277,0.764868106,417,0.95,0.15
113.9151169,22.54782291,0.7,1,0.7,0.7
113.9232496,22.54942171,0.760769231,130,0.95,0.3
113.9231767,22.54953779,0.758419355,589,0.999,0.15
113.9198462,22.55088925,0.764956971,581,0.95,0.15
113.9244977,22.55180974,0.766051724,580,0.95,0.15
113.9178043,22.58522312,0.686363636,11,0.95,0.3
113.9176662,22.58592276,0.748826406,409,0.95,0.15
113.9179898,22.58623098,0.753921902,589,0.95,0.15
113.9040928,22.5661628,0.766320273,587,0.95,0.15
113.8992292,22.567215,0.7275,160,0.95,0.1
113.8992769,22.5672415,0.718373494,166,0.95,0.1
113.8898422,22.56733399,0.760831919,589,0.95,0.2
113.8892096,22.56800932,0.726233766,77,0.95,0.1
113.9034209,22.56822661,0.761487889,578,0.95,0.2
113.8983632,22.56831467,0.752785467,578,0.95,0.15
113.9015761,22.56873101,,,,
113.9123835,22.56927215,,,,
113.9029109,22.56946623,0.753110048,209,0.95,0.2
113.8750132,22.56697053,0.754932127,221,0.95,0.3
113.8890274,22.56730423,0.748927273,550,0.95,0.15
113.8748219,22.56774028,0.796341463,41,0.95,0.4
113.8755837,22.56873996,0.763489583,192,0.95,0.15
113.8543056,22.56907599,,,,
113.8541853,22.5691458,,,,
113.8630097,22.56965814,0.763520408,588,0.95,0.15
113.8628674,22.56970395,0.703623188,138,0.95,0.15
113.8665849,22.57052495,0.762687609,573,0.95,0.15
113.8652992,22.5716878,0.756725979,281,0.95,0.2
113.9011858,22.56976098,,,,
113.9033342,22.56990637,0.754249147,586,0.95,0.15
113.9006921,22.57008004,0.76265411,584,0.95,0.15
113.9002941,22.57043506,0.745692042,578,0.95,0.15
113.9042289,22.57072742,0.750682594,586,0.95,0.15
113.9085742,22.57077729,0.752806324,506,0.95,0.15
113.8974599,22.57167827,0.756609881,587,0.95,0.15
113.8976489,22.57178625,0.749726027,219,0.95,0.15
113.8973984,22.57192494,0.758398637,587,0.95,0.15
113.8988644,22.57194407,0.755755518,589,0.95,0.15
113.8987619,22.57207606,0.750364742,329,0.95,0.15
113.8975385,22.57217612,0.751117647,170,0.95,0.15
113.897536,22.57217922,0.759490662,589,0.95,0.15
113.8986695,22.57218236,0.750493197,588,0.95,0.15
113.8978732,22.5722195,0.759611111,360,0.95,0.15
113.8975091,22.57223001,0.764672897,428,0.95,0.15
113.8964681,22.572338,0.759095563,586,0.95,0.15
113.8977627,22.57248028,0.760566038,583,0.95,0.15
113.8977772,22.57290613,0.757504274,585,0.95,0.15
113.8924734,22.57379451,0.755349233,587,0.95,0.15
113.8918354,22.57387786,0.753666093,581,0.95,0.15
113.9011155,22.57438262,0.69375,48,0.95,0.3
113.9050333,22.57651074,0.753481625,517,0.95,0.15
113.893117,22.57863201,0.756923077,39,0.92,0.3
113.9045931,22.5792107,0.747148594,498,0.95,0.15
113.9036953,22.58013928,0.749623288,584,0.95,0.15
113.8980665,22.58073648,0.756,310,0.95,0.2
113.9023949,22.58075616,0.758931034,580,0.95,0.15
113.892378,22.58144165,0.758268251,589,0.95,0.15
113.9017353,22.58225354,0.754423729,590,0.95,0.15
113.8665531,22.58032237,0.759132653,588,0.95,0.15
113.8596162,22.58061926,0.760899743,389,0.95,0.15
113.8812108,22.580764,0.749285714,42,0.95,0.2
113.8585514,22.58160616,0.797619048,21,0.95,0.65
113.8553636,22.5817349,0.761909548,398,0.95,0.15
113.857841,22.58400271,0.757632027,587,0.95,0.15
113.8577916,22.5840585,0.727349398,166,0.95,0.1
113.8809362,22.58444329,0.751708253,521,0.95,0.2
113.8772186,22.58496748,0.745408163,490,0.95,0.15
113.8805777,22.58498238,0.74766055,218,0.95,0.2
113.941162,22.58477579,0.85,1,0.85,0.85
113.9489856,22.58492035,,,,
113.943438,22.58517573,0.743875433,578,0.95,0.15
113.9458415,22.58640192,,,,
113.9476197,22.58667511,0.74971979,571,0.95,0.15
113.9489629,22.58673308,0.74266055,109,0.9,0.15
113.9442306,22.58726463,0.748308824,136,0.92,0.2
113.9429597,22.58760864,0.753715415,253,0.95,0.15
113.9429764,22.58813444,0.6,3,0.85,0.3
113.9313833,22.60072849,0.734266212,586,0.95,0.15
113.87717,22.59330541,0.756529915,585,0.95,0.15
113.8707407,22.59588601,0.748175182,548,0.95,0.15
113.854148,22.59837802,0.741428571,70,0.95,0.2
113.8537585,22.59848572,0.782894737,76,0.95,0.3
113.8473357,22.60744709,0.727107843,408,0.95,0.15
113.8848612,22.60865589,0.741746032,252,0.95,0.15
113.8836472,22.61190224,0.722089041,584,0.95,0.15
113.8563252,22.61826033,0.748258427,178,0.95,0.2
113.8823947,22.62430952,0.721761658,579,0.95,0.2
113.8556491,22.62695209,0.743398693,459,0.95,0.15
113.917995,22.58623772,0.746360544,588,0.95,0.15
113.9184671,22.58691501,0.747350746,536,0.95,0.15
113.916571,22.58788641,0.756129032,589,0.95,0.15
113.9237908,22.58900168,0.758339483,271,0.95,0.15
113.9182479,22.6442704,0.766666667,582,0.95,0.15
113.9188259,22.64591582,0.747030568,229,0.95,0.2
113.9233669,22.67727566,0.734126214,412,0.95,0.15
113.9254159,22.67859965,0.744554974,573,0.95,0.15
113.9266662,22.6800152,0.731590106,566,0.95,0.1
113.9223652,22.68162201,0.73902439,41,0.85,0.2
113.8996042,22.58257584,0.748882576,528,0.95,0.15
113.8958868,22.58267785,0.74910017,589,0.95,0.15
113.9126733,22.58392617,0.745179487,585,0.95,0.15
113.8944344,22.58413966,0.757493857,407,0.95,0.15
113.9114729,22.59594507,0.746271186,590,0.95,0.15
113.9110699,22.66292329,0.742351916,574,0.95,0.15
113.8981849,22.67972041,0.781666667,30,0.9,0.3
113.8978153,22.70451682,,,,
113.8964483,22.70471977,0.748481013,395,0.95,0.2
113.8970538,22.70484045,0.733198594,569,0.95,0.15
113.9217839,22.68478462,0.726672474,574,0.95,0.15
113.9279118,22.68773468,0.723148789,578,0.95,0.15
113.9285169,22.73891258,0.726851852,54,0.95,0.3
113.9289403,22.74635126,0.762765957,235,0.95,0.2
113.9294749,22.74906867,0.766967419,399,0.95,0.2
113.9279337,22.74927768,0.762959184,588,0.95,0.2
113.9281407,22.74955191,0.760533563,581,0.95,0.15
113.9287554,22.7503853,0.758890785,586,0.95,0.15
113.9287946,22.7505169,0.758266898,577,0.95,0.15
113.9278704,22.75139866,0.744262295,61,0.95,0.3
113.900023,22.70900886,0.724117647,170,0.95,0.1
113.8996622,22.73375454,0.717135417,576,0.95,0.1
113.9135281,22.73379269,,,,
113.9107207,22.74303288,0.652272727,22,0.95,0.2
113.9135314,22.75295576,0.757567568,148,0.95,0.3
113.9013221,22.77187765,0.72908778,581,0.95,0.15
113.9012591,22.77189666,0.725513699,584,0.95,0.15
113.8971877,22.7784771,0.7388,575,0.95,0.15
113.9115682,22.78356828,0.730220588,544,0.95,0.15
113.8984046,22.78582051,,,,
113.8164031,22.67846294,0.708947368,114,0.95,0.1
113.7987868,22.68099905,0.640909091,11,0.85,0.3
113.7990378,22.68112323,0.733743501,577,0.95,0.15
113.7886131,22.6819864,0.709181416,452,0.95,0.2
113.8408298,22.68699313,0.737761628,344,0.95,0.15
113.7804331,22.68719296,0.731851852,243,0.95,0.15
113.7877135,22.6882775,0.715681234,389,0.95,0.1
113.7722391,22.68970796,0.683333333,87,0.9,0.1
113.8013287,22.69109992,0.760082645,121,0.95,0.2
113.8254938,22.69111856,0.713091537,579,0.95,0.15
113.7781525,22.69131093,0.724691781,584,0.95,0.15
113.781885,22.69184405,0.747033399,509,0.95,0.15
113.7967574,22.69220111,0.728979206,529,0.95,0.15
113.8317387,22.69393829,0.583870968,31,0.95,0.3
113.8352169,22.69419765,0.660824742,97,0.9,0.2
113.831548,22.69428595,0.744749568,579,0.95,0.15
113.8056085,22.69429798,0.744300341,586,0.95,0.15
113.8227481,22.69524515,0.742208904,584,0.95,0.15
113.8333467,22.69759036,0.738313458,587,0.95,0.15
113.7708201,22.70024697,0.5921875,96,0.95,0.2
113.7995256,22.70057849,0.728333333,582,0.95,0.15
113.7691069,22.70080587,0.735626072,583,0.95,0.15
113.7689881,22.70081817,0.744293478,368,0.95,0.2
113.7689881,22.70081817,0.723467862,669,0.95,0.1
113.8110408,22.70260229,0.734667802,587,0.95,0.15
113.8034323,22.70310572,0.738430034,586,0.95,0.15
113.7993849,22.70324456,0.729042735,585,0.95,0.15
113.7694276,22.7037638,0.744166667,576,0.95,0.15
113.7964179,22.70415843,0.734210526,589,0.95,0.15
113.799504,22.7046672,0.723293515,586,0.95,0.15
113.8259544,22.70566545,0.746315789,171,0.95,0.2
113.7772969,22.7056933,0.701381693,579,0.95,0.1
113.7687704,22.70593166,0.706845238,168,0.95,0.2
113.7747703,22.70637324,0.743219895,382,0.95,0.15
113.7670948,22.70743885,0.804545455,11,0.95,0.4
113.7952629,22.70796428,0.739982818,582,0.95,0.15
113.7732917,22.70810235,0.724965278,576,0.95,0.15
113.7727217,22.70829372,0.68029595,642,0.95,0.1
113.7701004,22.70850516,0.791558442,77,0.95,0.3
113.8032944,22.70936865,0.736672355,586,0.95,0.15
113.813325,22.71532314,0.730562181,587,0.95,0.15
113.7679685,22.71547103,0.657954545,44,0.9,0.2
113.816372,22.71663146,0.733191851,589,0.95,0.15
113.8166246,22.71663493,0.726809605,583,0.95,0.2
113.8246264,22.71725695,0.713913043,46,0.95,0.15
113.8081714,22.71813314,0.742768595,242,0.95,0.15
113.7640071,22.71814364,0.723790323,248,0.95,0.2
113.7724355,22.71837273,0.75,1,0.75,0.75
113.7644984,22.71854388,0.756523973,584,0.95,0.2
113.7694265,22.72093319,0.743367876,579,0.95,0.15
113.8488938,22.67909113,0.750515464,97,0.95,0.2
113.8454218,22.68506405,0.738490566,318,0.95,0.2
113.8751708,22.68880382,0.73,180,0.95,0.2
113.8808594,22.6959295,0.776463415,82,0.92,0.3
113.8533408,22.70479986,0.739795222,586,0.95,0.15
113.8533421,22.70487764,0.755324074,216,0.95,0.15
113.8670583,22.72832698,0.711258865,564,0.95,0.1
113.8527015,22.73216237,0.721005199,577,0.95,0.15
113.8490122,22.7397133,0.707406143,586,0.95,0.1
113.8622248,22.76234989,0.621212121,99,0.95,0.1
113.7744508,22.72137396,0.703472222,72,0.95,0.2
113.7951607,22.72202461,0.742280374,535,0.95,0.15
113.818019,22.72229799,0.620880503,159,0.95,0.15
113.8414117,22.72379097,0.58490566,106,0.9,0.1
113.808484,22.7274566,0.2,1,0.2,0.2
113.8235665,22.72823879,0.735096154,312,0.95,0.1
113.8237038,22.72832962,0.70952381,21,0.85,0.3
113.7683302,22.72965579,0.745076923,585,0.95,0.2
113.7674584,22.72969994,0.74988,250,0.95,0.2
113.7994134,22.72978639,0.728431373,51,0.95,0.15
113.7655749,22.7298875,0.725892857,56,0.9,0.2
113.8007066,22.73010848,0.731853282,259,0.95,0.15
113.8010685,22.73016408,0.73622449,588,0.95,0.15
113.8007026,22.73025543,0.73664966,588,0.95,0.15
113.8017772,22.73035124,0.742529711,589,0.95,0.15
113.8013191,22.73045143,0.73979661,590,0.95,0.15
113.8015085,22.73045975,0.740747029,589,0.95,0.15
113.8003858,22.73060979,0.735838509,161,0.95,0.15
113.8010063,22.73073781,0.726407599,579,0.95,0.15
113.8007406,22.73074236,0.734158163,392,0.95,0.15
113.8009792,22.73091571,0.85,1,0.85,0.85
113.8007406,22.73108726,0.740034014,588,0.95,0.15
113.8227742,22.73108848,0.694482759,145,0.95,0.2
113.8012228,22.73112207,0.734081633,588,0.95,0.15
113.8016488,22.73140772,0.736983051,590,0.95,0.15
113.800224,22.73142629,0.730327586,580,0.95,0.15
113.802501,22.73143118,0.743327674,589,0.95,0.15
113.8014122,22.73155127,0.74032646,582,0.95,0.15
113.8019696,22.73178016,,,,
113.8012468,22.73182591,0.739363167,581,0.95,0.15
113.8018833,22.73221529,0.737738095,588,0.95,0.15
113.7715251,22.73229792,0.742607945,579,0.95,0.2
113.8023295,22.73237561,0.739829932,588,0.95,0.15
113.7649485,22.73242211,0.748205128,585,0.95,0.2
113.8005036,22.73252584,0.74098472,589,0.95,0.15
113.8004398,22.73258432,0.730508475,59,0.95,0.1
113.7950427,22.7337431,0.73399654,578,0.95,0.15
113.7760979,22.73404514,0.744527163,497,0.95,0.15
113.8130911,22.73439435,0.720311958,577,0.95,0.15
113.7701397,22.73453198,0.744775862,580,0.95,0.2
114.498558,22.45251802,0.71875,8,0.85,0.2
114.5158396,22.4556511,0.722280702,114,0.95,0.15
114.496804,22.46533846,0.732985075,134,0.95,0.1
114.4914251,22.47689665,0.746467487,569,0.95,0.15
114.4914185,22.47690173,0.754840426,564,0.95,0.15
114.5278788,22.47882867,0.759930314,574,0.95,0.1
114.5337029,22.48182733,0.736259542,131,0.95,0.2
114.5279107,22.48196882,0.770087108,574,0.95,0.2
114.555689,22.48235859,0.768783069,567,0.95,0.2
114.4850361,22.48305469,0.85,1,0.85,0.85
114.4846023,22.48799836,0.585606061,66,0.85,0.2
114.4774196,22.51163939,0.793403141,191,0.95,0.2
114.4792333,22.54038333,0.781617647,68,0.95,0.2
114.4789746,22.54060016,0.816071429,28,0.95,0.35
114.4793225,22.54089655,0.81147541,61,0.95,0.4
114.4788616,22.54102041,0.80719457,221,0.95,0.2
114.5391269,22.48256604,0.723076923,78,0.95,0.1
114.5391269,22.48257004,0.77037037,135,0.95,0.2
114.5548283,22.48273416,0.708,25,0.95,0.3
114.5256416,22.48418293,0.645454545,11,0.85,0.3
114.5640377,22.48418356,0.758,170,0.95,0.2
114.5679653,22.48476175,0.718870968,62,0.95,0.2
114.5456972,22.48480598,0.581818182,11,0.85,0.3
114.5459322,22.48484366,0.765078809,571,0.95,0.2
114.5459322,22.48484366,0.3,1,0.3,0.3
114.5359971,22.48594087,0.785714286,21,0.95,0.4
114.5350203,22.48762167,0.767534722,576,0.95,0.15
114.4864065,22.49057883,,,,
114.578989,22.49093979,0.790588235,51,0.95,0.3
114.5792138,22.49095674,0.769775475,579,0.95,0.1
114.5791317,22.49112369,0.721,50,0.95,0.2
114.5796521,22.49211011,0.740625,128,0.95,0.2
114.5796401,22.49216301,0.7,54,0.95,0.2
114.5796411,22.49216401,0.740697674,43,0.95,0.3
114.5796479,22.49217171,0.768524306,576,0.95,0.1
114.5780706,22.49285099,,,,
114.3266432,22.60623555,0.85,1,0.85,0.85
114.4254556,22.6067602,0.768021016,571,0.95,0.15
114.4210022,22.60690202,0.85,1,0.85,0.85
114.4205875,22.60721453,,,,
114.3006038,22.60847521,0.713709677,62,0.95,0.2
114.301325,22.60887091,0.705714286,70,0.9,0.3
114.3649512,22.60934829,0.759160839,572,0.95,0.1
114.2988443,22.60935536,0.596052632,76,0.95,0.2
114.3570216,22.60985498,0.724698795,166,0.95,0.2
114.4116094,22.61012253,0.741194969,159,0.95,0.2
114.3039889,22.61044591,0.750017271,579,0.95,0.2
114.2975678,22.61068052,0.761132075,583,0.95,0.2
114.2915913,22.61084283,0.741165414,266,0.95,0.15
114.3559999,22.61157513,0.755231561,583,0.95,0.15
114.2980139,22.6117359,0.750843373,581,0.95,0.15
114.2993493,22.61236707,,,,
114.2992202,22.6128442,0.754097222,576,0.95,0.15
114.4114648,22.61286832,0.763978686,563,0.95,0.15
114.4113235,22.61350563,0.734513274,113,0.95,0.1
114.2831612,22.61363545,0.706363636,165,0.95,0.2
114.401568,22.61667589,0.770122378,572,0.95,0.15
114.2697012,22.61798782,0.9,1,0.9,0.9
114.2697339,22.61804868,0.796212121,66,0.95,0.3
114.2985431,22.6181544,0.7616609,578,0.95,0.15
114.2889909,22.61828507,0.765362069,580,0.95,0.15
114.2881622,22.62072339,0.9,1,0.9,0.9
114.2881622,22.62072339,0.738032787,61,0.95,0.3
114.2881622,22.62072339,0.689,50,0.95,0.2
114.2881622,22.62072339,0.766509599,573,0.95,0.15
114.2980532,22.62094287,0.765418803,585,0.95,0.15
114.3378891,22.62143079,0.76827883,581,0.95,0.15
114.2809783,22.62374163,0.765076923,585,0.95,0.15
114.2825358,22.62804691,0.762228261,552,0.95,0.2
114.2828325,22.62950227,0.8,1,0.8,0.8
114.3902284,22.63186324,0.766631206,564,0.95,0.2
114.3157232,22.63189721,0.768066202,574,0.95,0.2
114.3157131,22.63190123,0.792857143,21,0.95,0.4
114.2689916,22.63235662,0.743835616,73,0.95,0.2
114.2798448,22.63236955,0.817901235,81,0.95,0.3
114.2751628,22.63238725,0.681329114,158,0.95,0.1
114.1805082,22.61804776,0.765403509,570,0.95,0.15
114.1800939,22.62422189,0.740611888,572,0.95,0.15
114.2001836,22.63543966,0.709449225,581,0.95,0.15
114.1724375,22.63651264,0.72015411,584,0.95,0.15
114.2472706,22.63688486,0.72,165,0.95,0.2
114.2439837,22.63699692,0.694444444,36,0.95,0.3
114.180258,22.63959976,0.726712803,578,0.95,0.1
114.1799612,22.63995606,0.730153061,588,0.95,0.1
114.2356824,22.64254126,0.730580357,224,0.95,0.2
114.2032114,22.64906164,0.707853492,587,0.95,0.1
114.2749288,22.63356999,0.753556701,582,0.95,0.2
114.2733406,22.63434652,0.792857143,21,0.95,0.4
114.2733406,22.63434652,0.742682927,41,0.95,0.2
114.2728524,22.63452098,0.76,40,0.95,0.2
114.274411,22.63495729,0.756737805,328,0.95,0.2
114.2737323,22.63511897,,,,
114.2741921,22.63551742,0.758462867,579,0.95,0.2
114.2744447,22.63642229,0.770522388,134,0.95,0.3
114.2729363,22.63692486,,,,
114.3280129,22.63970876,0.758708551,573,0.95,0.1
114.5075143,22.59909476,0.751785095,577,0.95,0.15
114.5391237,22.59931187,0.658830275,436,0.95,0.1
114.51502,22.59932151,0.744705882,170,0.95,0.2
114.5380482,22.62631626,0.703797468,79,0.95,0.1
114.4983591,22.64766334,0.65,1,0.65,0.65
114.5107586,22.64984702,0.728500882,567,0.95,0.15
114.5358415,22.65102254,0.733684211,95,0.95,0.2
114.2838799,22.63997598,0.754513889,576,0.95,0.1
114.3336794,22.64007259,0.789189189,37,0.95,0.2
114.3232641,22.64080622,0.754827586,290,0.95,0.2
114.2733798,22.64111443,0.759122203,581,0.95,0.15
114.4140762,22.64297262,0.763790323,248,0.95,0.2
114.2740066,22.644155,0.75,151,0.95,0.2
114.2889683,22.65177823,0.753820423,568,0.95,0.15
114.2889649,22.65178553,0.759821429,112,0.95,0.2
114.4482028,22.65362009,0.752359932,589,0.95,0.15
114.2893989,22.65381548,0.752417962,579,0.95,0.1
114.3222627,22.65575138,0.746893543,573,0.95,0.15
114.2888592,22.65667569,0.743959732,149,0.95,0.2
114.3402897,22.6570171,0.830769231,13,0.85,0.7
114.2875897,22.66021429,0.761482759,580,0.95,0.15
114.3992851,22.66172102,0.732128028,578,0.95,0.15
114.3121144,22.66427451,0.758192771,581,0.95,0.15
114.3379336,22.67368205,0.741210428,537,0.95,0.15
114.3477423,22.67802152,0.749931507,584,0.95,0.15
114.3586659,22.67841962,0.85,1,0.85,0.85
114.3362262,22.67889868,0.2,1,0.2,0.2
114.1991191,22.65005069,0.708248299,588,0.95,0.15
114.1891771,22.65490732,0.699539249,586,0.95,0.15
114.1967474,22.65594946,0.639545455,110,0.95,0.1
114.2641104,22.65610333,0.740327586,580,0.95,0.1
114.265848,22.65625101,0.739896907,97,0.95,0.2
114.2447612,22.66364752,,,,
114.2157486,22.67101876,0.803460208,578,0.95,0.2
114.2141293,22.67973983,0.803591065,582,0.95,0.2
114.2248878,22.68059726,,,,
114.3815972,22.72489807,0.711076923,585,0.95,0.1
114.2918315,22.72876339,,,,
114.3584176,22.7288168,0.731686747,581,0.95,0.15
114.359624,22.7312553,0.722327586,580,0.95,0.15
114.2821027,22.73878619,0.719220339,590,0.95,0.15
114.3785728,22.74476414,0.707307033,583,0.95,0.15
114.3695034,22.74627979,0.703188908,577,0.95,0.1
114.4043069,22.7472806,0.773181818,110,0.95,0.2
114.2761474,22.75138576,0.818708531,844,0.95,0.15
114.361324,22.7519298,0.719931389,583,0.95,0.1
114.4045652,22.75416227,0.698146259,588,0.95,0.1
114.2827378,22.75696474,0.842012987,154,0.95,0.3
114.3549253,22.75780617,0.85,1,0.85,0.85
114.3466697,22.76120041,0.683653516,583,0.95,0.1
114.2984054,22.76781333,0.683413793,580,0.95,0.1
114.2987439,22.7680173,0.664137324,568,0.95,0.1
114.3120552,22.77992945,0.736258741,572,0.95,0.1
114.2937561,22.78052235,0.713686957,575,0.95,0.15
114.3196202,22.7828136,0.727434555,573,0.95,0.15
114.2655196,22.74155763,0.737598628,583,0.95,0.1
114.2108619,22.74618994,0.739020619,582,0.95,0.1
114.24566,22.75790355,0.660909091,55,0.85,0.2
114.2221992,22.78174417,0.763763251,566,0.95,0.1
113.9359389,22.48725631,0.752937391,575,0.999,0.15
113.9327102,22.48795003,0.716923077,65,0.95,0.3
113.9434742,22.48835431,0.742484342,479,0.95,0.2
113.9420821,22.48920907,0.784328358,67,0.95,0.3
113.9309349,22.48921938,0.757013652,586,0.95,0.2
113.9325933,22.48973683,,,,
113.9379834,22.48976475,0.811111111,135,0.95,0.2
113.9358608,22.48998146,0.773016071,560,0.999,0.3
113.8778761,22.46741087,0.713873239,142,0.95,0.2
113.8864175,22.47027027,0.678639618,419,0.95,0.15
113.8864175,22.47027027,0.8,1,0.8,0.8
113.8864175,22.47027027,0.678819444,432,0.95,0.15
113.8864075,22.47042727,0.689111748,349,0.95,0.1
113.8819534,22.47724006,0.759913194,576,0.95,0.2
113.8840039,22.4790416,0.66875,48,0.9,0.2
113.8823989,22.47927138,0.75151463,581,0.95,0.15
113.8858582,22.48074228,0.759139785,186,0.95,0.15
113.8872298,22.4808169,0.6953125,256,0.95,0.1
113.8917108,22.47043258,0.741525424,59,0.85,0.3
113.9085585,22.47166477,0.751652174,575,0.95,0.15
113.9085562,22.47166488,0.750086059,581,0.95,0.15
113.8925625,22.47195581,0.760725389,579,0.95,0.15
113.8948528,22.47296467,0.761846154,585,0.95,0.2
113.9113952,22.47970564,0.768103448,58,0.95,0.2
113.9088069,22.48077287,0.74637133,579,0.999,0.2
113.9088002,22.48079068,0.716336634,101,0.95,0.2
113.8908183,22.48161534,0.656081081,148,0.95,0.2
113.9086933,22.48167295,0.761094017,585,0.95,0.15
113.9086068,22.48168919,0.754991364,579,0.95,0.15
113.8982177,22.48189295,0.761455806,577,0.95,0.15
113.8926668,22.48233417,0.64738806,134,0.95,0.15
113.911014,22.48253063,0.751757991,438,0.95,0.2
113.9085658,22.48259003,0.726635514,107,0.95,0.3
113.9085831,22.48264392,0.7,1,0.7,0.7
113.9126886,22.48271212,0.764407986,576,0.999,0.2
113.9127831,22.48280256,0.758396934,587,0.999,0.2
113.912586,22.4828636,0.727710843,83,0.95,0.2
113.911548,22.4832397,0.762204904,571,0.999,0.15
113.9280518,22.48059943,0.73177458,417,0.95,0.1
113.9149417,22.48459785,0.701287554,233,0.95,0.15
113.9172255,22.48528691,0.766789308,318,0.999,0.2
113.9237038,22.48623732,0.7725,40,0.9,0.3
113.925949,22.48637633,,,,
113.9267634,22.48684426,0.766314974,581,0.999,0.2
113.9214645,22.48695869,0.727222222,90,0.95,0.2
113.9252131,22.48712977,,,,
113.9268613,22.48715614,0.690909091,22,0.85,0.15
113.9270202,22.48727293,0.762195911,587,0.999,0.2
113.912046,22.48324697,0.772680412,582,0.95,0.15
113.912045,22.48324997,0.757291667,48,0.95,0.3
113.9089138,22.48336186,0.753401396,573,0.999,0.2
113.911444,22.48336237,0.758245704,582,0.999,0.15
113.9115661,22.48339269,0.756568259,586,0.999,0.2
113.9123426,22.48341587,0.763934708,582,0.95,0.2
113.912261,22.48348683,0.748995984,249,0.95,0.15
113.9126263,22.48403789,0.758302768,578,0.999,0.2
113.890383,22.48467407,0.77446281,121,0.95,0.3
113.9107538,22.48509283,0.758816781,584,0.999,0.15
113.8872369,22.4808391,0.758262351,587,0.95,0.15
113.8875791,22.48117405,0.704927007,274,0.95,0.1
113.8875791,22.48117825,0.762274368,277,0.95,0.2
113.8863517,22.48179053,0.753872633,581,0.95,0.2
113.8825313,22.48206251,0.573947368,190,0.95,0.1
113.8854476,22.48293212,0.749825708,459,0.95,0.2
113.8818629,22.48333412,0.577222222,90,0.9,0.2
113.8884808,22.48686347,0.742361111,576,0.95,0.1
113.8787801,22.48852605,0.741006424,467,0.95,0.2
113.8785652,22.48853238,0.7675,20,0.95,0.3
113.9114687,22.48523738,0.757630324,587,0.999,0.15
113.9130128,22.48534133,0.696938776,49,0.95,0.2
113.9091507,22.48548016,0.769230769,39,0.85,0.3
113.908271,22.48588337,0.757697595,582,0.95,0.15
113.9128238,22.48601947,0.693396226,159,0.95,0.2
113.9114928,22.48603237,0.768042517,588,0.999,0.2
113.9118408,22.48608215,0.749760766,209,0.95,0.2
113.9111348,22.48623381,0.85,1,0.85,0.85
113.9129274,22.4864204,0.768253968,378,0.95,0.1
113.9120418,22.48652102,0.774137931,29,0.95,0.4
113.9105797,22.48662495,0.790217391,138,0.95,0.4
113.9103955,22.48662777,0.760747871,587,0.999,0.2
113.9102464,22.48666845,0.762962521,587,0.999,0.2
113.9127837,22.48692951,0.745238095,21,0.95,0.3
113.9086515,22.48694354,0.762918826,579,0.95,0.15
113.9102637,22.48707115,,,,
113.9095105,22.48738639,0.764274276,587,0.999,0.15
113.9094367,22.48754293,0.760458262,587,0.999,0.15
113.9096256,22.48757352,0.74641791,134,0.95,0.2
113.9111117,22.48798464,0.754704861,576,0.95,0.15
113.9132726,22.48803834,0.624193548,62,0.95,0.2
113.9071932,22.48821977,0.748051948,77,0.95,0.3
113.9109026,22.48836677,0.762292808,584,0.999,0.2
113.9097936,22.48839943,0.691919192,99,0.95,0.1
113.9115389,22.48845807,0.760118151,584,0.999,0.15
113.9116736,22.48853028,0.768499148,587,0.999,0.15
113.899647,22.48853261,0.764258621,580,0.95,0.2
113.9108036,22.48866384,0.765695353,581,0.999,0.15
113.9111576,22.48869462,0.714316239,234,0.95,0.2
113.9127176,22.48881668,0.767400679,589,0.999,0.2
113.9667852,22.52190123,0.808064516,31,0.95,0.3
113.9676766,22.5219167,0.746430939,905,0.95,0.2
113.9696809,22.52223167,0.765680887,586,0.999,0.15
113.9550451,22.52239669,0.772771231,577,0.999,0.15
113.9813919,22.52375251,0.770190972,576,0.95,0.15
113.9818339,22.52428278,0.768856153,577,0.95,0.15
113.9858917,22.52446604,0.778343103,580,0.999,0.15
113.9853031,22.52492149,0.752477477,222,0.95,0.1
113.9829708,22.52632171,0.749453552,183,0.95,0.3
113.9501149,22.49007022,0.763642606,568,0.999,0.15
113.9343122,22.49703257,0.763504318,579,0.999,0.2
113.9432159,22.49916684,0.628247734,993,0.95,0.1
113.9347804,22.50005528,0.77287234,94,0.95,0.2
113.9474274,22.50206209,0.797419355,155,0.95,0.2
113.9446624,22.50601784,,,,
113.9487679,22.50855549,0.765276817,578,0.95,0.2
113.9486326,22.50873839,0.763547826,575,0.95,0.2
113.936488,22.50875427,0.761847826,92,0.95,0.2
113.9374608,22.50886856,0.688333333,60,0.95,0.2
113.9375467,22.5092584,0.786507937,126,0.95,0.3
113.9454988,22.50931876,0.758747856,583,0.95,0.15
113.9378433,22.50991286,0.67032967,91,0.95,0.2
113.9356888,22.50993862,0.718181818,11,0.85,0.2
113.9353676,22.51010496,0.770412781,579,0.999,0.2
113.9357649,22.51102807,0.758695652,46,0.95,0.2
113.9384039,22.51166041,0.740322581,31,0.95,0.3
113.9461358,22.51223047,0.765419966,581,0.999,0.2
113.9488056,22.51530996,0.771156463,588,0.95,0.15
113.9350881,22.5154095,0.790909091,11,0.95,0.3
114.0514922,22.50476619,0.727272727,11,0.9,0.5
114.0533824,22.51303467,,,,
114.0408318,22.51695161,0.762619863,584,0.95,0.1
114.0408318,22.517047,0.76025641,585,0.95,0.1
114.0323441,22.5201542,0.76212693,583,0.95,0.1
114.0361308,22.52110771,0.778666667,75,0.95,0.5
114.0383506,22.52264279,0.734860558,251,0.95,0.2
114.0479316,22.52275963,0.85,1,0.85,0.85
114.0477688,22.522834,0.747346154,260,0.95,0.2
114.0480616,22.52386954,0.855391304,115,0.95,0.6
113.9491047,22.51678746,0.763405822,584,0.999,0.15
113.94051,22.51715917,0.761198261,575,0.999,0.15
113.9391262,22.51740235,0.763120069,583,0.999,0.15
113.9387787,22.51743298,0.762018836,584,0.999,0.15
113.9394995,22.51747865,0.762327055,584,0.999,0.15
113.9383127,22.51754962,0.76252,575,0.999,0.15
113.9383672,22.51762172,0.771744863,584,0.999,0.15
113.9380268,22.51770563,0.771622222,585,0.999,0.15
113.9380715,22.51777625,0.767121575,584,0.999,0.15
113.9417867,22.5179143,0.762882096,229,0.95,0.15
113.9335104,22.52106492,0.76022089,584,0.999,0.15
113.931612,22.5212274,0.767064846,586,0.95,0.2
113.9451137,22.52123953,0.743850267,561,0.95,0.2
113.9365631,22.5213553,0.768886957,575,0.95,0.15
113.9363783,22.52137522,0.765547945,584,0.95,0.15
113.944957,22.52142095,0.7,141,0.95,0.2
113.9394834,22.52150055,0.763396226,583,0.95,0.15
113.9419582,22.52195883,0.695362903,248,0.95,0.1
113.9496729,22.52538179,0.766996528,576,0.95,0.15
113.9345111,22.52563951,0.6925,20,0.95,0.3
113.9984548,22.52530092,0.769556075,428,0.95,0.3
113.9874308,22.52544337,0.766558442,154,0.95,0.1
114.0236672,22.52664445,0.85,1,0.85,0.85
114.0195963,22.52697562,,,,
114.0233708,22.52699914,0.769419795,586,0.95,0.2
113.9874275,22.5273132,0.77616,125,0.95,0.2
114.005471,22.52826161,0.721012658,395,0.95,0.1
114.020997,22.52849167,0.770241379,580,0.95,0.15
114.0193681,22.52896317,0.769176672,583,0.95,0.15
114.0223739,22.52906226,0.773972366,579,0.95,0.15
113.9829708,22.52632171,0.735714286,161,0.95,0.2
113.9859903,22.52669165,0.753417266,278,0.95,0.2
113.985971,22.52675491,0.771928696,575,0.999,0.15
113.9651564,22.52703241,0.7332021,762,0.95,0.2
113.9859992,22.52750559,0.678604119,874,0.95,0.1
113.9654946,22.52774927,0.768955556,585,0.999,0.15
113.9867531,22.52784131,0.730075188,133,0.95,0.2
113.9849797,22.52812693,0.769518072,581,0.95,0.2
113.9843531,22.52843949,0.6826,250,0.95,0.2
113.983256,22.52845377,0.762602431,576,0.999,0.15
113.931532,22.52581485,0.774390244,41,0.95,0.3
113.9354339,22.52690693,0.764423671,583,0.999,0.15
113.9311909,22.52776678,0.763979417,583,0.95,0.15
113.9503669,22.52789194,0.77207767,515,0.95,0.2
113.9375694,22.52845774,0.769588034,585,0.999,0.15
113.9500204,22.52869168,0.769258176,581,0.999,0.2
113.9471321,22.53047991,0.767904844,578,0.999,0.15
113.9470848,22.53112648,0.758675258,582,0.999,0.15
113.9419936,22.53135936,0.621,50,0.85,0.2
113.9454464,22.53178029,0.75,1,0.75,0.75
114.0225286,22.52914943,0.761384615,585,0.95,0.2
114.0222884,22.52923689,0.758936535,583,0.95,0.1
114.0200112,22.52949435,0.733091537,579,0.95,0.1
113.9874071,22.52987354,,,,
114.020943,22.53000775,0.765831904,583,0.95,0.1
114.0216624,22.53043174,0.769659284,587,0.95,0.1
114.0220482,22.53045968,0.77,588,0.95,0.1
114.0219946,22.53048083,0.772534014,588,0.95,0.1
114.0206836,22.53082442,0.756904762,420,0.95,0.1
114.0216693,22.5308567,0.768156997,586,0.95,0.1
113.9193996,22.51514162,0.760744792,576,0.999,0.15
113.9209249,22.51514894,0.771166381,583,0.95,0.2
113.9241623,22.51543993,0.774237024,578,0.999,0.2
113.9234807,22.51572224,0.774195164,579,0.999,0.2
113.9178405,22.51594501,0.77233564,578,0.95,0.2
113.9223687,22.51610542,0.768843103,580,0.999,0.2
113.9173743,22.51622993,0.769241379,580,0.95,0.2
113.9231388,22.5170395,0.7,1,0.7,0.7
113.9281493,22.51925203,0.712179487,78,0.95,0.2
113.9306923,22.5197881,0.760137457,582,0.95,0.2
113.941784,22.51791681,0.755880342,585,0.95,0.15
113.9417508,22.51794367,0.756678261,575,0.95,0.15
113.9392171,22.51794916,0.765119863,584,0.95,0.15
113.9424867,22.51802793,0.719512195,41,0.95,0.2
113.9384436,22.51822497,0.758847079,582,0.999,0.15
113.9381692,22.51827536,0.760846287,579,0.95,0.15
113.9350877,22.51836762,0.784090909,44,0.95,0.3
113.9389929,22.51839376,0.76782735,585,0.999,0.15
113.9405495,22.51846229,0.772818803,585,0.999,0.15
113.9389375,22.51846736,0.756653516,583,0.999,0.15
113.905487,22.51374556,0.7645189,582,0.95,0.2
113.9073135,22.51408989,0.764804754,589,0.95,0.2
113.907828,22.51534502,0.769878425,584,0.999,0.15
113.9082646,22.51561597,0.768724958,589,0.999,0.15
113.9095527,22.51744826,0.766434635,589,0.95,0.15
113.8984125,22.51793569,0.765254237,590,0.95,0.2
113.9112417,22.51867331,0.680952381,21,0.95,0.2
113.9090554,22.52194338,0.763259005,583,0.95,0.2
113.9141333,22.523827,0.705780347,173,0.95,0.2
113.9097208,22.52406803,0.75637585,588,0.999,0.15
113.9409308,22.51889892,0.736004785,418,0.95,0.2
113.9416366,22.51893026,0.767125645,581,0.95,0.2
113.9411255,22.51894884,0.85,1,0.85,0.85
113.9376419,22.51908998,0.762875,584,0.999,0.15
113.9413354,22.51914394,0.756756897,580,0.999,0.2
113.937558,22.51918082,0.766286942,582,0.999,0.15
113.9411954,22.5191954,0.756979417,583,0.999,0.15
113.9416179,22.51921659,0.725641026,39,0.9,0.2
113.9413752,22.51922006,0.727906977,43,0.95,0.3
113.9406654,22.51929361,0.766036649,573,0.999,0.1
113.9414233,22.51941046,0.764343103,580,0.999,0.15
113.9414121,22.51953997,0.746526316,95,0.95,0.2
113.9414401,22.51961042,0.766923077,65,0.95,0.3
113.9373144,22.51962834,0.768422945,584,0.999,0.15
113.9326314,22.51964637,0.767683135,587,0.95,0.15
113.9326638,22.51971342,0.765606838,585,0.95,0.2
113.9414707,22.51974735,0.704761905,63,0.95,0.2
113.9416967,22.51979272,0.800735294,68,0.95,0.3
113.9416927,22.51979292,0.772025997,577,0.999,0.15
113.936631,22.51983383,0.695454545,11,0.85,0.15
113.9152784,22.51979923,0.767575601,582,0.999,0.2
113.9186105,22.51985425,,,,
113.9308317,22.52016382,0.762615385,585,0.95,0.15
113.9303595,22.52025532,0.757,587,0.999,0.15
113.93063,22.52026512,0.73513369,187,0.95,0.1
113.9306302,22.52026522,0.760800341,586,0.999,0.15
113.9298589,22.52026556,0.743181818,110,0.95,0.3
113.9242111,22.52032812,0.745945946,37,0.85,0.3
113.928385,22.52050765,0.763964103,585,0.999,0.1
113.9284898,22.52052115,0.768630769,585,0.999,0.15
113.9322531,22.51996355,0.764234375,576,0.999,0.15
113.9412773,22.51997914,0.762284983,586,0.999,0.15
113.9367659,22.52002109,0.757764398,573,0.999,0.2
113.9311286,22.52009468,0.755288396,586,0.999,0.15
113.9312716,22.52016946,0.758989744,585,0.999,0.15
113.9343084,22.5203812,0.762755137,584,0.999,0.15
113.9337832,22.5204507,0.761905498,582,0.999,0.15
113.9334655,22.52048751,0.756509599,573,0.95,0.2
113.9340974,22.52050099,0.759589041,584,0.95,0.2
113.9465376,22.52067258,0.721226415,106,0.95,0.2
113.9283842,22.52053126,0.698571429,70,0.9,0.2
113.928487,22.52053451,0.701044177,498,0.95,0.2
113.9305972,22.52061826,0.758392055,579,0.999,0.15
113.9288268,22.52067303,0.761300347,576,0.999,0.15
113.9292473,22.52068243,,,,
113.9302355,22.52081299,0.767231834,578,0.95,0.2
113.9209963,22.52104978,0.721052632,76,0.95,0.2
113.9192314,22.5211157,0.765557659,581,0.999,0.15
113.9192346,22.5211292,0.764191304,575,0.95,0.15
113.9166453,22.52120872,0.76353886,579,0.999,0.15
113.9346682,22.52071004,0.746891192,579,0.95,0.15
113.9426044,22.52077661,0.757692308,91,0.95,0.2
113.9426026,22.52077761,0.764517182,582,0.999,0.2
113.9441902,22.52083143,0.765625,48,0.9,0.3
113.9328535,22.52086268,0.737096774,62,0.95,0.2
113.9419873,22.52101431,0.764088388,577,0.999,0.15
113.9333283,22.52101771,0.76755,580,0.999,0.15
113.9364482,22.52102901,0.76344062,581,0.999,0.15
113.9308429,22.52103907,0.751685026,581,0.999,0.15
113.9312991,22.52105968,0.754244367,577,0.999,0.15
113.9288601,22.52123056,0.758545299,585,0.999,0.15
113.9192476,22.52132708,0.759223752,581,0.999,0.2
113.9174379,22.52252836,0.760576531,588,0.999,0.15
113.9254449,22.5226308,0.678409091,132,0.95,0.2
113.9171103,22.52276975,0.767741935,31,0.95,0.2
113.9207923,22.52307502,0.739666667,240,0.95,0.2
113.9180815,22.52319064,0.75945122,164,0.95,0.1
113.9218363,22.52333727,0.7,1,0.7,0.7
113.9205416,22.52364586,0.760755594,581,0.999,0.15
113.9203615,22.52378125,0.760034188,585,0.95,0.15
114.0579533,22.51841099,0.686363636,11,0.85,0.2
114.0643492,22.5191979,0.761357388,582,0.95,0.15
114.0584617,22.52132111,0.8275,48,0.95,0.5
114.0568843,22.52202865,0.750190641,577,0.95,0.1
114.0612292,22.52205701,0.748241379,580,0.95,0.1
114.0611073,22.52238117,0.74693913,575,0.95,0.1
114.0655202,22.52254732,0.758694158,582,0.95,0.15
114.0568809,22.52259107,0.743862069,580,0.95,0.15
114.0600102,22.52263874,0.693939394,99,0.95,0.15
114.0600202,22.52266873,0.740826162,581,0.95,0.1
114.0721033,22.52267718,0.578741497,882,0.95,0.1
114.0574795,22.52322666,0.755880282,568,0.95,0.1
114.0568494,22.52363795,0.710869565,92,0.95,0.2
114.0711935,22.52443698,0.74542024,583,0.95,0.1
114.0688943,22.52443935,0.742857143,77,0.95,0.2
114.0614606,22.52485461,0.723125,80,0.95,0.2
114.0602548,22.52499229,0.85,1,0.85,0.85
114.0586694,22.52525554,0.748235294,85,0.95,0.2
114.0650873,22.52528375,0.769047619,21,0.85,0.4
114.0571045,22.52558326,0.751948276,580,0.95,0.1
114.0468441,22.52387553,0.739031142,578,0.95,0.15
114.044726,22.52401173,0.732051282,234,0.95,0.2
114.053974,22.52504775,0.752920962,582,0.95,0.15
114.0477005,22.52530608,0.759708904,584,0.95,0.15
114.0420023,22.52566353,0.753908257,545,0.95,0.1
114.0437568,22.52607007,0.75211704,581,0.95,0.1
114.0410557,22.52617728,0.754484536,582,0.95,0.1
114.0414091,22.5263468,0.749326425,579,0.95,0.1
114.0518883,22.52660985,0.746448276,580,0.95,0.1
114.0420821,22.52740929,0.759037801,582,0.95,0.1
114.0552569,22.52559006,0.744006908,579,0.95,0.1
114.0585293,22.52559784,0.748169257,579,0.95,0.15
114.0569619,22.52561729,0.744517241,580,0.95,0.15
114.0581697,22.52562039,0.709259259,81,0.95,0.2
114.0576421,22.52563021,0.749810017,579,0.95,0.15
114.0581228,22.52620754,0.755897436,585,0.95,0.1
114.062376,22.52645524,0.754048027,583,0.95,0.15
114.0707135,22.52645837,0.773197279,588,0.95,0.15
114.0568978,22.52656935,0.760571924,577,0.95,0.1
114.0661506,22.52687738,0.756901893,581,0.95,0.15
114.0598779,22.52694396,0.76516184,587,0.95,0.15
114.0582103,22.52700367,0.768900344,582,0.95,0.15
114.0588764,22.52709535,0.767651123,579,0.95,0.1
114.0712033,22.52712286,,,,
114.070279,22.52729797,0.761557093,578,0.95,0.1
114.0647343,22.52789138,0.7585,580,0.95,0.1
114.0564144,22.52802166,0.765263158,589,0.95,0.15
114.0570662,22.52810331,0.760890411,584,0.95,0.2
114.0713092,22.52817371,0.761426117,582,0.95,0.1
114.0726027,22.5301114,,,,
114.0444244,22.52752871,0.764820513,585,0.95,0.2
114.0532266,22.52822741,0.757811966,585,0.95,0.1
114.0425413,22.52828826,,,,
114.0546981,22.53354363,0.758029197,548,0.95,0.1
114.0504955,22.53417863,0.763056995,579,0.95,0.2
114.0537996,22.53453611,0.769224138,580,0.95,0.2
114.050873,22.5348063,0.761487179,585,0.95,0.2
114.0484598,22.53497064,0.755846154,585,0.95,0.15
114.044111,22.53524828,0.765230769,585,0.95,0.1
114.0507484,22.5354705,0.762377622,572,0.95,0.2
114.0727056,22.5301323,0.75760274,584,0.95,0.1
114.0723847,22.53021959,,,,
114.0738613,22.53102724,0.541240876,137,0.95,0.2
114.0599717,22.53389119,0.771076923,585,0.95,0.1
114.0601469,22.53391303,0.772957265,585,0.95,0.15
114.0598985,22.53420638,0.772786325,585,0.95,0.15
114.0602891,22.5344046,0.768956522,575,0.95,0.15
114.0598616,22.53445102,0.770242215,578,0.95,0.15
114.0597649,22.53446076,0.769846154,585,0.95,0.15
114.0598611,22.53449152,0.769229452,584,0.95,0.15
114.0595488,22.53456888,0.756190476,252,0.95,0.1
114.0598478,22.53457793,0.769143836,584,0.95,0.15
114.0599149,22.53458614,0.767491409,582,0.95,0.15
114.0599587,22.53459537,0.722727273,11,0.85,0.3
114.0587605,22.53463806,0.74520202,198,0.95,0.2
114.0594243,22.53465476,0.767003425,584,0.95,0.15
114.0595622,22.53466005,0.4,1,0.4,0.4
114.0595886,22.53467941,0.724497992,249,0.95,0.1
114.0599557,22.53472007,0.765,582,0.95,0.15
114.0593753,22.53473913,0.70988024,167,0.95,0.1
114.0599006,22.53483414,0.763883162,582,0.95,0.15
114.0601763,22.53483794,0.758436426,582,0.95,0.1
114.0599854,22.53496221,0.760428816,583,0.95,0.1
114.0597969,22.53496589,0.762824957,577,0.95,0.1
114.0594235,22.53508384,0.764957411,587,0.95,0.15
114.0742368,22.53509251,0.763339041,584,0.95,0.1
114.0769566,22.53536457,0.761746575,584,0.95,0.1
114.0564419,22.53576923,0.672727273,11,0.95,0.3
114.0563938,22.53578395,0.75637457,582,0.95,0.1
114.0771995,22.53582498,0.756683761,585,0.95,0.1
114.0507032,22.53547558,0.741935484,31,0.95,0.1
114.0503596,22.53553221,0.766352531,573,0.95,0.15
114.0497504,22.53556335,0.2,1,0.2,0.2
114.053025,22.53568249,0.722105263,19,0.95,0.3
114.0504951,22.53580455,0.759588336,583,0.95,0.15
114.0504904,22.53580726,0.748780488,41,0.95,0.2
114.0546406,22.5358079,0.755897436,585,0.95,0.2
114.0505639,22.53585327,0.766989796,588,0.95,0.15
114.0484893,22.53586244,0.840909091,11,0.85,0.75
114.0505689,22.53589631,0.765341297,586,0.95,0.15
114.5850514,22.49352276,0.76949827,578,0.95,0.2
114.4864085,22.51473857,0.795549828,582,0.95,0.1
114.6099311,22.52040585,0.717021277,47,0.95,0.3
114.5839906,22.52097177,0.755339806,103,0.95,0.2
114.5672066,22.52447034,0.819565217,23,0.95,0.6
114.5672029,22.52447234,0.85,1,0.85,0.85
114.5406564,22.52497563,0.777508711,574,0.95,0.2
114.5438356,22.52504378,0.745944444,180,0.95,0.2
114.4860631,22.52597116,0.765860215,186,0.95,0.2
114.5717667,22.52606413,0.774468085,94,0.95,0.2
114.5194048,22.52993327,0.779965035,572,0.95,0.15
114.523983,22.53079971,0.774880137,584,0.95,0.15
114.5163361,22.53110782,0.779483649,581,0.95,0.2
114.5133987,22.53147822,0.784982699,578,0.95,0.15
114.5265314,22.53150142,0.85,1,0.85,0.85
114.5177413,22.53150485,0.779445407,577,0.95,0.2
114.5177694,22.53173432,0.776466431,566,0.95,0.2
114.526417,22.5319511,0.663636364,22,0.9,0.3
114.517355,22.53195345,,,,
114.5174859,22.53208978,0.782621528,576,0.95,0.15
114.5097823,22.5321987,0.781799308,578,0.95,0.15
114.517385,22.53238151,0.783775862,580,0.95,0.15
114.5135411,22.53299855,,,,
114.5131648,22.53306147,,,,
114.5093946,22.54003597,0.788072289,581,0.95,0.15
114.517223,22.5420867,0.772149047,577,0.95,0.15
114.5102953,22.54231192,0.781480836,574,0.95,0.15
114.6054855,22.54252245,0.73615917,289,0.95,0.2
114.5117397,22.54295748,0.709090909,11,0.85,0.4
114.6024869,22.54310038,0.764548611,576,0.95,0.2
114.6024868,22.54310077,0.772115385,52,0.95,0.3
114.6029214,22.54321199,0.768910369,569,0.95,0.2
114.6052719,22.54389147,0.729353234,201,0.95,0.1
114.5536135,22.54393994,0.735121951,205,0.95,0.2
114.5113309,22.54459149,,,,
114.5663911,22.54574022,0.768793706,572,0.95,0.15
114.5202987,22.54696874,,,,
114.5173704,22.54703936,0.781863248,585,0.95,0.15
114.5675517,22.54731648,0.772307692,65,0.95,0.2
114.5708212,22.547407,0.776724138,116,0.95,0.2
114.567797,22.54747375,0.774715026,579,0.95,0.15
114.5674315,22.54753933,0.772491289,574,0.95,0.15
114.5713909,22.54755356,0.772665505,574,0.95,0.2
114.5666382,22.54800436,0.75,1,0.75,0.75
114.5669825,22.54816486,0.77504363,573,0.95,0.15
114.566091,22.54821469,0.7609375,96,0.95,0.2
114.5674575,22.5483223,0.776527778,576,0.95,0.15
114.5644949,22.54895464,0.67704918,61,0.95,0.2
114.5671971,22.54898479,0.676111111,90,0.95,0.1
114.5727133,22.55122355,,,,
114.2309039,22.54786522,0.734509466,581,0.95,0.2
114.2274581,22.54866713,0.741527778,576,0.95,0.15
114.2278202,22.54871976,,,,
114.227278,22.54920357,0.716161972,568,0.95,0.15
114.2283177,22.55346102,0.733384615,585,0.95,0.1
114.2260274,22.55385817,0.742452174,575,0.95,0.1
114.2261176,22.55385823,0.739315068,584,0.95,0.1
114.2304051,22.55417588,,,,
114.2220416,22.55452104,0.733259005,583,0.95,0.15
114.2364818,22.55471147,0.752325581,43,0.95,0.3
114.2365338,22.55474289,0.789784946,93,0.95,0.3
114.2337279,22.55490203,0.738350694,576,0.95,0.1
114.2339915,22.55532541,0.736585789,577,0.95,0.15
114.2335151,22.55551336,0.745883362,583,0.95,0.15
114.2151817,22.55745926,0.736946565,262,0.95,0.15
114.2326816,22.55749776,,,,
114.2285689,22.55900062,0.733641026,585,0.95,0.1
114.4789104,22.54136533,0.77613913,575,0.95,0.1
114.4799887,22.5438531,0.784222222,585,0.95,0.1
114.4768223,22.55000772,0.751851852,54,0.95,0.2
114.4857805,22.55047489,0.723451327,113,0.95,0.2
114.4738164,22.55048873,0.787816291,577,0.95,0.1
114.4623017,22.56319993,0.793333333,30,0.95,0.6
114.4628564,22.56324336,0.792859589,584,0.95,0.15
114.4604476,22.56492605,0.790910683,571,0.95,0.2
114.4449102,22.57129963,0.788875433,578,0.95,0.15
114.4471711,22.57232842,0.796354167,96,0.95,0.2
114.4921999,22.55676659,0.776086957,23,0.95,0.3
114.5227894,22.55726485,0.760296684,573,0.95,0.15
114.5541823,22.55800347,,,,
114.5537454,22.55836768,0.764150613,571,0.95,0.15
114.5268949,22.55850156,0.755876289,582,0.95,0.2
114.5510101,22.55864409,0.781775862,580,0.95,0.15
114.550226,22.5587177,0.777794393,535,0.95,0.15
114.5486902,22.55942336,0.788869565,115,0.95,0.15
114.5478391,22.56005966,0.823076923,13,0.85,0.7
114.5479443,22.56006326,0.77642732,571,0.95,0.15
114.1363144,22.55664276,0.757152778,576,0.95,0.1
114.1191754,22.55668551,0.742857143,49,0.95,0.3
114.1269968,22.55711176,0.754965986,588,0.95,0.1
114.1265988,22.55770601,0.758153846,585,0.95,0.1
114.1404953,22.55788324,0.744548552,587,0.95,0.1
114.1427418,22.55852787,0.761157025,121,0.95,0.15
114.1252771,22.55988107,0.753072917,576,0.95,0.1
114.1419628,22.55993226,0.751445783,581,0.95,0.1
114.1250805,22.5613908,,,,
114.1673542,22.56167818,0.759354276,573,0.95,0.15
113.9845194,22.52845779,0.831818182,11,0.95,0.6
113.9837043,22.52860132,0.775632582,577,0.95,0.15
113.9837024,22.52860183,0.775806452,31,0.95,0.3
113.9858343,22.52888843,0.768096886,578,0.95,0.15
113.986457,22.52905315,0.76861658,579,0.999,0.15
113.9857517,22.52915876,0.764857895,570,0.999,0.15
113.9788127,22.53107679,0.770454545,22,0.85,0.3
113.9829166,22.53229459,0.774501718,582,0.95,0.15
113.9819919,22.53260233,,,,
113.9565894,22.53298209,0.768446602,103,0.9,0.2
114.0011147,22.53139058,0.85,1,0.85,0.85
114.0025471,22.53172624,0.7725,576,0.95,0.2
113.9870773,22.53189584,0.752147314,577,0.999,0.15
114.0025999,22.53200306,0.775587734,587,0.95,0.2
113.987944,22.5323715,0.779119171,579,0.95,0.15
114.0223677,22.5327107,0.767341338,583,0.95,0.2
114.0223996,22.5328596,0.3,1,0.3,0.3
114.0190542,22.53333133,0.768333333,588,0.95,0.2
114.0209787,22.53399845,0.73287037,108,0.95,0.2
113.991874,22.53444749,0.76228223,574,0.95,0.15
113.9566813,22.53322225,0.65,1,0.65,0.65
113.9796246,22.53339429,0.85,1,0.85,0.85
113.9858473,22.53348116,0.749152542,59,0.9,0.3
113.9638623,22.53365193,0.771660959,584,0.95,0.2
113.9650193,22.53368446,0.649746964,988,0.95,0.1
113.9837754,22.53380895,0.744594595,37,0.95,0.3
113.9837754,22.53380895,0.752040816,98,0.95,0.2
113.9837754,22.53380895,0.766483516,91,0.9,0.2
113.9662446,22.53403915,0.608256881,109,0.95,0.15
113.9638233,22.53406082,0.772322357,577,0.95,0.2
113.9917303,22.53451272,0.770505618,356,0.95,0.2
114.0204239,22.53467195,0.762167235,586,0.95,0.1
114.0212074,22.53483297,0.763700516,581,0.95,0.2
114.0207032,22.53486216,0.765120275,582,0.95,0.1
114.0219561,22.5350098,0.764117647,391,0.95,0.2
114.0209242,22.53509854,0.76432247,583,0.95,0.1
114.0205256,22.53517764,0.765201613,248,0.95,0.2
114.0216321,22.53541157,0.765095652,575,0.95,0.1
114.0199479,22.53554122,0.751851852,54,0.95,0.2
114.0030954,22.53579637,0.77330494,587,0.95,0.2
113.9622325,22.53504362,0.765895954,173,0.95,0.2
113.9797332,22.53526987,0.690085158,822,0.95,0.2
113.9797332,22.53526987,0.85,1,0.85,0.85
113.9746015,22.53537978,0.75482526,578,0.999,0.15
113.9799038,22.53554235,0.764250871,574,0.95,0.15
113.9702894,22.53562326,0.763657658,555,0.95,0.15
113.9839708,22.53575717,0.85,1,0.85,0.85
113.9839688,22.53575957,0.3,1,0.3,0.3
113.9842184,22.53579749,0.85,1,0.85,0.85
113.9840309,22.53582108,0.85,1,0.85,0.85
113.9780383,22.5359468,0.755,50,0.95,0.2
113.9621372,22.53599453,0.80483871,31,0.95,0.65
113.9621836,22.53604681,0.85,1,0.85,0.85
113.9766755,22.53614576,0.783823529,68,0.95,0.2
113.9580517,22.53621121,0.75,23,0.9,0.2
113.9621012,22.53687507,0.4,1,0.4,0.4
113.9694413,22.53705694,0.65,1,0.65,0.65
113.9818459,22.53711582,0.65,1,0.65,0.65
113.9782972,22.53717968,0.786702128,94,0.95,0.2
113.9678269,22.53732367,0.777777778,27,0.9,0.4
113.9957859,22.53593952,0.65,1,0.65,0.65
114.0198835,22.53594338,0.85,1,0.85,0.85
114.0219058,22.53595739,0.7,1,0.7,0.7
114.0219985,22.53599853,0.85,1,0.85,0.85
114.0180592,22.53604949,,,,
114.0140252,22.53699845,0.759677419,31,0.95,0.15
114.0157345,22.53712603,,,,
114.011339,22.53722276,0.633179724,217,0.95,0.1
114.0179394,22.53744674,0.85,1,0.85,0.85
114.0210099,22.53747017,0.702027027,148,0.95,0.1
113.9680524,22.53760904,,,,
113.9680524,22.53760904,0.727922078,77,0.95,0.1
113.9784251,22.53765217,0.716666667,27,0.85,0.3
113.978122,22.53773646,0.75,1,0.75,0.75
113.9811387,22.53783538,0.753174603,63,0.95,0.3
113.9815596,22.53794832,0.756451613,31,0.9,0.3
113.968443,22.53796124,0.3,1,0.3,0.3
113.9786567,22.53807687,0.85,1,0.85,0.85
113.9800797,22.53821898,0.5,1,0.5,0.5
113.9691712,22.5385059,0.85,1,0.85,0.85
114.005619,22.53757569,,,,
114.0187192,22.53768164,0.780645161,31,0.95,0.3
114.0226787,22.53774858,0.75,1,0.75,0.75
114.0193423,22.53800177,0.85,1,0.85,0.85
114.0246123,22.53876349,0.773387097,124,0.95,0.2
114.0154571,22.53897192,0.736956522,23,0.85,0.2
114.0248174,22.53899443,0.85,1,0.85,0.85
114.0272137,22.53903949,0.85,1,0.85,0.85
114.0164896,22.53906576,0.85,1,0.85,0.85
113.9883238,22.53912478,0.85,1,0.85,0.85
113.9679934,22.53865834,0.750943396,53,0.95,0.3
113.9684059,22.53869983,0.782258065,31,0.95,0.3
113.9680513,22.53883597,0.9,1,0.9,0.9
113.9684813,22.53915477,0.65,1,0.65,0.65
113.9684899,22.53916274,0.9,1,0.9,0.9
113.9743538,22.53931727,,,,
113.9681158,22.53934586,,,,
113.9725087,22.53937441,0.75,1,0.75,0.75
113.9621439,22.53987269,0.3,1,0.3,0.3
113.9711742,22.53988824,,,,
114.0505484,22.53591384,0.756451613,31,0.95,0.15
114.0505484,22.53591384,0.82081448,221,0.95,0.1
114.0505194,22.5359139,0.729310345,29,0.95,0.15
114.0505993,22.53599374,0.75,1,0.75,0.75
114.0502258,22.53601144,0.770833333,36,0.95,0.3
114.0491185,22.53603112,0.734782609,23,0.85,0.1
114.0506093,22.53605172,0.85,1,0.85,0.85
114.0541725,22.53608138,0.85,1,0.85,0.85
114.0506058,22.53621152,0.85,1,0.85,0.85
114.0484735,22.53628885,0.85,1,0.85,0.85
114.0745339,22.53589042,0.85,1,0.85,0.85
114.0768216,22.53594764,,,,
114.0768216,22.53594764,,,,
114.0767416,22.53602769,,,,
114.0587305,22.53609202,0.712977099,131,0.95,0.2
114.0633777,22.53617541,0.733246073,191,0.95,0.2
114.073906,22.53636992,0.709750567,441,0.95,0.2
114.073888,22.53638334,0.7,1,0.7,0.7
114.0577742,22.53658397,0.747395833,96,0.9,0.2
114.0553756,22.53695441,0.740322581,31,0.95,0.3
114.0495386,22.5364257,0.7,1,0.7,0.7
114.0547644,22.53645426,0.85,1,0.85,0.85
114.0503257,22.53648462,0.85,1,0.85,0.85
114.0535981,22.53650035,0.8,1,0.8,0.8
114.0551792,22.53655466,0.85,1,0.85,0.85
114.0552069,22.5366968,0.85,1,0.85,0.85
114.0508855,22.53689297,0.85,1,0.85,0.85
114.0484947,22.53695717,0.85,1,0.85,0.85
114.0540521,22.53708753,0.7,1,0.7,0.7
114.0534578,22.53774312,0.85,1,0.85,0.85
114.1145127,22.53678844,0.85,1,0.85,0.85
114.1157876,22.53954042,0.15,1,0.15,0.15
114.1210425,22.53980561,0.85,1,0.85,0.85
114.1215212,22.54017682,0.7,1,0.7,0.7
114.1134537,22.54063161,0.758490566,53,0.95,0.2
114.113448,22.5407823,0.788709677,31,0.95,0.3
114.1487973,22.54082855,0.2,1,0.2,0.2
114.1142759,22.54111298,0.85,1,0.85,0.85
114.0568876,22.53717993,0.85,1,0.85,0.85
114.0694184,22.53724357,0.755769231,52,0.95,0.2
114.0591111,22.53784955,0.739144737,152,0.95,0.1
114.059112,22.53790624,0.85,1,0.85,0.85
114.0617514,22.53808231,0.747841727,139,0.95,0.2
114.0613051,22.53808814,0.736363636,11,0.85,0.3
114.0565813,22.53811277,0.15,1,0.15,0.15
114.0569185,22.53820813,0.85,1,0.85,0.85
114.0739134,22.53822671,0.7,1,0.7,0.7
114.0566623,22.53824713,0.85,1,0.85,0.85
114.0803907,22.53594134,0.3,1,0.3,0.3
114.0796756,22.53649373,0.75045045,111,0.95,0.2
114.1126159,22.53716143,0.767391304,23,0.95,0.15
114.0787034,22.5386072,0.3,1,0.3,0.3
114.0788002,22.53863944,0.7,1,0.7,0.7
114.1061401,22.53960429,0.92,1,0.92,0.92
114.1061401,22.53960529,0.77578125,64,0.95,0.2
114.1060582,22.53985873,0.791304348,23,0.95,0.3
114.0950824,22.53999337,0.740441176,68,0.9,0.3
114.0950648,22.54002736,0.706451613,31,0.95,0.15
114.0540545,22.53787478,0.2,1,0.2,0.2
114.0517924,22.53796275,0.741732283,127,0.95,0.2
114.0519665,22.53802114,0.775806452,31,0.85,0.2
114.0519745,22.53802272,0.727480916,131,0.95,0.2
114.0519718,22.53802423,0.696774194,31,0.95,0.15
114.0551751,22.53806208,0.92,1,0.92,0.92
114.052302,22.53813673,0.85,1,0.85,0.85
114.0494354,22.53848148,0.85,1,0.85,0.85
114.052828,22.53856557,0.75,1,0.75,0.75
114.0530422,22.5385892,0.771794872,39,0.9,0.3
114.0566599,22.53824814,0.729268293,41,0.95,0.3
114.0613107,22.53828472,0.85,1,0.85,0.85
114.0573416,22.53830905,0.4,1,0.4,0.4
114.0617939,22.53832154,0.85,1,0.85,0.85
114.0611792,22.5383355,0.85,1,0.85,0.85
114.0617787,22.53844845,0.755813953,43,0.95,0.2
114.0611712,22.538539,0.753571429,28,0.95,0.25
114.0612011,22.53855756,0.85,1,0.85,0.85
114.056967,22.53856863,0.697652582,426,0.95,0.1
114.0609004,22.53863868,0.747674419,258,0.95,0.2
114.0599952,22.53870299,0.740909091,33,0.95,0.3
114.061452,22.53874889,0.665625,32,0.95,0.3
114.0611892,22.53878426,0.75,1,0.75,0.75
114.0616758,22.53878758,0.3,1,0.3,0.3
114.0610793,22.53882941,0.723684211,95,0.95,0.2
114.0611399,22.53883133,0.734782609,23,0.9,0.25
114.0597625,22.53892022,0.85,1,0.85,0.85
114.0601077,22.5391298,0.85,1,0.85,0.85
114.0606622,22.53913399,0.85,1,0.85,0.85
114.060042,22.53914929,0.769354839,31,0.95,0.2
114.0599432,22.53917933,0.723214286,28,0.9,0.25
114.0600291,22.53920191,0.733587786,131,0.95,0.2
114.06097,22.53920945,0.693548387,31,0.95,0.15
114.0670443,22.53924868,,,,
114.0636674,22.5401142,0.719109589,146,0.95,0.15
114.0562483,22.54015569,0.2,1,0.2,0.2
114.0621913,22.54035377,,,,
114.0710885,22.54046127,0.661666667,30,0.85,0.15
114.0634163,22.54146105,0.35,1,0.35,0.35
114.0755514,22.54164226,,,,
113.9881771,22.53916672,0.740322581,31,0.95,0.3
114.0272288,22.53931433,0.85,1,0.85,0.85
114.0272288,22.53931433,0.85,1,0.85,0.85
113.9908662,22.53937027,0.85,1,0.85,0.85
114.0162033,22.53964154,0.85,1,0.85,0.85
114.0213825,22.5399338,0.4,1,0.4,0.4
114.0187645,22.54004127,0.85,1,0.85,0.85
114.0187644,22.54004167,0.7,1,0.7,0.7
114.0189469,22.54009675,0.85,1,0.85,0.85
114.0194886,22.54012324,0.85,1,0.85,0.85
113.962157,22.54000015,0.85,1,0.85,0.85
113.9850677,22.54014973,0.731753555,211,0.95,0.2
113.9704099,22.54028836,0.793333333,30,0.95,0.3
113.9718107,22.54035343,0.55,1,0.55,0.55
113.9721235,22.54035854,0.804545455,11,0.85,0.6
113.9701695,22.54037702,0.719303797,158,0.95,0.1
113.9709232,22.54038592,0.705357143,84,0.95,0.1
113.9719683,22.54039798,0.737096774,31,0.95,0.3
113.9702922,22.54048367,0.8,1,0.8,0.8
113.9866931,22.54048852,0.85,1,0.85,0.85
114.0542246,22.53890793,0.6,1,0.6,0.6
114.0480208,22.53892257,0.85,1,0.85,0.85
114.0519715,22.53898307,0.739310345,145,0.95,0.2
114.0493387,22.53906963,0.746296296,27,0.9,0.25
114.05196,22.53908219,0.793548387,31,0.9,0.5
114.0489032,22.53915275,0.744827586,29,0.9,0.2
114.0492953,22.539231,0.7,1,0.7,0.7
114.0454421,22.53992456,0.8,1,0.8,0.8
114.0324329,22.54151615,0.678316327,196,0.95,0.2
114.0335531,22.54164519,0.3,1,0.3,0.3
113.9621485,22.54052494,0.85,1,0.85,0.85
113.9783273,22.54058769,0.75,1,0.75,0.75
113.9695606,22.54072209,0.3,1,0.3,0.3
113.9689131,22.54075948,0.85,1,0.85,0.85
113.9693243,22.54079444,0.85,1,0.85,0.85
113.969029,22.54085416,,,,
113.9780211,22.54087556,0.648387097,31,0.85,0.5
113.9779793,22.54094488,0.75,1,0.75,0.75
113.9787448,22.54096364,0.775,36,0.95,0.4
113.9615537,22.54153852,0.758,25,0.95,0.3
113.9884941,22.540231,,,,
113.9884307,22.5405308,0.766129032,31,0.95,0.3
113.9870185,22.54106761,0.766847826,92,0.95,0.2
113.9889785,22.54168865,0.780645161,31,0.95,0.3
113.9875683,22.54217408,0.6,1,0.6,0.6
113.999539,22.54222684,0.7,1,0.7,0.7
113.988564,22.54257894,0.85,1,0.85,0.85
113.9878231,22.54267328,0.734459459,74,0.95,0.3
113.990909,22.54273703,0.780645161,31,0.95,0.3
113.9909059,22.54273894,0.825833333,60,0.95,0.6
113.9672623,22.5416456,,,,
113.9671471,22.54170026,,,,
113.9672728,22.54184891,,,,
113.9652013,22.54216758,0.85,1,0.85,0.85
113.9672369,22.54240097,,,,
113.9672518,22.54250393,,,,
113.9756635,22.5425253,0.85,1,0.85,0.85
113.9675142,22.54286719,0.85,1,0.85,0.85
113.9632714,22.54300955,0.85,1,0.85,0.85
113.9632165,22.54309469,0.85,1,0.85,0.85
114.00314,22.5430309,0.75,1,0.75,0.75
114.0031376,22.54306481,0.801666667,30,0.95,0.3
114.0307065,22.54316016,0.793181818,22,0.9,0.3
113.9921443,22.54324925,0.85,1,0.85,0.85
113.9923278,22.54331099,0.35,1,0.35,0.35
114.0182872,22.5434233,0.7,1,0.7,0.7
113.9924,22.54347436,0.690878378,148,0.95,0.2
114.0130577,22.54354196,0.74516129,31,0.95,0.3
114.0283763,22.54404467,0.85,1,0.85,0.85
114.0314796,22.54424714,0.85,1,0.85,0.85
113.9316881,22.54348807,0.85,1,0.85,0.85
113.9375064,22.54358012,0.85,1,0.85,0.85
113.9385733,22.54360711,0.85,1,0.85,0.85
113.9368254,22.54365822,0.85,1,0.85,0.85
113.9369348,22.54367572,0.678723404,47,0.95,0.2
113.9465576,22.54423825,0.783870968,31,0.85,0.3
113.9514112,22.54426017,0.85,1,0.85,0.85
113.9500693,22.5442612,0.740522876,153,0.95,0.2
113.9513133,22.54441338,0.712745098,51,0.95,0.3
113.9510679,22.54447804,0.3,1,0.3,0.3
113.9776687,22.54320444,0.85,1,0.85,0.85
113.9563572,22.54369103,0.85,1,0.85,0.85
113.9520648,22.54409598,0.85,1,0.85,0.85
113.9522127,22.54416084,0.85,1,0.85,0.85
113.95203,22.54437644,0.85,1,0.85,0.85
113.9742358,22.54440428,0.85,1,0.85,0.85
113.9753492,22.54451608,0.795714286,35,0.9,0.3
113.9517285,22.54469291,0.85,1,0.85,0.85
113.9712068,22.54482084,,,,
113.952318,22.54484475,0.790322581,31,0.9,0.3
113.947529,22.54451186,0.85,1,0.85,0.85
113.9495593,22.54454902,0.85,1,0.85,0.85
113.9517222,22.54465683,0.3,1,0.3,0.3
113.9509185,22.5446648,0.4,1,0.4,0.4
113.9513258,22.54478543,0.85,1,0.85,0.85
113.9516307,22.54486063,0.75,1,0.75,0.75
113.9474616,22.54514936,0.85,1,0.85,0.85
113.9464357,22.54515444,0.7,1,0.7,0.7
113.9508195,22.54518695,0.85,1,0.85,0.85
113.951344,22.54519286,0.95,1,0.95,0.95
114.0957088,22.54004273,0.3,1,0.3,0.3
114.0991435,22.54009389,0.8,1,0.8,0.8
114.0991518,22.54010229,0.85,1,0.85,0.85
114.0840546,22.54018893,0.3,1,0.3,0.3
114.086351,22.54047652,,,,
114.0989195,22.5405038,0.74,30,0.9,0.3
114.1087183,22.54054507,0.85,1,0.85,0.85
114.105741,22.54058301,0.65,1,0.65,0.65
114.0915757,22.54101156,0.7,1,0.7,0.7
114.0942608,22.54108544,0.85,1,0.85,0.85
114.0910326,22.54111815,0.85,1,0.85,0.85
114.0897746,22.54118173,,,,
114.094851,22.54134257,0.758709677,31,0.92,0.25
114.1084987,22.54137559,0.85,1,0.85,0.85
114.0843022,22.54150315,0.7,1,0.7,0.7
114.0928224,22.54166627,0.85,1,0.85,0.85
114.1048183,22.54176446,0.85,1,0.85,0.85
114.1058452,22.54177179,0.7,1,0.7,0.7
114.1062869,22.54179623,0.75,1,0.75,0.75
114.093558,22.54180877,0.85,1,0.85,0.85
114.1134466,22.54161884,0.75,1,0.75,0.75
114.1131166,22.54161897,0.85,1,0.85,0.85
114.1148619,22.54180705,0.7,1,0.7,0.7
114.1155109,22.54213511,0.721523179,151,0.95,0.2
114.1165437,22.54230436,0.78,30,0.95,0.3
114.1146714,22.54234295,0.7,1,0.7,0.7
114.1151352,22.54241115,0.85,1,0.85,0.85
114.1162448,22.54242247,0.85,1,0.85,0.85
114.1152726,22.54246387,0.85,1,0.85,0.85
114.1163153,22.54247273,0.85,1,0.85,0.85
114.1048472,22.54184647,0.716470588,85,0.95,0.2
114.093866,22.54185027,0.761290323,31,0.9,0.3
114.0937967,22.54197252,0.85,1,0.85,0.85
114.0884893,22.5420147,0.75,1,0.75,0.75
114.105793,22.54204125,0.707534247,73,0.9,0.2
114.1058531,22.54214657,0.736538462,26,0.85,0.3
114.1059957,22.54221785,0.65,1,0.65,0.65
114.1069828,22.5423155,0.45,1,0.45,0.45
114.0901404,22.54255259,0.85,1,0.85,0.85
114.0782171,22.54257488,0.85,1,0.85,0.85
114.1040624,22.54258384,0.2,1,0.2,0.2
114.1123889,22.54259932,0.75,1,0.75,0.75
114.1060997,22.54269727,0.8,1,0.8,0.8
114.103521,22.54276163,0.7,1,0.7,0.7
114.1040972,22.54276245,0.665492958,284,0.95,0.1
114.1035206,22.54277678,0.737864078,103,0.95,0.3
114.105771,22.54284588,0.3,1,0.3,0.3
114.1039128,22.54286975,0.85,1,0.85,0.85
114.1060818,22.54291705,0.75,1,0.75,0.75
114.0830067,22.5429716,,,,
114.0606034,22.54183241,0.703225806,31,0.95,0.15
114.0763964,22.5418706,0.85,1,0.85,0.85
114.0650057,22.54188979,0.5,1,0.5,0.5
114.063752,22.54193728,0.85,1,0.85,0.85
114.0655791,22.54203796,0.75,1,0.75,0.75
114.0753126,22.54209152,0.75,1,0.75,0.75
114.0773022,22.5426459,0.741774892,231,0.95,0.2
114.0602227,22.54358735,0.706818182,66,0.95,0.2
114.0766831,22.54400725,0.85,1,0.85,0.85
114.069817,22.5445223,0.85,1,0.85,0.85
114.1156942,22.54310011,0.719473684,95,0.95,0.3
114.1153778,22.54310613,0.769354839,31,0.95,0.25
114.1130044,22.54313128,0.6,1,0.6,0.6
114.1152068,22.54334786,0.85,1,0.85,0.85
114.1151533,22.5434416,0.85,1,0.85,0.85
114.1145777,22.54348759,0.752205882,136,0.95,0.2
114.1217382,22.54363444,0.770967742,31,0.95,0.25
114.1155663,22.54370176,0.85,1,0.85,0.85
114.1175083,22.54374879,0.85,1,0.85,0.85
114.1166538,22.54375497,0.85,1,0.85,0.85
114.1061198,22.54298907,0.85,1,0.85,0.85
114.1056532,22.54301681,0.85,1,0.85,0.85
114.0855225,22.5432726,0.65,1,0.65,0.65
114.0817554,22.54332617,0.642822967,209,0.95,0.1
114.0789901,22.54335273,0.756,25,0.95,0.3
114.1057728,22.54339215,0.7,1,0.7,0.7
114.1041555,22.54342313,0.85,1,0.85,0.85
114.0777611,22.54402649,0.75,1,0.75,0.75
114.1066692,22.544077,0.85,1,0.85,0.85
114.1066839,22.54411141,0.7,1,0.7,0.7
114.0502294,22.5416521,0.85,1,0.85,0.85
114.0460273,22.54355134,0.668653101,1032,1,0.1
114.0377644,22.54378125,0.753225806,31,0.9,0.15
114.0406954,22.54389261,0.9,1,0.9,0.9
114.0427659,22.54430488,0.85,1,0.85,0.85
114.048851,22.54435453,0.85,1,0.85,0.85
114.0403192,22.5445566,0.35,1,0.35,0.35
114.0455217,22.54489808,0.775,44,0.95,0.2
114.0544472,22.54570042,0.724193548,31,0.85,0.15
114.052754,22.54581624,0.85,1,0.85,0.85
114.1189141,22.54415007,0.85,1,0.85,0.85
114.1196181,22.5441999,,,,
114.1197025,22.54447387,0.727272727,22,0.85,0.15
114.1152734,22.54468163,0.85,1,0.85,0.85
114.1152734,22.54472363,0.85,1,0.85,0.85
114.1134698,22.54479576,0.45,1,0.45,0.45
114.1275155,22.54516784,0.75,1,0.75,0.75
114.1219505,22.54543446,0.85,1,0.85,0.85
114.1167398,22.54552783,0.2,1,0.2,0.2
114.1141011,22.54561714,0.85,1,0.85,0.85
114.084299,22.54426598,0.85,1,0.85,0.85
114.0965793,22.54448257,0.85,1,0.85,0.85
114.079001,22.54490562,0.733333333,21,0.95,0.2
114.077733,22.54491095,0.777272727,22,0.95,0.3
114.0906458,22.54492838,0.625819672,854,0.95,0.1
114.0787195,22.54508169,0.764814815,27,0.9,0.3
114.0961098,22.54529044,0.789583333,24,0.95,0.4
114.090407,22.54552296,0.736538462,26,0.9,0.3
114.1014225,22.54578423,0.85,1,0.85,0.85
114.087272,22.54581092,0.15,1,0.15,0.15
114.0585639,22.54498563,0.75,1,0.75,0.75
114.0565729,22.54517694,0.75,1,0.75,0.75
114.0747611,22.54561683,0.75,1,0.75,0.75
114.077627,22.54567547,0.85,1,0.85,0.85
114.0768938,22.54586561,0.85,1,0.85,0.85
114.0568316,22.54638434,0.85,1,0.85,0.85
114.0565858,22.54638474,0.6,1,0.6,0.6
114.0570074,22.54639106,0.789130435,23,0.95,0.4
114.0570093,22.54639676,0.85,1,0.85,0.85
114.0568713,22.54639888,0.75,1,0.75,0.75
114.0778044,22.54584144,0.85,1,0.85,0.85
114.101685,22.54593448,0.85,1,0.85,0.85
114.0842519,22.54599988,0.694634146,205,0.95,0.1
114.0776909,22.5460014,0.765909091,22,0.95,0.3
114.1018361,22.54613876,0.85,1,0.85,0.85
114.0842348,22.54618687,0.690178571,392,0.95,0.1
114.0842386,22.54619227,0.661082474,194,0.95,0.1
114.0877893,22.54630776,0.85,1,0.85,0.85
114.1018895,22.54683423,0.817123288,146,0.95,0.3
114.0819953,22.54686581,0.729411765,153,0.95,0.2
114.0845479,22.5468817,0.85,1,0.85,0.85
114.1012284,22.54707047,0.8,1,0.8,0.8
114.1111695,22.54722427,0.85,1,0.85,0.85
114.0795789,22.5472874,0.75625,40,0.95,0.3
114.1125599,22.54730864,0.716666667,9,0.85,0.4
114.1125388,22.54732512,0.7,1,0.7,0.7
114.0789439,22.54734349,0.738793103,58,0.95,0.3
114.0783998,22.54735084,0.724193548,31,0.95,0.3
114.0870163,22.54735688,0.65,1,0.65,0.65
114.0785448,22.54737174,0.702054795,73,0.95,0.2
114.1145314,22.54564801,0.740322581,31,0.95,0.25
114.1154355,22.54588969,0.85,1,0.85,0.85
114.1226116,22.54594908,0.674,25,0.95,0.2
114.1136024,22.54616198,0.716129032,31,0.95,0.2
114.1249475,22.54639782,0.7,1,0.7,0.7
114.1141758,22.54656943,0.3,1,0.3,0.3
114.1137063,22.54678232,0.85,1,0.85,0.85
114.1129695,22.54755945,0.65,1,0.65,0.65
114.1163135,22.54888209,0.85,1,0.85,0.85
114.1145291,22.54904207,0.85,1,0.85,0.85
114.0784827,22.54739528,0.76013986,143,0.95,0.1
114.110896,22.54747975,0.772333333,30,0.95,0.3
114.1115609,22.54751974,0.85,1,0.85,0.85
114.1015056,22.54767593,0.7,1,0.7,0.7
114.1052584,22.54781428,0.85,1,0.85,0.85
114.1052574,22.54783128,0.751449275,69,0.95,0.3
114.1095256,22.54793444,0.724770642,327,0.95,0.2
114.0877261,22.54816595,0.7,1,0.7,0.7
114.0872999,22.54816675,0.75,1,0.75,0.75
114.080977,22.54832243,0.7,1,0.7,0.7
114.0565359,22.54676479,0.734193548,620,0.95,0.2
114.0772152,22.54684188,0.727419355,31,0.95,0.3
114.071119,22.54773536,0.85,1,0.85,0.85
114.0567096,22.54849339,0.721052632,19,0.9,0.3
114.0771008,22.54864663,,,,
114.0560484,22.54892843,0.85,1,0.85,0.85
114.0746173,22.54956067,0.7,1,0.7,0.7
114.0648616,22.55154959,0.85,1,0.85,0.85
114.0590653,22.55198837,0.85,1,0.85,0.85
114.0591221,22.55209037,0.769333333,150,0.95,0.3
114.1118877,22.54839453,0.766666667,30,0.95,0.3
114.1117029,22.54840209,0.718666667,75,0.95,0.3
114.08113,22.54848944,0.7875,24,0.95,0.3
114.1129121,22.54854084,0.85,1,0.85,0.85
114.0842647,22.54899666,0.3,1,0.3,0.3
114.1043161,22.54904692,0.85,1,0.85,0.85
114.1043893,22.54910655,0.85,1,0.85,0.85
114.0930676,22.54969862,0.85,1,0.85,0.85
114.1072356,22.54987213,0.7,1,0.7,0.7
114.081097,22.5506487,0.2,1,0.2,0.2
114.1281075,22.54933762,0.772972973,37,0.95,0.3
114.128456,22.55004403,0.761290323,31,0.95,0.25
114.1339499,22.55054319,0.65,1,0.65,0.65
114.1286349,22.55065402,0.728832117,137,0.95,0.2
114.1298404,22.55076044,0.85,1,0.85,0.85
114.1290334,22.55076675,0.738554217,166,0.95,0.2
114.1165281,22.55095944,0.683333333,21,0.95,0.15
114.1223858,22.55166841,0.95,1,0.95,0.95
114.1178954,22.5518291,0.85,1,0.85,0.85
114.1226018,22.55189574,0.7,1,0.7,0.7
114.0989729,22.5510045,0.3,1,0.3,0.3
114.108132,22.55103269,0.85,1,0.85,0.85
114.0795226,22.55120185,0.6,1,0.6,0.6
114.1029324,22.55126793,0.85,1,0.85,0.85
114.0795118,22.55128385,0.85,1,0.85,0.85
114.0840864,22.55181102,0.75,1,0.75,0.75
114.0832046,22.55220406,0.85,1,0.85,0.85
114.0832272,22.55235184,0.697727273,220,0.95,0.1
114.0823029,22.55261224,0.737096774,31,0.95,0.3
114.0951903,22.55306597,0.4,1,0.4,0.4
113.9522865,22.54491662,0.722807018,57,0.9,0.2
113.9517478,22.54528283,0.752083333,24,0.85,0.3
113.9527756,22.54529926,0.85,1,0.85,0.85
113.952629,22.5453298,0.85,1,0.85,0.85
113.9526261,22.5453308,0.85,1,0.85,0.85
113.9520906,22.54533624,0.85,1,0.85,0.85
113.9520474,22.54537934,0.85,1,0.85,0.85
113.9520429,22.54539515,0.6,1,0.6,0.6
113.9763567,22.54541511,0.7,1,0.7,0.7
113.9517225,22.54550287,0.85,1,0.85,0.85
113.9506349,22.54519606,0.95,1,0.95,0.95
113.9510606,22.5452767,0.15,1,0.15,0.15
113.9515638,22.54529725,0.758823529,51,0.95,0.3
113.9514921,22.54531631,0.77,31,0.95,0.3
113.9497012,22.54531985,0.85,1,0.85,0.85
113.950761,22.54538207,0.779069767,43,0.95,0.3
113.9506024,22.54539943,0.772916667,24,0.9,0.3
113.9509858,22.54547656,0.75,1,0.75,0.75
113.9513471,22.54548673,0.725625,160,0.95,0.2
113.950929,22.54548808,0.784782609,23,0.85,0.35
113.9522718,22.5456526,0.3,1,0.3,0.3
113.9833087,22.54593262,0.85,1,0.85,0.85
113.9540034,22.54596353,0.75,1,0.75,0.75
113.9833581,22.54652363,0.85,1,0.85,0.85
113.9820099,22.54725139,0.85,1,0.85,0.85
113.9770498,22.54883086,0.85,1,0.85,0.85
113.9698392,22.54914446,0.748739496,238,0.95,0.2
113.96373,22.54928791,0.733870968,31,0.85,0.3
113.9698379,22.54951843,,,,
113.9578368,22.55012715,0.753225806,31,0.85,0.3
114.0319372,22.54598511,0.85,1,0.85,0.85
114.0474388,22.54610655,0.85,1,0.85,0.85
114.040306,22.54618082,0.85,1,0.85,0.85
114.0540157,22.54627832,0.716346154,104,0.95,0.3
114.0412721,22.54677195,0.682903226,31,0.92,0.15
114.0539696,22.54677496,0.85,1,0.85,0.85
114.0506396,22.54790602,0.3,1,0.3,0.3
114.0542738,22.54924546,0.95,1,0.95,0.95
114.0540193,22.54976576,0.698453608,97,0.95,0.2
114.0540715,22.54984237,0.695833333,24,0.85,0.15
113.9513691,22.54549368,0.727717391,184,0.95,0.2
113.951158,22.54550776,0.748076923,26,0.85,0.3
113.9515538,22.54553326,0.85,1,0.85,0.85
113.9511475,22.54554438,0.85,1,0.85,0.85
113.9506625,22.54555028,0.85,1,0.85,0.85
113.9468947,22.54556184,0.85,1,0.85,0.85
113.946641,22.54556322,0.75,1,0.75,0.75
113.9506523,22.5455823,0.760958904,146,0.95,0.2
113.9338534,22.54764796,0.823225806,31,0.95,0.3
113.9355813,22.55072487,0.682773109,119,0.95,0.2
114.0200441,22.54510337,0.774193548,31,0.95,0.3
114.005168,22.54560954,0.65,1,0.65,0.65
114.0150186,22.5464105,0.655952381,126,0.95,0.2
114.0059313,22.54746562,0.75,23,0.9,0.3
114.0070845,22.54748528,0.7,1,0.7,0.7
114.0060633,22.54756872,0.85,1,0.85,0.85
114.0066279,22.54772802,0.8,1,0.8,0.8
114.0276284,22.54899865,0.706034483,116,0.95,0.2
114.024943,22.54966969,0.5453125,64,0.95,0.2
114.0196046,22.55271504,0.8,1,0.8,0.8
114.0548987,22.54995826,0.85,1,0.85,0.85
114.0547064,22.55014067,0.2,1,0.2,0.2
114.0539693,22.55023381,0.85,1,0.85,0.85
114.0416382,22.55057507,0.85,1,0.85,0.85
114.0417211,22.55061169,0.7,1,0.7,0.7
114.0539878,22.55072114,0.85,1,0.85,0.85
114.0540342,22.55085466,0.3,1,0.3,0.3
114.0433799,22.55086671,0.15,1,0.15,0.15
114.0319685,22.55135542,0.689497717,219,0.95,0.2
114.0401321,22.55155502,0.85,1,0.85,0.85
113.9812981,22.5501282,0.85,1,0.85,0.85
113.9813417,22.55023506,0.75,1,0.75,0.75
113.9809779,22.55044342,0.85,1,0.85,0.85
113.9573043,22.5509121,0.65,1,0.65,0.65
113.9582642,22.55103982,0.7,1,0.7,0.7
113.98153,22.55113453,0.65,1,0.65,0.65
113.9585483,22.55130299,0.3,1,0.3,0.3
113.9680291,22.55893348,0.25,1,0.25,0.25
113.9684631,22.55946874,0.85,1,0.85,0.85
113.956421,22.55979765,,,,
114.019739,22.55271517,0.650166667,120,0.95,0.15
114.0294463,22.55444854,0.682451923,208,0.95,0.2
114.0294463,22.55444854,0.66,95,0.95,0.15
114.0251458,22.55474245,0.35,1,0.35,0.35
114.0235023,22.55552631,0.3,1,0.3,0.3
114.0308891,22.55594976,0.7,1,0.7,0.7
114.0264127,22.55711704,0.3,1,0.3,0.3
113.9869083,22.56831896,0.761838488,582,0.95,0.2
113.9875565,22.56914603,0.3,1,0.3,0.3
114.0003152,22.57071405,0.85,1,0.85,0.85
114.0349119,22.56196745,0.85,1,0.85,0.85
114.0331473,22.56307333,0.8,1,0.8,0.8
114.0356657,22.56502627,0.85,1,0.85,0.85
114.0367926,22.56547357,0.85,1,0.85,0.85
114.0424801,22.56559868,0.85,1,0.85,0.85
114.0477214,22.56569822,0.85,1,0.85,0.85
114.0472986,22.56573173,0.75,1,0.75,0.75
114.0483303,22.5658138,0.95,1,0.95,0.95
114.0380178,22.56629215,0.85,1,0.85,0.85
114.0326334,22.56636659,0.75,1,0.75,0.75
114.1297696,22.55203165,0.75,1,0.75,0.75
114.1344754,22.55300428,0.85,1,0.85,0.85
114.1304882,22.55321024,0.85,1,0.85,0.85
114.1360171,22.55324148,0.85,1,0.85,0.85
114.120474,22.5540741,0.75,1,0.75,0.75
114.1359275,22.55410837,0.7,1,0.7,0.7
114.118849,22.55414938,0.65,1,0.65,0.65
114.1134157,22.55503026,0.85,1,0.85,0.85
114.1424703,22.55567666,,,,
114.1274332,22.55643019,0.745333333,585,0.95,0.15
114.0499021,22.55193979,0.3,1,0.3,0.3
114.0397241,22.55536274,0.85,1,0.85,0.85
114.0397251,22.55536473,,,,
114.0384044,22.55552871,0.716666667,48,0.9,0.2
114.0396782,22.55575981,0.35,1,0.35,0.35
114.0543536,22.55591071,0.784076433,157,0.95,0.2
114.039162,22.5566439,0.749213675,585,0.95,0.1
114.0409436,22.55752175,0.9,1,0.9,0.9
114.0500148,22.55759663,0.85,1,0.85,0.85
114.0394402,22.55825424,0.85,1,0.85,0.85
114.0823384,22.55311478,0.85,1,0.85,0.85
114.0823456,22.55319648,0.75,1,0.75,0.75
114.0935522,22.55337845,0.85,1,0.85,0.85
114.1039499,22.55405847,0.7,1,0.7,0.7
114.1036739,22.5545815,0.755555556,54,0.95,0.3
114.0848175,22.55539996,0.747206897,580,0.95,0.15
114.0959661,22.55550867,0.85,1,0.85,0.85
114.110428,22.55680549,0.7,1,0.7,0.7
114.0870622,22.55704113,,,,
114.1048806,22.5578794,0.758330465,581,0.95,0.15
114.0738084,22.5542454,0.85,1,0.85,0.85
114.0652669,22.55704425,0.85,1,0.85,0.85
114.0645735,22.5572874,0.65,1,0.65,0.65
114.0660024,22.55894899,0.85,1,0.85,0.85
114.0634881,22.55898316,0.3,1,0.3,0.3
114.0635347,22.55909089,0.85,1,0.85,0.85
114.0635005,22.55912473,0.75,1,0.75,0.75
114.0643705,22.55941007,0.756122449,49,0.9,0.2
114.0646501,22.5594407,0.751166381,583,0.95,0.15
114.0650161,22.55949575,0.7,1,0.7,0.7
114.104856,22.55797458,0.85,1,0.85,0.85
114.0979123,22.55822487,0.7,1,0.7,0.7
114.0933944,22.55958814,0.85,1,0.85,0.85
114.0973737,22.55962355,0.85,1,0.85,0.85
114.0960048,22.55974932,,,,
114.0959464,22.55975161,0.713928571,140,0.95,0.2
114.0951127,22.56000469,0.8,1,0.8,0.8
114.095472,22.56001843,0.85,1,0.85,0.85
114.0975012,22.56007253,0.85,1,0.85,0.85
114.0954593,22.5603917,0.75,1,0.75,0.75
114.0943264,22.56057009,0.85,1,0.85,0.85
114.0941372,22.56078306,0.7,1,0.7,0.7
114.1020958,22.56114078,0.85,1,0.85,0.85
114.1020764,22.56119357,0.35,1,0.35,0.35
114.0904937,22.5615301,0.75,1,0.75,0.75
114.1053288,22.56349624,0.85,1,0.85,0.85
114.0914801,22.56374081,0.85,1,0.85,0.85
114.1052543,22.56420394,0.85,1,0.85,0.85
114.105586,22.56491095,0.92,1,0.92,0.92
114.1055386,22.56542747,0.95,1,0.95,0.95
114.0651459,22.55975187,0.7,1,0.7,0.7
114.0639217,22.55980592,0.85,1,0.85,0.85
114.0653886,22.55991085,0.85,1,0.85,0.85
114.0646592,22.56005705,0.7,1,0.7,0.7
114.0654502,22.56018117,0.65,1,0.65,0.65
114.065772,22.56030185,0.85,1,0.85,0.85
114.0763872,22.56441109,0.75,1,0.75,0.75
114.0709188,22.56476216,0.85,1,0.85,0.85
114.05988,22.56564629,0.85,1,0.85,0.85
114.0643108,22.57095047,0.7328,125,0.95,0.2
114.0957347,22.56550346,0.751243523,579,0.95,0.15
114.1035939,22.56584695,,,,
114.0783966,22.56586751,0.735294118,85,0.95,0.2
114.0937932,22.5666566,0.85,1,0.85,0.85
114.0801997,22.5669566,0.741566265,83,0.95,0.3
114.1045292,22.56723859,0.667857143,70,0.95,0.2
114.1044918,22.56737655,0.778,75,0.95,0.2
114.0808747,22.56748967,0.747008547,117,0.95,0.2
114.1049152,22.56752845,0.85,1,0.85,0.85
114.0831566,22.56829895,0.627875,400,0.95,0.1
114.04986,22.56660281,0.741103448,580,0.95,0.1
114.048501,22.56671819,0.3,1,0.3,0.3
114.0345482,22.56679778,0.85,1,0.85,0.85
114.0489979,22.56688162,0.85,1,0.85,0.85
114.0511457,22.56705088,0.75,1,0.75,0.75
114.03517,22.56731154,0.85,1,0.85,0.85
114.0346795,22.56736754,0.85,1,0.85,0.85
114.0344608,22.56741173,0.8,1,0.8,0.8
114.0474255,22.56752541,0.85,1,0.85,0.85
114.0548383,22.56764985,0.85,1,0.85,0.85
114.042979,22.56770351,0.4,1,0.4,0.4
114.0449051,22.56771047,0.7425,60,0.95,0.3
114.0552238,22.56783018,0.751608997,578,0.95,0.1
114.0372027,22.56839484,0.7,1,0.7,0.7
114.0501078,22.56870014,,,,
114.0548158,22.56870608,0.746735395,582,0.95,0.15
114.0486792,22.56901602,0.85,1,0.85,0.85
114.049897,22.56921149,0.85,1,0.85,0.85
114.048412,22.56951828,0.85,1,0.85,0.85
114.053204,22.56964445,0.85,1,0.85,0.85
114.1793539,22.55986587,0.735470085,117,0.95,0.2
114.2337666,22.56016201,0.750972222,576,0.95,0.2
114.2336294,22.56088839,0.85,1,0.85,0.85
114.2312629,22.56215059,0.85,1,0.85,0.85
114.1826901,22.56256858,0.85,1,0.85,0.85
114.1797186,22.56366419,0.688235294,51,0.95,0.2
114.2371307,22.57041496,0.755322862,573,0.95,0.2
114.1888057,22.57096169,0.73647541,122,0.95,0.2
114.1888036,22.57096559,0.703267974,153,0.95,0.2
114.1911846,22.57184342,0.85,1,0.85,0.85
114.1250935,22.56171779,0.7,1,0.7,0.7
114.1251369,22.56181423,0.85,1,0.85,0.85
114.16919,22.56390904,0.85,1,0.85,0.85
114.1462081,22.56525394,0.761290323,31,0.9,0.3
114.1247917,22.56854168,0.7825,40,0.95,0.3
114.161535,22.5691286,0.65,1,0.65,0.65
114.1368899,22.56915751,0.85,1,0.85,0.85
114.1696001,22.56959678,0.675690608,181,0.95,0.1
114.1398263,22.57025702,0.75357265,585,0.95,0.15
114.1360228,22.57055444,0.3,1,0.3,0.3
114.1696,22.57076076,0.7,1,0.7,0.7
114.1638134,22.5710227,0.75,1,0.75,0.75
114.1342388,22.57137218,0.85,1,0.85,0.85
114.1340747,22.57157622,0.6,1,0.6,0.6
114.1189607,22.57158742,0.75,1,0.75,0.75
114.1190831,22.57173663,0.85,1,0.85,0.85
114.1635265,22.57181508,0.85,1,0.85,0.85
114.1227833,22.57202905,0.691346154,52,0.95,0.2
114.1188679,22.57237074,0.743762887,582,0.95,0.1
114.1185961,22.57321778,0.95,1,0.95,0.95
114.2292275,22.5719345,0.75,1,0.75,0.75
114.2294575,22.57249208,0.774841499,347,0.95,0.2
114.2011227,22.57313626,0.772058824,102,0.95,0.15
114.2115071,22.57321067,0.688461538,13,0.9,0.3
114.1832407,22.57404874,0.676470588,51,0.9,0.3
114.2471843,22.57519194,0.808064516,31,0.95,0.7
114.2475101,22.57556757,0.74787234,141,0.95,0.3
114.2474815,22.57558817,0.3,1,0.3,0.3
114.2036201,22.57612679,0.768396226,106,0.95,0.2
114.2435582,22.57683522,0.757055749,574,0.95,0.1
114.1186562,22.57332533,0.85,1,0.85,0.85
114.1246623,22.57335794,0.35,1,0.35,0.35
114.1422225,22.57378656,0.732478632,117,0.9,0.3
114.1209394,22.57403367,0.745155172,580,0.95,0.1
114.1680697,22.57493474,0.75,1,0.75,0.75
114.1230799,22.57543613,0.85,1,0.85,0.85
114.1204516,22.57563097,0.85,1,0.85,0.85
114.1484712,22.57621598,0.739583333,96,0.95,0.2
114.1191951,22.57744054,0.745350877,114,0.95,0.2
114.1542262,22.57756216,0.95,1,0.95,0.95
114.5537071,22.56124437,0.754166667,60,0.95,0.2
114.5382738,22.56138022,0.770343053,583,0.95,0.15
114.533795,22.56494835,0.75,1,0.75,0.75
114.5357317,22.56540635,0.765690377,239,0.95,0.2
114.5354938,22.56551537,0.74,160,0.95,0.2
114.5228136,22.56665398,0.85,1,0.85,0.85
114.5356489,22.56870253,0.85,1,0.85,0.85
114.5346513,22.5692291,0.85,1,0.85,0.85
114.5037216,22.59030467,0.734353741,147,0.95,0.2
114.5055279,22.59108994,,,,
114.171596,22.57785267,0.859090909,11,0.95,0.7
114.1720823,22.57803117,0.757243151,584,0.95,0.1
114.1713081,22.5781155,0.85,1,0.85,0.85
114.171217,22.57819492,0.759722222,72,0.95,0.3
114.2088236,22.57840485,0.721538462,65,0.95,0.3
114.1713353,22.57851011,0.95,1,0.95,0.95
114.1771849,22.57965391,0.85,1,0.85,0.85
114.1722988,22.57967079,0.822727273,11,0.95,0.7
114.1766895,22.57980037,0.760611888,572,0.95,0.1
114.1768289,22.57986023,0.2,1,0.2,0.2
114.1296646,22.57904514,0.85,1,0.85,0.85
114.1299245,22.57910374,0.75,1,0.75,0.75
114.1298942,22.57910467,0.35,1,0.35,0.35
114.166437,22.5791228,0.836,25,0.95,0.6
114.1236364,22.57950724,0.759623932,585,0.95,0.1
114.1303133,22.57987676,0.712735849,106,0.95,0.1
114.1648636,22.58029469,0.760524476,572,0.95,0.1
114.1299124,22.58062723,0.75,1,0.75,0.75
114.1294332,22.58114691,0.85,1,0.85,0.85
114.1303736,22.58129268,0.75,1,0.75,0.75
114.1775083,22.58016115,0.85,1,0.85,0.85
114.1771919,22.58030185,0.773039216,714,0.95,0.2
114.2098174,22.58054584,0.7359375,192,0.95,0.2
114.1764575,22.58075274,0.85,1,0.85,0.85
114.1774315,22.58080023,0.85,1,0.85,0.85
114.1758844,22.58081037,0.7,1,0.7,0.7
114.1790257,22.58126112,0.85,1,0.85,0.85
114.2145092,22.58231507,0.758238636,176,0.95,0.2
114.2147205,22.58235129,0.748352144,443,0.95,0.2
114.2147846,22.58235136,0.778636364,110,0.95,0.2
114.4793132,22.57691145,0.710576923,104,0.95,0.2
114.4827647,22.5781914,0.75,1,0.75,0.75
114.483943,22.58373985,0.7,1,0.7,0.7
114.2725441,22.58686411,0.735087719,114,0.9,0.2
114.3018755,22.58695023,0.749050633,316,0.95,0.2
114.2887577,22.58824419,0.85,1,0.85,0.85
114.2737293,22.58826473,0.85,1,0.85,0.85
114.2742745,22.58889369,0.708024691,162,0.95,0.2
114.4767115,22.58976444,0.686363636,11,0.9,0.3
114.2715083,22.58989445,0.85,1,0.85,0.85
113.9570827,22.55996202,0.3,1,0.3,0.3
113.9682853,22.56245557,0.85,1,0.85,0.85
113.9682064,22.56249978,0.722222222,63,0.95,0.2
113.9681684,22.56253338,0.8,21,0.95,0.3
113.9676263,22.56274255,0.717910448,67,0.95,0.3
113.967652,22.56324293,0.753843478,575,0.95,0.15
113.9799905,22.56358109,0.85,1,0.85,0.85
113.9772332,22.56690881,0.745454545,55,0.95,0.2
113.9737393,22.56969461,0.760410959,584,0.95,0.2
113.9522892,22.5701819,0.85,1,0.85,0.85
114.0426606,22.56991608,0.85,1,0.85,0.85
114.0537673,22.57003544,0.6,1,0.6,0.6
114.054317,22.57011999,0.65,1,0.65,0.65
114.0538873,22.5702799,0.745421053,570,0.95,0.15
114.0543027,22.57040848,0.749684211,570,0.95,0.15
114.0418226,22.57092168,0.707364341,129,0.95,0.2
114.053558,22.57094771,0.73456942,569,0.95,0.15
114.0418825,22.57107554,0.95,1,0.95,0.95
114.0333655,22.57164717,,,,
114.0550068,22.57166316,0.739569707,581,0.95,0.15
113.9380667,22.57593984,0.75,1,0.75,0.75
113.947891,22.57597874,0.85,1,0.85,0.85
113.9477928,22.57598646,0.85,1,0.85,0.85
113.9371829,22.5759868,0.717905405,148,0.9,0.2
113.9478421,22.57603794,0.731818182,44,0.95,0.2
113.9409332,22.57660745,0.85,1,0.85,0.85
113.9376696,22.57688514,0.3,1,0.3,0.3
113.9405568,22.57719191,0.85,1,0.85,0.85
113.9377586,22.57725005,0.75,1,0.75,0.75
113.9357917,22.57742307,0.85,1,0.85,0.85
113.9619323,22.57154067,,,,
113.9863403,22.57503599,0.717410714,448,0.95,0.2
113.9806039,22.57581792,0.65,1,0.65,0.65
113.9811771,22.57602931,0.722241379,580,0.95,0.2
113.9812048,22.5762315,0.579310345,29,0.9,0.2
113.9810843,22.57623556,0.745376712,876,0.95,0.2
113.9811527,22.57626345,0.761478261,575,0.95,0.15
113.9548286,22.58547416,0.85,1,0.85,0.85
113.9586581,22.58553047,0.85,1,0.85,0.85
113.9595851,22.58559093,0.3,1,0.3,0.3
113.9385028,22.57753638,0.85,1,0.85,0.85
113.9374694,22.57893498,0.75,1,0.75,0.75
113.9382034,22.57900895,0.85,1,0.85,0.85
113.9364765,22.5791227,0.85,1,0.85,0.85
113.940083,22.58114996,0.85,1,0.85,0.85
113.9465026,22.5840845,0.55,1,0.55,0.55
113.9453174,22.58411288,0.85,1,0.85,0.85
113.9459926,22.58411627,0.85,1,0.85,0.85
113.9344154,22.58469854,,,,
113.9411457,22.58474063,0.753130435,575,0.95,0.15
113.9888082,22.57406164,0.771359223,103,0.95,0.3
114.0252477,22.57476662,0.744527027,740,0.95,0.15
114.0316482,22.58155414,0.655714286,21,0.92,0.3
114.0109448,22.58286445,0.746052632,190,0.95,0.1
114.0275424,22.5859356,0.85,1,0.85,0.85
114.0310138,22.58628697,0.85,1,0.85,0.85
113.9954801,22.59226826,0.730798479,263,0.95,0.1
113.9944494,22.59436292,0.731487889,578,0.95,0.15
113.9893585,22.59461555,,,,
113.996253,22.59593743,0.7325,588,0.95,0.1
113.9584047,22.58571433,0.3,1,0.3,0.3
113.9591383,22.58575544,0.85,1,0.85,0.85
113.9582859,22.58583047,0.7,1,0.7,0.7
113.9639011,22.58963767,0.85,1,0.85,0.85
113.9542028,22.58983671,0.3,1,0.3,0.3
113.9546836,22.59056558,0.85,1,0.85,0.85
113.9782768,22.591705,0.85,1,0.85,0.85
113.9538367,22.59264832,0.2,1,0.2,0.2
113.966598,22.59282914,0.75,1,0.75,0.75
113.978342,22.59313982,0.85,1,0.85,0.85
114.0420774,22.58429466,0.3,1,0.3,0.3
114.0420746,22.58430367,0.758282313,588,0.95,0.15
114.0425036,22.58531462,0.85,1,0.85,0.85
114.0424628,22.59971546,0.726785714,112,0.95,0.2
114.0395422,22.60299762,0.735877342,587,0.95,0.15
114.0386648,22.60341775,0.738422392,393,0.95,0.2
114.0394215,22.60360801,0.733039724,579,0.95,0.15
114.0488332,22.6039136,0.75,1,0.75,0.75
114.0367162,22.60421414,0.7,1,0.7,0.7
114.0368213,22.60423639,0.85,1,0.85,0.85
113.9599625,22.59659538,0.65,1,0.65,0.65
113.9691535,22.59685913,0.2,1,0.2,0.2
113.9864436,22.59692205,0.85,1,0.85,0.85
113.9696799,22.59765176,0.85,1,0.85,0.85
113.9647984,22.59809338,0.8,1,0.8,0.8
113.9653933,22.59816838,0.5,1,0.5,0.5
113.9666695,22.59875187,0.85,1,0.85,0.85
113.9672153,22.59898235,0.733426966,178,0.95,0.2
113.9712432,22.59911119,0.74559322,590,0.95,0.2
113.967813,22.59948665,0.715311653,369,0.95,0.1
114.0367742,22.6042475,0.741084746,590,0.95,0.1
114.0411932,22.60533072,0.85,1,0.85,0.85
114.0380265,22.60609603,0.5,1,0.5,0.5
114.0547615,22.60635686,0.3,1,0.3,0.3
114.0544761,22.60674669,0.4,1,0.4,0.4
114.0339052,22.60681947,0.3,1,0.3,0.3
114.032414,22.60742404,0.85,1,0.85,0.85
114.0374245,22.61112147,0.85,1,0.85,0.85
114.0368954,22.61156264,0.85,1,0.85,0.85
114.0378027,22.613724,0.85,1,0.85,0.85
114.1714737,22.58274039,0.85,1,0.85,0.85
114.1762525,22.58321097,0.75,1,0.75,0.75
114.1756967,22.58326374,0.85,1,0.85,0.85
114.1730349,22.58425485,0.2,1,0.2,0.2
114.1934561,22.58466784,0.85,1,0.85,0.85
114.2316437,22.58499207,0.85,1,0.85,0.85
114.1741193,22.58641942,0.75,1,0.75,0.75
114.1741193,22.58641942,0.5,1,0.5,0.5
114.2628087,22.58968528,0.85,1,0.85,0.85
114.1908954,22.59256064,0.669444444,162,0.95,0.2
114.2996164,22.58998093,0.76977193,570,0.95,0.15
114.471322,22.59340665,0.9,1,0.9,0.9
114.4747555,22.59396332,0.727108434,83,0.95,0.2
114.3357803,22.59417201,0.73125,24,0.9,0.3
114.3364443,22.59453974,0.704,80,0.95,0.2
114.3364748,22.59466856,0.73597561,246,0.95,0.2
114.4642418,22.59501942,0.85,1,0.85,0.85
114.4642408,22.59502081,0.85,1,0.85,0.85
114.4642418,22.59502472,0.92,1,0.92,0.92
114.3035373,22.59517178,0.72242268,194,0.95,0.1
114.1203005,22.59090862,0.748923077,585,0.95,0.1
114.1626809,22.59225513,0.777407407,135,0.95,0.2
114.1646261,22.59411256,0.756660988,587,0.95,0.1
114.1268119,22.59416937,,,,
114.1264411,22.59441786,0.761860068,586,0.95,0.1
114.1239075,22.59444305,0.6,1,0.6,0.6
114.1478213,22.59450765,0.8,1,0.8,0.8
114.1232827,22.59472597,0.05,1,0.05,0.05
114.126249,22.59492505,0.75,1,0.75,0.75
114.1271024,22.59629946,0.7,1,0.7,0.7
114.524378,22.59186136,0.95,1,0.95,0.95
114.5082262,22.59306965,0.715721649,388,0.95,0.2
114.5084801,22.59332437,0.754929577,71,0.95,0.1
114.5080766,22.59497097,0.65,1,0.65,0.65
114.5142792,22.59533993,0.9,1,0.9,0.9
114.509968,22.59605237,0.4,1,0.4,0.4
114.5095887,22.59612825,0.75,1,0.75,0.75
114.509381,22.59631861,0.75,1,0.75,0.75
114.5092475,22.59691714,0.85,1,0.85,0.85
114.5088591,22.596966,0.74453125,64,0.95,0.2
114.5076118,22.59696633,0.750155979,577,0.95,0.15
114.5088662,22.59698502,,,,
114.508828,22.5970189,0.748827586,580,0.95,0.15
114.508829,22.5970199,,,,
114.5081266,22.59702084,0.770140105,571,0.95,0.15
114.5081266,22.59709483,0.4,1,0.4,0.4
114.5094509,22.59755175,0.25,1,0.25,0.25
114.509101,22.59764102,0.694444444,162,0.95,0.2
114.5078155,22.59769583,0.758581315,578,0.95,0.15
114.5084364,22.59789763,0.85,1,0.85,0.85
114.3037741,22.59532987,0.762,100,0.95,0.2
114.3038334,22.59534473,0.826923077,13,0.9,0.7
114.3364292,22.59570761,0.8,1,0.8,0.8
114.3025983,22.5976357,0.7,1,0.7,0.7
114.4714883,22.59766365,0.85,1,0.85,0.85
114.4701799,22.59782501,0.3,1,0.3,0.3
114.3067582,22.59787817,0.85,1,0.85,0.85
114.3191651,22.598044,0.7,1,0.7,0.7
114.3088819,22.59888337,0.773127148,582,0.95,0.2
114.2688097,22.60009629,0.766733871,248,0.95,0.2
114.5083364,22.59799832,0.744143357,572,0.95,0.15
114.5077843,22.59810869,0.701859504,242,0.95,0.2
114.5077819,22.59810948,0.752284264,197,0.95,0.2
114.5098003,22.59814859,,,,
114.5084304,22.59824557,0.752951389,576,0.95,0.15
114.5079123,22.59837863,0.95,1,0.95,0.95
114.5096949,22.59844625,0.75,1,0.75,0.75
114.509707,22.59853127,,,,
114.5090033,22.59897265,0.797222222,108,0.95,0.3
114.5091391,22.59908173,0.7,1,0.7,0.7
114.3094064,22.6003301,0.85,1,0.85,0.85
114.3460165,22.6003979,0.73245614,114,0.95,0.1
114.3425582,22.60066186,0.772908778,581,0.95,0.15
114.3437365,22.60092676,0.85,1,0.85,0.85
114.3436766,22.60092686,0.7,1,0.7,0.7
114.3413815,22.60093041,0.85,1,0.85,0.85
114.3108692,22.60095632,0.6,1,0.6,0.6
114.3419889,22.60120779,0.85,1,0.85,0.85
114.3493118,22.60208513,0.85,1,0.85,0.85
114.3222558,22.60300875,0.690540541,222,0.95,0.2
114.3235731,22.60371668,0.747034483,145,0.95,0.15
114.4735317,22.60427745,0.85,1,0.85,0.85
114.328827,22.60492089,0.85,1,0.85,0.85
114.4178636,22.60495219,0.718333333,30,0.95,0.3
114.4173429,22.6050567,0.791304348,23,0.95,0.4
114.4161444,22.60515224,0.95,1,0.95,0.95
114.4140358,22.60534643,0.793939394,33,0.9,0.3
114.3249984,22.6054808,0.761141869,578,0.95,0.15
114.4203773,22.6059845,,,,
114.3266432,22.60623555,0.769918699,246,0.95,0.2
114.1881472,22.59288274,0.75,1,0.75,0.75
114.1889274,22.59334922,0.718224299,214,0.95,0.2
114.1888803,22.59380708,0.753675214,585,0.95,0.15
114.1974467,22.59859239,0.711,100,0.95,0.3
114.1930299,22.60075847,0.592679128,321,0.95,0.15
114.2611889,22.6053102,0.743269231,52,0.95,0.3
114.1713394,22.60719962,0.763453608,582,0.95,0.15
114.1759904,22.61164645,0.85,1,0.85,0.85
114.2316333,22.61407437,0.75,1,0.75,0.75
114.2636798,22.61788366,0.85,1,0.85,0.85
114.0550075,22.57166456,0.746153846,52,0.95,0.2
114.0548062,22.57181279,0.756626087,575,0.95,0.1
114.0551043,22.57181399,0.7,1,0.7,0.7
114.0549758,22.5718553,0.85,1,0.85,0.85
114.0549832,22.57206756,0.85,1,0.85,0.85
114.0549453,22.57242789,0.7,1,0.7,0.7
114.0548031,22.57286518,0.7,1,0.7,0.7
114.0528171,22.5738084,0.85,1,0.85,0.85
114.0517853,22.57439248,0.85,1,0.85,0.85
114.038348,22.57871661,0.85,1,0.85,0.85
114.1099919,22.56833738,0.757142857,588,0.95,0.15
114.1083108,22.57224572,0.5,1,0.5,0.5
114.1079604,22.57299362,,,,
114.1061379,22.57383246,0.760408163,588,0.95,0.15
114.0981486,22.57645907,,,,
114.080023,22.57746422,0.85,1,0.85,0.85
114.0992885,22.5959148,0.5,1,0.5,0.5
114.1077684,22.59858043,,,,
114.1084482,22.60181141,0.750748299,588,0.95,0.1
114.1109956,22.60325057,0.85,1,0.85,0.85
114.1369061,22.58243611,0.747883598,189,0.95,0.2
114.1669531,22.58302833,0.75890223,583,0.95,0.1
114.168756,22.58384814,0.85,1,0.85,0.85
114.1681603,22.58461842,0.85,1,0.85,0.85
114.1331061,22.58609298,,,,
114.1419531,22.58611573,0.755968858,578,0.95,0.1
114.1619239,22.58629035,0.75,1,0.75,0.75
114.1142289,22.58776662,0.65,1,0.65,0.65
114.1413984,22.59018532,0.812048193,83,0.95,0.2
114.1459769,22.59045897,0.785,32,0.95,0.15
114.0553814,22.57169354,0.85,1,0.85,0.85
114.0555564,22.5722913,0.85,1,0.85,0.85
114.0555847,22.57282269,0.772413793,29,0.9,0.3
114.0556091,22.57302802,0.755667808,584,0.95,0.15
114.0620762,22.57434709,0.696969697,132,0.9,0.2
114.0591256,22.60529446,0.738938053,113,0.95,0.2
114.0562699,22.60655914,0.3,1,0.3,0.3
114.0571919,22.60746583,0.75,1,0.75,0.75
114.0571938,22.60747183,0.85,1,0.85,0.85
114.073421,22.61787387,0.85,1,0.85,0.85
114.1266354,22.59641085,0.3,1,0.3,0.3
114.1391829,22.59652332,0.3,1,0.3,0.3
114.1263248,22.59659143,0.2,1,0.2,0.2
114.1258257,22.59678078,0.7,1,0.7,0.7
114.1259262,22.59702637,0.5,1,0.5,0.5
114.1251283,22.59733684,,,,
114.1252785,22.59794794,0.743391003,578,0.95,0.1
114.1131464,22.59859431,0.3,1,0.3,0.3
114.125514,22.59875032,0.85,1,0.85,0.85
114.1366634,22.60013248,0.85,1,0.85,0.85
114.1400986,22.60031487,0.705694143,922,0.95,0.1
114.1400986,22.60031487,0.748975265,566,0.95,0.1
114.1183752,22.60047884,,,,
114.1184102,22.60063685,0.659340659,91,0.85,0.15
114.1374653,22.60076364,0.85,1,0.85,0.85
114.1253284,22.60078361,0.7,1,0.7,0.7
114.1498921,22.60149205,0.2,1,0.2,0.2
114.1391301,22.60226305,0.85,1,0.85,0.85
114.1591978,22.60283417,0.7,1,0.7,0.7
114.1594315,22.60301558,0.85,1,0.85,0.85
114.0801721,22.60359014,0.75,1,0.75,0.75
114.1037729,22.6048374,0.5,1,0.5,0.5
114.0961638,22.60584238,0.85,1,0.85,0.85
114.0884396,22.60643313,0.3,1,0.3,0.3
114.0984009,22.60700722,0.85,1,0.85,0.85
114.0980996,22.60714413,0.692695214,397,0.95,0.2
114.0998583,22.60737555,0.745,584,0.95,0.1
114.1117063,22.60844274,0.85,1,0.85,0.85
114.0985669,22.60859503,,,,
114.103063,22.6088075,0.742205128,585,0.95,0.15
114.1310905,22.60355382,0.7,1,0.7,0.7
114.1207766,22.60685485,0.7,1,0.7,0.7
114.1417013,22.60753294,0.85,1,0.85,0.85
114.1448118,22.60824254,,,,
114.1481613,22.60876025,0.752854701,585,0.95,0.15
114.1259084,22.60928161,0.75,1,0.75,0.75
114.113015,22.61110459,0.669158879,107,0.9,0.1
114.1334582,22.61259186,0.72377451,204,0.95,0.2
114.1334582,22.61259186,0.68907563,119,0.95,0.2
114.1334608,22.61259266,0.739486301,584,0.95,0.2
114.1421218,22.61263837,,,,
114.1350328,22.61281945,0.751604096,586,0.95,0.1
114.1411799,22.61332921,0.8,1,0.8,0.8
114.133119,22.61334695,0.7,1,0.7,0.7
114.1449909,22.61343206,0.3,1,0.3,0.3
114.1315171,22.6138785,0.85,1,0.85,0.85
114.1459603,22.61393564,0.3,1,0.3,0.3
114.1467272,22.61447688,0.85,1,0.85,0.85
114.1457147,22.61452513,0.35,1,0.35,0.35
114.1460158,22.61480841,0.641,350,0.95,0.1
114.1117202,22.60918655,0.746831346,587,0.95,0.1
114.106724,22.60983609,0.85,1,0.85,0.85
114.1124404,22.60985792,0.85,1,0.85,0.85
114.1032288,22.61120221,0.3,1,0.3,0.3
114.1075037,22.61127173,0.85,1,0.85,0.85
114.1059948,22.61752659,0.85,1,0.85,0.85
114.1054852,22.61909836,,,,
114.107971,22.6238858,0.586363636,33,0.9,0.2
114.1098645,22.62918198,0.3,1,0.3,0.3
114.107676,22.63420472,0.85,1,0.85,0.85
114.0183212,22.59810889,0.85,1,0.85,0.85
114.0181486,22.60316978,0.3,1,0.3,0.3
114.0263943,22.60545372,0.65,1,0.65,0.65
114.026115,22.60557484,0.85,1,0.85,0.85
114.0312472,22.60815784,0.629,100,0.95,0.1
114.0273337,22.6144889,0.720359589,584,0.95,0.1
114.0257725,22.61519839,0.85,1,0.85,0.85
114.0303691,22.62080707,0.9,1,0.9,0.9
114.020061,22.623358,0.45,1,0.45,0.45
114.0199781,22.623528,0.4,1,0.4,0.4
113.9710585,22.60023786,0.75,1,0.75,0.75
113.9667093,22.60042753,0.75,1,0.75,0.75
113.9668832,22.60060083,0.7,1,0.7,0.7
113.9650723,22.60185728,0.85,1,0.85,0.85
113.9660596,22.60255399,0.679310345,29,0.95,0.2
113.9660472,22.60261281,0.752017094,585,0.95,0.2
113.9850392,22.6032044,0.85,1,0.85,0.85
113.9590024,22.60743789,0.85,1,0.85,0.85
113.9639456,22.61107638,0.65,1,0.65,0.65
113.9713183,22.62708877,0.7,1,0.7,0.7
114.0340454,22.61454796,0.85,1,0.85,0.85
114.0372515,22.61537956,0.629310345,58,0.95,0.2
114.0334196,22.61881631,0.743174061,586,0.95,0.1
114.0501883,22.62123037,0.7,1,0.7,0.7
114.0353774,22.62205455,0.85,1,0.85,0.85
114.0392396,22.62355993,0.85,1,0.85,0.85
114.0332795,22.62404312,0.85,1,0.85,0.85
114.0344201,22.62430147,0.734810127,79,0.95,0.2
114.0348469,22.62437203,0.721494845,582,0.95,0.1
114.0343013,22.62445373,0.85,1,0.85,0.85
114.0302454,22.62382149,0.85,1,0.85,0.85
114.0198165,22.62404966,0.85,1,0.85,0.85
114.0219477,22.62417375,0.85,1,0.85,0.85
114.0204654,22.62421673,0.85,1,0.85,0.85
114.0304594,22.62430396,0.85,1,0.85,0.85
114.0202451,22.62434342,0.743428571,175,0.95,0.2
114.0202181,22.62449287,0.733259557,497,0.95,0.1
114.0207443,22.62478746,0.85,1,0.85,0.85
114.02102,22.62482039,0.85,1,0.85,0.85
114.0204772,22.62505136,0.65,1,0.65,0.65
114.0200503,22.62505534,0.7,1,0.7,0.7
114.0199046,22.62524821,0.85,1,0.85,0.85
114.0211128,22.62543807,0.75,1,0.75,0.75
114.0237857,22.62548333,0.7,1,0.7,0.7
114.0191104,22.62552275,0.65,1,0.65,0.65
114.0199485,22.62553184,0.740248227,282,0.95,0.2
114.0206684,22.62558844,0.719898132,589,0.95,0.1
114.0299377,22.62578734,,,,
114.0153227,22.62580668,0.731511036,589,0.95,0.1
114.0193075,22.62598086,0.4,1,0.4,0.4
114.020863,22.62621339,0.766216216,74,0.95,0.2
114.016376,22.62653134,,,,
114.0198469,22.62660644,0.85,1,0.85,0.85
114.0205277,22.62661825,0.4,1,0.4,0.4
114.0187354,22.62776165,0.720363636,55,0.95,0.2
114.018738,22.62776635,0.726,25,0.9,0.2
114.0195129,22.62783086,0.722307692,65,0.95,0.2
114.0161726,22.62873214,0.85,1,0.85,0.85
114.0251643,22.62926238,0.3,1,0.3,0.3
114.0180945,22.62932588,0.725555556,135,0.95,0.1
114.018247,22.62938165,0.730379965,579,0.95,0.15
114.015526,22.63017174,0.7,1,0.7,0.7
114.0246736,22.63103618,0.85,1,0.85,0.85
114.0204785,22.63194036,0.3,1,0.3,0.3
114.0288594,22.6326489,,,,
114.0050359,22.63948389,,,,
114.026131,22.63965943,0.8,1,0.8,0.8
114.0209005,22.64148184,0.8,1,0.8,0.8
114.0145334,22.64508464,0.85,1,0.85,0.85
114.0119132,22.6453214,0.75,1,0.75,0.75
113.9586175,22.62751145,0.85,1,0.85,0.85
113.9583795,22.62760802,0.75,1,0.75,0.75
113.9599222,22.63639168,0.3,1,0.3,0.3
113.9853329,22.65231206,0.4,1,0.4,0.4
113.9853279,22.65235376,0.75,1,0.75,0.75
113.9835522,22.65353314,0.85,1,0.85,0.85
113.9557759,22.65426661,0.85,1,0.85,0.85
113.9557762,22.65427041,0.731958763,194,0.95,0.3
113.9601856,22.65443142,0.726923077,13,0.85,0.6
113.9601856,22.65443142,0.751321586,227,0.95,0.2
114.0344313,22.62563142,0.731192504,587,0.95,0.1
114.0361228,22.62587854,0.4,1,0.4,0.4
114.0510374,22.63272253,0.75,1,0.75,0.75
114.0541682,22.63324159,0.3,1,0.3,0.3
114.0322981,22.63938298,0.4,1,0.4,0.4
114.0381431,22.64099172,0.85,1,0.85,0.85
114.0329507,22.64218685,0.6,1,0.6,0.6
114.0550142,22.64234378,0.85,1,0.85,0.85
114.0389355,22.64491906,0.92,1,0.92,0.92
114.0321611,22.65847554,0.85,1,0.85,0.85
113.9331761,22.6097127,0.8125,24,0.9,0.5
113.9353825,22.61232177,0.8,1,0.8,0.8
113.9501044,22.61395578,0.3,1,0.3,0.3
113.9506943,22.63896829,0.8,1,0.8,0.8
113.950099,22.63981277,0.85,1,0.85,0.85
113.9514922,22.65356174,0.92,1,0.92,0.92
113.9503404,22.66276823,0.9,1,0.9,0.9
113.9434505,22.66760703,0.7015625,96,0.9,0.2
113.935364,22.67793656,0.598979592,98,0.95,0.1
113.9435305,22.68268924,0.85,1,0.85,0.85
114.077175,22.62108597,0.4,1,0.4,0.4
114.0583622,22.62150811,0.7,1,0.7,0.7
114.0561125,22.62166554,0.65,1,0.65,0.65
114.0560152,22.62458881,0.601550388,129,0.95,0.1
114.0741324,22.62999652,0.818387097,31,0.95,0.6
114.0642969,22.63075817,0.85,1,0.85,0.85
114.0700269,22.63078154,0.65,1,0.65,0.65
114.064126,22.63094465,0.8,1,0.8,0.8
114.0647345,22.63099497,0.736495726,585,0.95,0.15
114.0638413,22.63101861,0.85,1,0.85,0.85
114.1460194,22.61542651,0.3,1,0.3,0.3
114.133054,22.61718455,0.85,1,0.85,0.85
114.1307598,22.62172545,0.7,1,0.7,0.7
114.1455122,22.62196158,0.726666667,579,0.95,0.1
114.1433141,22.62196866,0.727845884,571,0.95,0.15
114.1428895,22.62211493,0.735728988,583,0.95,0.1
114.1304353,22.62861334,0.750806175,583,0.95,0.15
114.1309534,22.63217214,0.750802048,586,0.95,0.15
114.1307358,22.63247468,0.723958333,48,0.9,0.2
114.1220395,22.63787671,0.632608696,23,0.9,0.2
114.0644866,22.63114536,0.734889267,587,0.95,0.1
114.0638781,22.63126492,0.73500846,591,0.95,0.1
114.065732,22.63153123,0.741908007,587,0.95,0.1
114.0663816,22.63168542,0.742691652,587,0.95,0.1
114.0558979,22.63313702,0.723843537,588,0.95,0.1
114.0644397,22.63325454,,,,
114.0639459,22.63389006,0.717171717,99,0.95,0.2
114.0559108,22.63411202,0.72988,500,0.95,0.15
114.0586691,22.63412546,0.728675722,589,0.95,0.1
114.0587355,22.63567318,0.746723842,583,0.95,0.15
114.0712541,22.63677513,0.737176871,588,0.95,0.1
114.0657323,22.64195732,0.725790378,582,0.95,0.1
114.0571549,22.64352707,0.732813559,590,0.95,0.1
114.0595954,22.64816442,0.715384615,13,0.9,0.3
114.063253,22.65497091,0.732273504,585,0.95,0.15
114.0605541,22.65511862,0.727363946,588,0.95,0.1
114.0729953,22.6567317,0.704887218,133,0.95,0.2
114.0639413,22.65719245,0.735914894,470,0.95,0.15
114.0646106,22.66201157,0.726615721,458,0.95,0.15
114.0647675,22.66277931,0.732379913,458,0.95,0.15
114.0839545,22.64089251,0.744863481,586,0.95,0.15
114.1004658,22.65644703,0.740358974,585,0.95,0.15
114.1005889,22.65694197,0.736243478,575,0.95,0.15
114.1005958,22.65710094,0.742024221,578,0.95,0.15
114.1008084,22.65737035,0.737671233,146,0.95,0.2
114.1007137,22.65739052,0.743344828,580,0.95,0.15
114.0999822,22.65832309,0.75,1,0.75,0.75
114.0997048,22.65883231,,,,
114.0987618,22.65935994,0.690909091,11,0.9,0.3
114.0987584,22.65936304,0.713333333,30,0.85,0.3
114.0980162,22.6598747,0.744871355,583,0.95,0.15
114.096671,22.66014105,0.75185567,582,0.95,0.15
114.0982228,22.66015145,0.744052174,575,0.95,0.15
114.0976407,22.66027889,0.749208262,581,0.95,0.15
114.0979527,22.66039641,0.747924528,583,0.95,0.15
114.0975326,22.66046043,0.671428571,84,0.85,0.3
114.0972773,22.66049038,0.742763158,76,0.9,0.3
114.0965927,22.6607908,0.714634146,41,0.9,0.3
114.0966453,22.6608296,0.754111498,574,0.95,0.15
114.096952,22.66089324,0.755094664,581,0.95,0.15
114.118278,22.64949466,0.742024221,578,0.95,0.15
114.1247352,22.65592484,0.744643478,575,0.95,0.2
114.1353373,22.66558047,0.74674216,574,0.95,0.15
114.1355648,22.67337251,0.748444056,572,0.95,0.1
114.1354912,22.67338009,0.742655827,369,0.95,0.2
114.1263706,22.6764379,0.85,1,0.85,0.85
114.1263691,22.6764398,0.745704348,575,0.95,0.15
114.1260308,22.67696495,0.748945518,569,0.95,0.15
114.1164405,22.67941611,0.742834783,575,0.95,0.1
114.1243998,22.68392382,0.738780488,574,0.95,0.1
114.0614681,22.66314873,0.73759322,590,0.95,0.1
114.0654049,22.66360269,0.729185059,589,0.95,0.15
114.0646274,22.66446013,0.707096774,31,0.92,0.15
114.0662731,22.66648606,0.713414634,41,0.9,0.15
114.076956,22.68289369,0.73442623,122,0.95,0.2
114.0695825,22.68945203,0.720967742,31,0.95,0.2
114.0635549,22.71431136,0.7,41,0.95,0.3
114.0761266,22.7176898,0.741935484,31,0.95,0.3
114.0711715,22.71847257,,,,
114.07389,22.7191678,0.753225806,31,0.95,0.3
114.0972663,22.66138919,0.781707317,41,0.95,0.2
114.095983,22.66378847,0.781818182,22,0.9,0.5
114.0957688,22.66381244,0.759677419,31,0.95,0.2
114.0791344,22.70729912,0.741463415,41,0.95,0.3
114.1006731,22.71618175,0.8125,28,0.95,0.3
114.1021587,22.71669114,0.67242268,194,0.95,0.1
114.0834214,22.73305576,0.714285714,105,0.95,0.2
114.0832523,22.73310682,0.75,22,0.95,0.3
114.0826861,22.73412187,0.709677419,31,0.95,0.2
114.0806925,22.73900135,0.746717172,198,0.95,0.2
114.1246652,22.69165217,0.688709677,31,0.85,0.2
114.1165408,22.69527647,0.626315789,38,0.95,0.2
114.1386419,22.69661661,0.704146341,41,0.92,0.3
114.1258783,22.69697334,0.706875,32,0.92,0.3
114.1385165,22.69811403,0.656451613,31,0.95,0.2
114.1325675,22.70007955,0.774,30,0.95,0.1
114.1177244,22.70669309,0.706097561,41,0.85,0.3
114.1346725,22.71158362,0.7,32,0.85,0.15
114.4186847,22.67992641,0.731578947,38,0.85,0.3
114.3364796,22.68213046,0.827317073,41,0.92,0.65
114.3379044,22.68394841,0.642038217,157,0.95,0.1
114.3338111,22.68585462,0.773913043,23,0.9,0.6
114.3972091,22.68752565,0.773333333,33,0.95,0.3
114.3480192,22.68947033,0.684615385,26,0.85,0.3
114.3422607,22.69177975,0.828064516,31,0.92,0.65
114.3333481,22.69475321,0.726875,80,0.95,0.2
114.3575175,22.69499807,0.809090909,22,0.9,0.65
114.3340196,22.69525213,0.833414634,41,0.95,0.65
114.2256378,22.69671888,0.787073171,41,0.95,0.2
114.214657,22.6974472,0.79804878,41,0.95,0.2
114.2110555,22.69750926,0.792387543,289,0.95,0.2
114.2144683,22.69766834,0.85,1,0.85,0.85
114.2143965,22.69789161,0.787741935,31,0.95,0.3
114.2147243,22.69804872,0.797142857,35,0.95,0.2
114.2142605,22.69819508,0.77,41,0.95,0.2
114.2141915,22.69831947,0.787073171,41,0.95,0.2
114.2162024,22.69854236,0.767777778,45,0.85,0.3
114.2136311,22.69860768,0.795609756,41,0.95,0.2
114.2137867,22.69862215,0.745714286,35,0.95,0.2
114.2134433,22.69871714,0.795609756,41,0.95,0.2
114.2123908,22.69901388,0.85,1,0.85,0.85
114.2129421,22.69912278,0.794193548,31,0.95,0.2
114.2220914,22.69913162,0.762,35,0.95,0.2
114.214154,22.69916932,0.591428571,35,0.85,0.15
114.2212621,22.69966767,0.766341463,41,0.95,0.2
114.2281048,22.69987824,0.714285714,35,0.95,0.2
114.2240443,22.70029079,0.761463415,41,0.95,0.2
114.2111156,22.70038174,0.817631579,38,0.95,0.2
114.2110598,22.70051424,0.810571429,35,0.95,0.2
114.2110987,22.70052148,0.777777778,36,0.95,0.2
114.2109971,22.70071281,0.799268293,41,0.95,0.2
114.2306081,22.70077007,0.78097561,41,0.95,0.2
114.210958,22.70084073,0.799268293,41,0.95,0.2
114.2107575,22.7023491,0.75,1,0.75,0.75
114.2188354,22.70239797,0.7908,25,0.95,0.3
114.2106455,22.70250993,0.810243902,41,0.95,0.2
114.2427052,22.70918457,0.725,32,0.9,0.2
114.2428742,22.71279762,0.74047619,21,0.95,0.2
114.2802212,22.69528314,0.746774194,31,0.95,0.3
114.4238771,22.69664022,0.683333333,39,0.95,0.3
114.3569763,22.70605723,0.747560976,41,0.95,0.2
114.4106181,22.70682174,0.773333333,30,0.9,0.4
114.3447304,22.70730539,0.7588,25,0.95,0.2
114.3416784,22.70957214,0.642647059,34,0.95,0.2
114.3125656,22.71279647,0.754545455,22,0.95,0.2
114.2841438,22.71688283,0.707317073,41,0.95,0.3
114.3529232,22.72308447,0.78097561,41,0.95,0.2
114.295015,22.72322134,0.687804878,41,0.95,0.2
114.2143076,22.7132445,0.768055556,36,0.95,0.2
114.2323432,22.71373104,0.768894009,217,0.95,0.2
114.2372022,22.71392495,0.728333333,30,0.9,0.3
114.2392479,22.71424459,0.742,25,0.95,0.3
114.2375921,22.71510205,0.771219512,41,0.95,0.2
114.238031,22.71567501,0.7,10,0.85,0.15
114.2389563,22.71711045,0.75,31,0.95,0.2
114.2388917,22.71716782,0.641059603,151,0.95,0.2
114.238819,22.71750351,0.631818182,11,0.95,0.3
114.2526879,22.71774623,0.740322581,31,0.95,0.2
114.2415288,22.71882784,0.81,40,0.95,0.4
114.2461156,22.71944657,0.765853659,41,0.95,0.2
114.251394,22.71958647,0.734146341,41,0.95,0.1
114.2436852,22.71999171,0.671304348,115,0.95,0.2
114.2437823,22.71999371,0.714102564,117,0.95,0.2
114.2504988,22.72048902,0.783333333,21,0.85,0.3
114.246659,22.72052614,0.723611111,36,0.95,0.1
114.2427942,22.72086191,0.747142857,35,0.95,0.2
114.2248067,22.72180153,0.75483871,31,0.95,0.2
114.2348225,22.72210221,0.759756098,41,0.95,0.2
114.2094803,22.72310517,0.748780488,41,0.95,0.2
114.26411,22.72390177,0.766666667,42,0.95,0.3
114.2353975,22.72398699,0.753225806,31,0.95,0.2
114.2276398,22.72403297,0.75,33,0.9,0.3
114.2163438,22.72484726,0.75,1,0.75,0.75
114.2652612,22.72532323,0.82173913,23,0.95,0.3
114.2648297,22.72547721,0.752439024,41,0.95,0.2
114.263336,22.72582977,0.7234375,32,0.95,0.2
114.2539129,22.72620439,0.782926829,41,0.95,0.2
114.2616651,22.72666682,0.735802469,81,0.95,0.2
114.2614643,22.72700955,0.798387097,31,0.95,0.3
114.2448124,22.72881726,0.762195122,41,0.95,0.2
114.2283427,22.72996873,0.76097561,41,0.95,0.2
114.2611962,22.73046123,0.811290323,31,0.95,0.7
114.2613814,22.73059578,0.660215054,93,0.95,0.1
114.2569343,22.73192067,0.624193548,31,0.95,0.2
114.2578124,22.73224156,0.738235294,34,0.95,0.2
114.2205178,22.73283099,0.801515152,33,0.95,0.3
114.2210976,22.73287659,0.85,1,0.85,0.85
114.2198828,22.73294938,0.766129032,31,0.95,0.2
114.2209696,22.73296335,0.748780488,41,0.95,0.15
114.2208112,22.73323953,0.76097561,41,0.95,0.2
114.2615957,22.73406655,0.77804878,41,0.95,0.3
114.2493974,22.73568991,0.795121951,41,0.95,0.3
114.218973,22.73769256,0.763902439,41,0.95,0.2
114.2209452,22.73822179,0.78097561,41,0.95,0.2
114.2264435,22.73881402,0.765853659,41,0.95,0.2
114.2574583,22.73889139,0.725301205,83,0.95,0.3
114.21726,22.73955494,0.739583333,24,0.95,0.3
114.2205004,22.73959609,0.776097561,41,0.95,0.2
114.0271772,22.64599927,0.747321429,56,0.95,0.2
114.0260536,22.64602672,0.774193548,31,0.95,0.2
114.0260511,22.64603353,0.757804878,41,0.95,0.3
114.0277927,22.64644708,0.74,35,0.95,0.3
114.0287966,22.64673743,0.747894737,38,0.95,0.3
114.0147431,22.64721992,0.738421053,190,0.95,0.2
114.0280185,22.64762686,0.781290323,31,0.95,0.35
113.996844,22.64854092,0.760243902,41,0.95,0.15
114.0238559,22.64900771,0.752564103,39,0.85,0.3
114.0241991,22.64927103,0.746829268,41,0.95,0.3
114.0243248,22.64984558,0.739795918,49,0.95,0.2
114.0243278,22.65002654,0.77,30,0.95,0.15
114.0239835,22.65008445,0.747894737,38,0.95,0.3
114.0234686,22.65090178,0.743170732,41,0.95,0.3
114.0189457,22.65090215,0.72521978,546,0.95,0.15
114.0229916,22.65105694,0.782903226,31,0.95,0.35
114.0277962,22.6513553,0.744390244,41,0.95,0.3
114.0225134,22.65138008,0.668181818,33,0.85,0.2
114.0224917,22.65162519,0.677027027,37,0.9,0.3
114.0224398,22.65166052,0.705714286,35,0.85,0.2
114.0173854,22.65200182,0.729268293,41,0.95,0.15
114.0265808,22.6522426,0.746829268,41,0.95,0.3
114.0222889,22.65227911,0.745454545,11,0.95,0.4
114.0192778,22.65235552,0.746774194,31,0.95,0.15
114.0192888,22.65235889,0.7171875,32,0.95,0.15
114.0157823,22.65278843,0.75,1,0.75,0.75
114.0122465,22.65421476,0.732758621,29,0.85,0.15
114.016132,22.65435341,,,,
114.0160751,22.65440586,0.737741935,31,0.95,0.15
114.0229624,22.65507901,0.710243408,493,0.95,0.1
114.0255929,22.65512903,0.75483871,31,0.95,0.35
114.0201955,22.65673547,0.739512195,41,0.95,0.15
114.0151661,22.65689265,0.727317073,41,0.95,0.15
114.0210268,22.65729915,0.734634146,41,0.95,0.15
114.0193841,22.65843608,0.73097561,41,0.95,0.15
114.0316481,22.65881375,0.85,1,0.85,0.85
114.0314249,22.65890709,0.774193548,31,0.95,0.35
114.0315677,22.65893502,0.75,41,0.95,0.3
114.0171234,22.65894564,0.74195122,41,0.95,0.15
114.0314294,22.65921321,0.754878049,41,0.95,0.3
114.0307139,22.65932898,0.73902439,41,0.95,0.2
114.0295384,22.65961771,0.7453125,32,0.95,0.3
114.0129861,22.66005479,0.753947368,38,0.95,0.3
114.0134118,22.66357531,0.726273885,314,0.95,0.15
114.0301261,22.66545896,0.85,1,0.85,0.85
114.0301496,22.6654621,0.743069307,101,0.95,0.2
114.0290688,22.66607373,0.721612903,31,0.95,0.15
114.0145817,22.66847346,0.85,1,0.85,0.85
113.9964054,22.66965843,0.748387097,31,0.95,0.15
114.0228596,22.67142398,0.6796875,32,0.95,0.3
113.9764016,22.65468326,0.705625,160,0.95,0.2
113.9763218,22.65494514,0.798333333,30,0.85,0.45
113.976634,22.65522218,0.75,41,0.95,0.3
113.9816206,22.66085737,0.724210526,95,0.95,0.2
113.981613,22.66086459,0.7375,24,0.9,0.3
113.9751559,22.66537231,0.7875,12,0.85,0.6
113.9866185,22.67076827,0.624321267,442,0.95,0.1
113.9791942,22.67166278,0.772222222,9,0.85,0.3
113.981099,22.6727983,0.722881356,59,0.95,0.2
113.9582209,22.68636776,0.662068966,29,0.85,0.2
114.0333569,22.6599106,0.73097561,41,0.95,0.15
114.0357901,22.66227593,0.684848485,33,0.95,0.2
114.0354174,22.66272782,0.769512195,41,0.95,0.3
114.0528469,22.66302242,0.783,40,0.92,0.3
114.0379285,22.6647687,0.771875,32,0.95,0.3
114.0411442,22.6718416,0.5,1,0.5,0.5
114.0326775,22.67374654,0.705483871,31,0.95,0.2
114.0345865,22.67439314,0.717560976,41,0.95,0.2
114.0397706,22.68522554,0.71863354,161,0.95,0.2
114.0390766,22.68699268,0.796923077,26,0.92,0.3
114.0121543,22.67244701,,,,
114.0236686,22.67422715,0.726451613,31,0.95,0.2
113.9882063,22.67750305,0.725609756,41,0.95,0.15
113.9878219,22.6783899,0.709756098,41,0.9,0.15
113.987989,22.68101189,0.713414634,41,0.9,0.2
113.988907,22.68113108,0.714634146,41,0.9,0.2
113.9964548,22.68151437,0.696341463,41,0.85,0.2
114.0190885,22.69158365,0.752926829,41,0.95,0.15
113.9869915,22.69553287,0.731578947,38,0.95,0.3
113.9945773,22.70178568,0.735365854,41,0.95,0.3
113.9311947,22.69359449,0.720731707,41,0.85,0.3
113.9327996,22.74934755,0.747916667,24,0.85,0.3
113.9478533,22.75150406,0.6,12,0.85,0.15
113.9308483,22.75201774,0.75443038,79,0.95,0.2
113.9447456,22.75828751,0.685483871,31,0.85,0.15
113.9447764,22.75836582,0.68125,32,0.85,0.15
113.9361923,22.75961676,,,,
113.9363222,22.75965652,0.758064516,31,0.9,0.2
113.9383003,22.76131659,0.770731707,41,0.95,0.2
113.9514132,22.76149354,0.748360656,61,0.95,0.3
113.9846064,22.68713051,0.759615385,26,0.85,0.4
113.9657484,22.6947067,0.712179487,78,0.95,0.2
113.9570316,22.73643584,0.678571429,21,0.85,0.15
113.9569637,22.73643901,0.732926829,41,0.95,0.15
113.9532154,22.7504763,0.702439024,41,0.85,0.15
113.9580692,22.75735994,0.667241379,58,0.9,0.2
113.9651455,22.75979089,0.733928571,28,0.9,0.2
113.9570089,22.7632867,0.686363636,11,0.95,0.2
113.9634567,22.76610737,0.727419355,31,0.95,0.15
113.9568622,22.7791739,0.778244275,262,0.95,0.2
114.074557,22.71993682,0.790322581,31,0.85,0.35
114.0743378,22.72079397,0.705154639,97,0.95,0.2
114.0741608,22.72130698,0.738636364,88,0.9,0.2
114.0743419,22.72158945,0.806451613,31,0.85,0.6
114.0732908,22.72412694,0.753947368,38,0.95,0.2
114.0702117,22.72456365,0.735294118,34,0.85,0.3
114.0695277,22.72501933,0.77804878,41,0.85,0.3
114.0712764,22.72573436,0.787804878,41,0.85,0.3
114.0764416,22.72678353,0.75,1,0.75,0.75
114.0687608,22.73234906,0.652671119,599,0.95,0.1
114.0365636,22.69150968,0.810322581,31,0.95,0.4
114.0393547,22.69352615,0.705263158,38,0.9,0.2
114.0357802,22.70225182,0.758536585,41,0.95,0.3
114.0421198,22.70393989,0.695588235,34,0.95,0.2
114.0434797,22.70411334,0.733823529,34,0.95,0.3
114.0484719,22.7217109,0.742105263,247,0.95,0.2
114.049126,22.72217252,0.761666667,30,0.95,0.3
114.048569,22.72230135,0.64875,40,0.85,0.2
114.0533858,22.75013037,0.8,34,0.95,0.3
114.0861596,22.74334473,0.667105263,38,0.85,0.3
114.0834957,22.74417945,0.745710059,338,0.95,0.1
114.0858804,22.7447414,0.719354839,31,0.95,0.3
114.0832909,22.74528856,0.731578947,38,0.95,0.15
114.0618573,22.75397248,0.7521875,32,0.92,0.15
113.9514132,22.76149354,0.742424242,66,0.95,0.2
113.9423441,22.76630129,0.725925926,27,0.95,0.2
113.9403428,22.766764,0.778358209,67,0.95,0.3
113.9399363,22.76711765,0.695757576,165,0.95,0.2
113.940239,22.76744017,0.79516129,31,0.85,0.6
113.9383578,22.77522702,0.85,1,0.85,0.85
113.9398129,22.77630089,0.4,1,0.4,0.4
113.9469013,22.78352532,0.743478261,23,0.95,0.1
113.9400802,22.78384508,0.642307692,39,0.85,0.15
113.9400829,22.78384808,0.732465753,73,0.95,0.2
113.9561152,22.77941534,0.764545455,55,0.95,0.2
113.9564413,22.78869173,0.761016949,59,0.95,0.2
113.9575191,22.79108077,0.675806452,31,0.95,0.2
113.9509182,22.78389732,0.714634146,41,0.85,0.15
113.9441839,22.78456952,0.782352941,34,0.95,0.2
113.9481657,22.80193369,0.732926829,41,0.95,0.2
114.0181662,22.73126263,0.73,40,0.95,0.2
114.0114572,22.74574066,0.663636364,33,0.85,0.15
113.8081775,22.73491681,0.730487805,41,0.9,0.2
113.8300826,22.73499912,0.734848485,33,0.95,0.2
113.8110424,22.73518534,0.7,41,0.85,0.15
113.8129505,22.73567252,0.675609756,41,0.95,0.1
113.8266105,22.73678707,0.71097561,41,0.95,0.1
113.811643,22.73684346,0.690243902,41,0.95,0.1
113.8077281,22.7376437,0.747435897,39,0.95,0.3
113.8251803,22.73793104,0.65,39,0.85,0.3
113.8070746,22.73828704,0.727941176,34,0.85,0.15
113.8357047,22.73833025,0.733333333,33,0.95,0.2
113.7817082,22.73902335,0.754054054,37,0.85,0.3
113.8246587,22.74060526,0.680128205,156,0.95,0.2
113.8054139,22.74149234,0.734302326,172,0.95,0.1
113.8141134,22.7430508,0.712903226,31,0.85,0.1
113.782118,22.7443141,0.704054054,37,0.95,0.15
113.803802,22.74464716,0.71097561,41,0.85,0.1
113.8038375,22.74469161,0.682432432,37,0.9,0.3
113.8074501,22.75623918,0.759677419,31,0.85,0.1
113.8321306,22.75977994,0.679166667,36,0.95,0.2
113.8439419,22.76649555,0.6,40,0.85,0.2
113.8338767,22.76706136,0.790540541,37,0.95,0.2
113.8379815,22.76770964,0.693243243,37,0.85,0.2
113.817623,22.76827943,0.95,1,0.95,0.95
113.8400537,22.76907151,0.663333333,30,0.85,0.2
113.8400498,22.76907571,0.707575758,33,0.85,0.3
113.8323094,22.76915178,0.658536585,41,0.85,0.15
113.8426643,22.77044736,0.74625,40,0.95,0.3
113.8254017,22.77107701,0.592682927,41,0.85,0.15
113.842141,22.7712219,0.525,32,0.85,0.2
113.8410663,22.77151992,0.6796875,32,0.85,0.2
113.8246073,22.77518937,0.5676,625,0.95,0.1
113.8412579,22.77519981,,,,
113.8290883,22.77631644,0.694,25,0.85,0.2
113.8356346,22.77933459,0.448245614,57,0.95,0.2
113.8289004,22.78600906,0.75,1,0.75,0.75
113.8435756,22.78696218,0.621691974,461,0.95,0.1
113.8416502,22.79550491,0.716129032,31,0.85,0.2
113.8425689,22.79568856,0.632926829,41,0.85,0.15
113.8448612,22.79706293,0.70475162,926,0.95,0.2
113.8492942,22.76615262,0.502777778,18,0.85,0.1
113.8471188,22.76623001,0.621538462,260,0.95,0.2
113.8471034,22.77254595,0.492553191,376,0.95,0.1
113.8883919,22.77829037,0.747419355,31,0.95,0.2
113.8886898,22.778523,0.7,1,0.7,0.7
113.889198,22.77856746,0.752258065,31,0.95,0.2
113.8887125,22.7788518,0.740731707,41,0.95,0.2
113.8489543,22.78181595,0.640322581,31,0.85,0.15
113.8840249,22.78607657,0.768,40,0.95,0.3
113.8818321,22.78887973,0.75875,40,0.95,0.3
113.8817671,22.78964383,0.758823529,34,0.9,0.3
113.8490588,22.79473574,0.675,34,0.85,0.3
113.8581373,22.80448622,0.58045977,87,0.95,0.2
113.8844797,22.82493632,0.70483871,31,0.85,0.3
113.886155,22.83596506,0.721590909,308,0.95,0.2
113.9046884,22.81082646,0.729677419,31,0.95,0.2
113.9276106,22.75142757,0.768292683,41,0.95,0.2
113.9276969,22.75143205,0.713636364,11,0.95,0.3
113.9263562,22.75433331,0.782258065,31,0.85,0.3
